date,commodity_fr,prix_median,prix_moyen,nb_marches,annee,cpi,prix_reel_2010,var_annuelle_pct
2020-04-01,Arachide décortiquée,710.5,613.6029411764706,17,2020,112.031392832995,634.1972388570953,
2021-11-01,Arachide décortiquée,700.0,715.7272727272727,11,2021,114.474038812672,611.4923586696337,
2021-12-01,Arachide décortiquée,717.0,663.75,12,2021,114.474038812672,626.342887380182,
2022-01-01,Arachide décortiquée,710.5,699.5,12,2022,125.574379147807,565.8001296297135,
2022-02-01,Arachide décortiquée,720.0,700.3076923076923,13,2022,125.574379147807,573.3653671124473,
2022-03-01,Arachide décortiquée,717.0,717.1538461538462,13,2022,125.574379147807,570.9763447494788,
2022-04-01,Arachide décortiquée,778.0,767.5833333333334,12,2022,125.574379147807,619.5531327965055,
2022-05-01,Arachide décortiquée,856.0,860.4615384615385,13,2022,125.574379147807,681.6677142336873,
2022-06-01,Arachide décortiquée,1000.0,996.3846153846154,13,2022,125.574379147807,796.3407876561768,
2022-07-01,Arachide décortiquée,1000.0,1016.5294117647059,34,2022,125.574379147807,796.3407876561768,
2022-08-01,Arachide décortiquée,1000.0,1046.1842105263158,38,2022,125.574379147807,796.3407876561768,
2022-09-01,Arachide décortiquée,1000.0,1002.5555555555555,36,2022,125.574379147807,796.3407876561768,
2022-10-01,Arachide décortiquée,975.0,996.2903225806451,31,2022,125.574379147807,776.4322679647723,37.22730471498945
2022-11-01,Arachide décortiquée,867.0,891.7115384615385,26,2022,125.574379147807,690.4274628979053,23.857142857142865
2022-12-01,Arachide décortiquée,825.0,863.7179487179487,39,2022,125.574379147807,656.9811498163458,15.062761506276146
2023-01-01,Arachide décortiquée,900.0,898.2368421052631,38,2023,133.032841755522,676.5246747520841,26.671358198451788
2023-02-01,Arachide décortiquée,900.0,919.7051282051282,39,2023,133.032841755522,676.5246747520841,25.0
2023-03-01,Arachide décortiquée,962.5,990.2631578947369,38,2023,133.032841755522,723.505554943201,34.23988842398884
2023-04-01,Arachide décortiquée,1000.0,986.9512195121952,41,2023,133.032841755522,751.6940830578711,28.534704370179952
2023-05-01,Arachide décortiquée,1000.0,1065.5405405405406,37,2023,133.032841755522,751.6940830578711,16.82242990654206
2023-06-01,Arachide décortiquée,962.5,1123.8461538461538,39,2023,133.032841755522,723.505554943201,-3.749999999999998
2023-07-01,Arachide décortiquée,962.5,1115.175,40,2023,133.032841755522,723.505554943201,-3.749999999999998
2023-08-01,Arachide décortiquée,1000.0,1085.871794871795,39,2023,133.032841755522,751.6940830578711,0.0
2023-09-01,Arachide décortiquée,1000.0,1028.3108108108108,37,2023,133.032841755522,751.6940830578711,0.0
2023-10-01,Arachide décortiquée,912.5,958.075,40,2023,133.032841755522,685.9208507903074,-6.41025641025641
2023-11-01,Arachide décortiquée,900.0,897.3846153846154,39,2023,133.032841755522,676.5246747520841,3.806228373702414
2023-12-01,Arachide décortiquée,825.0,829.8571428571429,42,2023,133.032841755522,620.1476185227438,0.0
2024-01-01,Arachide décortiquée,800.0,793.075,40,2024,134.103095355923,596.5559541162867,-11.111111111111116
2024-02-01,Arachide décortiquée,800.0,795.6744186046511,43,2024,134.103095355923,596.5559541162867,-11.111111111111116
2024-03-01,Arachide décortiquée,800.0,804.2142857142857,42,2024,134.103095355923,596.5559541162867,-16.883116883116877
2024-04-01,Arachide décortiquée,800.0,797.9868421052631,38,2024,134.103095355923,596.5559541162867,-19.999999999999996
2024-05-01,Arachide décortiquée,800.0,796.7875,40,2024,134.103095355923,596.5559541162867,-19.999999999999996
2024-06-01,Arachide décortiquée,800.0,823.1410256410256,39,2024,134.103095355923,596.5559541162867,-16.883116883116877
2024-07-01,Arachide décortiquée,812.5,815.8,10,2024,134.103095355923,605.8771408993537,-15.58441558441559
2024-08-01,Arachide décortiquée,750.0,755.7142857142857,42,2024,134.103095355923,559.2712069840187,-25.0
2024-09-01,Arachide décortiquée,800.0,771.439024390244,41,2024,134.103095355923,596.5559541162867,-19.999999999999996
2024-10-01,Arachide décortiquée,819.0,829.4186046511628,43,2024,134.103095355923,610.7241580265484,-10.246575342465757
2024-11-01,Arachide décortiquée,800.0,793.3780487804878,41,2024,134.103095355923,596.5559541162867,-11.111111111111116
2024-12-01,Arachide décortiquée,791.5,793.0357142857143,42,2024,134.103095355923,590.217547103801,-4.060606060606064
2025-01-01,Arachide décortiquée,779.165,792.0235714285714,42,2025,134.103095355923,581.0193999862705,-2.604375000000003
2025-02-01,Arachide décortiquée,750.0,772.2972972972973,37,2025,134.103095355923,559.2712069840187,-6.25
2025-03-01,Arachide décortiquée,766.67,776.2155555555555,36,2025,134.103095355923,571.7019416779168,-4.166250000000005
2025-04-01,Arachide décortiquée,800.0,815.0769444444445,36,2025,134.103095355923,596.5559541162867,0.0
2025-05-01,Arachide décortiquée,850.0,876.455,38,2025,134.103095355923,633.8407012485545,6.25
2025-06-01,Arachide décortiquée,925.0,922.135625,32,2025,134.103095355923,689.7678219469564,15.625
2025-07-01,Arachide décortiquée,1050.0,1069.238,35,2025,134.103095355923,782.9796897776262,29.230769230769237
2025-08-01,Arachide décortiquée,1000.0,1019.2830232558139,43,2025,134.103095355923,745.6949426453582,33.33333333333333
2025-09-01,Arachide décortiquée,1000.0,1036.1842105263158,38,2025,134.103095355923,745.6949426453582,25.0
2025-11-01,Arachide décortiquée,867.0,882.3225806451613,31,2025,134.103095355923,646.5175152735255,5.860805860805862
2025-12-01,Arachide décortiquée,700.0,752.0,25,2025,134.103095355923,521.9864598517507,-12.5
2026-01-01,Arachide décortiquée,706.5,727.1666666666666,36,2026,134.103095355923,526.8334769789456,-10.73910296904611
2026-02-01,Arachide décortiquée,700.0,725.0675675675676,37,2026,134.103095355923,521.9864598517507,-10.160235636867665
2026-03-01,Arachide décortiquée,712.5,722.75,40,2026,134.103095355923,531.3076466348177,-5.000000000000004
2020-04-01,Arachide en coque,267.5,280.9725,12,2020,112.031392832995,238.7723594571048,
2021-11-01,Arachide en coque,301.0,412.09090909090907,11,2021,114.474038812672,262.9417142279425,
2021-12-01,Arachide en coque,286.0,349.46153846153845,13,2021,114.474038812672,249.83830654216464,
2022-01-01,Arachide en coque,283.0,350.7692307692308,13,2022,125.574379147807,225.364442906698,
2022-02-01,Arachide en coque,304.0,364.25,12,2022,125.574379147807,242.08759944747774,
2022-03-01,Arachide en coque,298.0,364.3076923076923,13,2022,125.574379147807,237.3095547215407,
2022-04-01,Arachide en coque,351.0,388.0,12,2022,125.574379147807,279.51561646731807,
2022-05-01,Arachide en coque,388.0,441.72727272727275,11,2022,125.574379147807,308.9802256105966,
2022-06-01,Arachide en coque,402.0,469.0833333333333,12,2022,125.574379147807,320.1289966377831,
2022-07-01,Arachide en coque,450.0,506.15384615384613,26,2022,125.574379147807,358.35335444527954,
2022-08-01,Arachide en coque,450.0,540.7166666666667,30,2022,125.574379147807,358.35335444527954,
2022-09-01,Arachide en coque,450.0,529.925925925926,27,2022,125.574379147807,358.35335444527954,
2022-10-01,Arachide en coque,500.0,524.1285714285714,35,2022,125.574379147807,398.1703938280884,86.91588785046729
2022-11-01,Arachide en coque,425.0,473.7241379310345,29,2022,125.574379147807,338.4448347538751,41.19601328903655
2022-12-01,Arachide en coque,400.0,450.28205128205127,39,2022,125.574379147807,318.5363150624707,39.86013986013985
2023-01-01,Arachide en coque,427.5,468.225,40,2023,133.032841755522,321.34922050724,51.0600706713781
2023-02-01,Arachide en coque,450.0,493.7027027027027,37,2023,133.032841755522,338.26233737604207,48.02631578947369
2023-03-01,Arachide en coque,463.0,513.3428571428572,35,2023,133.032841755522,348.03436045579434,55.36912751677852
2023-04-01,Arachide en coque,487.5,525.3684210526316,38,2023,133.032841755522,366.4508654907122,38.888888888888886
2023-05-01,Arachide en coque,500.0,546.3235294117648,34,2023,133.032841755522,375.84704152893556,28.865979381443307
2023-06-01,Arachide en coque,500.0,549.6969696969697,33,2023,133.032841755522,375.84704152893556,24.378109452736307
2023-07-01,Arachide en coque,488.5,540.4852941176471,34,2023,133.032841755522,367.20255957377003,8.55555555555556
2023-08-01,Arachide en coque,487.5,565.5416666666666,36,2023,133.032841755522,366.4508654907122,8.333333333333325
2023-09-01,Arachide en coque,487.5,603.6323529411765,34,2023,133.032841755522,366.4508654907122,8.333333333333325
2023-10-01,Arachide en coque,500.0,505.9625,40,2023,133.032841755522,375.84704152893556,0.0
2023-11-01,Arachide en coque,463.0,448.93589743589746,39,2023,133.032841755522,348.03436045579434,8.94117647058823
2023-12-01,Arachide en coque,388.0,398.7142857142857,42,2023,133.032841755522,291.657304226454,-3.0000000000000027
2024-01-01,Arachide en coque,400.0,393.0975609756098,41,2024,134.103095355923,298.27797705814334,-6.432748538011701
2024-02-01,Arachide en coque,400.0,403.7439024390244,41,2024,134.103095355923,298.27797705814334,-11.111111111111116
2024-03-01,Arachide en coque,385.0,415.5243902439024,41,2024,134.103095355923,287.0925529184629,-16.846652267818573
2024-04-01,Arachide en coque,400.0,423.5,37,2024,134.103095355923,298.27797705814334,-17.948717948717952
2024-05-01,Arachide en coque,400.0,420.30263157894734,38,2024,134.103095355923,298.27797705814334,-19.999999999999996
2024-06-01,Arachide en coque,400.0,403.88,25,2024,134.103095355923,298.27797705814334,-19.999999999999996
2024-07-01,Arachide en coque,412.5,425.0,8,2024,134.103095355923,307.59916384121027,-15.55783009211873
2024-08-01,Arachide en coque,400.0,406.5217391304348,23,2024,134.103095355923,298.27797705814334,-17.948717948717952
2024-09-01,Arachide en coque,400.0,404.6818181818182,22,2024,134.103095355923,298.27797705814334,-17.948717948717952
2024-10-01,Arachide en coque,400.0,478.9878048780488,41,2024,134.103095355923,298.27797705814334,-19.999999999999996
2024-11-01,Arachide en coque,400.0,424.24242424242425,33,2024,134.103095355923,298.27797705814334,-13.606911447084236
2024-12-01,Arachide en coque,400.0,374.1341463414634,41,2024,134.103095355923,298.27797705814334,3.092783505154628
2025-01-01,Arachide en coque,325.0,344.6411111111111,36,2025,134.103095355923,242.3508563597414,-18.75
2025-02-01,Arachide en coque,320.0,406.4321875,32,2025,134.103095355923,238.62238164651464,-19.999999999999996
2025-03-01,Arachide en coque,325.0,402.1060606060606,33,2025,134.103095355923,242.3508563597414,-15.58441558441559
2025-04-01,Arachide en coque,350.0,400.6521739130435,23,2025,134.103095355923,260.99322992587537,-12.5
2025-05-01,Arachide en coque,391.67,451.5920689655172,29,2025,134.103095355923,292.06633818590745,-2.0824999999999982
2025-06-01,Arachide en coque,400.0,458.7317391304348,23,2025,134.103095355923,298.27797705814334,0.0
2025-07-01,Arachide en coque,500.0,544.9357692307692,26,2025,134.103095355923,372.8474713226791,21.212121212121215
2025-08-01,Arachide en coque,500.0,583.3333333333334,24,2025,134.103095355923,372.8474713226791,25.0
2025-09-01,Arachide en coque,483.33,540.5795652173913,23,2025,134.103095355923,360.416736628781,20.83249999999999
2025-11-01,Arachide en coque,400.0,525.5,27,2025,134.103095355923,298.27797705814334,0.0
2025-12-01,Arachide en coque,445.0,464.44444444444446,18,2025,134.103095355923,331.8342494771844,11.250000000000004
2026-01-01,Arachide en coque,312.5,400.1764705882353,34,2026,134.103095355923,233.02966957667445,-21.875
2026-02-01,Arachide en coque,352.5,430.3142857142857,35,2026,134.103095355923,262.85746728248876,8.461538461538453
2026-03-01,Arachide en coque,350.0,440.56756756756755,37,2026,134.103095355923,260.99322992587537,9.375
2007-01-01,Maïs importé,150.0,160.97208333333333,24,2007,94.1412876405036,159.3349780521417,
2007-02-01,Maïs importé,155.0,164.05,25,2007,94.1412876405036,164.6461439872131,
2007-03-01,Maïs importé,150.0,165.65217391304347,23,2007,94.1412876405036,159.3349780521417,
2007-04-01,Maïs importé,155.83499999999998,164.75708333333333,24,2007,94.1412876405036,165.53310869837,
2007-05-01,Maïs importé,150.0,163.6825,24,2007,94.1412876405036,159.3349780521417,
2007-06-01,Maïs importé,152.5,164.05,25,2007,94.1412876405036,161.9905610196774,
2007-07-01,Maïs importé,150.0,162.7173913043478,23,2007,94.1412876405036,159.3349780521417,
2007-08-01,Maïs importé,160.0,171.24666666666667,27,2007,94.1412876405036,169.95730992228445,
2007-09-01,Maïs importé,160.625,165.139,30,2007,94.1412876405036,170.62120566416837,
2007-10-01,Maïs importé,160.625,162.99692307692308,26,2007,94.1412876405036,170.62120566416837,
2007-11-01,Maïs importé,163.75,168.18375,24,2007,94.1412876405036,173.940684373588,
2007-12-01,Maïs importé,175.0,180.75,15,2007,94.1412876405036,185.89080772749864,
2008-01-01,Maïs importé,175.0,184.75,20,2008,101.058038553206,173.16781772670595,16.666666666666675
2008-02-01,Maïs importé,180.0,185.17045454545453,22,2008,101.058038553206,178.1154696617547,16.129032258064523
2008-03-01,Maïs importé,180.0,187.8409090909091,22,2008,101.058038553206,178.1154696617547,19.999999999999996
2008-04-01,Maïs importé,200.0,193.42105263157896,19,2008,101.058038553206,197.90607740194966,28.340873359643236
2008-05-01,Maïs importé,200.0,197.0336,25,2008,101.058038553206,197.90607740194966,33.33333333333333
2008-06-01,Maïs importé,202.5,209.32291666666666,24,2008,101.058038553206,200.37990336947402,32.78688524590163
2008-07-01,Maïs importé,208.16500000000002,211.59214285714285,28,2008,101.058038553206,205.98559301188425,38.776666666666685
2008-08-01,Maïs importé,205.0,208.27862068965516,29,2008,101.058038553206,202.85372933699838,28.125
2008-09-01,Maïs importé,208.125,211.72233333333332,30,2008,101.058038553206,205.94601179640387,29.57198443579767
2008-10-01,Maïs importé,200.0,208.7185185185185,27,2008,101.058038553206,197.90607740194966,24.513618677042803
2008-11-01,Maïs importé,200.0,181.82,19,2008,101.058038553206,197.90607740194966,22.137404580152676
2008-12-01,Maïs importé,200.0,191.36,19,2008,101.058038553206,197.90607740194966,14.28571428571428
2009-01-01,Maïs importé,200.0,186.9047619047619,21,2009,98.7862321407254,202.45736239346698,14.28571428571428
2009-02-01,Maïs importé,200.0,188.89857142857142,14,2009,98.7862321407254,202.45736239346698,11.111111111111116
2009-03-01,Maïs importé,200.0,194.54611111111112,18,2009,98.7862321407254,202.45736239346698,11.111111111111116
2009-04-01,Maïs importé,200.0,192.06333333333333,21,2009,98.7862321407254,202.45736239346698,0.0
2009-05-01,Maïs importé,200.0,193.78,22,2009,98.7862321407254,202.45736239346698,0.0
2009-06-01,Maïs importé,197.5,192.76724137931035,29,2009,98.7862321407254,199.92664536354866,-2.4691358024691357
2009-07-01,Maïs importé,198.75,195.89466666666667,30,2009,98.7862321407254,201.19200387850782,-4.522854466408866
2009-08-01,Maïs importé,200.0,193.68066666666667,30,2009,98.7862321407254,202.45736239346698,-2.4390243902439046
2009-09-01,Maïs importé,200.0,194.00357142857143,28,2009,98.7862321407254,202.45736239346698,-3.9039039039039047
2009-10-01,Maïs importé,200.0,187.57407407407408,27,2009,98.7862321407254,202.45736239346698,0.0
2009-11-01,Maïs importé,198.75,184.0395652173913,23,2009,98.7862321407254,201.19200387850782,-0.6249999999999978
2009-12-01,Maïs importé,198.75,186.658,20,2009,98.7862321407254,201.19200387850782,-0.6249999999999978
2010-01-01,Maïs importé,200.0,191.0,15,2010,100.0,200.0,0.0
2010-02-01,Maïs importé,200.0,190.71954545454545,22,2010,100.0,200.0,0.0
2010-03-01,Maïs importé,200.0,193.9959090909091,22,2010,100.0,200.0,0.0
2010-04-01,Maïs importé,200.0,195.72,22,2010,100.0,200.0,0.0
2010-05-01,Maïs importé,191.25,190.0,21,2010,100.0,191.25,-4.374999999999996
2010-06-01,Maïs importé,200.0,192.69565217391303,23,2010,100.0,200.0,1.2658227848101333
2010-07-01,Maïs importé,200.0,195.1875,20,2010,100.0,200.0,0.6289308176100628
2010-08-01,Maïs importé,200.0,194.1304347826087,23,2010,100.0,200.0,0.0
2010-09-01,Maïs importé,185.0,186.8295652173913,23,2010,100.0,185.0,-7.499999999999996
2010-10-01,Maïs importé,190.0,182.91666666666666,21,2010,100.0,190.0,-5.000000000000004
2010-11-01,Maïs importé,190.0,187.8125,16,2010,100.0,190.0,-4.402515723270439
2010-12-01,Maïs importé,200.0,190.50470588235294,17,2010,100.0,200.0,0.6289308176100628
2011-01-01,Maïs importé,200.0,193.46153846153845,13,2011,103.40322829787,193.41755890238468,0.0
2011-02-01,Maïs importé,200.0,200.72916666666666,12,2011,103.40322829787,193.41755890238468,0.0
2011-03-01,Maïs importé,200.0,196.770625,16,2011,103.40322829787,193.41755890238468,0.0
2011-04-01,Maïs importé,200.0,193.61111111111111,18,2011,103.40322829787,193.41755890238468,0.0
2011-05-01,Maïs importé,200.0,195.89285714285714,14,2011,103.40322829787,193.41755890238468,4.575163398692816
2011-06-01,Maïs importé,200.0,191.25,21,2011,103.40322829787,193.41755890238468,0.0
2011-07-01,Maïs importé,200.0,198.41285714285715,21,2011,103.40322829787,193.41755890238468,0.0
2011-08-01,Maïs importé,200.0,202.1875,24,2011,103.40322829787,193.41755890238468,0.0
2011-09-01,Maïs importé,225.0,221.31,14,2011,103.40322829787,217.59475376518273,21.62162162162162
2011-10-01,Maïs importé,225.0,229.0441176470588,17,2011,103.40322829787,217.59475376518273,18.421052631578938
2011-11-01,Maïs importé,200.0,217.5,12,2011,103.40322829787,193.41755890238468,5.263157894736836
2011-12-01,Maïs importé,225.0,223.37736842105264,19,2011,103.40322829787,217.59475376518273,12.5
2012-01-01,Maïs importé,205.0,228.0952380952381,21,2012,104.869722570496,195.4806353780463,2.499999999999991
2012-02-01,Maïs importé,225.0,227.32142857142858,14,2012,104.869722570496,214.5519168783435,12.5
2012-03-01,Maïs importé,225.0,244.26666666666668,15,2012,104.869722570496,214.5519168783435,12.5
2012-04-01,Maïs importé,250.0,244.25944444444445,18,2012,104.869722570496,238.391018753715,25.0
2012-05-01,Maïs importé,224.0,221.7052,25,2012,104.869722570496,213.59835280332865,12.00000000000001
2012-06-01,Maïs importé,232.5,244.66649999999998,20,2012,104.869722570496,221.70364744095497,16.250000000000007
2012-07-01,Maïs importé,250.0,259.41333333333336,24,2012,104.869722570496,238.391018753715,25.0
2012-08-01,Maïs importé,250.0,252.13541666666666,24,2012,104.869722570496,238.391018753715,25.0
2012-09-01,Maïs importé,250.0,257.10526315789474,19,2012,104.869722570496,238.391018753715,11.111111111111116
2012-10-01,Maïs importé,260.0,256.7105263157895,19,2012,104.869722570496,247.92665950386362,15.555555555555545
2012-11-01,Maïs importé,259.16499999999996,254.80999999999997,22,2012,104.869722570496,247.13043350122615,29.58249999999998
2012-12-01,Maïs importé,250.0,247.1818181818182,22,2012,104.869722570496,238.391018753715,11.111111111111116
2013-01-01,Maïs importé,250.0,243.04149999999998,20,2013,105.614555041963,236.709798096171,21.95121951219512
2013-02-01,Maïs importé,250.0,242.54149999999998,20,2013,105.614555041963,236.709798096171,11.111111111111116
2013-03-01,Maïs importé,250.0,248.38235294117646,17,2013,105.614555041963,236.709798096171,11.111111111111116
2013-04-01,Maïs importé,250.0,244.6875,16,2013,105.614555041963,236.709798096171,0.0
2013-05-01,Maïs importé,250.0,240.25,20,2013,105.614555041963,236.709798096171,11.607142857142861
2013-06-01,Maïs importé,250.0,244.85294117647058,17,2013,105.614555041963,236.709798096171,7.526881720430101
2013-07-01,Maïs importé,241.5,231.296,20,2013,105.614555041963,228.6616649609012,-3.400000000000003
2013-08-01,Maïs importé,230.0,230.71058823529413,17,2013,105.614555041963,217.77301424847732,-7.9999999999999964
2013-09-01,Maïs importé,220.0,215.7608695652174,23,2013,105.614555041963,208.30462232463046,-12.0
2013-10-01,Maïs importé,233.33,228.94736842105263,19,2013,105.614555041963,220.9259887591183,-10.2576923076923
2013-11-01,Maïs importé,225.0,225.625,12,2013,105.614555041963,213.03881828655392,-13.182721432292155
2013-12-01,Maïs importé,225.0,218.864375,16,2013,105.614555041963,213.03881828655392,-9.999999999999998
2014-01-01,Maïs importé,221.25,221.875,18,2014,104.46308699624,211.7973021493837,-11.5
2014-02-01,Maïs importé,230.0,225.3125,20,2014,104.46308699624,220.17346664116727,-7.9999999999999964
2014-03-01,Maïs importé,225.0,225.70461538461538,13,2014,104.46308699624,215.38708693157668,-9.999999999999998
2014-05-01,Maïs importé,220.83499999999998,220.104375,16,2014,104.46308699624,211.40003263348768,-11.66600000000001
2014-06-01,Maïs importé,217.5,226.0,10,2014,104.46308699624,208.20751736719077,-13.0
2014-07-01,Maïs importé,209.16500000000002,213.385,8,2014,104.46308699624,200.22862239130328,-16.333999999999993
2014-08-01,Maïs importé,231.67,225.11133333333333,15,2014,104.46308699624,221.77211746417052,-4.07039337474121
2014-09-01,Maïs importé,233.33,227.56384615384616,13,2014,104.46308699624,223.36119552775463,1.4478260869565274
2014-10-01,Maïs importé,231.25,228.29545454545453,11,2014,104.46308699624,221.3700615685649,5.1136363636363535
2014-11-01,Maïs importé,230.0,221.51545454545456,11,2014,104.46308699624,220.17346664116727,-1.4271632451892224
2014-12-01,Maïs importé,225.0,217.11357142857145,14,2014,104.46308699624,215.38708693157668,0.0
2015-01-01,Maïs importé,200.0,206.8629411764706,17,2015,104.604333556103,191.19666767221736,-11.111111111111116
2015-02-01,Maïs importé,225.0,211.37235294117647,17,2015,104.604333556103,215.09625113124451,1.6949152542372836
2015-03-01,Maïs importé,220.0,214.2978947368421,19,2015,104.604333556103,210.31633443943912,-4.347826086956519
2015-04-01,Maïs importé,220.0,221.9758823529412,17,2015,104.604333556103,210.31633443943912,-2.2222222222222254
2015-06-01,Maïs importé,220.0,212.02357142857142,14,2015,104.604333556103,210.31633443943912,-0.3781103538841091
2015-07-01,Maïs importé,220.0,220.47619047619048,21,2015,104.604333556103,210.31633443943912,1.1494252873563315
2015-08-01,Maïs importé,227.0,224.0952380952381,21,2015,104.604333556103,217.00821780796667,8.526761169411689
2015-09-01,Maïs importé,227.0,221.3913043478261,23,2015,104.604333556103,217.00821780796667,-2.0157983338369156
2015-10-01,Maïs importé,225.0,219.7058823529412,17,2015,104.604333556103,215.09625113124451,-3.5700510007285913
2015-12-01,Maïs importé,223.0,221.46666666666667,15,2015,104.604333556103,213.18428445452233,-3.5675675675675644
2016-01-01,Maïs importé,220.0,205.38095238095238,21,2016,105.48016989023,208.57000915806952,-4.347826086956519
2016-02-01,Maïs importé,214.0,209.11111111111111,18,2016,105.48016989023,202.88173618103124,-4.8888888888888875
2016-03-01,Maïs importé,209.0,206.13636363636363,22,2016,105.48016989023,198.14150870016604,4.499999999999993
2016-04-01,Maïs importé,211.0,209.28571428571428,14,2016,105.48016989023,200.03759969251212,-6.222222222222218
2016-05-01,Maïs importé,220.0,214.05555555555554,18,2016,105.48016989023,208.57000915806952,0.0
2016-06-01,Maïs importé,225.0,221.83333333333334,18,2016,105.48016989023,213.31023663893473,2.2727272727272707
2016-07-01,Maïs importé,220.0,223.26,17,2016,105.48016989023,208.57000915806952,0.0
2016-08-01,Maïs importé,225.0,239.8,20,2016,105.48016989023,213.31023663893473,2.2727272727272707
2016-09-01,Maïs importé,225.0,234.66666666666666,18,2016,105.48016989023,213.31023663893473,-0.8810572687224627
2016-10-01,Maïs importé,225.0,232.45,20,2016,105.48016989023,213.31023663893473,-0.8810572687224627
2016-11-01,Maïs importé,225.0,232.45,20,2016,105.48016989023,213.31023663893473,0.0
2016-12-01,Maïs importé,225.0,224.45833333333334,24,2016,105.48016989023,213.31023663893473,0.8968609865470878
2017-01-01,Maïs importé,225.0,221.86363636363637,22,2017,106.870560070658,210.53506208935383,2.2727272727272707
2017-02-01,Maïs importé,210.0,208.57142857142858,21,2017,106.870560070658,196.4993912833969,-1.869158878504673
2017-03-01,Maïs importé,216.0,210.52173913043478,23,2017,106.870560070658,202.11365960577967,3.349282296650724
2017-04-01,Maïs importé,225.0,216.84,25,2017,106.870560070658,210.53506208935383,6.635071090047395
2017-05-01,Maïs importé,225.0,217.42857142857142,21,2017,106.870560070658,210.53506208935383,2.2727272727272707
2017-06-01,Maïs importé,225.0,225.72727272727272,22,2017,106.870560070658,210.53506208935383,0.0
2017-07-01,Maïs importé,225.0,223.96,25,2017,106.870560070658,210.53506208935383,2.2727272727272707
2017-08-01,Maïs importé,225.0,218.65384615384616,26,2017,106.870560070658,210.53506208935383,0.0
2017-09-01,Maïs importé,225.0,221.76923076923077,26,2017,106.870560070658,210.53506208935383,0.0
2017-10-01,Maïs importé,220.0,222.85185185185185,27,2017,106.870560070658,205.85650515403486,-2.2222222222222254
2017-11-01,Maïs importé,225.0,223.14285714285714,21,2017,106.870560070658,210.53506208935383,0.0
2017-12-01,Maïs importé,220.0,231.04761904761904,21,2017,106.870560070658,205.85650515403486,-2.2222222222222254
2018-01-01,Maïs importé,213.0,217.52631578947367,19,2018,107.363218008605,198.39196696109497,-5.333333333333334
2018-02-01,Maïs importé,210.0,214.91304347826087,23,2018,107.363218008605,195.5977139053049,0.0
2018-03-01,Maïs importé,225.0,214.26315789473685,19,2018,107.363218008605,209.56897918425526,4.166666666666674
2018-04-01,Maïs importé,213.0,212.42857142857142,21,2018,107.363218008605,198.39196696109497,-5.333333333333334
2018-05-01,Maïs importé,200.0,214.72222222222223,18,2018,107.363218008605,186.28353705267133,-11.111111111111116
2018-06-01,Maïs importé,213.0,217.21052631578948,19,2018,107.363218008605,198.39196696109497,-5.333333333333334
2018-07-01,Maïs importé,225.0,228.82608695652175,23,2018,107.363218008605,209.56897918425526,0.0
2018-08-01,Maïs importé,225.0,225.8695652173913,23,2018,107.363218008605,209.56897918425526,0.0
2018-09-01,Maïs importé,225.0,225.92,25,2018,107.363218008605,209.56897918425526,0.0
2018-10-01,Maïs importé,225.0,224.70833333333334,24,2018,107.363218008605,209.56897918425526,2.2727272727272707
2019-03-01,Maïs importé,225.0,221.8421052631579,19,2019,109.252930368352,205.94413279479156,0.0
2019-04-01,Maïs importé,225.0,222.875,24,2019,109.252930368352,205.94413279479156,2.2727272727272707
2019-05-01,Maïs importé,225.0,219.6818181818182,22,2019,109.252930368352,205.94413279479156,5.633802816901401
2019-06-01,Maïs importé,222.5,219.6818181818182,22,2019,109.252930368352,203.6558646526272,5.952380952380953
2019-07-01,Maïs importé,225.0,219.33333333333334,21,2019,109.252930368352,205.94413279479156,0.0
2019-08-01,Maïs importé,225.0,225.5,20,2019,109.252930368352,205.94413279479156,5.633802816901401
2019-09-01,Maïs importé,225.0,229.58333333333334,24,2019,109.252930368352,205.94413279479156,12.5
2019-10-01,Maïs importé,225.0,223.61095238095237,21,2019,109.252930368352,205.94413279479156,5.633802816901401
2019-11-01,Maïs importé,225.0,227.55533333333332,15,2019,109.252930368352,205.94413279479156,0.0
2019-12-01,Maïs importé,225.0,215.70652173913044,23,2019,109.252930368352,205.94413279479156,0.0
2020-01-01,Maïs importé,225.0,214.2332,25,2020,112.031392832995,200.83656402934054,0.0
2020-02-01,Maïs importé,225.0,214.7826086956522,23,2020,112.031392832995,200.83656402934054,0.0
2020-03-01,Maïs importé,200.0,210.88235294117646,17,2020,112.031392832995,178.52139024830268,-11.111111111111116
2020-04-01,Maïs importé,223.655,219.6085,20,2020,112.031392832995,199.63600767992068,-0.5977777777777749
2020-05-01,Maïs importé,225.0,229.6875,8,2020,112.031392832995,200.83656402934054,0.0
2020-06-01,Maïs importé,220.83499999999998,217.36125,24,2020,112.031392832995,197.1188560774196,-0.7483146067415847
2020-07-01,Maïs importé,223.655,213.99076923076925,26,2020,112.031392832995,199.63600767992068,-0.5977777777777749
2020-08-01,Maïs importé,223.655,216.35458333333335,24,2020,112.031392832995,199.63600767992068,-0.5977777777777749
2020-09-01,Maïs importé,223.655,218.73923076923077,26,2020,112.031392832995,199.63600767992068,-0.5977777777777749
2020-10-01,Maïs importé,200.0,216.43826086956523,23,2020,112.031392832995,178.52139024830268,-11.111111111111116
2020-11-01,Maïs importé,225.0,222.15333333333334,24,2020,112.031392832995,200.83656402934054,0.0
2020-12-01,Maïs importé,225.0,222.27272727272728,22,2020,112.031392832995,200.83656402934054,0.0
2021-01-01,Maïs importé,225.0,222.30263157894737,19,2021,114.474038812672,196.55111528666797,0.0
2021-02-01,Maïs importé,225.0,222.30263157894737,19,2021,114.474038812672,196.55111528666797,0.0
2021-03-01,Maïs importé,250.0,233.69791666666666,24,2021,114.474038812672,218.39012809629773,25.0
2021-04-01,Maïs importé,250.0,241.8668,25,2021,114.474038812672,218.39012809629773,11.779302944266835
2021-05-01,Maïs importé,250.0,238.7037037037037,27,2021,114.474038812672,218.39012809629773,11.111111111111116
2021-06-01,Maïs importé,250.0,235.90291666666667,24,2021,114.474038812672,218.39012809629773,13.206692779677143
2021-07-01,Maïs importé,250.0,240.3532,25,2021,114.474038812672,218.39012809629773,11.779302944266835
2021-08-01,Maïs importé,250.0,241.30434782608697,23,2021,114.474038812672,218.39012809629773,11.779302944266835
2021-09-01,Maïs importé,250.0,246.08695652173913,23,2021,114.474038812672,218.39012809629773,11.779302944266835
2021-10-01,Maïs importé,250.0,252.6086956521739,23,2021,114.474038812672,218.39012809629773,25.0
2021-11-01,Maïs importé,262.0,266.0,9,2021,114.474038812672,228.87285424492006,16.44444444444444
2021-12-01,Maïs importé,271.0,269.42857142857144,7,2021,114.474038812672,236.73489885638674,20.444444444444443
2022-01-01,Maïs importé,275.0,276.5,8,2022,125.574379147807,218.9937166054486,22.222222222222232
2022-02-01,Maïs importé,281.5,288.5,8,2022,125.574379147807,224.16993172521376,25.111111111111107
2022-03-01,Maïs importé,301.5,298.625,8,2022,125.574379147807,240.0967474783373,20.599999999999994
2022-04-01,Maïs importé,313.0,312.44444444444446,9,2022,125.574379147807,249.25466653638333,25.2
2022-05-01,Maïs importé,354.0,363.7,10,2022,125.574379147807,281.90463883028656,41.599999999999994
2022-06-01,Maïs importé,386.0,386.3333333333333,9,2022,125.574379147807,307.38754403528424,54.400000000000006
2022-07-01,Maïs importé,388.0,377.4347826086956,23,2022,125.574379147807,308.9802256105966,55.2
2022-08-01,Maïs importé,375.0,375.4074074074074,27,2022,125.574379147807,298.62779537106627,50.0
2022-09-01,Maïs importé,380.0,374.6551724137931,29,2022,125.574379147807,302.60949930934714,52.0
2022-10-01,Maïs importé,380.0,379.11764705882354,34,2022,125.574379147807,302.60949930934714,52.0
2022-11-01,Maïs importé,370.0,378.6,30,2022,125.574379147807,294.6460914327854,41.221374045801525
2022-12-01,Maïs importé,350.0,364.06666666666666,30,2022,125.574379147807,278.7192756796619,29.151291512915133
2023-01-01,Maïs importé,350.0,356.6551724137931,29,2023,133.032841755522,263.0929290702549,27.27272727272727
2023-02-01,Maïs importé,350.0,353.1333333333333,30,2023,133.032841755522,263.0929290702549,24.333925399644762
2023-03-01,Maïs importé,350.0,344.25925925925924,27,2023,133.032841755522,263.0929290702549,16.08623548922057
2023-04-01,Maïs importé,350.0,358.16129032258067,31,2023,133.032841755522,263.0929290702549,11.82108626198084
2023-05-01,Maïs importé,350.0,353.01785714285717,28,2023,133.032841755522,263.0929290702549,-1.1299435028248594
2023-06-01,Maïs importé,350.0,352.98387096774195,31,2023,133.032841755522,263.0929290702549,-9.32642487046632
2023-07-01,Maïs importé,350.0,350.0,31,2023,133.032841755522,263.0929290702549,-9.79381443298969
2023-08-01,Maïs importé,338.0,343.1212121212121,33,2023,133.032841755522,254.07260007356047,-9.866666666666667
2023-09-01,Maïs importé,317.0,328.3939393939394,33,2023,133.032841755522,238.28702432934517,-16.578947368421048
2023-10-01,Maïs importé,313.0,328.9594594594595,37,2023,133.032841755522,235.28024799711366,-17.63157894736842
2023-11-01,Maïs importé,300.0,315.1666666666667,33,2023,133.032841755522,225.50822491736136,-18.918918918918916
2023-12-01,Maïs importé,300.0,305.030303030303,33,2023,133.032841755522,225.50822491736136,-14.28571428571429
2024-01-01,Maïs importé,300.0,302.741935483871,31,2024,134.103095355923,223.70848279360746,-14.28571428571429
2024-02-01,Maïs importé,300.0,311.4193548387097,31,2024,134.103095355923,223.70848279360746,-14.28571428571429
2024-03-01,Maïs importé,312.5,307.26666666666665,30,2024,134.103095355923,233.02966957667445,-10.71428571428571
2024-04-01,Maïs importé,300.0,301.14814814814815,27,2024,134.103095355923,223.70848279360746,-14.28571428571429
2024-05-01,Maïs importé,288.0,289.64285714285717,28,2024,134.103095355923,214.76014348186317,-17.714285714285715
2024-06-01,Maïs importé,296.0,293.11764705882354,34,2024,134.103095355923,220.72570302302603,-15.428571428571425
2024-07-01,Maïs importé,300.0,309.3235294117647,34,2024,134.103095355923,223.70848279360746,-14.28571428571429
2024-08-01,Maïs importé,300.0,310.34375,32,2024,134.103095355923,223.70848279360746,-11.24260355029586
2024-09-01,Maïs importé,300.0,303.15625,32,2024,134.103095355923,223.70848279360746,-5.3627760252365935
2024-10-01,Maïs importé,275.0,292.8484848484849,33,2024,134.103095355923,205.06610922747353,-12.140575079872207
2024-11-01,Maïs importé,275.0,279.7142857142857,28,2024,134.103095355923,205.06610922747353,-8.333333333333337
2024-12-01,Maïs importé,275.0,279.5357142857143,28,2024,134.103095355923,205.06610922747353,-8.333333333333337
2025-01-01,Maïs importé,283.33,275.4011111111111,27,2025,134.103095355923,211.27774809970933,-5.556666666666676
2025-02-01,Maïs importé,300.0,280.39666666666665,21,2025,134.103095355923,223.70848279360746,0.0
2025-03-01,Maïs importé,300.0,282.34592592592594,27,2025,134.103095355923,223.70848279360746,-4.0000000000000036
2025-04-01,Maïs importé,300.0,292.6759259259259,27,2025,134.103095355923,223.70848279360746,0.0
2025-07-01,Maïs importé,300.0,297.51178571428574,28,2025,134.103095355923,223.70848279360746,4.166666666666674
2025-08-01,Maïs importé,300.0,298.9555882352941,34,2025,134.103095355923,223.70848279360746,1.3513513513513598
2025-09-01,Maïs importé,300.0,288.591724137931,29,2025,134.103095355923,223.70848279360746,0.0
2025-10-01,Maïs importé,300.0,299.2916666666667,24,2025,134.103095355923,223.70848279360746,0.0
2025-11-01,Maïs importé,300.0,287.1904761904762,21,2025,134.103095355923,223.70848279360746,0.0
2025-12-01,Maïs importé,300.0,280.7142857142857,14,2025,134.103095355923,223.70848279360746,9.090909090909083
2026-01-01,Maïs importé,300.0,291.95652173913044,23,2026,134.103095355923,223.70848279360746,9.090909090909083
2026-02-01,Maïs importé,287.5,279.44,25,2026,134.103095355923,214.3872960105405,4.545454545454541
2026-03-01,Maïs importé,275.0,270.60714285714283,21,2026,134.103095355923,205.06610922747353,-2.9400345886422152
2007-01-01,Maïs local,163.75,162.3109090909091,33,2007,94.1412876405036,173.940684373588,
2007-02-01,Maïs local,166.25,160.40142857142857,28,2007,94.1412876405036,176.5962673411237,
2007-03-01,Maïs local,162.5,163.6869696969697,33,2007,94.1412876405036,172.61289288982016,
2007-04-01,Maïs local,164.16500000000002,165.14857142857142,28,2007,94.1412876405036,174.38151114619896,
2007-05-01,Maïs local,168.89,169.879,30,2007,94.1412876405036,179.4005629548414,
2007-06-01,Maïs local,165.0,169.68806451612903,31,2007,94.1412876405036,175.26847585735587,
2007-07-01,Maïs local,172.5,176.30818181818182,33,2007,94.1412876405036,183.23522475996293,
2007-08-01,Maïs local,176.25,184.11090909090908,33,2007,94.1412876405036,187.21859921126648,
2007-09-01,Maïs local,172.5,186.4335294117647,34,2007,94.1412876405036,183.23522475996293,
2007-10-01,Maïs local,175.0,174.99962962962962,27,2007,94.1412876405036,185.89080772749864,
2007-11-01,Maïs local,170.0,171.66666666666666,33,2007,94.1412876405036,180.57964179242725,
2007-12-01,Maïs local,180.0,170.875,20,2007,94.1412876405036,191.20197366257003,
2008-01-01,Maïs local,185.0,183.1606896551724,29,2008,101.058038553206,183.06312159680343,12.977099236641232
2008-02-01,Maïs local,188.33,181.35777777777778,27,2008,101.058038553206,186.3582577855459,13.281203007518805
2008-03-01,Maïs local,185.625,186.236875,32,2008,101.058038553206,183.68157808868452,14.230769230769225
2008-04-01,Maïs local,180.0,188.3121052631579,19,2008,101.058038553206,178.1154696617547,9.645783205920866
2008-05-01,Maïs local,190.0,192.82565217391303,23,2008,101.058038553206,188.01077353185218,12.499259873290324
2008-06-01,Maïs local,200.0,210.29761904761904,21,2008,101.058038553206,197.90607740194966,21.212121212121215
2008-07-01,Maïs local,206.66500000000002,212.99458333333334,24,2008,101.058038553206,204.50129743136966,19.805797101449297
2008-08-01,Maïs local,201.67,214.6195652173913,23,2008,101.058038553206,199.55859314825594,14.422695035460986
2008-09-01,Maïs local,205.0,215.03772727272727,22,2008,101.058038553206,202.85372933699838,18.840579710144922
2008-10-01,Maïs local,195.83499999999998,200.48625,24,2008,101.058038553206,193.78468334005404,11.905714285714275
2008-11-01,Maïs local,160.0,165.75941176470587,34,2008,101.058038553206,158.32486192155972,-5.882352941176472
2008-12-01,Maïs local,160.0,170.21517241379308,29,2008,101.058038553206,158.32486192155972,-11.111111111111116
2009-01-01,Maïs local,175.0,183.61548387096775,31,2009,98.7862321407254,177.15019209428363,-5.405405405405405
2009-02-01,Maïs local,178.75,182.38636363636363,33,2009,98.7862321407254,180.94626763916114,-5.086815695853031
2009-03-01,Maïs local,180.83499999999998,186.38470588235293,34,2009,98.7862321407254,183.056885642113,-2.580471380471394
2009-04-01,Maïs local,190.0,188.8683870967742,31,2009,98.7862321407254,192.33449427379367,5.555555555555558
2009-05-01,Maïs local,200.0,197.05921052631578,38,2009,98.7862321407254,202.45736239346698,5.263157894736836
2009-06-01,Maïs local,200.0,198.1096875,32,2009,98.7862321407254,202.45736239346698,0.0
2009-07-01,Maïs local,200.0,203.226,35,2009,98.7862321407254,202.45736239346698,-3.2250260082742677
2009-08-01,Maïs local,200.0,198.65,35,2009,98.7862321407254,202.45736239346698,-0.8280854861902998
2009-09-01,Maïs local,200.0,192.7741935483871,31,2009,98.7862321407254,202.45736239346698,-2.4390243902439046
2009-10-01,Maïs local,175.0,173.3996551724138,29,2009,98.7862321407254,177.15019209428363,-10.639058390992407
2009-11-01,Maïs local,160.0,169.16657142857142,35,2009,98.7862321407254,161.9658899147736,0.0
2009-12-01,Maïs local,166.66500000000002,172.14705882352942,34,2009,98.7862321407254,168.7127815165359,4.165625000000017
2010-01-01,Maïs local,180.0,185.44444444444446,36,2010,100.0,180.0,2.857142857142847
2010-02-01,Maïs local,187.5,180.60714285714286,35,2010,100.0,187.5,4.895104895104896
2010-03-01,Maïs local,185.0,184.8118918918919,37,2010,100.0,185.0,2.3032045787596545
2010-04-01,Maïs local,190.0,188.0074285714286,35,2010,100.0,190.0,0.0
2010-05-01,Maïs local,191.66500000000002,195.5959375,32,2010,100.0,191.66500000000002,-4.167499999999991
2010-06-01,Maïs local,192.91500000000002,195.11366666666666,30,2010,100.0,192.91500000000002,-3.542499999999993
2010-07-01,Maïs local,200.0,197.73416666666668,36,2010,100.0,200.0,0.0
2010-08-01,Maïs local,185.0,186.23864864864865,37,2010,100.0,185.0,-7.499999999999996
2010-09-01,Maïs local,187.5,176.35206896551725,29,2010,100.0,187.5,-6.25
2010-10-01,Maïs local,186.67,158.39000000000001,28,2010,100.0,186.67,6.668571428571424
2010-11-01,Maïs local,186.67,159.93827586206896,29,2010,100.0,186.67,16.66874999999999
2010-12-01,Maïs local,186.67,175.41,39,2010,100.0,186.67,12.003120031200298
2011-01-01,Maïs local,186.67,174.86027027027026,37,2011,103.40322829787,180.52627860154072,3.7055555555555397
2011-02-01,Maïs local,186.67,185.35256410256412,39,2011,103.40322829787,180.52627860154072,-0.442666666666669
2011-03-01,Maïs local,185.0,184.04771428571428,35,2011,103.40322829787,178.91124198470584,0.0
2011-04-01,Maïs local,191.25,191.91868421052632,38,2011,103.40322829787,184.95554070040535,0.6578947368421018
2011-05-01,Maïs local,195.0,192.75862068965517,29,2011,103.40322829787,188.58211992982504,1.7400151305663414
2011-06-01,Maïs local,200.0,196.85923076923078,39,2011,103.40322829787,193.41755890238468,3.6726019231267504
2011-07-01,Maïs local,200.0,201.8639393939394,33,2011,103.40322829787,193.41755890238468,0.0
2011-08-01,Maïs local,200.0,202.30382352941177,34,2011,103.40322829787,193.41755890238468,8.108108108108114
2011-09-01,Maïs local,206.67,209.29272727272726,33,2011,103.40322829787,199.86803449177918,10.22399999999999
2011-10-01,Maïs local,212.5,217.58333333333334,33,2011,103.40322829787,205.5061563337837,13.837252906198106
2011-11-01,Maïs local,200.0,201.93676470588235,34,2011,103.40322829787,193.41755890238468,7.140943911715869
2011-12-01,Maïs local,205.625,207.3434375,32,2011,103.40322829787,198.85742774651422,10.154282959232885
2012-01-01,Maïs local,205.625,218.52142857142857,28,2012,104.869722570496,196.0766129249306,10.154282959232885
2012-02-01,Maïs local,207.5,212.79166666666666,30,2012,104.869722570496,197.86454556558346,11.158729308405224
2012-03-01,Maïs local,210.0,220.6825806451613,31,2012,104.869722570496,200.2484557531206,13.513513513513509
2012-04-01,Maïs local,218.75,221.72233333333332,30,2012,104.869722570496,208.5921414095006,14.379084967320255
2012-05-01,Maïs local,200.0,207.1828205128205,39,2012,104.869722570496,190.71281500297198,2.564102564102555
2012-06-01,Maïs local,233.125,233.09535714285715,28,2012,104.869722570496,222.29962498783925,16.562499999999993
2012-07-01,Maïs local,218.75,251.05882352941177,34,2012,104.869722570496,208.5921414095006,9.375
2012-08-01,Maïs local,247.5,245.68676470588235,34,2012,104.869722570496,236.00710856617786,23.750000000000004
2012-09-01,Maïs local,250.0,247.26366666666667,30,2012,104.869722570496,238.391018753715,20.96579087434074
2012-10-01,Maïs local,217.5,224.6425925925926,27,2012,104.869722570496,207.40018631573207,2.35294117647058
2012-11-01,Maïs local,222.5,215.8071052631579,38,2012,104.869722570496,212.16800669080635,11.250000000000004
2012-12-01,Maïs local,200.0,204.94378378378377,37,2012,104.869722570496,190.71281500297198,-2.7355623100303927
2013-01-01,Maïs local,224.16500000000002,217.4629411764706,34,2013,105.614555041963,212.2482075609127,9.016413373860189
2013-02-01,Maïs local,229.375,222.109375,32,2013,105.614555041963,217.1812397532369,10.542168674698793
2013-03-01,Maïs local,225.0,219.7784375,32,2013,105.614555041963,213.03881828655392,7.14285714285714
2013-04-01,Maïs local,225.0,227.90589743589743,39,2013,105.614555041963,213.03881828655392,2.857142857142847
2013-05-01,Maïs local,235.0,235.7051282051282,39,2013,105.614555041963,222.50721021040073,17.500000000000004
2013-06-01,Maïs local,236.25,228.1494117647059,34,2013,105.614555041963,223.6907592008816,1.3404825737265424
2013-07-01,Maïs local,220.0,219.17833333333334,36,2013,105.614555041963,208.30462232463046,0.5714285714285783
2013-08-01,Maïs local,225.0,221.51757575757574,33,2013,105.614555041963,213.03881828655392,-9.090909090909093
2013-09-01,Maïs local,225.0,214.95486486486487,37,2013,105.614555041963,213.03881828655392,-9.999999999999998
2013-10-01,Maïs local,200.0,212.71914285714286,35,2013,105.614555041963,189.36783847693678,-8.045977011494255
2013-11-01,Maïs local,200.0,213.54433333333333,30,2013,105.614555041963,189.36783847693678,-10.1123595505618
2013-12-01,Maïs local,200.0,207.17857142857142,35,2013,105.614555041963,189.36783847693678,0.0
2014-01-01,Maïs local,200.0,203.66,37,2014,104.46308699624,191.4551883836237,-10.78000579929963
2014-02-01,Maïs local,200.0,205.39538461538461,39,2014,104.46308699624,191.4551883836237,-12.806539509536785
2014-03-01,Maïs local,205.625,208.8545,40,2014,104.46308699624,196.83986555691314,-8.611111111111114
2014-04-01,Maïs local,200.0,202.6863157894737,38,2014,104.46308699624,191.4551883836237,-11.111111111111116
2014-05-01,Maïs local,203.75,206.39894736842106,38,2014,104.46308699624,195.04497316581666,-13.297872340425531
2014-06-01,Maïs local,200.0,207.02371428571428,35,2014,104.46308699624,191.4551883836237,-15.343915343915349
2014-07-01,Maïs local,200.0,206.65540540540542,37,2014,104.46308699624,191.4551883836237,-9.090909090909093
2014-08-01,Maïs local,200.0,218.02138888888888,36,2014,104.46308699624,191.4551883836237,-11.111111111111116
2014-09-01,Maïs local,200.0,214.19771428571428,35,2014,104.46308699624,191.4551883836237,-11.111111111111116
2014-10-01,Maïs local,225.0,222.16,38,2014,104.46308699624,215.38708693157668,12.5
2014-11-01,Maïs local,200.0,208.1981081081081,37,2014,104.46308699624,191.4551883836237,0.0
2014-12-01,Maïs local,200.0,203.93514285714286,35,2014,104.46308699624,191.4551883836237,0.0
2015-01-01,Maïs local,190.0,195.5762162162162,37,2015,104.604333556103,181.63683428860648,-5.000000000000004
2015-02-01,Maïs local,190.0,188.63666666666668,33,2015,104.604333556103,181.63683428860648,-5.000000000000004
2015-03-01,Maïs local,200.0,197.21564102564102,39,2015,104.604333556103,191.19666767221736,-2.7355623100303927
2015-04-01,Maïs local,200.0,196.65375,32,2015,104.604333556103,191.19666767221736,0.0
2015-05-01,Maïs local,200.0,200.75675675675674,37,2015,104.604333556103,191.19666767221736,-1.8404907975460127
2015-06-01,Maïs local,190.0,194.96964285714284,28,2015,104.604333556103,181.63683428860648,-5.000000000000004
2015-07-01,Maïs local,210.0,206.28947368421052,38,2015,104.604333556103,200.75650105582824,5.000000000000004
2015-08-01,Maïs local,205.0,209.66666666666666,36,2015,104.604333556103,195.97658436402278,2.499999999999991
2015-09-01,Maïs local,200.0,204.02857142857144,35,2015,104.604333556103,191.19666767221736,0.0
2015-10-01,Maïs local,200.0,203.96774193548387,31,2015,104.604333556103,191.19666767221736,-11.111111111111116
2015-12-01,Maïs local,200.0,184.67741935483872,31,2015,104.604333556103,191.19666767221736,0.0
2016-01-01,Maïs local,190.0,187.94871794871796,39,2016,105.48016989023,180.12864427287823,-5.000000000000004
2016-02-01,Maïs local,195.5,194.175,40,2016,105.48016989023,185.34289450182996,2.894736842105261
2016-03-01,Maïs local,187.0,192.53658536585365,41,2016,105.48016989023,177.28450778435908,-1.5789473684210575
2016-04-01,Maïs local,200.0,197.02941176470588,34,2016,105.48016989023,189.60909923460864,0.0
2016-05-01,Maïs local,200.0,198.33333333333334,39,2016,105.48016989023,189.60909923460864,0.0
2016-06-01,Maïs local,200.0,206.94594594594594,37,2016,105.48016989023,189.60909923460864,0.0
2016-07-01,Maïs local,213.75,209.62333333333333,27,2016,105.48016989023,202.644724806988,12.5
2016-08-01,Maïs local,211.0,217.45454545454547,33,2016,105.48016989023,200.03759969251212,0.4761904761904745
2016-09-01,Maïs local,225.0,223.83870967741936,31,2016,105.48016989023,213.31023663893473,9.756097560975618
2016-10-01,Maïs local,231.0,226.93103448275863,29,2016,105.48016989023,218.998509615973,15.500000000000004
2016-11-01,Maïs local,236.5,227.83333333333334,30,2016,105.48016989023,224.21275984492473,18.25000000000001
2016-12-01,Maïs local,203.0,213.82051282051282,39,2016,105.48016989023,192.4532357231278,1.4999999999999902
2017-01-01,Maïs local,219.5,215.10526315789474,38,2017,106.870560070658,205.38864946050296,15.526315789473678
2017-02-01,Maïs local,200.0,209.27027027027026,37,2017,106.870560070658,187.14227741275894,2.3017902813299296
2017-03-01,Maïs local,222.5,213.8421052631579,38,2017,106.870560070658,208.19578362169432,18.983957219251344
2017-04-01,Maïs local,200.0,210.70967741935485,31,2017,106.870560070658,187.14227741275894,0.0
2017-05-01,Maïs local,217.0,218.8918918918919,37,2017,106.870560070658,203.04937099284345,8.499999999999996
2017-06-01,Maïs local,225.0,225.76470588235293,34,2017,106.870560070658,210.53506208935383,12.5
2017-07-01,Maïs local,222.5,222.86111111111111,36,2017,106.870560070658,208.19578362169432,4.093567251461994
2017-08-01,Maïs local,225.0,222.31428571428572,35,2017,106.870560070658,210.53506208935383,6.635071090047395
2017-09-01,Maïs local,247.0,234.76470588235293,34,2017,106.870560070658,231.12071260475733,9.777777777777775
2017-10-01,Maïs local,243.5,224.55882352941177,34,2017,106.870560070658,227.84572275003404,5.411255411255422
2017-11-01,Maïs local,213.0,205.07894736842104,38,2017,106.870560070658,199.3065254445883,-9.936575052854124
2017-12-01,Maïs local,200.0,211.92307692307693,39,2017,106.870560070658,187.14227741275894,-1.4778325123152691
2018-01-01,Maïs local,200.0,203.75757575757575,33,2018,107.363218008605,186.28353705267133,-8.883826879271073
2018-02-01,Maïs local,200.0,202.09677419354838,31,2018,107.363218008605,186.28353705267133,0.0
2018-03-01,Maïs local,200.0,198.6969696969697,33,2018,107.363218008605,186.28353705267133,-10.1123595505618
2018-04-01,Maïs local,200.0,204.24324324324326,37,2018,107.363218008605,186.28353705267133,0.0
2018-05-01,Maïs local,195.0,199.07142857142858,28,2018,107.363218008605,181.62644862635455,-10.138248847926267
2018-06-01,Maïs local,225.0,216.85714285714286,35,2018,107.363218008605,209.56897918425526,0.0
2018-07-01,Maïs local,238.0,227.14285714285714,35,2018,107.363218008605,221.6774090926789,6.966292134831464
2018-08-01,Maïs local,225.0,219.4848484848485,33,2018,107.363218008605,209.56897918425526,0.0
2018-09-01,Maïs local,225.0,222.0,31,2018,107.363218008605,209.56897918425526,-8.906882591093112
2018-10-01,Maïs local,200.0,217.66666666666666,27,2018,107.363218008605,186.28353705267133,-17.864476386036966
2018-11-01,Maïs local,194.0,194.9375,32,2018,107.363218008605,180.69503094109118,-8.920187793427225
2018-12-01,Maïs local,200.0,201.0,34,2018,107.363218008605,186.28353705267133,0.0
2019-01-01,Maïs local,200.0,209.86111111111111,36,2019,109.252930368352,183.06145137314806,0.0
2019-02-01,Maïs local,200.0,203.61764705882354,34,2019,109.252930368352,183.06145137314806,0.0
2019-03-01,Maïs local,200.0,206.36363636363637,33,2019,109.252930368352,183.06145137314806,0.0
2019-04-01,Maïs local,200.0,209.69230769230768,39,2019,109.252930368352,183.06145137314806,0.0
2019-05-01,Maïs local,200.0,207.8,35,2019,109.252930368352,183.06145137314806,2.564102564102555
2019-06-01,Maïs local,200.0,222.71428571428572,28,2019,109.252930368352,183.06145137314806,-11.111111111111116
2019-07-01,Maïs local,216.0,215.625,32,2019,109.252930368352,197.7063674829999,-9.243697478991598
2019-08-01,Maïs local,225.0,222.2972972972973,37,2019,109.252930368352,205.94413279479156,0.0
2019-09-01,Maïs local,225.0,217.27586206896552,29,2019,109.252930368352,205.94413279479156,0.0
2019-10-01,Maïs local,225.0,221.5441176470588,34,2019,109.252930368352,205.94413279479156,12.5
2019-11-01,Maïs local,200.0,203.75,26,2019,109.252930368352,183.06145137314806,3.092783505154628
2019-12-01,Maïs local,212.5,215.38571428571427,35,2019,109.252930368352,194.5027920839698,6.25
2020-01-01,Maïs local,225.0,219.03225806451613,31,2020,112.031392832995,200.83656402934054,12.5
2020-02-01,Maïs local,210.0,217.84967741935483,31,2020,112.031392832995,187.4474597607178,5.000000000000004
2020-03-01,Maïs local,225.0,220.14423076923077,26,2020,112.031392832995,200.83656402934054,12.5
2020-04-01,Maïs local,208.33,217.31851851851854,27,2020,112.031392832995,185.95680615214448,4.1649999999999965
2020-05-01,Maïs local,256.25,259.0,10,2020,112.031392832995,228.7305312556378,28.125
2020-06-01,Maïs local,233.75,235.4359090909091,22,2020,112.031392832995,208.64687485270377,16.874999999999996
2020-07-01,Maïs local,225.0,231.72086956521738,23,2020,112.031392832995,200.83656402934054,4.166666666666674
2020-08-01,Maïs local,231.25,236.53285714285715,28,2020,112.031392832995,206.41535747459997,2.777777777777768
2020-09-01,Maïs local,234.375,231.99346153846153,26,2020,112.031392832995,209.20475419722973,4.166666666666674
2020-10-01,Maïs local,212.5,219.57172413793103,29,2020,112.031392832995,189.6789771388216,-5.555555555555558
2020-11-01,Maïs local,200.0,212.63833333333332,30,2020,112.031392832995,178.52139024830268,0.0
2020-12-01,Maïs local,200.0,204.325625,32,2020,112.031392832995,178.52139024830268,-5.882352941176472
2021-01-01,Maïs local,200.0,220.56117647058824,34,2021,114.474038812672,174.7121024770382,-11.111111111111116
2021-02-01,Maïs local,200.0,220.08323529411766,34,2021,114.474038812672,174.7121024770382,-4.761904761904767
2021-03-01,Maïs local,225.0,230.86914285714286,35,2021,114.474038812672,196.55111528666797,0.0
2021-04-01,Maïs local,229.375,238.35764705882352,34,2021,114.474038812672,200.37294252835318,10.101761628186035
2021-05-01,Maïs local,237.5,236.8575,24,2021,114.474038812672,207.47062169148288,-7.317073170731703
2021-06-01,Maïs local,226.66500000000002,230.1782142857143,28,2021,114.474038812672,198.00559353978932,-3.031016042780743
2021-07-01,Maïs local,250.0,249.375,24,2021,114.474038812672,218.39012809629773,11.111111111111116
2021-08-01,Maïs local,250.0,251.6304347826087,23,2021,114.474038812672,218.39012809629773,8.108108108108114
2021-09-01,Maïs local,250.0,256.25,24,2021,114.474038812672,218.39012809629773,6.666666666666665
2021-10-01,Maïs local,250.0,265.625,24,2021,114.474038812672,218.39012809629773,17.647058823529417
2021-11-01,Maïs local,265.0,259.4,10,2021,114.474038812672,231.49353578207564,32.49999999999999
2021-12-01,Maïs local,265.0,254.11111111111111,9,2021,114.474038812672,231.49353578207564,32.49999999999999
2022-01-01,Maïs local,265.0,256.27272727272725,11,2022,125.574379147807,211.03030872888687,32.49999999999999
2022-02-01,Maïs local,262.5,265.25,8,2022,125.574379147807,209.0394567597464,31.25
2022-03-01,Maïs local,284.0,282.5833333333333,12,2022,125.574379147807,226.16078369435422,26.222222222222214
2022-04-01,Maïs local,304.0,305.6666666666667,12,2022,125.574379147807,242.08759944747774,32.53405994550409
2022-05-01,Maïs local,344.5,353.1,10,2022,125.574379147807,274.3394013475529,45.05263157894737
2022-06-01,Maïs local,387.5,384.9,10,2022,125.574379147807,308.5820552167685,70.9571393907308
2022-07-01,Maïs local,377.5,378.3333333333333,24,2022,125.574379147807,300.61864734020673,51.0
2022-08-01,Maïs local,400.0,390.0740740740741,27,2022,125.574379147807,318.5363150624707,60.00000000000001
2022-09-01,Maïs local,400.0,405.08,25,2022,125.574379147807,318.5363150624707,60.00000000000001
2022-10-01,Maïs local,400.0,399.1904761904762,21,2022,125.574379147807,318.5363150624707,60.00000000000001
2022-11-01,Maïs local,325.0,338.962962962963,27,2022,125.574379147807,258.8107559882574,22.64150943396226
2022-12-01,Maïs local,338.0,338.6363636363636,33,2022,125.574379147807,269.1631862277878,27.54716981132075
2023-01-01,Maïs local,350.0,371.73333333333335,30,2023,133.032841755522,263.0929290702549,32.0754716981132
2023-02-01,Maïs local,350.0,362.61764705882354,34,2023,133.032841755522,263.0929290702549,33.33333333333333
2023-03-01,Maïs local,350.0,363.96875,32,2023,133.032841755522,263.0929290702549,23.2394366197183
2023-04-01,Maïs local,350.0,363.3333333333333,30,2023,133.032841755522,263.0929290702549,15.131578947368428
2023-05-01,Maïs local,350.0,354.1290322580645,31,2023,133.032841755522,263.0929290702549,1.59651669085632
2023-06-01,Maïs local,350.0,363.61290322580646,31,2023,133.032841755522,263.0929290702549,-9.677419354838712
2023-07-01,Maïs local,350.0,368.55882352941177,34,2023,133.032841755522,263.0929290702549,-7.284768211920534
2023-08-01,Maïs local,350.0,359.6666666666667,33,2023,133.032841755522,263.0929290702549,-12.5
2023-09-01,Maïs local,335.25,338.8833333333333,30,2023,133.032841755522,252.0054413451513,-16.1875
2023-10-01,Maïs local,335.5,332.859375,32,2023,133.032841755522,252.19336486591578,-16.125
2023-11-01,Maïs local,336.5,326.7352941176471,34,2023,133.032841755522,252.94505894897367,3.5384615384615348
2023-12-01,Maïs local,325.0,313.2857142857143,35,2023,133.032841755522,244.3005769938081,-3.8461538461538436
2024-01-01,Maïs local,300.0,319.3857142857143,35,2024,134.103095355923,223.70848279360746,-14.28571428571429
2024-02-01,Maïs local,300.0,309.5375,40,2024,134.103095355923,223.70848279360746,-14.28571428571429
2024-03-01,Maïs local,300.0,312.76190476190476,42,2024,134.103095355923,223.70848279360746,-14.28571428571429
2024-04-01,Maïs local,300.0,313.1842105263158,38,2024,134.103095355923,223.70848279360746,-14.28571428571429
2024-05-01,Maïs local,295.0,296.72727272727275,33,2024,134.103095355923,219.98000808038068,-15.714285714285714
2024-06-01,Maïs local,300.0,303.3378378378378,37,2024,134.103095355923,223.70848279360746,-14.28571428571429
2024-07-01,Maïs local,321.0,316.56756756756755,37,2024,134.103095355923,239.36807658916,-8.285714285714285
2024-08-01,Maïs local,300.0,316.3142857142857,35,2024,134.103095355923,223.70848279360746,-14.28571428571429
2024-09-01,Maïs local,300.0,309.9142857142857,35,2024,134.103095355923,223.70848279360746,-10.514541387024611
2024-10-01,Maïs local,300.0,301.1756756756757,37,2024,134.103095355923,223.70848279360746,-10.581222056631889
2024-11-01,Maïs local,275.0,277.0131578947368,38,2024,134.103095355923,205.06610922747353,-18.276374442793465
2024-12-01,Maïs local,271.0,266.25,38,2024,134.103095355923,202.0833294568921,-16.61538461538462
2025-01-01,Maïs local,275.0,269.0021052631579,38,2025,134.103095355923,205.06610922747353,-8.333333333333337
2025-02-01,Maïs local,300.0,277.6875,32,2025,134.103095355923,223.70848279360746,0.0
2025-03-01,Maïs local,275.0,273.9315384615385,39,2025,134.103095355923,205.06610922747353,-8.333333333333337
2025-04-01,Maïs local,300.0,290.7323684210526,38,2025,134.103095355923,223.70848279360746,0.0
2025-05-01,Maïs local,289.58500000000004,304.15972222222223,36,2025,134.103095355923,215.94206996595608,-1.8355932203389713
2025-06-01,Maïs local,275.0,287.3860606060606,33,2025,134.103095355923,205.06610922747353,-8.333333333333337
2025-07-01,Maïs local,300.0,298.893125,32,2025,134.103095355923,223.70848279360746,-6.542056074766355
2025-08-01,Maïs local,300.0,299.4078947368421,38,2025,134.103095355923,223.70848279360746,0.0
2025-09-01,Maïs local,300.0,300.7022857142857,35,2025,134.103095355923,223.70848279360746,0.0
2025-10-01,Maïs local,300.0,306.3529411764706,34,2025,134.103095355923,223.70848279360746,0.0
2025-11-01,Maïs local,275.0,277.85714285714283,28,2025,134.103095355923,205.06610922747353,0.0
2025-12-01,Maïs local,250.0,258.7916666666667,24,2025,134.103095355923,186.42373566133955,-7.749077490774903
2026-01-01,Maïs local,250.0,257.0086842105263,38,2026,134.103095355923,186.42373566133955,-9.090909090909093
2026-02-01,Maïs local,250.0,262.3125,32,2026,134.103095355923,186.42373566133955,-16.666666666666664
2026-03-01,Maïs local,267.83500000000004,273.2475,32,2026,134.103095355923,199.72320496341956,-2.605454545454533
2007-01-01,Mil,155.0,157.43844444444446,45,2007,94.1412876405036,164.6461439872131,
2007-02-01,Mil,161.875,159.78804347826087,46,2007,94.1412876405036,171.94899714793624,
2007-03-01,Mil,163.125,163.94604166666667,48,2007,94.1412876405036,173.27678863170408,
2007-04-01,Mil,166.75,167.51260869565218,46,2007,94.1412876405036,177.12738393463084,
2007-05-01,Mil,170.0,171.7770833333333,48,2007,94.1412876405036,180.57964179242725,
2007-06-01,Mil,170.0,170.75510204081633,49,2007,94.1412876405036,180.57964179242725,
2007-07-01,Mil,180.0,182.01960784313727,51,2007,94.1412876405036,191.20197366257003,
2007-08-01,Mil,180.0,206.67183673469387,49,2007,94.1412876405036,191.20197366257003,
2007-09-01,Mil,185.625,209.22862745098038,51,2007,94.1412876405036,197.17703533952536,
2007-10-01,Mil,200.0,192.78125,48,2007,94.1412876405036,212.4466374028556,
2007-11-01,Mil,200.0,189.4034,50,2007,94.1412876405036,212.4466374028556,
2007-12-01,Mil,200.0,187.96425,40,2007,94.1412876405036,212.4466374028556,
2008-01-01,Mil,200.0,194.70162790697674,43,2008,101.058038553206,197.90607740194966,29.032258064516125
2008-02-01,Mil,200.0,192.51111111111112,45,2008,101.058038553206,197.90607740194966,23.55212355212355
2008-03-01,Mil,200.0,196.65733333333333,45,2008,101.058038553206,197.90607740194966,22.60536398467432
2008-04-01,Mil,200.0,204.71275,40,2008,101.058038553206,197.90607740194966,19.940029985007502
2008-05-01,Mil,210.0,212.002,40,2008,101.058038553206,207.80138127204714,23.529411764705888
2008-06-01,Mil,222.5,221.97833333333332,42,2008,101.058038553206,220.170511109669,30.88235294117647
2008-07-01,Mil,225.625,227.72804347826087,46,2008,101.058038553206,223.2627935690745,25.347222222222232
2008-08-01,Mil,222.5,225.0625,44,2008,101.058038553206,220.170511109669,23.611111111111114
2008-09-01,Mil,235.0,236.90690476190477,42,2008,101.058038553206,232.53964094729085,26.599326599326602
2008-10-01,Mil,217.5,218.0855,40,2008,101.058038553206,215.22285917462028,8.749999999999991
2008-11-01,Mil,175.0,181.89026315789474,38,2008,101.058038553206,173.16781772670595,-12.5
2008-12-01,Mil,183.75,185.484375,32,2008,101.058038553206,181.82620861304125,-8.125000000000004
2009-01-01,Mil,200.0,201.34027027027028,37,2009,98.7862321407254,202.45736239346698,0.0
2009-02-01,Mil,190.0,190.97871794871796,39,2009,98.7862321407254,192.33449427379367,-5.000000000000004
2009-03-01,Mil,194.16500000000002,195.25363636363636,44,2009,98.7862321407254,196.5506688456376,-2.917499999999995
2009-04-01,Mil,200.0,205.8818604651163,43,2009,98.7862321407254,202.45736239346698,0.0
2009-05-01,Mil,207.5,207.89777777777778,45,2009,98.7862321407254,210.049513483222,-1.1904761904761862
2009-06-01,Mil,208.33,207.71466666666666,45,2009,98.7862321407254,210.8897115371549,-6.3685393258426926
2009-07-01,Mil,219.5,218.34136363636364,44,2009,98.7862321407254,222.19695522683006,-2.714681440443212
2009-08-01,Mil,216.67,220.14644444444446,45,2009,98.7862321407254,219.33218354896246,-2.6202247191011274
2009-09-01,Mil,205.625,207.82545454545453,44,2009,98.7862321407254,208.15147571078327,-12.5
2009-10-01,Mil,188.75,185.33142857142857,42,2009,98.7862321407254,191.06913575883448,-13.218390804597702
2009-11-01,Mil,180.0,173.47146341463414,41,2009,98.7862321407254,182.2116261541203,2.857142857142847
2009-12-01,Mil,176.25,172.62615384615384,39,2009,98.7862321407254,178.41555060924279,-4.081632653061229
2010-01-01,Mil,171.5,176.39095238095237,42,2010,100.0,171.5,-14.249999999999996
2010-02-01,Mil,175.0,175.5077777777778,45,2010,100.0,175.0,-7.8947368421052655
2010-03-01,Mil,180.0,178.72255813953487,43,2010,100.0,180.0,-7.2953415909149495
2010-04-01,Mil,178.75,181.90022727272728,44,2010,100.0,178.75,-10.624999999999996
2010-05-01,Mil,180.0,185.23799999999997,45,2010,100.0,180.0,-13.253012048192769
2010-06-01,Mil,185.0,189.6325581395349,43,2010,100.0,185.0,-11.198579177266843
2010-07-01,Mil,185.0,189.78565217391304,46,2010,100.0,185.0,-15.717539863325737
2010-08-01,Mil,180.625,184.32708333333335,48,2010,100.0,180.625,-16.63589790926293
2010-09-01,Mil,175.0,172.2568888888889,45,2010,100.0,175.0,-14.893617021276595
2010-10-01,Mil,180.0,156.6385,40,2010,100.0,180.0,-4.635761589403975
2010-11-01,Mil,180.0,155.01999999999998,35,2010,100.0,180.0,0.0
2010-12-01,Mil,165.83499999999998,165.74949999999998,40,2010,100.0,165.83499999999998,-5.909219858156045
2011-01-01,Mil,175.0,168.91558139534882,43,2011,103.40322829787,169.24036403958658,2.0408163265306145
2011-02-01,Mil,180.0,175.574,45,2011,103.40322829787,174.0758030121462,2.857142857142847
2011-03-01,Mil,180.0,176.81813953488373,43,2011,103.40322829787,174.0758030121462,0.0
2011-04-01,Mil,180.0,179.8409090909091,44,2011,103.40322829787,174.0758030121462,0.6993006993007089
2011-05-01,Mil,190.0,188.35526315789474,38,2011,103.40322829787,183.74668095726543,5.555555555555558
2011-06-01,Mil,194.375,193.54708333333335,48,2011,103.40322829787,187.97769005825512,5.067567567567566
2011-07-01,Mil,196.67,193.9693023255814,43,2011,103.40322829787,190.19715654665993,6.30810810810809
2011-08-01,Mil,200.0,199.8884090909091,44,2011,103.40322829787,193.41755890238468,10.726643598615926
2011-09-01,Mil,196.67,206.48441860465115,43,2011,103.40322829787,190.19715654665993,12.38285714285714
2011-10-01,Mil,212.5,211.30113636363637,44,2011,103.40322829787,205.5061563337837,18.055555555555557
2011-11-01,Mil,192.5,197.57666666666665,39,2011,103.40322829787,186.16440044354525,6.944444444444442
2011-12-01,Mil,195.0,205.7915909090909,44,2011,103.40322829787,188.58211992982504,17.586757922030948
2012-01-01,Mil,200.0,211.31326086956523,46,2012,104.869722570496,190.71281500297198,14.28571428571428
2012-02-01,Mil,200.0,212.64066666666668,45,2012,104.869722570496,190.71281500297198,11.111111111111116
2012-03-01,Mil,220.0,216.268679245283,53,2012,104.869722570496,209.7840965032692,22.222222222222232
2012-04-01,Mil,211.25,216.04891304347825,46,2012,104.869722570496,201.4404108468892,17.361111111111114
2012-05-01,Mil,205.0,206.19862745098038,51,2012,104.869722570496,195.4806353780463,7.8947368421052655
2012-06-01,Mil,225.0,226.6057142857143,49,2012,104.869722570496,214.5519168783435,15.7556270096463
2012-07-01,Mil,240.0,239.06076923076924,52,2012,104.869722570496,228.8553780035664,22.031829968983587
2012-08-01,Mil,250.0,246.2764705882353,51,2012,104.869722570496,238.391018753715,25.0
2012-09-01,Mil,250.0,244.93787234042554,47,2012,104.869722570496,238.391018753715,27.11648955102457
2012-10-01,Mil,226.66500000000002,240.885,42,2012,104.869722570496,216.13960106324325,6.665882352941188
2012-11-01,Mil,225.0,220.35733333333334,45,2012,104.869722570496,214.5519168783435,16.883116883116877
2012-12-01,Mil,225.0,216.5620930232558,43,2012,104.869722570496,214.5519168783435,15.384615384615374
2013-01-01,Mil,225.0,224.2234090909091,44,2013,105.614555041963,213.03881828655392,12.5
2013-02-01,Mil,226.875,229.5,46,2013,105.614555041963,214.81414177227518,13.437499999999991
2013-03-01,Mil,227.5,226.4939024390244,41,2013,105.614555041963,215.4059162675156,3.409090909090917
2013-04-01,Mil,226.66500000000002,231.03979166666667,48,2013,105.614555041963,214.61530554187442,7.297041420118355
2013-05-01,Mil,227.5,244.35387755102042,49,2013,105.614555041963,215.4059162675156,10.97560975609757
2013-06-01,Mil,228.5,239.3353488372093,43,2013,105.614555041963,216.3527554599003,1.5555555555555545
2013-07-01,Mil,235.0,235.92069767441862,43,2013,105.614555041963,222.50721021040073,-2.083333333333337
2013-08-01,Mil,228.75,237.29775,40,2013,105.614555041963,216.58946525799644,-8.499999999999996
2013-09-01,Mil,228.5,235.96866666666668,45,2013,105.614555041963,216.3527554599003,-8.599999999999996
2013-10-01,Mil,228.5,234.8782608695652,46,2013,105.614555041963,216.3527554599003,0.809564776211591
2013-11-01,Mil,225.83499999999998,235.33763157894737,38,2013,105.614555041963,213.8294290121951,0.37111111111109985
2013-12-01,Mil,225.83499999999998,234.2585,40,2013,105.614555041963,213.8294290121951,0.37111111111109985
2014-01-01,Mil,225.0,222.5851111111111,45,2014,104.46308699624,215.38708693157668,0.0
2014-02-01,Mil,225.0,223.04644444444446,45,2014,104.46308699624,215.38708693157668,-0.8264462809917328
2014-03-01,Mil,225.0,224.34375,48,2014,104.46308699624,215.38708693157668,-1.098901098901095
2014-04-01,Mil,225.0,222.67463414634145,41,2014,104.46308699624,215.38708693157668,-0.7345642247369555
2014-05-01,Mil,225.66500000000002,225.16047619047617,42,2014,104.46308699624,216.02367543295222,-0.8065934065933922
2014-06-01,Mil,225.0,227.05405405405406,37,2014,104.46308699624,215.38708693157668,-1.5317286652078765
2014-07-01,Mil,225.0,232.52083333333334,36,2014,104.46308699624,215.38708693157668,-4.255319148936165
2014-08-01,Mil,225.0,239.89974999999998,40,2014,104.46308699624,215.38708693157668,-1.6393442622950838
2014-09-01,Mil,250.0,250.20355555555554,45,2014,104.46308699624,239.31898547952963,9.409190371991238
2014-10-01,Mil,243.75,246.33763157894737,38,2014,104.46308699624,233.33601084254138,6.673960612691476
2014-11-01,Mil,225.625,229.86111111111111,36,2014,104.46308699624,215.98538439527547,-0.09298824362918845
2014-12-01,Mil,225.0,221.99342857142858,35,2014,104.46308699624,215.38708693157668,-0.36973896871609346
2015-01-01,Mil,207.5,211.7425,44,2015,104.604333556103,198.3665427099255,-7.777777777777772
2015-02-01,Mil,207.5,209.3259090909091,44,2015,104.604333556103,198.3665427099255,-7.777777777777772
2015-03-01,Mil,208.0,211.76046511627908,43,2015,104.604333556103,198.84453437910605,-7.55555555555556
2015-04-01,Mil,220.0,221.65682926829268,41,2015,104.604333556103,210.31633443943912,-2.2222222222222254
2015-05-01,Mil,220.0,219.34782608695653,46,2015,104.604333556103,210.31633443943912,-2.5103582744333552
2015-06-01,Mil,225.0,218.1081081081081,37,2015,104.604333556103,215.09625113124451,0.0
2015-07-01,Mil,220.0,221.41860465116278,43,2015,104.604333556103,210.31633443943912,-2.2222222222222254
2015-08-01,Mil,212.0,215.97727272727272,44,2015,104.604333556103,202.6684677325504,-5.777777777777782
2015-09-01,Mil,200.0,207.38636363636363,44,2015,104.604333556103,191.19666767221736,-19.999999999999996
2015-10-01,Mil,200.0,206.97222222222223,36,2015,104.604333556103,191.19666767221736,-17.948717948717952
2015-11-01,Mil,196.5,196.4,10,2015,104.604333556103,187.85072598795355,-12.908587257617732
2015-12-01,Mil,191.0,191.70833333333334,36,2015,104.604333556103,182.5928176269676,-15.111111111111109
2016-01-01,Mil,200.0,186.20833333333334,48,2016,105.48016989023,189.60909923460864,-3.6144578313253017
2016-02-01,Mil,200.0,186.66666666666666,48,2016,105.48016989023,189.60909923460864,-3.6144578313253017
2016-03-01,Mil,200.0,181.59574468085106,47,2016,105.48016989023,189.60909923460864,-3.8461538461538436
2016-04-01,Mil,185.0,187.025,40,2016,105.48016989023,175.388416792013,-15.909090909090907
2016-05-01,Mil,200.0,192.46666666666667,45,2016,105.48016989023,189.60909923460864,-9.090909090909093
2016-06-01,Mil,200.0,201.85106382978722,47,2016,105.48016989023,189.60909923460864,-11.111111111111116
2016-07-01,Mil,202.5,206.36675,40,2016,105.48016989023,191.97921297504126,-7.954545454545459
2016-08-01,Mil,200.0,209.9512195121951,41,2016,105.48016989023,189.60909923460864,-5.660377358490565
2016-09-01,Mil,210.0,217.62222222222223,45,2016,105.48016989023,199.0895541963391,5.000000000000004
2016-10-01,Mil,225.0,226.66666666666666,42,2016,105.48016989023,213.31023663893473,12.5
2016-11-01,Mil,210.0,226.5952380952381,42,2016,105.48016989023,199.0895541963391,6.870229007633588
2016-12-01,Mil,205.0,218.10204081632654,49,2016,105.48016989023,194.34932671547386,7.329842931937169
2017-01-01,Mil,215.0,216.61702127659575,47,2017,106.870560070658,201.1779482187159,7.499999999999996
2017-02-01,Mil,210.0,213.95744680851064,47,2017,106.870560070658,196.4993912833969,5.000000000000004
2017-03-01,Mil,225.0,218.26666666666668,45,2017,106.870560070658,210.53506208935383,12.5
2017-04-01,Mil,225.0,221.55555555555554,45,2017,106.870560070658,210.53506208935383,21.62162162162162
2017-05-01,Mil,227.0,228.39583333333334,48,2017,106.870560070658,212.4064848634814,13.5
2017-06-01,Mil,240.0,233.82222222222222,45,2017,106.870560070658,224.57073289531073,19.999999999999996
2017-07-01,Mil,250.0,245.19148936170214,47,2017,106.870560070658,233.9278467659487,23.456790123456784
2017-08-01,Mil,250.0,252.22,50,2017,106.870560070658,233.9278467659487,25.0
2017-09-01,Mil,274.0,272.17391304347825,46,2017,106.870560070658,256.38492005547977,30.476190476190478
2017-10-01,Mil,275.0,279.8636363636364,44,2017,106.870560070658,257.3206314425436,22.222222222222232
2017-11-01,Mil,250.0,245.56521739130434,46,2017,106.870560070658,233.9278467659487,19.047619047619047
2017-12-01,Mil,233.0,237.71428571428572,42,2017,106.870560070658,218.02075318586418,13.658536585365844
2018-01-01,Mil,219.0,214.86046511627907,43,2018,107.363218008605,203.98047307267512,1.8604651162790642
2018-02-01,Mil,200.0,201.76190476190476,42,2018,107.363218008605,186.28353705267133,-4.761904761904767
2018-03-01,Mil,200.0,206.8372093023256,43,2018,107.363218008605,186.28353705267133,-11.111111111111116
2018-04-01,Mil,200.0,205.48936170212767,47,2018,107.363218008605,186.28353705267133,-11.111111111111116
2018-05-01,Mil,200.0,203.90243902439025,41,2018,107.363218008605,186.28353705267133,-11.894273127753308
2018-06-01,Mil,203.0,210.52380952380952,42,2018,107.363218008605,189.0777901084614,-15.416666666666668
2018-07-01,Mil,203.0,211.51162790697674,43,2018,107.363218008605,189.0777901084614,-18.799999999999994
2018-08-01,Mil,222.0,214.38095238095238,42,2018,107.363218008605,206.7747261284652,-11.2
2018-09-01,Mil,250.0,236.26829268292684,41,2018,107.363218008605,232.85442131583918,-8.75912408759124
2018-10-01,Mil,225.0,223.16216216216216,37,2018,107.363218008605,209.56897918425526,-18.181818181818176
2018-11-01,Mil,209.0,208.52380952380952,42,2018,107.363218008605,194.66629622004154,-16.400000000000002
2018-12-01,Mil,210.0,209.56410256410257,39,2018,107.363218008605,195.5977139053049,-9.871244635193133
2019-01-01,Mil,205.0,210.46666666666667,45,2019,109.252930368352,187.63798765747677,-6.392694063926941
2019-02-01,Mil,225.0,213.88888888888889,45,2019,109.252930368352,205.94413279479156,12.5
2019-03-01,Mil,217.0,215.075,40,2019,109.252930368352,198.62167473986565,8.499999999999996
2019-04-01,Mil,225.0,217.86666666666667,45,2019,109.252930368352,205.94413279479156,12.5
2019-05-01,Mil,225.0,217.4418604651163,43,2019,109.252930368352,205.94413279479156,12.5
2019-06-01,Mil,225.0,223.64705882352942,34,2019,109.252930368352,205.94413279479156,10.83743842364533
2019-07-01,Mil,225.0,225.1315789473684,38,2019,109.252930368352,205.94413279479156,10.83743842364533
2019-08-01,Mil,246.0,243.23809523809524,42,2019,109.252930368352,225.1655851889721,10.81081081081081
2019-09-01,Mil,256.5,258.8333333333333,42,2019,109.252930368352,234.77631138606236,2.6000000000000023
2019-10-01,Mil,250.0,244.19452380952382,42,2019,109.252930368352,228.82681421643508,11.111111111111116
2019-11-01,Mil,245.83499999999998,239.40972222222223,36,2019,109.252930368352,225.01455949158924,17.624401913875598
2019-12-01,Mil,250.0,248.1722727272727,44,2019,109.252930368352,228.82681421643508,19.047619047619047
2020-01-01,Mil,250.0,253.45025,40,2020,112.031392832995,223.15173781037836,21.95121951219512
2020-02-01,Mil,250.0,252.9371111111111,45,2020,112.031392832995,223.15173781037836,11.111111111111116
2020-03-01,Mil,250.0,243.56914285714285,35,2020,112.031392832995,223.15173781037836,15.207373271889391
2020-04-01,Mil,250.0,231.70000000000002,29,2020,112.031392832995,223.15173781037836,11.111111111111116
2020-05-01,Mil,261.25,293.95875,16,2020,112.031392832995,233.19356601184538,16.11111111111112
2020-06-01,Mil,261.25,270.4296875,32,2020,112.031392832995,233.19356601184538,16.11111111111112
2020-07-01,Mil,261.25,271.77676470588233,34,2020,112.031392832995,233.19356601184538,16.11111111111112
2020-08-01,Mil,278.75,284.4186842105263,38,2020,112.031392832995,248.81418765857188,13.313008130081293
2020-09-01,Mil,290.0,285.29297297297296,37,2020,112.031392832995,258.8560158600389,13.060428849902529
2020-10-01,Mil,298.33,289.6151282051282,39,2020,112.031392832995,266.2914317638807,19.331999999999994
2020-11-01,Mil,275.0,265.466511627907,43,2020,112.031392832995,245.4669115914162,11.863648382044879
2020-12-01,Mil,275.0,264.19642857142856,42,2020,112.031392832995,245.4669115914162,10.000000000000009
2021-01-01,Mil,252.5,253.39880952380952,42,2021,114.474038812672,220.57402937726073,1.0000000000000009
2021-02-01,Mil,255.0,254.8231707317073,41,2021,114.474038812672,222.7579306582237,2.0000000000000018
2021-03-01,Mil,250.0,256.11727272727273,44,2021,114.474038812672,218.39012809629773,0.0
2021-04-01,Mil,250.0,255.98809523809524,42,2021,114.474038812672,218.39012809629773,0.0
2021-05-01,Mil,260.0,262.76897435897433,39,2021,114.474038812672,227.12573322014964,-0.4784688995215336
2021-06-01,Mil,250.0,257.6588095238095,42,2021,114.474038812672,218.39012809629773,-4.30622009569378
2021-07-01,Mil,250.0,255.61184210526315,38,2021,114.474038812672,218.39012809629773,-4.30622009569378
2021-08-01,Mil,250.0,261.94444444444446,36,2021,114.474038812672,218.39012809629773,-10.313901345291477
2021-09-01,Mil,275.0,269.42857142857144,35,2021,114.474038812672,240.22914090592752,-5.1724137931034475
2021-10-01,Mil,255.0,265.27777777777777,36,2021,114.474038812672,222.7579306582237,-14.524184627761194
2021-11-01,Mil,270.5,279.90909090909093,11,2021,114.474038812672,236.2981186001942,-1.6363636363636358
2021-12-01,Mil,270.5,272.8333333333333,12,2021,114.474038812672,236.2981186001942,-1.6363636363636358
2022-01-01,Mil,270.0,267.7692307692308,13,2022,125.574379147807,215.01201266716774,6.930693069306937
2022-02-01,Mil,275.0,270.84615384615387,13,2022,125.574379147807,218.9937166054486,7.843137254901955
2022-03-01,Mil,289.0,284.7142857142857,14,2022,125.574379147807,230.1424876326351,15.59999999999999
2022-04-01,Mil,298.0,297.2142857142857,14,2022,125.574379147807,237.3095547215407,19.199999999999996
2022-05-01,Mil,331.5,340.2857142857143,14,2022,125.574379147807,263.9869711080226,27.499999999999993
2022-06-01,Mil,358.0,358.61538461538464,13,2022,125.574379147807,285.09000198091127,43.199999999999996
2022-07-01,Mil,371.0,368.0735294117647,34,2022,125.574379147807,295.4424322204416,48.4
2022-08-01,Mil,400.0,405.6578947368421,38,2022,125.574379147807,318.5363150624707,60.00000000000001
2022-09-01,Mil,400.0,438.09722222222223,36,2022,125.574379147807,318.5363150624707,45.45454545454546
2022-10-01,Mil,500.0,497.8974358974359,39,2022,125.574379147807,398.1703938280884,96.078431372549
2022-11-01,Mil,400.0,414.5128205128205,39,2022,125.574379147807,318.5363150624707,47.8743068391867
2022-12-01,Mil,417.0,427.2564102564103,39,2022,125.574379147807,332.0741084526257,54.15896487985212
2023-01-01,Mil,434.0,431.6,40,2023,133.032841755522,326.2352320471161,60.74074074074074
2023-02-01,Mil,425.0,433.4878048780488,41,2023,133.032841755522,319.46998529959524,54.54545454545454
2023-03-01,Mil,450.0,437.9230769230769,39,2023,133.032841755522,338.26233737604207,55.709342560553644
2023-04-01,Mil,425.0,429.9047619047619,42,2023,133.032841755522,319.46998529959524,42.61744966442953
2023-05-01,Mil,425.0,421.3076923076923,39,2023,133.032841755522,319.46998529959524,28.205128205128215
2023-06-01,Mil,419.0,426.85,40,2023,133.032841755522,314.95982080124804,17.03910614525139
2023-07-01,Mil,450.0,454.0,42,2023,133.032841755522,338.26233737604207,21.293800539083563
2023-08-01,Mil,450.0,444.1,40,2023,133.032841755522,338.26233737604207,12.5
2023-09-01,Mil,438.0,441.72972972972974,37,2023,133.032841755522,329.24200837934757,9.499999999999996
2023-10-01,Mil,400.0,411.9024390243902,41,2023,133.032841755522,300.67763322314846,-19.999999999999996
2023-11-01,Mil,375.0,382.475,40,2023,133.032841755522,281.8852811467017,-6.25
2023-12-01,Mil,350.0,368.0975609756098,41,2023,133.032841755522,263.0929290702549,-16.06714628297362
2024-01-01,Mil,350.0,355.57142857142856,42,2024,134.103095355923,260.99322992587537,-19.354838709677423
2024-02-01,Mil,350.0,358.3488372093023,43,2024,134.103095355923,260.99322992587537,-17.647058823529417
2024-03-01,Mil,333.0,347.24418604651163,43,2024,134.103095355923,248.31641590090427,-26.0
2024-04-01,Mil,325.0,350.7625,40,2024,134.103095355923,242.3508563597414,-23.529411764705888
2024-05-01,Mil,325.0,334.60526315789474,38,2024,134.103095355923,242.3508563597414,-23.529411764705888
2024-06-01,Mil,331.0,324.2307692307692,39,2024,134.103095355923,246.82502601561356,-21.00238663484487
2024-07-01,Mil,336.5,343.14285714285717,42,2024,134.103095355923,250.92634820016303,-25.222222222222225
2024-08-01,Mil,325.0,335.28205128205127,39,2024,134.103095355923,242.3508563597414,-27.77777777777778
2024-09-01,Mil,315.0,339.8375,40,2024,134.103095355923,234.89390693328787,-28.08219178082192
2024-10-01,Mil,288.0,323.5731707317073,41,2024,134.103095355923,214.76014348186317,-28.000000000000004
2024-11-01,Mil,281.0,305.85897435897436,39,2024,134.103095355923,209.54027888334568,-25.06666666666667
2024-12-01,Mil,296.0,292.9875,40,2024,134.103095355923,220.72570302302603,-15.428571428571425
2025-01-01,Mil,275.0,281.4341860465116,43,2025,134.103095355923,205.06610922747353,-21.42857142857143
2025-02-01,Mil,285.0,273.99305555555554,36,2025,134.103095355923,212.5230586539271,-18.571428571428573
2025-03-01,Mil,275.0,271.648,40,2025,134.103095355923,205.06610922747353,-17.417417417417415
2025-04-01,Mil,275.0,289.6046153846154,39,2025,134.103095355923,205.06610922747353,-15.384615384615385
2025-05-01,Mil,288.75,300.625,38,2025,134.103095355923,215.31941468884722,-11.153846153846159
2025-06-01,Mil,297.5,307.4346875,32,2025,134.103095355923,221.84424543699407,-10.120845921450151
2025-07-01,Mil,300.0,318.412,35,2025,134.103095355923,223.70848279360746,-10.846953937592863
2025-08-01,Mil,300.0,316.64048780487803,41,2025,134.103095355923,223.70848279360746,-7.692307692307687
2025-09-01,Mil,306.25,334.38638888888886,36,2025,134.103095355923,228.36907618514095,-2.777777777777779
2025-10-01,Mil,320.83500000000004,335.7663888888889,36,2025,134.103095355923,239.24503692362356,11.40104166666669
2025-11-01,Mil,325.0,331.2443333333333,30,2025,134.103095355923,242.3508563597414,15.658362989323837
2025-12-01,Mil,300.0,294.92,25,2025,134.103095355923,223.70848279360746,1.3513513513513598
2026-01-01,Mil,290.0,281.8243243243243,37,2026,134.103095355923,216.25153336715388,5.454545454545445
2026-02-01,Mil,275.0,278.65384615384613,39,2026,134.103095355923,205.06610922747353,-3.508771929824561
2026-03-01,Mil,277.5,288.4166666666667,36,2026,134.103095355923,206.93034658408692,0.9090909090909038
2020-04-01,Niébé (haricot),650.0,657.1076470588235,17,2020,112.031392832995,580.1945183069837,
2020-05-01,Niébé (haricot),600.0,643.278,15,2020,112.031392832995,535.564170744908,
2020-06-01,Niébé (haricot),600.0,624.6914814814814,27,2020,112.031392832995,535.564170744908,
2020-07-01,Niébé (haricot),575.0,603.8461538461538,26,2020,112.031392832995,513.2489969638702,
2020-08-01,Niébé (haricot),600.0,613.5135135135135,37,2020,112.031392832995,535.564170744908,
2020-09-01,Niébé (haricot),580.0,600.6282051282051,39,2020,112.031392832995,517.7120317200778,
2020-10-01,Niébé (haricot),500.0,546.2602380952382,42,2020,112.031392832995,446.3034756207567,
2020-11-01,Niébé (haricot),500.0,546.0602325581395,43,2020,112.031392832995,446.3034756207567,
2020-12-01,Niébé (haricot),500.0,506.0890909090909,44,2020,112.031392832995,446.3034756207567,
2021-01-01,Niébé (haricot),500.0,510.0157142857143,42,2021,114.474038812672,436.78025619259546,
2021-02-01,Niébé (haricot),500.0,510.0157142857143,42,2021,114.474038812672,436.78025619259546,
2021-03-01,Niébé (haricot),550.0,542.8100000000001,43,2021,114.474038812672,480.45828181185504,
2021-04-01,Niébé (haricot),550.0,539.7344186046512,43,2021,114.474038812672,480.45828181185504,-15.384615384615385
2021-05-01,Niébé (haricot),550.0,542.0833333333334,39,2021,114.474038812672,480.45828181185504,-8.333333333333337
2021-06-01,Niébé (haricot),600.0,568.150243902439,41,2021,114.474038812672,524.1363074311147,0.0
2021-07-01,Niébé (haricot),550.0,539.762,35,2021,114.474038812672,480.45828181185504,-4.347826086956519
2021-08-01,Niébé (haricot),516.665,556.8056666666666,30,2021,114.474038812672,451.33814213149464,-13.889166666666675
2021-09-01,Niébé (haricot),600.0,578.4347826086956,23,2021,114.474038812672,524.1363074311147,3.4482758620689724
2021-10-01,Niébé (haricot),550.0,563.3334482758621,29,2021,114.474038812672,480.45828181185504,10.000000000000009
2021-11-01,Niébé (haricot),650.0,598.8461538461538,13,2021,114.474038812672,567.8143330503741,30.000000000000004
2021-12-01,Niébé (haricot),700.0,704.3846153846154,13,2021,114.474038812672,611.4923586696337,39.99999999999999
2022-01-01,Niébé (haricot),932.0,865.4615384615385,13,2022,125.574379147807,742.1896140955567,86.4
2022-02-01,Niébé (haricot),920.0,913.9166666666666,12,2022,125.574379147807,732.6335246436826,84.00000000000001
2022-03-01,Niébé (haricot),958.0,944.1428571428571,14,2022,125.574379147807,762.8944745746173,74.18181818181817
2022-04-01,Niébé (haricot),1000.0,998.2857142857143,14,2022,125.574379147807,796.3407876561768,81.81818181818181
2022-05-01,Niébé (haricot),1100.0,1122.8461538461538,13,2022,125.574379147807,875.9748664217944,100.0
2022-06-01,Niébé (haricot),1200.0,1197.6923076923076,13,2022,125.574379147807,955.608945187412,100.0
2022-07-01,Niébé (haricot),1200.0,1204.857142857143,35,2022,125.574379147807,955.608945187412,118.18181818181816
2022-08-01,Niébé (haricot),1137.5,1212.1973684210527,38,2022,125.574379147807,905.8376459589011,120.16200052258235
2022-09-01,Niébé (haricot),1116.5,1179.923076923077,26,2022,125.574379147807,889.1144894181214,86.08333333333333
2022-10-01,Niébé (haricot),1075.0,1110.3970588235295,34,2022,125.574379147807,856.06634673039,95.45454545454545
2022-11-01,Niébé (haricot),1000.0,1002.3448275862069,29,2022,125.574379147807,796.3407876561768,53.846153846153854
2022-12-01,Niébé (haricot),1000.0,1013.4878048780488,41,2022,125.574379147807,796.3407876561768,42.85714285714286
2023-01-01,Niébé (haricot),1000.0,989.275,40,2023,133.032841755522,751.6940830578711,7.296137339055786
2023-02-01,Niébé (haricot),1000.0,1031.45,40,2023,133.032841755522,751.6940830578711,8.695652173913038
2023-03-01,Niébé (haricot),1000.0,1078.9736842105262,38,2023,133.032841755522,751.6940830578711,4.384133611691032
2023-04-01,Niébé (haricot),1000.0,1054.6341463414635,41,2023,133.032841755522,751.6940830578711,0.0
2023-05-01,Niébé (haricot),1067.0,1069.1538461538462,39,2023,133.032841755522,802.0575866227485,-3.0000000000000027
2023-06-01,Niébé (haricot),1150.0,1112.0487804878048,41,2023,133.032841755522,864.4481955165519,-4.1666666666666625
2023-07-01,Niébé (haricot),1071.0,1100.6190476190477,42,2023,133.032841755522,805.06436295498,-10.750000000000004
2023-08-01,Niébé (haricot),1100.0,1096.3902439024391,41,2023,133.032841755522,826.8634913636583,-3.296703296703296
2023-09-01,Niébé (haricot),1000.0,1052.8947368421052,38,2023,133.032841755522,751.6940830578711,-10.43439319301388
2023-10-01,Niébé (haricot),887.5,912.6309523809524,42,2023,133.032841755522,667.1284987138606,-17.441860465116278
2023-11-01,Niébé (haricot),800.0,812.7560975609756,41,2023,133.032841755522,601.3552664462969,-19.999999999999996
2023-12-01,Niébé (haricot),750.0,821.5697674418604,43,2023,133.032841755522,563.7705622934034,-25.0
2024-01-01,Niébé (haricot),800.0,860.7317073170732,41,2024,134.103095355923,596.5559541162867,-19.999999999999996
2024-02-01,Niébé (haricot),800.0,879.0813953488372,43,2024,134.103095355923,596.5559541162867,-19.999999999999996
2024-03-01,Niébé (haricot),832.5,891.3571428571429,42,2024,134.103095355923,620.7910397522608,-16.75
2024-04-01,Niébé (haricot),846.0,922.9342105263158,38,2024,134.103095355923,630.857921477973,-15.400000000000002
2024-05-01,Niébé (haricot),877.5,939.1071428571429,42,2024,134.103095355923,654.3473121713018,-17.76007497656982
2024-06-01,Niébé (haricot),925.0,952.5853658536586,41,2024,134.103095355923,689.7678219469564,-19.565217391304344
2024-07-01,Niébé (haricot),954.0,949.2,10,2024,134.103095355923,711.3929752836718,-10.924369747899155
2024-08-01,Niébé (haricot),1000.0,984.0714285714286,42,2024,134.103095355923,745.6949426453582,-9.090909090909093
2024-09-01,Niébé (haricot),960.0,931.0,41,2024,134.103095355923,715.8671449395439,-4.0000000000000036
2024-10-01,Niébé (haricot),731.5,767.9659090909091,44,2024,134.103095355923,545.4758505450795,-17.5774647887324
2024-11-01,Niébé (haricot),700.0,742.3139534883721,43,2024,134.103095355923,521.9864598517507,-12.5
2024-12-01,Niébé (haricot),760.0,779.0681818181819,44,2024,134.103095355923,566.7281564104723,1.333333333333342
2025-01-01,Niébé (haricot),812.5,834.5734883720932,43,2025,134.103095355923,605.8771408993537,1.5625
2025-02-01,Niébé (haricot),787.5,812.9778947368421,38,2025,134.103095355923,587.2347673332196,-1.5625
2025-03-01,Niébé (haricot),775.0,795.7948717948718,39,2025,134.103095355923,577.9135805501526,-6.906906906906906
2025-04-01,Niébé (haricot),812.5,826.225588235294,34,2025,134.103095355923,605.8771408993537,-3.9598108747044947
2025-05-01,Niébé (haricot),928.57,931.4862857142857,35,2025,134.103095355923,692.4299528922004,5.819943019943019
2025-06-01,Niébé (haricot),900.0,904.0365625,32,2025,134.103095355923,671.1254483808224,-2.7027027027026973
2025-07-01,Niébé (haricot),933.33,936.3614285714286,35,2025,134.103095355923,695.9794608191922,-2.166666666666661
2025-08-01,Niébé (haricot),925.0,906.4351111111112,45,2025,134.103095355923,689.7678219469564,-7.499999999999996
2025-09-01,Niébé (haricot),950.0,911.6897297297296,37,2025,134.103095355923,708.4101955130903,-1.041666666666663
2025-11-01,Niébé (haricot),800.0,773.7777777777778,36,2025,134.103095355923,596.5559541162867,9.364319890635686
2025-12-01,Niébé (haricot),750.0,714.2857142857143,28,2025,134.103095355923,559.2712069840187,7.14285714285714
2026-01-01,Niébé (haricot),800.0,818.1973684210526,38,2026,134.103095355923,596.5559541162867,5.263157894736836
2026-02-01,Niébé (haricot),800.0,779.1578947368421,38,2026,134.103095355923,596.5559541162867,-1.538461538461533
2026-03-01,Niébé (haricot),850.0,810.275,40,2026,134.103095355923,633.8407012485545,7.9365079365079305
2007-01-01,Riz importé (brisé),225.0,220.28906976744187,43,2007,94.1412876405036,239.00246707821253,
2007-02-01,Riz importé (brisé),225.0,223.35795454545453,44,2007,94.1412876405036,239.00246707821253,
2007-03-01,Riz importé (brisé),236.25,232.96204545454546,44,2007,94.1412876405036,250.95259043212317,
2007-04-01,Riz importé (brisé),250.0,238.6781395348837,43,2007,94.1412876405036,265.5582967535695,
2007-05-01,Riz importé (brisé),250.0,244.34116279069767,43,2007,94.1412876405036,265.5582967535695,
2007-06-01,Riz importé (brisé),250.0,241.4076086956522,46,2007,94.1412876405036,265.5582967535695,
2007-07-01,Riz importé (brisé),243.75,239.25,47,2007,94.1412876405036,258.91933933473024,
2007-08-01,Riz importé (brisé),225.0,227.03191489361703,47,2007,94.1412876405036,239.00246707821253,
2007-09-01,Riz importé (brisé),250.0,231.86872340425532,47,2007,94.1412876405036,265.5582967535695,
2007-10-01,Riz importé (brisé),250.0,235.828125,48,2007,94.1412876405036,265.5582967535695,
2007-11-01,Riz importé (brisé),248.75,242.62869565217392,46,2007,94.1412876405036,264.23050526980165,
2007-12-01,Riz importé (brisé),250.0,249.76315789473685,38,2007,94.1412876405036,265.5582967535695,
2008-01-01,Riz importé (brisé),268.75,257.47435897435895,39,2008,101.058038553206,265.93629150886983,19.444444444444443
2008-02-01,Riz importé (brisé),275.0,270.00619047619045,42,2008,101.058038553206,272.1208564276808,22.222222222222232
2008-03-01,Riz importé (brisé),281.25,285.3068181818182,44,2008,101.058038553206,278.3054213464917,19.047619047619047
2008-04-01,Riz importé (brisé),300.0,299.65763157894736,38,2008,101.058038553206,296.85911610292453,19.999999999999996
2008-05-01,Riz importé (brisé),295.0,293.6262162162162,37,2008,101.058038553206,291.91146416787575,17.999999999999993
2008-06-01,Riz importé (brisé),305.0,312.5592105263158,38,2008,101.058038553206,301.80676803797326,21.999999999999996
2008-07-01,Riz importé (brisé),354.29,357.2131707317073,41,2008,101.058038553206,350.58072081368374,45.349743589743596
2008-08-01,Riz importé (brisé),350.0,363.1275,36,2008,101.058038553206,346.3356354534119,55.55555555555556
2008-09-01,Riz importé (brisé),387.5,430.33525,40,2008,101.058038553206,383.44302496627745,55.00000000000001
2008-10-01,Riz importé (brisé),387.5,429.82194444444445,36,2008,101.058038553206,383.44302496627745,55.00000000000001
2008-11-01,Riz importé (brisé),387.5,422.4632352941176,34,2008,101.058038553206,383.44302496627745,55.77889447236182
2008-12-01,Riz importé (brisé),387.5,422.4168181818182,22,2008,101.058038553206,383.44302496627745,55.00000000000001
2009-01-01,Riz importé (brisé),395.0,388.0,40,2009,98.7862321407254,399.8532907270973,46.97674418604652
2009-02-01,Riz importé (brisé),400.0,377.86538461538464,39,2009,98.7862321407254,404.91472478693396,45.45454545454546
2009-03-01,Riz importé (brisé),387.5,371.31767441860467,43,2009,98.7862321407254,392.26113963734235,37.77777777777778
2009-04-01,Riz importé (brisé),325.0,328.45157894736843,38,2009,98.7862321407254,328.99321388938387,8.333333333333325
2009-05-01,Riz importé (brisé),300.0,301.78093023255815,43,2009,98.7862321407254,303.6860435902005,1.6949152542372836
2009-06-01,Riz importé (brisé),295.0,292.40093023255815,43,2009,98.7862321407254,298.62460953036384,-3.2786885245901676
2009-07-01,Riz importé (brisé),287.5,291.42951219512196,41,2009,98.7862321407254,291.0324584406088,-18.851788083208675
2009-08-01,Riz importé (brisé),275.0,283.9711627906977,43,2009,98.7862321407254,278.3788732910171,-21.42857142857143
2009-09-01,Riz importé (brisé),270.0,278.6092857142857,42,2009,98.7862321407254,273.31743923118046,-30.32258064516129
2009-10-01,Riz importé (brisé),255.0,265.20625,40,2009,98.7862321407254,258.1331370516704,-34.193548387096776
2009-11-01,Riz importé (brisé),250.0,253.29658536585364,41,2009,98.7862321407254,253.07170299183377,-35.483870967741936
2009-12-01,Riz importé (brisé),250.0,258.64837837837837,37,2009,98.7862321407254,253.07170299183377,-35.483870967741936
2010-01-01,Riz importé (brisé),270.75,269.15,40,2010,100.0,270.75,-31.455696202531648
2010-02-01,Riz importé (brisé),269.5,265.40225,40,2010,100.0,269.5,-32.62500000000001
2010-03-01,Riz importé (brisé),275.0,272.9602564102564,39,2010,100.0,275.0,-29.032258064516125
2010-04-01,Riz importé (brisé),275.0,268.56275,40,2010,100.0,275.0,-15.384615384615385
2010-05-01,Riz importé (brisé),275.0,277.3809523809524,42,2010,100.0,275.0,-8.333333333333337
2010-06-01,Riz importé (brisé),275.0,277.7231707317073,41,2010,100.0,275.0,-6.779661016949157
2010-07-01,Riz importé (brisé),285.0,273.97435897435895,39,2010,100.0,285.0,-0.8695652173912993
2010-08-01,Riz importé (brisé),290.0,282.3331111111111,45,2010,100.0,290.0,5.454545454545445
2010-09-01,Riz importé (brisé),280.0,278.52555555555557,45,2010,100.0,280.0,3.703703703703698
2010-10-01,Riz importé (brisé),290.0,289.51756097560974,41,2010,100.0,290.0,13.725490196078427
2010-11-01,Riz importé (brisé),300.0,289.45,35,2010,100.0,300.0,19.999999999999996
2010-12-01,Riz importé (brisé),300.0,287.00357142857143,42,2010,100.0,300.0,19.999999999999996
2011-01-01,Riz importé (brisé),300.0,288.62463414634146,41,2011,103.40322829787,290.126338353577,10.803324099723
2011-02-01,Riz importé (brisé),300.0,296.94704545454545,44,2011,103.40322829787,290.126338353577,11.31725417439704
2011-03-01,Riz importé (brisé),300.0,298.5809523809524,42,2011,103.40322829787,290.126338353577,9.090909090909083
2011-04-01,Riz importé (brisé),300.0,294.8525581395349,43,2011,103.40322829787,290.126338353577,9.090909090909083
2011-05-01,Riz importé (brisé),300.0,298.7978787878788,33,2011,103.40322829787,290.126338353577,9.090909090909083
2011-06-01,Riz importé (brisé),300.0,301.9945652173913,46,2011,103.40322829787,290.126338353577,9.090909090909083
2011-07-01,Riz importé (brisé),300.0,304.5526829268293,41,2011,103.40322829787,290.126338353577,5.263157894736836
2011-08-01,Riz importé (brisé),300.0,306.4165909090909,44,2011,103.40322829787,290.126338353577,3.4482758620689724
2011-09-01,Riz importé (brisé),300.0,303.8406976744186,43,2011,103.40322829787,290.126338353577,7.14285714285714
2011-10-01,Riz importé (brisé),300.0,305.2925581395349,43,2011,103.40322829787,290.126338353577,3.4482758620689724
2011-11-01,Riz importé (brisé),300.0,311.175,40,2011,103.40322829787,290.126338353577,0.0
2011-12-01,Riz importé (brisé),307.5,314.0751219512195,41,2011,103.40322829787,297.37949681241645,2.499999999999991
2012-01-01,Riz importé (brisé),325.0,330.5737209302326,43,2012,104.869722570496,309.90832437982954,8.333333333333325
2012-02-01,Riz importé (brisé),325.0,335.5581395348837,43,2012,104.869722570496,309.90832437982954,8.333333333333325
2012-03-01,Riz importé (brisé),325.0,342.225,50,2012,104.869722570496,309.90832437982954,8.333333333333325
2012-04-01,Riz importé (brisé),308.75,319.60227272727275,44,2012,104.869722570496,294.412908160838,2.9166666666666563
2012-05-01,Riz importé (brisé),298.095,302.0372916666667,48,2012,104.869722570496,284.2526829415547,-0.6349999999999856
2012-06-01,Riz importé (brisé),300.0,307.96288888888887,45,2012,104.869722570496,286.069222504458,0.0
2012-07-01,Riz importé (brisé),300.0,303.1186,50,2012,104.869722570496,286.069222504458,0.0
2012-08-01,Riz importé (brisé),300.0,302.3351020408163,49,2012,104.869722570496,286.069222504458,0.0
2012-09-01,Riz importé (brisé),300.0,300.23936170212767,47,2012,104.869722570496,286.069222504458,0.0
2012-10-01,Riz importé (brisé),300.0,307.7460465116279,43,2012,104.869722570496,286.069222504458,0.0
2012-11-01,Riz importé (brisé),300.0,301.5958695652174,46,2012,104.869722570496,286.069222504458,0.0
2012-12-01,Riz importé (brisé),300.0,290.31152173913046,46,2012,104.869722570496,286.069222504458,-2.4390243902439046
2013-01-01,Riz importé (brisé),300.0,302.6337209302326,43,2013,105.614555041963,284.0517577154052,-7.692307692307687
2013-02-01,Riz importé (brisé),300.0,305.45933333333335,45,2013,105.614555041963,284.0517577154052,-7.692307692307687
2013-03-01,Riz importé (brisé),300.0,310.61538461538464,39,2013,105.614555041963,284.0517577154052,-7.692307692307687
2013-04-01,Riz importé (brisé),300.0,301.07065217391306,46,2013,105.614555041963,284.0517577154052,-2.8340080971659964
2013-05-01,Riz importé (brisé),277.5,267.136875,48,2013,105.614555041963,262.7478758867498,-6.908871332964328
2013-06-01,Riz importé (brisé),275.0,284.71204545454543,44,2013,105.614555041963,260.38077790578814,-8.333333333333337
2013-07-01,Riz importé (brisé),270.0,283.88953488372096,43,2013,105.614555041963,255.6465819438647,-9.999999999999998
2013-08-01,Riz importé (brisé),273.75,291.9742857142857,42,2013,105.614555041963,259.1972289153072,-8.750000000000002
2013-09-01,Riz importé (brisé),275.0,286.2880434782609,46,2013,105.614555041963,260.38077790578814,-8.333333333333337
2013-10-01,Riz importé (brisé),275.0,285.7447916666667,48,2013,105.614555041963,260.38077790578814,-8.333333333333337
2013-11-01,Riz importé (brisé),271.875,286.5786111111111,36,2013,105.614555041963,257.421905429586,-9.375
2013-12-01,Riz importé (brisé),275.0,285.4807692307692,39,2013,105.614555041963,260.38077790578814,-8.333333333333337
2014-01-01,Riz importé (brisé),275.0,282.81,43,2014,104.46308699624,263.2508840274826,-8.333333333333337
2014-02-01,Riz importé (brisé),273.75,280.57162790697674,43,2014,104.46308699624,262.05428910008493,-8.750000000000002
2014-03-01,Riz importé (brisé),270.0,278.39416666666665,48,2014,104.46308699624,258.464504317892,-9.999999999999998
2014-04-01,Riz importé (brisé),270.0,282.3605,40,2014,104.46308699624,258.464504317892,-9.999999999999998
2014-05-01,Riz importé (brisé),271.25,280.8590476190476,42,2014,104.46308699624,259.6610992452896,-2.2522522522522515
2014-06-01,Riz importé (brisé),270.0,285.50891891891894,37,2014,104.46308699624,258.464504317892,-1.8181818181818188
2014-07-01,Riz importé (brisé),275.0,283.0405405405405,37,2014,104.46308699624,263.2508840274826,1.85185185185186
2014-08-01,Riz importé (brisé),275.0,289.0041463414634,41,2014,104.46308699624,263.2508840274826,0.45662100456620447
2014-09-01,Riz importé (brisé),275.0,289.2559523809524,42,2014,104.46308699624,263.2508840274826,0.0
2014-10-01,Riz importé (brisé),270.0,285.96875,40,2014,104.46308699624,258.464504317892,-1.8181818181818188
2014-11-01,Riz importé (brisé),270.0,282.8353658536585,41,2014,104.46308699624,258.464504317892,-0.6896551724137945
2014-12-01,Riz importé (brisé),275.0,284.40275,40,2014,104.46308699624,263.2508840274826,0.0
2015-01-01,Riz importé (brisé),270.0,280.86418604651163,43,2015,104.604333556103,258.11550135749343,-1.8181818181818188
2015-02-01,Riz importé (brisé),275.0,282.4483333333333,42,2015,104.604333556103,262.8954180492989,0.45662100456620447
2015-03-01,Riz importé (brisé),275.0,286.7506818181818,44,2015,104.604333556103,262.8954180492989,1.85185185185186
2015-04-01,Riz importé (brisé),273.33,282.37179487179486,39,2015,104.604333556103,261.29892587423586,1.2333333333333307
2015-05-01,Riz importé (brisé),275.0,281.22727272727275,44,2015,104.604333556103,262.8954180492989,1.382488479262678
2015-06-01,Riz importé (brisé),275.0,292.3463157894737,38,2015,104.604333556103,262.8954180492989,1.85185185185186
2015-07-01,Riz importé (brisé),275.0,283.84090909090907,44,2015,104.604333556103,262.8954180492989,0.0
2015-08-01,Riz importé (brisé),275.0,280.82608695652175,46,2015,104.604333556103,262.8954180492989,0.0
2015-09-01,Riz importé (brisé),275.0,279.74468085106383,47,2015,104.604333556103,262.8954180492989,0.0
2015-10-01,Riz importé (brisé),275.0,279.2894736842105,38,2015,104.604333556103,262.8954180492989,1.85185185185186
2015-11-01,Riz importé (brisé),388.0,399.3333333333333,9,2015,104.604333556103,370.92153528410165,43.70370370370371
2015-12-01,Riz importé (brisé),275.0,286.5833333333333,42,2015,104.604333556103,262.8954180492989,0.0
2016-01-01,Riz importé (brisé),270.0,277.42857142857144,49,2016,105.48016989023,255.9722839667217,0.0
2016-02-01,Riz importé (brisé),275.0,284.6666666666667,48,2016,105.48016989023,260.7125114475869,0.0
2016-03-01,Riz importé (brisé),272.5,275.3125,48,2016,105.48016989023,258.3423977071543,-0.9090909090909038
2016-04-01,Riz importé (brisé),270.0,280.0,40,2016,105.48016989023,255.9722839667217,-1.21830754033585
2016-05-01,Riz importé (brisé),275.0,275.2391304347826,46,2016,105.48016989023,260.7125114475869,0.0
2016-06-01,Riz importé (brisé),275.0,275.7173913043478,46,2016,105.48016989023,260.7125114475869,0.0
2016-07-01,Riz importé (brisé),270.0,281.7724390243902,41,2016,105.48016989023,255.9722839667217,-1.8181818181818188
2016-08-01,Riz importé (brisé),270.0,276.975,40,2016,105.48016989023,255.9722839667217,-1.8181818181818188
2016-09-01,Riz importé (brisé),275.0,278.75555555555553,45,2016,105.48016989023,260.7125114475869,0.0
2016-10-01,Riz importé (brisé),275.0,277.4146341463415,41,2016,105.48016989023,260.7125114475869,0.0
2016-11-01,Riz importé (brisé),275.0,278.0238095238095,42,2016,105.48016989023,260.7125114475869,-29.12371134020618
2016-12-01,Riz importé (brisé),275.0,278.8478260869565,46,2016,105.48016989023,260.7125114475869,0.0
2017-01-01,Riz importé (brisé),275.0,282.9148936170213,47,2017,106.870560070658,257.3206314425436,1.85185185185186
2017-02-01,Riz importé (brisé),283.0,286.84444444444443,45,2017,106.870560070658,264.8063225390539,2.9090909090909056
2017-03-01,Riz importé (brisé),282.5,287.7391304347826,46,2017,106.870560070658,264.338466845522,3.669724770642202
2017-04-01,Riz importé (brisé),280.0,288.5813953488372,43,2017,106.870560070658,261.99918837786254,3.703703703703698
2017-05-01,Riz importé (brisé),285.0,291.4255319148936,47,2017,106.870560070658,266.6777453131815,3.6363636363636376
2017-06-01,Riz importé (brisé),285.0,289.59090909090907,44,2017,106.870560070658,266.6777453131815,3.6363636363636376
2017-07-01,Riz importé (brisé),297.0,292.45454545454544,44,2017,106.870560070658,277.90628195794704,10.000000000000009
2017-08-01,Riz importé (brisé),285.0,287.5531914893617,47,2017,106.870560070658,266.6777453131815,5.555555555555558
2017-09-01,Riz importé (brisé),292.0,287.7659574468085,47,2017,106.870560070658,273.2277250226281,6.181818181818177
2017-10-01,Riz importé (brisé),290.0,285.70212765957444,47,2017,106.870560070658,271.35630224850047,5.454545454545445
2017-11-01,Riz importé (brisé),290.0,292.46666666666664,45,2017,106.870560070658,271.35630224850047,5.454545454545445
2017-12-01,Riz importé (brisé),290.0,294.54545454545456,44,2017,106.870560070658,271.35630224850047,5.454545454545445
2018-01-01,Riz importé (brisé),290.0,292.9230769230769,39,2018,107.363218008605,270.1111287263734,5.454545454545445
2018-02-01,Riz importé (brisé),290.0,285.5,38,2018,107.363218008605,270.1111287263734,2.473498233215543
2018-03-01,Riz importé (brisé),290.0,292.0243902439024,41,2018,107.363218008605,270.1111287263734,2.6548672566371723
2018-04-01,Riz importé (brisé),288.0,291.2888888888889,45,2018,107.363218008605,268.2482933558467,2.857142857142847
2018-05-01,Riz importé (brisé),290.0,289.5121951219512,41,2018,107.363218008605,270.1111287263734,1.7543859649122862
2018-06-01,Riz importé (brisé),300.0,291.7142857142857,42,2018,107.363218008605,279.425305579007,5.263157894736836
2018-07-01,Riz importé (brisé),300.0,295.55555555555554,45,2018,107.363218008605,279.425305579007,1.0101010101010166
2018-08-01,Riz importé (brisé),300.0,293.1463414634146,41,2018,107.363218008605,279.425305579007,5.263157894736836
2018-09-01,Riz importé (brisé),300.0,293.1794871794872,39,2018,107.363218008605,279.425305579007,2.7397260273972712
2018-10-01,Riz importé (brisé),300.0,294.20588235294116,34,2018,107.363218008605,279.425305579007,3.4482758620689724
2018-11-01,Riz importé (brisé),300.0,293.8048780487805,41,2018,107.363218008605,279.425305579007,3.4482758620689724
2018-12-01,Riz importé (brisé),300.0,297.2142857142857,42,2018,107.363218008605,279.425305579007,3.4482758620689724
2019-01-01,Riz importé (brisé),300.0,295.23809523809524,42,2019,109.252930368352,274.5921770597221,3.4482758620689724
2019-02-01,Riz importé (brisé),300.0,293.0238095238095,42,2019,109.252930368352,274.5921770597221,3.4482758620689724
2019-03-01,Riz importé (brisé),300.0,299.7560975609756,41,2019,109.252930368352,274.5921770597221,3.4482758620689724
2019-04-01,Riz importé (brisé),300.0,295.5,42,2019,109.252930368352,274.5921770597221,4.166666666666674
2019-05-01,Riz importé (brisé),300.0,296.2926829268293,41,2019,109.252930368352,274.5921770597221,3.4482758620689724
2019-06-01,Riz importé (brisé),300.0,295.1515151515151,33,2019,109.252930368352,274.5921770597221,0.0
2019-07-01,Riz importé (brisé),300.0,297.0487804878049,41,2019,109.252930368352,274.5921770597221,0.0
2019-08-01,Riz importé (brisé),300.0,306.780487804878,41,2019,109.252930368352,274.5921770597221,0.0
2019-09-01,Riz importé (brisé),300.0,305.3658536585366,41,2019,109.252930368352,274.5921770597221,0.0
2019-10-01,Riz importé (brisé),300.0,304.5121951219512,41,2019,109.252930368352,274.5921770597221,0.0
2019-11-01,Riz importé (brisé),300.0,310.0,35,2019,109.252930368352,274.5921770597221,0.0
2019-12-01,Riz importé (brisé),300.0,308.84065217391304,46,2019,109.252930368352,274.5921770597221,0.0
2020-01-01,Riz importé (brisé),315.0,315.0934146341463,41,2020,112.031392832995,281.17118964107675,5.000000000000004
2020-02-01,Riz importé (brisé),325.0,325.2717391304348,46,2020,112.031392832995,290.09725915349185,8.333333333333325
2020-03-01,Riz importé (brisé),325.0,334.7547222222222,36,2020,112.031392832995,290.09725915349185,8.333333333333325
2020-04-01,Riz importé (brisé),301.25,305.069,30,2020,112.031392832995,268.8978440615059,0.4166666666666652
2020-05-01,Riz importé (brisé),325.0,327.8125,16,2020,112.031392832995,290.09725915349185,8.333333333333325
2020-06-01,Riz importé (brisé),325.0,320.6312121212121,33,2020,112.031392832995,290.09725915349185,8.333333333333325
2020-07-01,Riz importé (brisé),325.0,318.5416666666667,36,2020,112.031392832995,290.09725915349185,8.333333333333325
2020-08-01,Riz importé (brisé),318.33,316.35692307692307,39,2020,112.031392832995,284.143570788711,6.109999999999993
2020-09-01,Riz importé (brisé),325.0,319.2244736842105,38,2020,112.031392832995,290.09725915349185,8.333333333333325
2020-10-01,Riz importé (brisé),325.0,323.0375,40,2020,112.031392832995,290.09725915349185,8.333333333333325
2020-11-01,Riz importé (brisé),325.0,321.7885365853659,41,2020,112.031392832995,290.09725915349185,8.333333333333325
2020-12-01,Riz importé (brisé),325.0,325.4661363636364,44,2020,112.031392832995,290.09725915349185,8.333333333333325
2021-01-01,Riz importé (brisé),321.25,320.6895,40,2021,114.474038812672,280.6313146037426,1.984126984126977
2021-02-01,Riz importé (brisé),325.0,320.96358974358975,39,2021,114.474038812672,283.90716652518705,0.0
2021-03-01,Riz importé (brisé),325.0,313.3625581395349,43,2021,114.474038812672,283.90716652518705,0.0
2021-04-01,Riz importé (brisé),310.0,316.390243902439,41,2021,114.474038812672,270.8037588394092,2.9045643153526868
2021-05-01,Riz importé (brisé),311.0,315.5,38,2021,114.474038812672,271.67731935179444,-4.307692307692312
2021-06-01,Riz importé (brisé),310.0,315.3658536585366,41,2021,114.474038812672,270.8037588394092,-4.61538461538461
2021-07-01,Riz importé (brisé),300.0,312.5230555555556,36,2021,114.474038812672,262.06815371555734,-7.692307692307687
2021-08-01,Riz importé (brisé),325.0,318.0882352941176,34,2021,114.474038812672,283.90716652518705,2.095309898532971
2021-09-01,Riz importé (brisé),350.0,336.35135135135135,37,2021,114.474038812672,305.7461793348169,7.692307692307687
2021-10-01,Riz importé (brisé),350.0,342.6388888888889,36,2021,114.474038812672,305.7461793348169,7.692307692307687
2021-11-01,Riz importé (brisé),330.0,330.8333333333333,12,2021,114.474038812672,288.27496908711305,1.538461538461533
2021-12-01,Riz importé (brisé),325.0,328.6666666666667,12,2021,114.474038812672,283.90716652518705,0.0
2022-01-01,Riz importé (brisé),325.0,329.84615384615387,13,2022,125.574379147807,258.8107559882574,1.1673151750972721
2022-02-01,Riz importé (brisé),333.0,335.0,13,2022,125.574379147807,265.18148228950685,2.4615384615384706
2022-03-01,Riz importé (brisé),329.0,331.7142857142857,14,2022,125.574379147807,261.9961191388822,1.2307692307692353
2022-04-01,Riz importé (brisé),325.0,326.07142857142856,14,2022,125.574379147807,258.8107559882574,4.8387096774193505
2022-05-01,Riz importé (brisé),332.0,334.92857142857144,14,2022,125.574379147807,264.3851415018507,6.7524115755627
2022-06-01,Riz importé (brisé),335.5,339.7142857142857,14,2022,125.574379147807,267.1723342586473,8.225806451612904
2022-07-01,Riz importé (brisé),350.0,345.2352941176471,34,2022,125.574379147807,278.7192756796619,16.666666666666675
2022-08-01,Riz importé (brisé),350.0,362.6621621621622,37,2022,125.574379147807,278.7192756796619,7.692307692307687
2022-09-01,Riz importé (brisé),350.0,373.8076923076923,39,2022,125.574379147807,278.7192756796619,0.0
2022-10-01,Riz importé (brisé),388.0,383.55128205128204,39,2022,125.574379147807,308.9802256105966,10.857142857142854
2022-11-01,Riz importé (brisé),358.0,366.17105263157896,38,2022,125.574379147807,285.09000198091127,8.484848484848495
2022-12-01,Riz importé (brisé),350.0,346.1125,40,2022,125.574379147807,278.7192756796619,7.692307692307687
2023-01-01,Riz importé (brisé),350.0,346.93589743589746,39,2023,133.032841755522,263.0929290702549,7.692307692307687
2023-02-01,Riz importé (brisé),350.0,348.575,40,2023,133.032841755522,263.0929290702549,5.105105105105112
2023-03-01,Riz importé (brisé),350.0,351.4736842105263,38,2023,133.032841755522,263.0929290702549,6.382978723404253
2023-04-01,Riz importé (brisé),350.0,351.3292682926829,41,2023,133.032841755522,263.0929290702549,7.692307692307687
2023-05-01,Riz importé (brisé),350.0,350.88157894736844,38,2023,133.032841755522,263.0929290702549,5.421686746987953
2023-06-01,Riz importé (brisé),350.0,353.2875,40,2023,133.032841755522,263.0929290702549,4.32190760059612
2023-07-01,Riz importé (brisé),350.0,354.45238095238096,42,2023,133.032841755522,263.0929290702549,0.0
2023-08-01,Riz importé (brisé),350.0,354.325,40,2023,133.032841755522,263.0929290702549,0.0
2023-09-01,Riz importé (brisé),350.0,353.4102564102564,39,2023,133.032841755522,263.0929290702549,0.0
2023-10-01,Riz importé (brisé),350.0,353.5238095238095,42,2023,133.032841755522,263.0929290702549,-9.79381443298969
2023-11-01,Riz importé (brisé),350.0,353.225,40,2023,133.032841755522,263.0929290702549,-2.2346368715083775
2023-12-01,Riz importé (brisé),350.0,350.4146341463415,41,2023,133.032841755522,263.0929290702549,0.0
2024-01-01,Riz importé (brisé),379.0,385.55,40,2024,134.103095355923,282.6183832625908,8.285714285714295
2024-02-01,Riz importé (brisé),425.0,423.2073170731707,41,2024,134.103095355923,316.92035062427726,21.42857142857142
2024-03-01,Riz importé (brisé),450.0,437.17857142857144,42,2024,134.103095355923,335.5627241904112,28.57142857142858
2024-04-01,Riz importé (brisé),450.0,440.5,39,2024,134.103095355923,335.5627241904112,28.57142857142858
2024-05-01,Riz importé (brisé),450.0,437.2027027027027,37,2024,134.103095355923,335.5627241904112,28.57142857142858
2024-06-01,Riz importé (brisé),446.0,440.675,40,2024,134.103095355923,332.57994441982976,27.428571428571423
2024-07-01,Riz importé (brisé),425.0,430.43023255813955,43,2024,134.103095355923,316.92035062427726,21.42857142857142
2024-08-01,Riz importé (brisé),425.0,428.20238095238096,42,2024,134.103095355923,316.92035062427726,21.42857142857142
2024-09-01,Riz importé (brisé),425.0,425.8875,40,2024,134.103095355923,316.92035062427726,21.42857142857142
2024-10-01,Riz importé (brisé),425.0,424.5581395348837,43,2024,134.103095355923,316.92035062427726,21.42857142857142
2024-11-01,Riz importé (brisé),425.0,419.7261904761905,42,2024,134.103095355923,316.92035062427726,21.42857142857142
2024-12-01,Riz importé (brisé),425.0,419.1511627906977,43,2024,134.103095355923,316.92035062427726,21.42857142857142
2025-01-01,Riz importé (brisé),425.0,422.13499999999993,42,2025,134.103095355923,316.92035062427726,12.137203166226907
2025-02-01,Riz importé (brisé),422.5,419.4117647058824,34,2025,134.103095355923,315.0561132676639,-0.588235294117645
2025-03-01,Riz importé (brisé),425.0,425.8974358974359,39,2025,134.103095355923,316.92035062427726,-5.555555555555558
2025-04-01,Riz importé (brisé),425.0,412.52184210526315,38,2025,134.103095355923,316.92035062427726,-5.555555555555558
2025-05-01,Riz importé (brisé),363.33,372.17923076923074,39,2025,134.103095355923,270.933343511338,-19.259999999999998
2025-06-01,Riz importé (brisé),350.0,365.3030303030303,33,2025,134.103095355923,260.99322992587537,-21.52466367713004
2025-07-01,Riz importé (brisé),350.0,363.64285714285717,35,2025,134.103095355923,260.99322992587537,-17.647058823529417
2025-08-01,Riz importé (brisé),360.0,365.4011627906977,43,2025,134.103095355923,268.450179352329,-15.294117647058824
2025-09-01,Riz importé (brisé),350.0,365.262,35,2025,134.103095355923,260.99322992587537,-17.647058823529417
2025-10-01,Riz importé (brisé),350.0,364.0,36,2025,134.103095355923,260.99322992587537,-17.647058823529417
2025-11-01,Riz importé (brisé),350.0,358.03225806451616,31,2025,134.103095355923,260.99322992587537,-17.647058823529417
2025-12-01,Riz importé (brisé),350.0,361.5769230769231,26,2025,134.103095355923,260.99322992587537,-17.647058823529417
2026-01-01,Riz importé (brisé),325.0,343.5138888888889,36,2026,134.103095355923,242.3508563597414,-23.529411764705888
2026-02-01,Riz importé (brisé),350.0,326.2313888888889,36,2026,134.103095355923,260.99322992587537,-17.159763313609467
2026-03-01,Riz importé (brisé),325.0,328.7844117647059,34,2026,134.103095355923,242.3508563597414,-23.529411764705888
2007-01-01,Riz local,192.5,193.25818181818184,11,2007,94.1412876405036,204.4798885002485,
2007-02-01,Riz local,202.5,210.72916666666666,12,2007,94.1412876405036,215.1022203703913,
2007-03-01,Riz local,210.0,207.083,10,2007,94.1412876405036,223.06896927299834,
2007-04-01,Riz local,220.0,212.61111111111111,9,2007,94.1412876405036,233.69130114314115,
2007-05-01,Riz local,227.5,220.625,8,2007,94.1412876405036,241.65805004574824,
2007-06-01,Riz local,231.0,225.95833333333334,6,2007,94.1412876405036,245.3758662002982,
2007-07-01,Riz local,230.0,239.68555555555557,9,2007,94.1412876405036,244.31363301328392,
2007-08-01,Riz local,228.33499999999998,225.84375,8,2007,94.1412876405036,242.54501475690512,
2007-09-01,Riz local,216.67,218.98857142857145,7,2007,94.1412876405036,230.1540646303836,
2007-10-01,Riz local,215.0,217.02428571428572,7,2007,94.1412876405036,228.38013520806976,
2007-11-01,Riz local,222.5,227.6185714285714,7,2007,94.1412876405036,236.34688411067683,
2007-12-01,Riz local,235.0,238.89,3,2007,94.1412876405036,249.6247989483553,
2008-01-01,Riz local,237.5,280.28846153846155,26,2008,101.058038553206,235.0134669148152,23.376623376623385
2008-02-01,Riz local,275.0,248.2411111111111,9,2008,101.058038553206,272.1208564276808,35.802469135802475
2008-03-01,Riz local,275.0,275.33299999999997,10,2008,101.058038553206,272.1208564276808,30.952380952380953
2008-04-01,Riz local,275.0,276.2966666666667,9,2008,101.058038553206,272.1208564276808,25.0
2008-05-01,Riz local,282.5,277.0833333333333,6,2008,101.058038553206,279.5423343302539,24.17582417582418
2008-06-01,Riz local,285.0,287.14285714285717,7,2008,101.058038553206,282.01616029777824,23.376623376623385
2008-07-01,Riz local,300.0,311.07142857142856,7,2008,101.058038553206,296.85911610292453,30.434782608695656
2008-08-01,Riz local,300.0,321.34615384615387,13,2008,101.058038553206,296.85911610292453,31.38590229268401
2008-09-01,Riz local,300.0,371.57444444444445,9,2008,101.058038553206,296.85911610292453,38.45940831679513
2008-10-01,Riz local,300.0,370.625,8,2008,101.058038553206,296.85911610292453,39.53488372093024
2008-11-01,Riz local,300.0,319.58375,8,2008,101.058038553206,296.85911610292453,34.8314606741573
2008-12-01,Riz local,300.0,319.66700000000003,10,2008,101.058038553206,296.85911610292453,27.65957446808511
2009-01-01,Riz local,300.0,304.8333333333333,15,2009,98.7862321407254,303.6860435902005,26.315789473684205
2009-02-01,Riz local,294.16499999999996,295.104375,16,2009,98.7862321407254,297.77935004237105,6.969090909090903
2009-03-01,Riz local,300.0,301.0415,20,2009,98.7862321407254,303.6860435902005,9.090909090909083
2009-04-01,Riz local,295.0,293.51142857142855,14,2009,98.7862321407254,298.62460953036384,7.272727272727275
2009-05-01,Riz local,292.5,281.54466666666667,15,2009,98.7862321407254,296.09389250044546,3.539823008849563
2009-06-01,Riz local,287.5,287.28499999999997,14,2009,98.7862321407254,291.0324584406088,0.8771929824561431
2009-07-01,Riz local,275.0,270.6,15,2009,98.7862321407254,278.3788732910171,-8.333333333333337
2009-08-01,Riz local,255.0,262.13,18,2009,98.7862321407254,258.1331370516704,-15.000000000000002
2009-09-01,Riz local,264.375,261.4585,20,2009,98.7862321407254,267.6233259138642,-11.875000000000002
2009-10-01,Riz local,235.0,239.14333333333332,18,2009,98.7862321407254,237.88740081232373,-21.666666666666668
2009-11-01,Riz local,218.33,227.98058823529414,17,2009,98.7862321407254,221.01257965682825,-27.223333333333333
2009-12-01,Riz local,226.0,240.88933333333335,15,2009,98.7862321407254,228.77681950461772,-24.66666666666667
2010-01-01,Riz local,245.0,255.79611111111112,18,2010,100.0,245.00000000000003,-18.333333333333336
2010-02-01,Riz local,230.0,232.80533333333332,15,2010,100.0,229.99999999999997,-21.812588173304093
2010-03-01,Riz local,250.0,243.10846153846154,13,2010,100.0,250.0,-16.666666666666664
2010-04-01,Riz local,250.0,245.80357142857142,14,2010,100.0,250.0,-15.254237288135597
2010-05-01,Riz local,275.0,268.10636363636365,11,2010,100.0,275.0,-5.982905982905984
2010-06-01,Riz local,265.0,266.76307692307694,13,2010,100.0,265.0,-7.826086956521738
2010-07-01,Riz local,275.0,274.3269230769231,13,2010,100.0,275.0,0.0
2010-08-01,Riz local,280.0,271.823125,16,2010,100.0,280.0,9.80392156862746
2010-09-01,Riz local,271.875,269.08875,16,2010,100.0,271.875,2.8368794326241176
2010-10-01,Riz local,275.0,264.64285714285717,14,2010,100.0,275.0,17.021276595744684
2010-11-01,Riz local,280.0,277.0,10,2010,100.0,280.0,28.24623276691247
2010-12-01,Riz local,275.0,262.2442857142857,14,2010,100.0,275.0,21.68141592920354
2011-01-01,Riz local,255.0,262.7083333333333,12,2011,103.40322829787,246.60738760054045,4.081632653061229
2011-02-01,Riz local,270.625,275.94888888888886,18,2011,103.40322829787,261.7181343897892,17.663043478260864
2011-03-01,Riz local,275.0,274.8553333333333,15,2011,103.40322829787,265.94914349077897,10.000000000000009
2011-04-01,Riz local,275.0,267.73785714285714,14,2011,103.40322829787,265.94914349077897,10.000000000000009
2011-05-01,Riz local,275.0,274.5,10,2011,103.40322829787,265.94914349077897,0.0
2011-10-01,Riz local,275.0,273.9485714285714,21,2011,103.40322829787,265.94914349077897,3.7735849056603765
2011-11-01,Riz local,275.0,278.42105263157896,19,2011,103.40322829787,265.94914349077897,0.0
2011-12-01,Riz local,277.5,278.6842105263158,19,2011,103.40322829787,268.3668629770587,-0.8928571428571397
2012-01-01,Riz local,283.75,281.08299999999997,20,2012,104.869722570496,270.5738062854665,4.367816091954024
2012-02-01,Riz local,285.0,284.12863636363636,22,2012,104.869722570496,271.76576137923513,3.6363636363636376
2013-01-01,Riz local,275.0,279.2894117647059,17,2013,105.614555041963,260.38077790578814,-1.7857142857142905
2013-02-01,Riz local,290.0,284.4605882352941,17,2013,105.614555041963,274.5833657915584,5.454545454545445
2013-03-01,Riz local,300.0,289.528,15,2013,105.614555041963,284.0517577154052,17.647058823529417
2013-04-01,Riz local,275.0,283.35450000000003,20,2013,105.614555041963,260.38077790578814,1.616628175519641
2013-05-01,Riz local,275.0,257.20238095238096,21,2013,105.614555041963,260.38077790578814,0.0
2013-06-01,Riz local,275.0,281.26666666666665,15,2013,105.614555041963,260.38077790578814,0.0
2013-07-01,Riz local,272.5,277.65625,16,2013,105.614555041963,258.0136799248264,-0.9090909090909038
2013-08-01,Riz local,250.0,255.0,9,2013,105.614555041963,236.709798096171,-9.090909090909093
2013-09-01,Riz local,250.0,261.00470588235294,17,2013,105.614555041963,236.709798096171,-9.090909090909093
2013-10-01,Riz local,250.0,255.05928571428572,14,2013,105.614555041963,236.709798096171,-9.909909909909908
2013-11-01,Riz local,250.0,247.5,9,2013,105.614555041963,236.709798096171,-11.894273127753308
2013-12-01,Riz local,250.0,255.32076923076923,13,2013,105.614555041963,236.709798096171,-12.28070175438597
2014-01-01,Riz local,250.0,259.77272727272725,11,2014,104.46308699624,239.31898547952963,-9.090909090909093
2014-02-01,Riz local,250.0,245.35714285714286,14,2014,104.46308699624,239.31898547952963,-13.793103448275868
2014-03-01,Riz local,250.0,255.16,13,2014,104.46308699624,239.31898547952963,-16.666666666666664
2014-04-01,Riz local,248.44,256.37076923076927,13,2014,104.46308699624,237.82563501013735,-9.658181818181822
2014-05-01,Riz local,250.0,252.17923076923077,13,2014,104.46308699624,239.31898547952963,-9.090909090909093
2014-06-01,Riz local,250.0,261.94444444444446,9,2014,104.46308699624,239.31898547952963,-9.090909090909093
2014-07-01,Riz local,250.0,267.0,10,2014,104.46308699624,239.31898547952963,-8.25688073394495
2014-08-01,Riz local,270.0,269.75,40,2014,104.46308699624,258.464504317892,8.000000000000007
2014-09-01,Riz local,250.0,261.75,15,2014,104.46308699624,239.31898547952963,0.0
2014-10-01,Riz local,245.0,253.05499999999998,12,2014,104.46308699624,234.53260576993907,-2.0000000000000018
2014-11-01,Riz local,250.0,255.3475,12,2014,104.46308699624,239.31898547952963,0.0
2014-12-01,Riz local,250.0,257.75615384615384,13,2014,104.46308699624,239.31898547952963,0.0
2015-01-01,Riz local,240.0,259.65647058823527,17,2015,104.604333556103,229.43600120666082,-4.0000000000000036
2015-02-01,Riz local,240.0,245.25,10,2015,104.604333556103,229.43600120666082,-4.0000000000000036
2015-03-01,Riz local,240.0,239.25,13,2015,104.604333556103,229.43600120666082,-4.0000000000000036
2015-04-01,Riz local,257.5,259.37583333333333,12,2015,104.604333556103,246.16570962797985,3.6467557559169306
2015-05-01,Riz local,277.5,274.6111111111111,18,2015,104.604333556103,265.2853763952016,11.00000000000001
2015-06-01,Riz local,280.0,275.90909090909093,11,2015,104.604333556103,267.67533474110434,12.00000000000001
2015-07-01,Riz local,262.5,270.375,16,2015,104.604333556103,250.9456263197853,5.000000000000004
2015-08-01,Riz local,250.0,262.0,15,2015,104.604333556103,238.99583459027173,-7.4074074074074066
2015-09-01,Riz local,255.0,253.27777777777777,18,2015,104.604333556103,243.77575128207712,2.0000000000000018
2015-10-01,Riz local,250.0,251.33333333333334,12,2015,104.604333556103,238.99583459027173,2.0408163265306145
2015-12-01,Riz local,250.0,260.2857142857143,14,2015,104.604333556103,238.99583459027173,0.0
2016-01-01,Riz local,262.5,266.0,18,2016,105.48016989023,248.86194274542385,5.000000000000004
2016-02-01,Riz local,272.0,270.6842105263158,19,2016,105.48016989023,257.8683749590678,13.33333333333333
2016-03-01,Riz local,260.0,255.76470588235293,17,2016,105.48016989023,246.49182900499125,8.333333333333325
2016-04-01,Riz local,260.0,272.3076923076923,13,2016,105.48016989023,246.49182900499125,8.333333333333325
2016-05-01,Riz local,261.0,287.5625,16,2016,105.48016989023,247.4398745011643,1.3592233009708687
2016-06-01,Riz local,260.0,267.0769230769231,13,2016,105.48016989023,246.49182900499125,-6.3063063063063085
2016-07-01,Riz local,270.0,285.17333333333335,12,2016,105.48016989023,255.9722839667217,-3.57142857142857
2016-08-01,Riz local,260.0,264.0,11,2016,105.48016989023,246.49182900499125,-0.952380952380949
2016-09-01,Riz local,260.0,264.8,15,2016,105.48016989023,246.49182900499125,4.0000000000000036
2016-10-01,Riz local,260.0,259.54545454545456,11,2016,105.48016989023,246.49182900499125,1.9607843137254832
2016-11-01,Riz local,260.0,259.54545454545456,11,2016,105.48016989023,246.49182900499125,4.0000000000000036
2016-12-01,Riz local,251.5,256.15,20,2016,105.48016989023,238.43344228752036,0.6000000000000005
2017-01-01,Riz local,260.0,260.63157894736844,19,2017,106.870560070658,243.28496063658665,-0.952380952380949
2017-02-01,Riz local,260.0,260.29411764705884,17,2017,106.870560070658,243.28496063658665,-4.411764705882348
2017-03-01,Riz local,260.0,264.8666666666667,15,2017,106.870560070658,243.28496063658665,0.0
2017-04-01,Riz local,260.0,268.11764705882354,17,2017,106.870560070658,243.28496063658665,0.0
2017-05-01,Riz local,265.0,265.625,16,2017,106.870560070658,247.9635175719056,1.5325670498084198
2017-06-01,Riz local,260.0,272.2,15,2017,106.870560070658,243.28496063658665,0.0
2017-07-01,Riz local,268.0,266.73333333333335,15,2017,106.870560070658,250.770651733097,-0.7407407407407418
2017-08-01,Riz local,272.5,273.9,20,2017,106.870560070658,254.98135297488406,4.807692307692313
2017-09-01,Riz local,260.0,266.1111111111111,18,2017,106.870560070658,243.28496063658665,0.0
2017-10-01,Riz local,265.0,270.3333333333333,18,2017,106.870560070658,247.9635175719056,1.9230769230769162
2017-11-01,Riz local,270.0,278.125,16,2017,106.870560070658,252.6420745072246,3.8461538461538547
2017-12-01,Riz local,270.0,274.8,15,2017,106.870560070658,252.6420745072246,7.355864811133195
2018-01-01,Riz local,275.0,278.1111111111111,18,2018,107.363218008605,256.1398634474231,5.769230769230771
2018-02-01,Riz local,269.0,278.05555555555554,18,2018,107.363218008605,250.55135733584294,3.4615384615384714
2018-03-01,Riz local,275.0,275.15384615384613,13,2018,107.363218008605,256.1398634474231,5.769230769230771
2018-04-01,Riz local,277.5,284.8125,16,2018,107.363218008605,258.4684076605815,6.730769230769229
2018-05-01,Riz local,271.5,275.1875,16,2018,107.363218008605,252.87990154900135,2.452830188679256
2018-06-01,Riz local,275.0,280.6842105263158,19,2018,107.363218008605,256.1398634474231,5.769230769230771
2018-07-01,Riz local,277.5,283.44444444444446,18,2018,107.363218008605,258.4684076605815,3.5447761194029814
2018-08-01,Riz local,275.0,281.85,20,2018,107.363218008605,256.1398634474231,0.917431192660545
2018-09-01,Riz local,275.0,280.1111111111111,18,2018,107.363218008605,256.1398634474231,5.769230769230771
2018-10-01,Riz local,277.5,298.2857142857143,21,2018,107.363218008605,258.4684076605815,4.716981132075482
2018-11-01,Riz local,287.5,290.1,20,2018,107.363218008605,267.78258451321506,6.481481481481488
2018-12-01,Riz local,287.5,287.0,20,2018,107.363218008605,267.78258451321506,6.481481481481488
2019-01-01,Riz local,287.5,288.7368421052632,19,2019,109.252930368352,263.1508363489003,4.545454545454541
2019-02-01,Riz local,275.0,282.1764705882353,17,2019,109.252930368352,251.70949563807858,2.230483271375472
2019-03-01,Riz local,294.0,287.8333333333333,18,2019,109.252930368352,269.1003335185277,6.909090909090909
2019-04-01,Riz local,280.0,285.94736842105266,19,2019,109.252930368352,256.2860319224073,0.9009009009008917
2019-05-01,Riz local,290.0,289.10526315789474,19,2019,109.252930368352,265.43910449106465,6.813996316758741
2019-06-01,Riz local,300.0,301.7647058823529,17,2019,109.252930368352,274.5921770597221,9.090909090909083
2019-07-01,Riz local,300.0,297.9,20,2019,109.252930368352,274.5921770597221,8.108108108108114
2019-08-01,Riz local,300.0,297.6470588235294,17,2019,109.252930368352,274.5921770597221,9.090909090909083
2019-09-01,Riz local,300.0,306.5,20,2019,109.252930368352,274.5921770597221,9.090909090909083
2019-10-01,Riz local,300.0,306.7105263157895,19,2019,109.252930368352,274.5921770597221,8.108108108108114
2019-11-01,Riz local,300.0,304.1666666666667,12,2019,109.252930368352,274.5921770597221,4.347826086956519
2019-12-01,Riz local,300.0,290.5625,20,2019,109.252930368352,274.5921770597221,4.347826086956519
2020-01-01,Riz local,300.0,290.8331578947368,19,2020,112.031392832995,267.782085372454,4.347826086956519
2020-02-01,Riz local,300.0,296.4604761904762,21,2020,112.031392832995,267.782085372454,9.090909090909083
2020-03-01,Riz local,300.0,309.3333333333333,15,2020,112.031392832995,267.782085372454,2.0408163265306145
2020-04-01,Riz local,296.0,299.39666666666665,15,2020,112.031392832995,264.211657567488,5.714285714285716
2020-05-01,Riz local,337.5,334.90777777777777,9,2020,112.031392832995,301.2548460440108,16.37931034482758
2020-06-01,Riz local,324.16499999999996,307.05285714285714,14,2020,112.031392832995,289.3519323492052,8.054999999999989
2020-07-01,Riz local,300.0,304.16705882352943,17,2020,112.031392832995,267.782085372454,0.0
2020-08-01,Riz local,300.0,298.5833333333333,15,2020,112.031392832995,267.782085372454,0.0
2020-09-01,Riz local,300.0,302.9117647058824,17,2020,112.031392832995,267.782085372454,0.0
2020-10-01,Riz local,300.0,304.359375,16,2020,112.031392832995,267.782085372454,0.0
2020-11-01,Riz local,300.0,305.27761904761905,21,2020,112.031392832995,267.782085372454,0.0
2020-12-01,Riz local,300.0,296.0585,20,2020,112.031392832995,267.782085372454,0.0
2021-01-01,Riz local,300.0,316.25,19,2021,114.474038812672,262.06815371555734,0.0
2021-02-01,Riz local,300.0,314.375,18,2021,114.474038812672,262.06815371555734,0.0
2021-03-01,Riz local,300.0,306.1388888888889,18,2021,114.474038812672,262.06815371555734,0.0
2021-04-01,Riz local,300.0,292.05882352941177,17,2021,114.474038812672,262.06815371555734,1.3513513513513598
2021-05-01,Riz local,300.0,304.30555555555554,18,2021,114.474038812672,262.06815371555734,-11.111111111111116
2021-06-01,Riz local,305.0,312.6388888888889,18,2021,114.474038812672,266.4359562774833,-5.912112658676893
2021-07-01,Riz local,300.0,297.9166666666667,18,2021,114.474038812672,262.06815371555734,0.0
2021-08-01,Riz local,300.0,315.5882352941176,17,2021,114.474038812672,262.06815371555734,0.0
2021-09-01,Riz local,300.0,308.8235294117647,17,2021,114.474038812672,262.06815371555734,0.0
2021-10-01,Riz local,300.0,314.70588235294116,17,2021,114.474038812672,262.06815371555734,0.0
2021-11-01,Riz local,323.0,326.55555555555554,9,2021,114.474038812672,282.1600455004167,7.666666666666666
2021-12-01,Riz local,321.5,324.125,8,2021,114.474038812672,280.8497047318389,7.166666666666677
2022-01-01,Riz local,326.5,323.625,8,2022,125.574379147807,260.0052671697417,8.833333333333337
2022-02-01,Riz local,325.0,338.3333333333333,9,2022,125.574379147807,258.8107559882574,8.333333333333325
2022-03-01,Riz local,338.0,334.625,8,2022,125.574379147807,269.1631862277878,12.666666666666671
2022-04-01,Riz local,343.0,342.9,10,2022,125.574379147807,273.14489016606865,14.333333333333332
2022-05-01,Riz local,350.0,355.7,10,2022,125.574379147807,278.7192756796619,16.666666666666675
2022-06-01,Riz local,370.0,382.2,10,2022,125.574379147807,294.6460914327854,21.311475409836067
2022-07-01,Riz local,350.0,378.05263157894734,19,2022,125.574379147807,278.7192756796619,16.666666666666675
2022-08-01,Riz local,375.0,380.32,25,2022,125.574379147807,298.62779537106627,25.0
2022-09-01,Riz local,375.0,386.3333333333333,27,2022,125.574379147807,298.62779537106627,25.0
2022-10-01,Riz local,400.0,398.35714285714283,28,2022,125.574379147807,318.5363150624707,33.33333333333333
2022-11-01,Riz local,400.0,401.0892857142857,28,2022,125.574379147807,318.5363150624707,23.839009287925705
2022-12-01,Riz local,400.0,398.51851851851853,27,2022,125.574379147807,318.5363150624707,24.41679626749611
2023-01-01,Riz local,400.0,396.94642857142856,28,2023,133.032841755522,300.67763322314846,22.511485451761093
2023-02-01,Riz local,400.0,399.64285714285717,28,2023,133.032841755522,300.67763322314846,23.076923076923084
2023-03-01,Riz local,400.0,404.6296296296296,27,2023,133.032841755522,300.67763322314846,18.343195266272193
2023-04-01,Riz local,400.0,397.5,30,2023,133.032841755522,300.67763322314846,16.618075801749278
2023-05-01,Riz local,400.0,403.037037037037,27,2023,133.032841755522,300.67763322314846,14.28571428571428
2023-06-01,Riz local,400.0,405.13793103448273,29,2023,133.032841755522,300.67763322314846,8.108108108108114
2023-07-01,Riz local,400.0,406.758064516129,31,2023,133.032841755522,300.67763322314846,14.28571428571428
2023-08-01,Riz local,400.0,404.6212121212121,33,2023,133.032841755522,300.67763322314846,6.666666666666665
2023-09-01,Riz local,400.0,404.2741935483871,31,2023,133.032841755522,300.67763322314846,6.666666666666665
2023-10-01,Riz local,400.0,410.72058823529414,34,2023,133.032841755522,300.67763322314846,0.0
2023-11-01,Riz local,400.0,407.5857142857143,35,2023,133.032841755522,300.67763322314846,0.0
2023-12-01,Riz local,400.0,406.74285714285713,35,2023,133.032841755522,300.67763322314846,0.0
2024-01-01,Riz local,400.0,417.25714285714287,35,2024,134.103095355923,298.27797705814334,0.0
2024-02-01,Riz local,425.0,426.65714285714284,35,2024,134.103095355923,316.92035062427726,6.25
2024-03-01,Riz local,438.0,439.54545454545456,33,2024,134.103095355923,326.6143848786669,9.499999999999996
2024-04-01,Riz local,450.0,451.0625,32,2024,134.103095355923,335.5627241904112,12.5
2024-05-01,Riz local,450.0,456.47058823529414,34,2024,134.103095355923,335.5627241904112,12.5
2024-06-01,Riz local,441.0,451.2,30,2024,134.103095355923,328.851469706603,10.250000000000004
2024-07-01,Riz local,425.0,447.59375,32,2024,134.103095355923,316.92035062427726,6.25
2024-08-01,Riz local,425.0,440.61290322580646,31,2024,134.103095355923,316.92035062427726,6.25
2024-09-01,Riz local,425.0,443.51612903225805,31,2024,134.103095355923,316.92035062427726,6.25
2024-10-01,Riz local,425.0,441.06451612903226,31,2024,134.103095355923,316.92035062427726,6.25
2024-11-01,Riz local,425.0,440.0,32,2024,134.103095355923,316.92035062427726,6.25
2024-12-01,Riz local,425.0,443.53125,32,2024,134.103095355923,316.92035062427726,6.25
2025-01-01,Riz local,425.0,442.2083333333333,30,2025,134.103095355923,316.92035062427726,6.25
2025-02-01,Riz local,408.33,424.28523809523807,21,2025,134.103095355923,304.4896159303791,-3.922352941176477
2025-03-01,Riz local,425.0,427.04545454545456,22,2025,134.103095355923,316.92035062427726,-2.9680365296803624
2025-04-01,Riz local,412.5,425.35269230769234,26,2025,134.103095355923,307.59916384121027,-8.333333333333337
2025-05-01,Riz local,420.0,422.2223333333333,30,2025,134.103095355923,313.19187591105043,-6.666666666666665
2025-06-01,Riz local,405.0,415.545,26,2025,134.103095355923,302.0064517713701,-8.163265306122447
2025-07-01,Riz local,420.0,428.2251851851852,27,2025,134.103095355923,313.19187591105043,-1.17647058823529
2025-08-01,Riz local,416.67,417.35225806451615,31,2025,134.103095355923,310.70871175204144,-1.959999999999995
2025-09-01,Riz local,425.0,420.96774193548384,31,2025,134.103095355923,316.92035062427726,0.0
2025-10-01,Riz local,425.0,430.96714285714285,28,2025,134.103095355923,316.92035062427726,0.0
2025-11-01,Riz local,412.5,415.9166666666667,24,2025,134.103095355923,307.59916384121027,-2.941176470588236
2025-12-01,Riz local,425.0,421.85714285714283,14,2025,134.103095355923,316.92035062427726,0.0
2026-01-01,Riz local,412.5,419.1875,32,2026,134.103095355923,307.59916384121027,-2.941176470588236
2026-02-01,Riz local,385.0,398.0,31,2026,134.103095355923,287.0925529184629,-5.71351602870227
2026-03-01,Riz local,400.0,395.9622580645161,31,2026,134.103095355923,298.27797705814334,-5.882352941176472
2014-06-01,Riz ordinaire 1re qual.,450.0,434.7368421052632,19,2014,104.46308699624,430.77417386315335,
2020-04-01,Riz ordinaire 1re qual.,433.33,431.848,25,2020,112.031392832995,386.793370181485,
2020-05-01,Riz ordinaire 1re qual.,500.0,500.0,4,2020,112.031392832995,446.3034756207567,
2020-06-01,Riz ordinaire 1re qual.,500.0,469.71241379310345,29,2020,112.031392832995,446.3034756207567,
2020-07-01,Riz ordinaire 1re qual.,493.75,461.8490625,32,2020,112.031392832995,440.7246821754972,
2020-08-01,Riz ordinaire 1re qual.,475.0,459.74757575757576,33,2020,112.031392832995,423.9883018397189,
2020-09-01,Riz ordinaire 1re qual.,500.0,465.6818181818182,33,2020,112.031392832995,446.3034756207567,
2020-10-01,Riz ordinaire 1re qual.,475.0,465.73242424242426,33,2020,112.031392832995,423.9883018397189,
2020-11-01,Riz ordinaire 1re qual.,475.0,465.49029411764707,34,2020,112.031392832995,423.9883018397189,
2020-12-01,Riz ordinaire 1re qual.,459.375,463.39441176470586,34,2020,112.031392832995,410.04131822657024,
2021-04-01,Riz ordinaire 1re qual.,450.0,454.33342857142856,35,2021,114.474038812672,393.10223057333593,
2021-05-01,Riz ordinaire 1re qual.,450.0,445.625,32,2021,114.474038812672,393.10223057333593,
2021-06-01,Riz ordinaire 1re qual.,450.0,447.1621621621622,37,2021,114.474038812672,393.10223057333593,0.0
2021-07-01,Riz ordinaire 1re qual.,450.0,446.6396774193548,31,2021,114.474038812672,393.10223057333593,3.8469526688666766
2021-08-01,Riz ordinaire 1re qual.,450.0,452.4166666666667,30,2021,114.474038812672,393.10223057333593,-9.999999999999998
2021-09-01,Riz ordinaire 1re qual.,450.0,452.0967741935484,31,2021,114.474038812672,393.10223057333593,-9.999999999999998
2021-10-01,Riz ordinaire 1re qual.,450.0,457.0967741935484,31,2021,114.474038812672,393.10223057333593,-8.860759493670889
2021-11-01,Riz ordinaire 1re qual.,450.0,452.9230769230769,13,2021,114.474038812672,393.10223057333593,-5.263157894736848
2021-12-01,Riz ordinaire 1re qual.,466.0,456.6363636363636,11,2021,114.474038812672,407.079198771499,-6.799999999999995
2022-01-01,Riz ordinaire 1re qual.,453.0,459.1818181818182,11,2022,125.574379147807,360.7423768082481,-4.6315789473684195
2022-02-01,Riz ordinaire 1re qual.,453.0,467.9166666666667,12,2022,125.574379147807,360.7423768082481,-4.6315789473684195
2022-03-01,Riz ordinaire 1re qual.,454.0,453.7857142857143,14,2022,125.574379147807,361.53871759590425,-1.1700680272108799
2022-04-01,Riz ordinaire 1re qual.,466.0,453.2142857142857,14,2022,125.574379147807,371.0948070477784,3.5555555555555562
2022-05-01,Riz ordinaire 1re qual.,466.5,468.57142857142856,14,2022,125.574379147807,371.49297744160646,3.6666666666666625
2022-06-01,Riz ordinaire 1re qual.,475.0,479.42857142857144,14,2022,125.574379147807,378.26187413668396,5.555555555555558
2022-07-01,Riz ordinaire 1re qual.,466.5,469.43333333333334,30,2022,125.574379147807,371.49297744160646,3.6666666666666625
2022-08-01,Riz ordinaire 1re qual.,500.0,483.24242424242425,33,2022,125.574379147807,398.1703938280884,11.111111111111116
2022-09-01,Riz ordinaire 1re qual.,500.0,489.1212121212121,33,2022,125.574379147807,398.1703938280884,11.111111111111116
2022-10-01,Riz ordinaire 1re qual.,500.0,501.6578947368421,38,2022,125.574379147807,398.1703938280884,11.111111111111116
2022-11-01,Riz ordinaire 1re qual.,500.0,512.6351351351351,37,2022,125.574379147807,398.1703938280884,11.111111111111116
2022-12-01,Riz ordinaire 1re qual.,500.0,503.6578947368421,38,2022,125.574379147807,398.1703938280884,7.296137339055786
2023-01-01,Riz ordinaire 1re qual.,500.0,507.1111111111111,36,2023,133.032841755522,375.84704152893556,10.375275938189855
2023-02-01,Riz ordinaire 1re qual.,500.0,512.1666666666666,36,2023,133.032841755522,375.84704152893556,10.375275938189855
2023-03-01,Riz ordinaire 1re qual.,500.0,514.0588235294117,34,2023,133.032841755522,375.84704152893556,10.13215859030836
2023-04-01,Riz ordinaire 1re qual.,500.0,510.4736842105263,38,2023,133.032841755522,375.84704152893556,7.296137339055786
2023-05-01,Riz ordinaire 1re qual.,500.0,516.2777777777778,36,2023,133.032841755522,375.84704152893556,7.181136120042875
2023-06-01,Riz ordinaire 1re qual.,500.0,518.0555555555555,36,2023,133.032841755522,375.84704152893556,5.263157894736836
2023-07-01,Riz ordinaire 1re qual.,500.0,520.0769230769231,39,2023,133.032841755522,375.84704152893556,7.181136120042875
2023-08-01,Riz ordinaire 1re qual.,500.0,511.7567567567568,37,2023,133.032841755522,375.84704152893556,0.0
2023-09-01,Riz ordinaire 1re qual.,500.0,510.79411764705884,34,2023,133.032841755522,375.84704152893556,0.0
2023-10-01,Riz ordinaire 1re qual.,500.0,511.875,40,2023,133.032841755522,375.84704152893556,0.0
2023-11-01,Riz ordinaire 1re qual.,500.0,508.05263157894734,38,2023,133.032841755522,375.84704152893556,0.0
2023-12-01,Riz ordinaire 1re qual.,500.0,508.05,40,2023,133.032841755522,375.84704152893556,0.0
2024-01-01,Riz ordinaire 1re qual.,500.0,511.7368421052632,38,2024,134.103095355923,372.8474713226791,0.0
2024-02-01,Riz ordinaire 1re qual.,528.25,535.2875,40,2024,134.103095355923,393.9133534524105,5.6499999999999995
2024-03-01,Riz ordinaire 1re qual.,550.0,548.4024390243902,41,2024,134.103095355923,410.13221845494706,10.000000000000009
2024-04-01,Riz ordinaire 1re qual.,550.0,554.7567567567568,37,2024,134.103095355923,410.13221845494706,10.000000000000009
2024-05-01,Riz ordinaire 1re qual.,587.5,563.6764705882352,34,2024,134.103095355923,438.095778804148,17.500000000000004
2024-06-01,Riz ordinaire 1re qual.,550.0,554.0,37,2024,134.103095355923,410.13221845494706,10.000000000000009
2024-07-01,Riz ordinaire 1re qual.,550.0,542.8809523809524,42,2024,134.103095355923,410.13221845494706,10.000000000000009
2024-08-01,Riz ordinaire 1re qual.,550.0,544.3170731707318,41,2024,134.103095355923,410.13221845494706,10.000000000000009
2024-09-01,Riz ordinaire 1re qual.,550.0,545.7317073170732,41,2024,134.103095355923,410.13221845494706,10.000000000000009
2024-10-01,Riz ordinaire 1re qual.,550.0,550.2,40,2024,134.103095355923,410.13221845494706,10.000000000000009
2024-11-01,Riz ordinaire 1re qual.,550.0,547.2142857142857,42,2024,134.103095355923,410.13221845494706,10.000000000000009
2024-12-01,Riz ordinaire 1re qual.,550.0,555.5,40,2024,134.103095355923,410.13221845494706,10.000000000000009
2025-01-01,Riz ordinaire 1re qual.,550.0,557.2915,40,2025,134.103095355923,410.13221845494706,10.000000000000009
2025-02-01,Riz ordinaire 1re qual.,550.0,548.125,32,2025,134.103095355923,410.13221845494706,4.117368670137256
2025-03-01,Riz ordinaire 1re qual.,575.0,560.0,34,2025,134.103095355923,428.774592021081,4.545454545454541
2025-04-01,Riz ordinaire 1re qual.,540.0,535.1857142857143,35,2025,134.103095355923,402.6752690284934,-1.8181818181818188
2025-05-01,Riz ordinaire 1re qual.,537.5,530.0694444444445,36,2025,134.103095355923,400.8110316718801,-8.510638297872342
2025-06-01,Riz ordinaire 1re qual.,525.0,534.389,30,2025,134.103095355923,391.4898448888131,-4.545454545454541
2025-07-01,Riz ordinaire 1re qual.,550.0,539.758064516129,31,2025,134.103095355923,410.13221845494706,0.0
2025-08-01,Riz ordinaire 1re qual.,550.0,540.8974358974359,39,2025,134.103095355923,410.13221845494706,0.0
2025-09-01,Riz ordinaire 1re qual.,550.0,536.969696969697,33,2025,134.103095355923,410.13221845494706,0.0
2025-10-01,Riz ordinaire 1re qual.,550.0,535.4032258064516,31,2025,134.103095355923,410.13221845494706,0.0
2025-11-01,Riz ordinaire 1re qual.,550.0,533.4285714285714,28,2025,134.103095355923,410.13221845494706,0.0
2025-12-01,Riz ordinaire 1re qual.,550.0,537.9166666666666,24,2025,134.103095355923,410.13221845494706,0.0
2026-01-01,Riz ordinaire 1re qual.,550.0,527.4242424242424,33,2026,134.103095355923,410.13221845494706,0.0
2026-02-01,Riz ordinaire 1re qual.,550.0,511.3888888888889,36,2026,134.103095355923,410.13221845494706,0.0
2026-03-01,Riz ordinaire 1re qual.,550.0,503.1146875,32,2026,134.103095355923,410.13221845494706,-4.347826086956519
2014-06-01,Riz ordinaire 2e qual.,270.0,282.30942857142855,35,2014,104.46308699624,258.464504317892,
2007-01-01,Sorgho,172.5,160.57750000000001,28,2007,94.1412876405036,183.23522475996293,
2007-02-01,Sorgho,172.5,163.59088235294118,34,2007,94.1412876405036,183.23522475996293,
2007-03-01,Sorgho,169.375,169.05555555555554,36,2007,94.1412876405036,179.91574605054333,
2007-04-01,Sorgho,175.0,175.05,30,2007,94.1412876405036,185.89080772749864,
2007-05-01,Sorgho,173.33,172.41170731707317,41,2007,94.1412876405036,184.11687830518483,
2007-06-01,Sorgho,170.0,172.3739024390244,41,2007,94.1412876405036,180.57964179242725,
2007-07-01,Sorgho,184.16500000000002,181.42526315789473,38,2007,94.1412876405036,195.62617488648453,
2007-08-01,Sorgho,194.5,213.68666666666667,33,2007,94.1412876405036,206.60435487427705,
2007-09-01,Sorgho,200.0,207.0089189189189,37,2007,94.1412876405036,212.4466374028556,
2007-10-01,Sorgho,200.0,199.71939393939394,33,2007,94.1412876405036,212.4466374028556,
2007-11-01,Sorgho,200.0,189.16444444444446,36,2007,94.1412876405036,212.4466374028556,
2007-12-01,Sorgho,194.5,190.98310344827587,29,2007,94.1412876405036,206.60435487427705,
2008-01-01,Sorgho,200.0,189.49428571428572,28,2008,101.058038553206,197.90607740194966,15.94202898550725
2008-02-01,Sorgho,200.0,188.30914285714286,35,2008,101.058038553206,197.90607740194966,15.94202898550725
2008-03-01,Sorgho,200.0,192.46428571428572,35,2008,101.058038553206,197.90607740194966,18.081180811808117
2008-04-01,Sorgho,200.0,199.947,30,2008,101.058038553206,197.90607740194966,14.28571428571428
2008-05-01,Sorgho,200.0,206.71827586206896,29,2008,101.058038553206,197.90607740194966,15.386834362199275
2008-06-01,Sorgho,210.0,210.8268,25,2008,101.058038553206,207.80138127204714,23.529411764705888
2008-07-01,Sorgho,225.0,222.7228125,32,2008,101.058038553206,222.64433707719337,22.17305133983112
2008-08-01,Sorgho,211.25,213.49074074074073,27,2008,101.058038553206,209.03829425580932,8.611825192802058
2008-09-01,Sorgho,220.0,221.1237931034483,29,2008,101.058038553206,217.69668514214464,10.000000000000009
2008-10-01,Sorgho,209.25,208.03833333333333,24,2008,101.058038553206,207.05923348178982,4.62499999999999
2008-11-01,Sorgho,180.0,176.44241379310344,29,2008,101.058038553206,178.1154696617547,-9.999999999999998
2008-12-01,Sorgho,180.0,178.11407407407407,27,2008,101.058038553206,178.1154696617547,-7.455012853470433
2009-01-01,Sorgho,195.0,189.00275862068966,29,2009,98.7862321407254,197.39592833363034,-2.500000000000002
2009-02-01,Sorgho,190.0,184.92766666666665,30,2009,98.7862321407254,192.33449427379367,-5.000000000000004
2009-03-01,Sorgho,195.0,186.70323529411763,34,2009,98.7862321407254,197.39592833363034,-2.500000000000002
2009-04-01,Sorgho,195.25,193.77625,32,2009,98.7862321407254,197.64900003662217,-2.375000000000005
2009-05-01,Sorgho,200.0,200.76870967741937,31,2009,98.7862321407254,202.45736239346698,0.0
2009-06-01,Sorgho,200.0,203.9935135135135,37,2009,98.7862321407254,202.45736239346698,-4.761904761904767
2009-07-01,Sorgho,200.0,208.36264705882354,34,2009,98.7862321407254,202.45736239346698,-11.111111111111116
2009-08-01,Sorgho,200.0,209.7865625,32,2009,98.7862321407254,202.45736239346698,-5.3254437869822535
2009-09-01,Sorgho,200.0,199.5735294117647,34,2009,98.7862321407254,202.45736239346698,-9.090909090909093
2009-10-01,Sorgho,197.5,182.18269230769232,26,2009,98.7862321407254,199.92664536354866,-5.6152927120669105
2009-11-01,Sorgho,175.0,178.22064516129032,31,2009,98.7862321407254,177.15019209428363,-2.777777777777779
2009-12-01,Sorgho,170.0,169.5518918918919,37,2009,98.7862321407254,172.08875803444695,-5.555555555555558
2010-01-01,Sorgho,185.0,183.81060606060606,33,2010,100.0,185.0,-5.128205128205132
2010-02-01,Sorgho,180.0,177.30382352941177,34,2010,100.0,180.0,-5.263157894736848
2010-03-01,Sorgho,185.0,181.78205128205127,39,2010,100.0,185.0,-5.128205128205132
2010-04-01,Sorgho,185.0,185.672,30,2010,100.0,185.0,-5.2496798975672165
2010-05-01,Sorgho,182.08499999999998,186.56966666666668,30,2010,100.0,182.08499999999998,-8.957500000000007
2010-06-01,Sorgho,187.5,187.755,34,2010,100.0,187.5,-6.25
2010-07-01,Sorgho,185.0,190.05,35,2010,100.0,185.0,-7.499999999999996
2010-08-01,Sorgho,180.0,185.43342857142858,35,2010,100.0,180.0,-9.999999999999998
2010-09-01,Sorgho,183.33499999999998,180.768125,32,2010,100.0,183.33499999999998,-8.33250000000001
2010-10-01,Sorgho,182.08499999999998,167.62387096774194,31,2010,100.0,182.08499999999998,-7.805063291139247
2010-11-01,Sorgho,182.08499999999998,164.386,25,2010,100.0,182.08499999999998,4.048571428571424
2010-12-01,Sorgho,182.5,169.72969696969696,33,2010,100.0,182.5,7.352941176470584
2011-01-01,Sorgho,180.0,173.995,34,2011,103.40322829787,174.0758030121462,-2.7027027027026973
2011-02-01,Sorgho,182.5,181.8936111111111,36,2011,103.40322829787,176.493522498426,1.388888888888884
2011-03-01,Sorgho,181.66500000000002,183.19472222222223,36,2011,103.40322829787,175.68600419000856,-1.8027027027026965
2011-04-01,Sorgho,190.0,187.01914285714287,35,2011,103.40322829787,183.74668095726543,2.7027027027026973
2011-05-01,Sorgho,200.0,195.23214285714286,28,2011,103.40322829787,193.41755890238468,9.838811544059102
2011-06-01,Sorgho,200.0,196.13151515151515,33,2011,103.40322829787,193.41755890238468,6.666666666666665
2011-07-01,Sorgho,200.0,199.37363636363636,33,2011,103.40322829787,193.41755890238468,8.108108108108114
2011-08-01,Sorgho,200.0,199.5483870967742,31,2011,103.40322829787,193.41755890238468,11.111111111111116
2011-09-01,Sorgho,220.0,211.233,30,2011,103.40322829787,212.75931479262314,19.998909100826378
2011-10-01,Sorgho,222.5,219.58307692307693,26,2011,103.40322829787,215.17703427890297,22.195677842765747
2011-11-01,Sorgho,200.0,197.62040000000002,25,2011,103.40322829787,193.41755890238468,9.838811544059102
2011-12-01,Sorgho,192.70999999999998,203.59733333333332,30,2011,103.40322829787,186.36748888039273,5.594520547945203
2012-01-01,Sorgho,193.75,214.81060606060606,33,2012,104.869722570496,184.75303953412913,7.638888888888884
2012-02-01,Sorgho,221.0,219.80645161290323,31,2012,104.869722570496,210.73766057828408,21.095890410958894
2012-03-01,Sorgho,225.0,228.4025,36,2012,104.869722570496,214.5519168783435,23.85434728758977
2012-04-01,Sorgho,225.0,226.00735294117646,34,2012,104.869722570496,214.5519168783435,18.421052631578938
2012-05-01,Sorgho,200.83499999999998,208.7809090909091,44,2012,104.869722570496,191.5090410056094,0.4174999999999818
2012-06-01,Sorgho,250.0,242.78571428571428,35,2012,104.869722570496,238.391018753715,25.0
2012-07-01,Sorgho,250.0,252.12764705882353,34,2012,104.869722570496,238.391018753715,25.0
2012-08-01,Sorgho,250.0,257.513125,32,2012,104.869722570496,238.391018753715,25.0
2012-09-01,Sorgho,250.0,261.6304347826087,23,2012,104.869722570496,238.391018753715,13.636363636363647
2012-10-01,Sorgho,250.0,248.91649999999998,20,2012,104.869722570496,238.391018753715,12.35955056179776
2012-11-01,Sorgho,200.0,213.35227272727272,22,2012,104.869722570496,190.71281500297198,0.0
2012-12-01,Sorgho,213.33499999999998,215.15136363636364,22,2012,104.869722570496,203.42859194329512,10.702610139587975
2013-01-01,Sorgho,225.0,212.2355172413793,29,2013,105.614555041963,213.03881828655392,16.129032258064523
2013-02-01,Sorgho,242.5,218.54166666666666,30,2013,105.614555041963,229.60850415328588,9.728506787330327
2013-03-01,Sorgho,200.0,210.44444444444446,27,2013,105.614555041963,189.36783847693678,-11.111111111111116
2013-04-01,Sorgho,225.0,217.7329411764706,34,2013,105.614555041963,213.03881828655392,0.0
2013-05-01,Sorgho,235.0,235.32233333333335,30,2013,105.614555041963,222.50721021040073,17.011477083177738
2013-06-01,Sorgho,222.5,221.8,35,2013,105.614555041963,210.6717203055922,-10.999999999999998
2013-07-01,Sorgho,239.0,225.52333333333334,36,2013,105.614555041963,226.29456697993948,-4.400000000000004
2013-08-01,Sorgho,233.33,225.78483870967742,31,2013,105.614555041963,220.9259887591183,-6.667999999999996
2013-09-01,Sorgho,233.75,242.34375,32,2013,105.614555041963,221.32366121991987,-6.499999999999995
2013-10-01,Sorgho,225.0,221.35135135135135,37,2013,105.614555041963,213.03881828655392,-9.999999999999998
2013-11-01,Sorgho,225.0,237.01,25,2013,105.614555041963,213.03881828655392,12.5
2013-12-01,Sorgho,225.0,217.33612903225807,31,2013,105.614555041963,213.03881828655392,5.4679260318278855
2014-01-01,Sorgho,225.0,219.54972972972973,37,2014,104.46308699624,215.38708693157668,0.0
2014-02-01,Sorgho,222.5,221.04175,40,2014,104.46308699624,212.99389707678137,-8.247422680412376
2014-03-01,Sorgho,225.0,224.3665,40,2014,104.46308699624,215.38708693157668,12.5
2014-04-01,Sorgho,225.0,221.12264705882353,34,2014,104.46308699624,215.38708693157668,0.0
2014-05-01,Sorgho,225.0,226.41176470588235,34,2014,104.46308699624,215.38708693157668,-4.255319148936165
2014-06-01,Sorgho,225.83,226.6320588235294,34,2014,104.46308699624,216.18162596336873,1.4966292134831471
2014-07-01,Sorgho,225.0,231.85942857142857,35,2014,104.46308699624,215.38708693157668,-5.857740585774063
2014-08-01,Sorgho,230.0,239.97515151515154,33,2014,104.46308699624,220.17346664116727,-1.4271632451892224
2014-09-01,Sorgho,225.0,249.1821875,32,2014,104.46308699624,215.38708693157668,-3.7433155080213942
2014-10-01,Sorgho,240.0,244.51689655172413,29,2014,104.46308699624,229.74622606034845,6.666666666666665
2014-11-01,Sorgho,223.33,235.3548148148148,27,2014,104.46308699624,213.78843610857342,-0.7422222222222219
2014-12-01,Sorgho,213.125,219.4659375,32,2014,104.46308699624,204.01943512129904,-5.277777777777781
2015-01-01,Sorgho,225.0,223.04314285714287,35,2015,104.604333556103,215.09625113124451,0.0
2015-02-01,Sorgho,220.0,223.4218181818182,33,2015,104.604333556103,210.31633443943912,-1.1235955056179803
2015-03-01,Sorgho,225.0,226.66764705882352,34,2015,104.604333556103,215.09625113124451,0.0
2015-04-01,Sorgho,245.875,233.5390625,32,2015,104.604333556103,235.0524033195322,9.277777777777786
2015-05-01,Sorgho,225.0,227.9,30,2015,104.604333556103,215.09625113124451,0.0
2015-06-01,Sorgho,248.5,237.15464285714285,28,2015,104.604333556103,237.56185958273005,10.038524553867955
2015-07-01,Sorgho,237.0,238.6969696969697,33,2015,104.604333556103,226.56805119157758,5.333333333333323
2015-08-01,Sorgho,250.0,247.1875,32,2015,104.604333556103,238.99583459027173,8.695652173913038
2015-09-01,Sorgho,245.0,241.83870967741936,31,2015,104.604333556103,234.21591789846627,8.888888888888879
2015-10-01,Sorgho,227.5,235.72727272727272,22,2015,104.604333556103,217.48620947714724,-5.2083333333333375
2015-11-01,Sorgho,225.0,271.0,2,2015,104.604333556103,215.09625113124451,0.7477723548112492
2015-12-01,Sorgho,215.5,205.03846153846155,26,2015,104.604333556103,206.0144094168142,1.1143695014662836
2016-01-01,Sorgho,200.0,202.76315789473685,38,2016,105.48016989023,189.60909923460864,-11.111111111111116
2016-02-01,Sorgho,225.0,210.05405405405406,37,2016,105.48016989023,213.31023663893473,2.2727272727272707
2016-03-01,Sorgho,225.0,223.3030303030303,33,2016,105.48016989023,213.31023663893473,0.0
2016-04-01,Sorgho,225.0,218.06896551724137,29,2016,105.48016989023,213.31023663893473,-8.490086426029485
2016-05-01,Sorgho,225.0,222.61764705882354,34,2016,105.48016989023,213.31023663893473,0.0
2016-06-01,Sorgho,226.5,225.73333333333332,30,2016,105.48016989023,214.7323048831943,-8.853118712273645
2016-07-01,Sorgho,225.0,229.53846153846155,26,2016,105.48016989023,213.31023663893473,-5.063291139240511
2016-08-01,Sorgho,225.0,229.42857142857142,28,2016,105.48016989023,213.31023663893473,-9.999999999999998
2016-09-01,Sorgho,237.5,228.76923076923077,26,2016,105.48016989023,225.16080534109778,-3.0612244897959218
2016-10-01,Sorgho,225.0,230.37037037037038,27,2016,105.48016989023,213.31023663893473,-1.098901098901095
2016-11-01,Sorgho,225.0,229.39285714285714,28,2016,105.48016989023,213.31023663893473,0.0
2016-12-01,Sorgho,223.5,225.44117647058823,34,2016,105.48016989023,211.88816839467518,3.7122969837587005
2017-01-01,Sorgho,219.0,219.5,30,2017,106.870560070658,204.9207937669711,9.499999999999996
2017-02-01,Sorgho,225.0,220.22222222222223,27,2017,106.870560070658,210.53506208935383,0.0
2017-03-01,Sorgho,225.0,226.0,31,2017,106.870560070658,210.53506208935383,0.0
2017-04-01,Sorgho,225.0,237.30434782608697,23,2017,106.870560070658,210.53506208935383,0.0
2017-05-01,Sorgho,250.0,241.53846153846155,26,2017,106.870560070658,233.9278467659487,11.111111111111116
2017-06-01,Sorgho,250.0,244.32,25,2017,106.870560070658,233.9278467659487,10.375275938189855
2017-07-01,Sorgho,250.0,254.62962962962962,27,2017,106.870560070658,233.9278467659487,11.111111111111116
2017-08-01,Sorgho,258.0,265.81481481481484,27,2017,106.870560070658,241.41353786245907,14.666666666666671
2017-09-01,Sorgho,284.0,276.46153846153845,26,2017,106.870560070658,265.7420339261177,19.57894736842105
2017-10-01,Sorgho,250.0,273.46153846153845,26,2017,106.870560070658,233.9278467659487,11.111111111111116
2017-11-01,Sorgho,250.0,260.96,25,2017,106.870560070658,233.9278467659487,11.111111111111116
2017-12-01,Sorgho,250.0,259.6296296296296,27,2017,106.870560070658,233.9278467659487,11.85682326621924
2018-01-01,Sorgho,250.0,240.88,25,2018,107.363218008605,232.85442131583918,14.155251141552515
2018-02-01,Sorgho,240.0,242.88888888888889,27,2018,107.363218008605,223.54024446320562,6.666666666666665
2018-03-01,Sorgho,240.0,231.68965517241378,29,2018,107.363218008605,223.54024446320562,6.666666666666665
2018-04-01,Sorgho,250.0,246.03030303030303,33,2018,107.363218008605,232.85442131583918,11.111111111111116
2018-05-01,Sorgho,250.0,257.7096774193548,31,2018,107.363218008605,232.85442131583918,0.0
2018-06-01,Sorgho,251.5,271.06666666666666,30,2018,107.363218008605,234.2515478437342,0.6000000000000005
2018-07-01,Sorgho,250.0,314.81481481481484,27,2018,107.363218008605,232.85442131583918,0.0
2018-08-01,Sorgho,300.0,314.77272727272725,22,2018,107.363218008605,279.425305579007,16.279069767441868
2018-09-01,Sorgho,300.0,319.8666666666667,15,2018,107.363218008605,279.425305579007,5.633802816901401
2018-10-01,Sorgho,300.0,294.85714285714283,14,2018,107.363218008605,279.425305579007,19.999999999999996
2018-11-01,Sorgho,250.0,252.47826086956522,23,2018,107.363218008605,232.85442131583918,0.0
2018-12-01,Sorgho,225.0,236.5,26,2018,107.363218008605,209.56897918425526,-9.999999999999998
2019-01-01,Sorgho,225.0,242.3448275862069,29,2019,109.252930368352,205.94413279479156,-9.999999999999998
2019-02-01,Sorgho,225.0,239.79310344827587,29,2019,109.252930368352,205.94413279479156,-6.25
2019-03-01,Sorgho,225.5,248.80769230769232,26,2019,109.252930368352,206.40178642322442,-6.041666666666668
2019-04-01,Sorgho,250.0,261.0952380952381,21,2019,109.252930368352,228.82681421643508,0.0
2019-05-01,Sorgho,275.0,269.8181818181818,22,2019,109.252930368352,251.70949563807858,10.000000000000009
2019-06-01,Sorgho,300.0,279.2,20,2019,109.252930368352,274.5921770597221,19.284294234592437
2019-07-01,Sorgho,250.0,260.0,25,2019,109.252930368352,228.82681421643508,0.0
2019-08-01,Sorgho,250.0,271.42857142857144,21,2019,109.252930368352,228.82681421643508,-16.666666666666664
2019-09-01,Sorgho,250.0,259.5238095238095,21,2019,109.252930368352,228.82681421643508,-16.666666666666664
2019-10-01,Sorgho,250.0,259.25,20,2019,109.252930368352,228.82681421643508,-16.666666666666664
2019-11-01,Sorgho,225.0,236.07823529411763,17,2019,109.252930368352,205.94413279479156,-9.999999999999998
2019-12-01,Sorgho,250.0,241.21925925925927,27,2019,109.252930368352,228.82681421643508,11.111111111111116
2020-01-01,Sorgho,237.5,242.84821428571428,28,2020,112.031392832995,211.99415091985944,5.555555555555558
2020-02-01,Sorgho,250.0,247.65136363636364,22,2020,112.031392832995,223.15173781037836,11.111111111111116
2020-03-01,Sorgho,250.0,248.33333333333334,15,2020,112.031392832995,223.15173781037836,10.864745011086473
2020-04-01,Sorgho,250.0,251.76238095238097,21,2020,112.031392832995,223.15173781037836,0.0
2020-05-01,Sorgho,265.0,259.375,6,2020,112.031392832995,236.54084207900104,-3.6363636363636376
2020-06-01,Sorgho,250.0,275.87944444444446,18,2020,112.031392832995,223.15173781037836,-16.666666666666664
2020-07-01,Sorgho,250.0,298.42611111111114,18,2020,112.031392832995,223.15173781037836,0.0
2020-08-01,Sorgho,256.25,288.3335,20,2020,112.031392832995,228.7305312556378,2.499999999999991
2020-09-01,Sorgho,253.125,292.4772222222222,18,2020,112.031392832995,225.9411345330081,1.2499999999999956
2020-10-01,Sorgho,250.0,293.7278947368421,19,2020,112.031392832995,223.15173781037836,0.0
2020-11-01,Sorgho,250.0,267.2916666666667,24,2020,112.031392832995,223.15173781037836,11.111111111111116
2020-12-01,Sorgho,250.0,255.53571428571428,28,2020,112.031392832995,223.15173781037836,0.0
2021-01-01,Sorgho,253.125,246.90692307692308,26,2021,114.474038812672,221.12000469750149,6.578947368421062
2021-02-01,Sorgho,233.33,247.7832,25,2021,114.474038812672,203.82787435483664,-6.667999999999996
2021-03-01,Sorgho,250.0,256.4325,32,2021,114.474038812672,218.39012809629773,0.0
2021-04-01,Sorgho,250.0,256.6355555555555,27,2021,114.474038812672,218.39012809629773,0.0
2021-05-01,Sorgho,250.0,263.5914285714286,21,2021,114.474038812672,218.39012809629773,-5.660377358490565
2021-06-01,Sorgho,278.125,269.21875,24,2021,114.474038812672,242.95901750713128,11.250000000000004
2021-07-01,Sorgho,270.0,262.3186956521739,23,2021,114.474038812672,235.86133834400158,8.000000000000007
2021-08-01,Sorgho,271.0,264.04761904761904,21,2021,114.474038812672,236.73489885638674,5.756097560975615
2021-09-01,Sorgho,282.5,271.25,20,2021,114.474038812672,246.78084474881646,11.604938271604937
2021-10-01,Sorgho,275.0,269.04761904761904,21,2021,114.474038812672,240.22914090592752,10.000000000000009
2021-11-01,Sorgho,275.0,275.1,10,2021,114.474038812672,240.22914090592752,10.000000000000009
2021-12-01,Sorgho,271.0,272.55555555555554,9,2021,114.474038812672,236.73489885638674,8.400000000000007
2022-01-01,Sorgho,277.5,290.6,10,2022,125.574379147807,220.98456857458905,9.629629629629633
2022-02-01,Sorgho,305.0,312.375,8,2022,125.574379147807,242.88394023513393,30.716153087901255
2022-03-01,Sorgho,311.0,310.0,10,2022,125.574379147807,247.66198496107097,24.4
2022-04-01,Sorgho,363.0,364.6666666666667,9,2022,125.574379147807,289.07170591919214,45.199999999999996
2022-05-01,Sorgho,391.5,391.3,10,2022,125.574379147807,311.7674183673932,56.60000000000001
2022-06-01,Sorgho,408.0,422.0,9,2022,125.574379147807,324.9070413637201,46.69662921348314
2022-07-01,Sorgho,400.0,410.72222222222223,18,2022,125.574379147807,318.5363150624707,48.14814814814814
2022-08-01,Sorgho,400.0,432.76190476190476,21,2022,125.574379147807,318.5363150624707,47.601476014760145
2022-09-01,Sorgho,408.0,429.1904761904762,21,2022,125.574379147807,324.9070413637201,44.424778761061944
2022-10-01,Sorgho,408.0,451.95454545454544,22,2022,125.574379147807,324.9070413637201,48.36363636363637
2022-11-01,Sorgho,412.5,423.19565217391306,23,2022,125.574379147807,328.4905749081729,50.0
2022-12-01,Sorgho,400.0,407.0344827586207,29,2022,125.574379147807,318.5363150624707,47.601476014760145
2023-01-01,Sorgho,400.0,407.76666666666665,30,2023,133.032841755522,300.67763322314846,44.144144144144136
2023-02-01,Sorgho,412.5,422.03125,32,2023,133.032841755522,310.0738092613719,35.24590163934427
2023-03-01,Sorgho,425.0,435.0,25,2023,133.032841755522,319.46998529959524,36.65594855305465
2023-04-01,Sorgho,425.0,442.0,26,2023,133.032841755522,319.46998529959524,17.07988980716253
2023-05-01,Sorgho,425.0,434.59090909090907,22,2023,133.032841755522,319.46998529959524,8.556832694763727
2023-06-01,Sorgho,400.0,428.1666666666667,24,2023,133.032841755522,300.67763322314846,-1.9607843137254943
2023-07-01,Sorgho,425.0,435.59090909090907,22,2023,133.032841755522,319.46998529959524,6.25
2023-08-01,Sorgho,425.0,434.23809523809524,21,2023,133.032841755522,319.46998529959524,6.25
2023-09-01,Sorgho,416.5,425.40909090909093,22,2023,133.032841755522,313.08058559360336,2.083333333333326
2023-10-01,Sorgho,375.0,384.14,25,2023,133.032841755522,281.8852811467017,-8.088235294117652
2023-11-01,Sorgho,375.0,367.7173913043478,23,2023,133.032841755522,281.8852811467017,-9.090909090909093
2023-12-01,Sorgho,350.0,368.94,25,2023,133.032841755522,263.0929290702549,-12.5
2024-01-01,Sorgho,350.0,361.1666666666667,27,2024,134.103095355923,260.99322992587537,-12.5
2024-02-01,Sorgho,350.0,373.6857142857143,35,2024,134.103095355923,260.99322992587537,-15.151515151515149
2024-03-01,Sorgho,350.0,377.0135135135135,37,2024,134.103095355923,260.99322992587537,-17.647058823529417
2024-04-01,Sorgho,350.0,368.65625,32,2024,134.103095355923,260.99322992587537,-17.647058823529417
2024-05-01,Sorgho,338.0,354.77272727272725,33,2024,134.103095355923,252.04489061413108,-20.47058823529412
2024-06-01,Sorgho,350.0,371.24285714285713,35,2024,134.103095355923,260.99322992587537,-12.5
2024-07-01,Sorgho,350.0,385.8,35,2024,134.103095355923,260.99322992587537,-17.647058823529417
2024-08-01,Sorgho,350.0,404.97058823529414,34,2024,134.103095355923,260.99322992587537,-17.647058823529417
2024-09-01,Sorgho,400.0,421.4166666666667,30,2024,134.103095355923,298.27797705814334,-3.961584633853543
2024-10-01,Sorgho,400.0,418.4807692307692,26,2024,134.103095355923,298.27797705814334,6.666666666666665
2024-11-01,Sorgho,400.0,399.3392857142857,28,2024,134.103095355923,298.27797705814334,6.666666666666665
2024-12-01,Sorgho,358.0,365.31481481481484,27,2024,134.103095355923,266.9587894670383,2.285714285714291
2025-01-01,Sorgho,325.0,340.2734375,32,2025,134.103095355923,242.3508563597414,-7.14285714285714
2025-02-01,Sorgho,316.67,371.7903703703704,27,2025,134.103095355923,236.13921748750562,-9.522857142857132
2025-03-01,Sorgho,312.5,343.0357142857143,28,2025,134.103095355923,233.02966957667445,-10.71428571428571
2025-04-01,Sorgho,350.0,375.91346153846155,26,2025,134.103095355923,260.99322992587537,0.0
2025-05-01,Sorgho,300.0,363.0,25,2025,134.103095355923,223.70848279360746,-11.24260355029586
2025-06-01,Sorgho,353.75,376.79200000000003,20,2025,134.103095355923,263.7895859607955,1.0714285714285676
2025-07-01,Sorgho,400.0,384.22208333333333,24,2025,134.103095355923,298.27797705814334,14.28571428571428
2025-08-01,Sorgho,362.5,368.72035714285715,28,2025,134.103095355923,270.31441670894236,3.571428571428581
2025-09-01,Sorgho,387.5,366.47423076923076,26,2025,134.103095355923,288.9567902750763,-3.125
2025-10-01,Sorgho,400.0,377.27272727272725,22,2025,134.103095355923,298.27797705814334,0.0
2025-11-01,Sorgho,400.0,376.4736842105263,19,2025,134.103095355923,298.27797705814334,0.0
2025-12-01,Sorgho,331.5,335.5,18,2025,134.103095355923,247.19787348693626,-7.4022346368715075
2026-01-01,Sorgho,305.0,329.4166666666667,24,2026,134.103095355923,227.4369575068343,-6.153846153846154
2026-02-01,Sorgho,300.0,319.0740740740741,27,2026,134.103095355923,223.70848279360746,-5.264155114156699
2026-03-01,Sorgho,300.0,318.51851851851853,27,2026,134.103095355923,223.70848279360746,-4.0000000000000036
2011-10-01,Sorgho importé,215.625,215.72916666666666,12,2011,103.40322829787,208.52830569163348,
2011-11-01,Sorgho importé,200.0,191.07142857142858,7,2011,103.40322829787,193.41755890238468,
2012-02-01,Sorgho importé,225.0,215.71428571428572,7,2012,104.869722570496,214.5519168783435,
2012-06-01,Sorgho importé,225.0,236.8421052631579,19,2012,104.869722570496,214.5519168783435,
2012-07-01,Sorgho importé,287.5,271.484375,16,2012,104.869722570496,274.14967156677227,
2012-08-01,Sorgho importé,258.33500000000004,260.23857142857145,14,2012,104.869722570496,246.3389753189639,
2012-09-01,Sorgho importé,250.0,262.9166666666667,12,2012,104.869722570496,238.391018753715,
2012-11-01,Sorgho importé,225.0,229.55153846153846,13,2012,104.869722570496,214.5519168783435,
2012-12-01,Sorgho importé,287.5,226.82692307692307,13,2012,104.869722570496,274.14967156677227,
2023-01-01,Sorgho importé,425.0,417.0,17,2023,133.032841755522,319.46998529959524,
2023-02-01,Sorgho importé,444.0,421.1818181818182,22,2023,133.032841755522,333.7521728776948,
2023-03-01,Sorgho importé,431.5,432.8333333333333,18,2023,133.032841755522,324.3559968394714,
2023-04-01,Sorgho importé,425.0,431.95,20,2023,133.032841755522,319.46998529959524,97.10144927536233
2023-05-01,Sorgho importé,440.0,422.2631578947368,19,2023,133.032841755522,330.74539654546334,120.00000000000001
2023-06-01,Sorgho importé,425.0,420.76190476190476,21,2023,133.032841755522,319.46998529959524,88.88888888888889
2023-07-01,Sorgho importé,431.5,425.54545454545456,22,2023,133.032841755522,324.3559968394714,91.77777777777779
2023-08-01,Sorgho importé,400.0,400.1363636363636,22,2023,133.032841755522,300.67763322314846,39.13043478260869
2023-09-01,Sorgho importé,400.0,404.9,20,2023,133.032841755522,300.67763322314846,54.83771072444692
2023-10-01,Sorgho importé,406.5,396.85,20,2023,133.032841755522,305.5636447630246,62.59999999999999
2023-11-01,Sorgho importé,400.0,378.40909090909093,22,2023,133.032841755522,300.67763322314846,77.77777777777777
2023-12-01,Sorgho importé,400.0,367.95454545454544,22,2023,133.032841755522,300.67763322314846,39.13043478260869
2024-01-01,Sorgho importé,390.0,383.3809523809524,21,2024,134.103095355923,290.82102763168973,-8.235294117647063
2024-02-01,Sorgho importé,391.0,404.15,20,2024,134.103095355923,291.5667225743351,-11.936936936936938
2024-03-01,Sorgho importé,400.0,406.2352941176471,17,2024,134.103095355923,298.27797705814334,-7.300115874855151
2024-04-01,Sorgho importé,400.0,392.06666666666666,15,2024,134.103095355923,298.27797705814334,-5.882352941176472
2024-05-01,Sorgho importé,350.0,349.5,12,2024,134.103095355923,260.99322992587537,-20.45454545454546
2024-06-01,Sorgho importé,375.0,369.70588235294116,17,2024,134.103095355923,279.63560349200935,-11.764705882352944
2024-07-01,Sorgho importé,377.5,387.2,20,2024,134.103095355923,281.49984084862274,-12.51448435689455
2024-08-01,Sorgho importé,387.0,399.8421052631579,19,2024,134.103095355923,288.58394280375364,-3.2499999999999973
2024-09-01,Sorgho importé,400.0,408.0,20,2024,134.103095355923,298.27797705814334,0.0
2024-10-01,Sorgho importé,377.5,431.06666666666666,15,2024,134.103095355923,281.49984084862274,-7.13407134071341
2024-11-01,Sorgho importé,400.0,411.89473684210526,19,2024,134.103095355923,298.27797705814334,0.0
2024-12-01,Sorgho importé,400.0,401.94444444444446,18,2024,134.103095355923,298.27797705814334,0.0
2025-01-01,Sorgho importé,350.0,364.82071428571425,14,2025,134.103095355923,260.99322992587537,-10.256410256410254
2025-02-01,Sorgho importé,350.0,395.0,13,2025,134.103095355923,260.99322992587537,-10.48593350383632
2025-03-01,Sorgho importé,337.5,404.96999999999997,14,2025,134.103095355923,251.67204314280843,-15.625
2025-04-01,Sorgho importé,337.5,388.828125,16,2025,134.103095355923,251.67204314280843,-15.625
2025-07-01,Sorgho importé,325.0,330.0,10,2025,134.103095355923,242.3508563597414,-7.14285714285714
2025-08-01,Sorgho importé,350.0,358.3333333333333,15,2025,134.103095355923,260.99322992587537,-6.666666666666665
2025-09-01,Sorgho importé,350.0,353.57142857142856,14,2025,134.103095355923,260.99322992587537,-7.284768211920534
2025-10-01,Sorgho importé,341.66499999999996,331.94416666666666,12,2025,134.103095355923,254.77786257892632,-11.714470284237732
2025-11-01,Sorgho importé,337.5,341.9166666666667,12,2025,134.103095355923,251.67204314280843,-15.625
2025-12-01,Sorgho importé,300.0,325.0,9,2025,134.103095355923,223.70848279360746,-20.529801324503318
2026-01-01,Sorgho importé,300.0,302.5,16,2026,134.103095355923,223.70848279360746,-25.0
2026-02-01,Sorgho importé,300.0,318.7647058823529,17,2026,134.103095355923,223.70848279360746,-25.0
2026-03-01,Sorgho importé,300.0,303.75,12,2026,134.103095355923,223.70848279360746,-14.28571428571429
