date,region,region_fr,commodity_fr,prix_median,nb_marches
2007-01-01,Dakar,Dakar,Maïs importé,187.5,4
2007-01-01,Dakar,Dakar,Maïs local,195.83499999999998,4
2007-01-01,Dakar,Dakar,Mil,183.0,5
2007-01-01,Dakar,Dakar,Riz importé (brisé),225.0,5
2007-01-01,Dakar,Dakar,Sorgho,178.5,4
2007-01-01,Diourbel,Diourbel,Maïs importé,150.0,4
2007-01-01,Diourbel,Diourbel,Maïs local,150.0,1
2007-01-01,Diourbel,Diourbel,Mil,120.0,4
2007-01-01,Diourbel,Diourbel,Riz importé (brisé),200.0,4
2007-01-01,Fatick,Fatick,Maïs importé,168.75,4
2007-01-01,Fatick,Fatick,Maïs local,140.0,3
2007-01-01,Fatick,Fatick,Mil,126.67,5
2007-01-01,Fatick,Fatick,Riz importé (brisé),200.0,5
2007-01-01,Fatick,Fatick,Sorgho,152.5,2
2007-01-01,Kaffrine,Kaffrine,Maïs local,116.25,2
2007-01-01,Kaffrine,Kaffrine,Mil,117.5,3
2007-01-01,Kaffrine,Kaffrine,Riz importé (brisé),237.5,3
2007-01-01,Kaffrine,Kaffrine,Sorgho,113.75,2
2007-01-01,Kaolack,Kaolack,Maïs local,135.0,1
2007-01-01,Kaolack,Kaolack,Mil,120.0,3
2007-01-01,Kaolack,Kaolack,Riz importé (brisé),231.875,2
2007-01-01,Kaolack,Kaolack,Sorgho,135.20999999999998,2
2007-01-01,Kedougou,Kédougou,Maïs local,160.0,1
2007-01-01,Kedougou,Kédougou,Mil,250.0,1
2007-01-01,Kedougou,Kédougou,Riz importé (brisé),225.0,1
2007-01-01,Kolda,Kolda,Maïs local,162.5,2
2007-01-01,Kolda,Kolda,Mil,225.0,2
2007-01-01,Kolda,Kolda,Riz importé (brisé),220.0,2
2007-01-01,Kolda,Kolda,Sorgho,200.0,1
2007-01-01,Louga,Louga,Maïs importé,145.0,2
2007-01-01,Louga,Louga,Maïs local,160.0,4
2007-01-01,Louga,Louga,Mil,155.0,3
2007-01-01,Louga,Louga,Riz importé (brisé),220.0,4
2007-01-01,Louga,Louga,Riz local,198.33499999999998,4
2007-01-01,Louga,Louga,Sorgho,155.0,3
2007-01-01,Matam,Matam,Maïs importé,187.5,2
2007-01-01,Matam,Matam,Maïs local,175.0,3
2007-01-01,Matam,Matam,Mil,195.66500000000002,4
2007-01-01,Matam,Matam,Riz importé (brisé),225.0,4
2007-01-01,Matam,Matam,Riz local,187.5,2
2007-01-01,Matam,Matam,Sorgho,175.0,4
2007-01-01,Saint Louis,Saint-Louis,Maïs importé,146.66500000000002,4
2007-01-01,Saint Louis,Saint-Louis,Maïs local,167.5,4
2007-01-01,Saint Louis,Saint-Louis,Mil,165.0,4
2007-01-01,Saint Louis,Saint-Louis,Riz importé (brisé),214.58499999999998,4
2007-01-01,Saint Louis,Saint-Louis,Riz local,187.91500000000002,4
2007-01-01,Saint Louis,Saint-Louis,Sorgho,163.75,4
2007-01-01,Tambacounda,Tambacounda,Maïs local,136.25,4
2007-01-01,Tambacounda,Tambacounda,Mil,131.665,4
2007-01-01,Tambacounda,Tambacounda,Riz importé (brisé),225.0,2
2007-01-01,Tambacounda,Tambacounda,Sorgho,136.875,4
2007-01-01,Thies,Thiès,Maïs importé,150.0,4
2007-01-01,Thies,Thiès,Maïs local,163.75,1
2007-01-01,Thies,Thiès,Mil,145.83,4
2007-01-01,Thies,Thiès,Riz importé (brisé),214.58499999999998,4
2007-01-01,Thies,Thiès,Riz local,206.67,1
2007-01-01,Ziguinchor,Ziguinchor,Maïs local,175.0,3
2007-01-01,Ziguinchor,Ziguinchor,Mil,175.0,3
2007-01-01,Ziguinchor,Ziguinchor,Riz importé (brisé),240.0,3
2007-01-01,Ziguinchor,Ziguinchor,Sorgho,172.5,2
2007-02-01,Dakar,Dakar,Maïs importé,192.5,4
2007-02-01,Dakar,Dakar,Maïs local,183.33,3
2007-02-01,Dakar,Dakar,Mil,187.5,5
2007-02-01,Dakar,Dakar,Riz importé (brisé),231.25,5
2007-02-01,Dakar,Dakar,Sorgho,179.5,4
2007-02-01,Diourbel,Diourbel,Maïs importé,150.0,4
2007-02-01,Diourbel,Diourbel,Mil,126.875,4
2007-02-01,Diourbel,Diourbel,Riz importé (brisé),200.0,4
2007-02-01,Fatick,Fatick,Maïs importé,168.75,4
2007-02-01,Fatick,Fatick,Maïs local,148.75,2
2007-02-01,Fatick,Fatick,Mil,131.25,5
2007-02-01,Fatick,Fatick,Riz importé (brisé),202.5,5
2007-02-01,Fatick,Fatick,Sorgho,143.125,4
2007-02-01,Kaffrine,Kaffrine,Maïs local,125.0,3
2007-02-01,Kaffrine,Kaffrine,Mil,123.33,3
2007-02-01,Kaffrine,Kaffrine,Riz importé (brisé),235.0,3
2007-02-01,Kaffrine,Kaffrine,Sorgho,127.5,3
2007-02-01,Kaolack,Kaolack,Maïs local,168.75,1
2007-02-01,Kaolack,Kaolack,Mil,123.75,3
2007-02-01,Kaolack,Kaolack,Riz importé (brisé),228.75,2
2007-02-01,Kaolack,Kaolack,Sorgho,141.25,3
2007-02-01,Kolda,Kolda,Maïs local,162.5,2
2007-02-01,Kolda,Kolda,Mil,185.0,2
2007-02-01,Kolda,Kolda,Riz importé (brisé),231.67,3
2007-02-01,Kolda,Kolda,Sorgho,200.0,3
2007-02-01,Louga,Louga,Maïs importé,163.33,3
2007-02-01,Louga,Louga,Maïs local,163.75,4
2007-02-01,Louga,Louga,Mil,160.625,4
2007-02-01,Louga,Louga,Riz importé (brisé),217.5,4
2007-02-01,Louga,Louga,Riz local,200.0,4
2007-02-01,Louga,Louga,Sorgho,160.0,3
2007-02-01,Matam,Matam,Maïs importé,184.375,2
2007-02-01,Matam,Matam,Maïs local,169.375,2
2007-02-01,Matam,Matam,Mil,206.25,4
2007-02-01,Matam,Matam,Riz importé (brisé),234.375,4
2007-02-01,Matam,Matam,Riz local,218.75,3
2007-02-01,Matam,Matam,Sorgho,189.875,4
2007-02-01,Saint Louis,Saint-Louis,Maïs importé,148.75,4
2007-02-01,Saint Louis,Saint-Louis,Maïs local,171.66500000000002,2
2007-02-01,Saint Louis,Saint-Louis,Mil,172.5,4
2007-02-01,Saint Louis,Saint-Louis,Riz importé (brisé),217.5,4
2007-02-01,Saint Louis,Saint-Louis,Riz local,201.25,4
2007-02-01,Saint Louis,Saint-Louis,Sorgho,167.5,3
2007-02-01,Sedhiou,Sédhiou,Maïs local,162.5,1
2007-02-01,Sedhiou,Sédhiou,Mil,225.0,1
2007-02-01,Sedhiou,Sédhiou,Riz importé (brisé),225.0,1
2007-02-01,Sedhiou,Sédhiou,Sorgho,175.0,1
2007-02-01,Tambacounda,Tambacounda,Maïs local,136.665,4
2007-02-01,Tambacounda,Tambacounda,Mil,132.5,4
2007-02-01,Tambacounda,Tambacounda,Riz importé (brisé),225.0,2
2007-02-01,Tambacounda,Tambacounda,Sorgho,111.67,3
2007-02-01,Thies,Thiès,Maïs importé,150.0,4
2007-02-01,Thies,Thiès,Maïs local,165.0,1
2007-02-01,Thies,Thiès,Mil,141.25,4
2007-02-01,Thies,Thiès,Riz importé (brisé),220.625,4
2007-02-01,Thies,Thiès,Riz local,220.0,1
2007-02-01,Ziguinchor,Ziguinchor,Maïs local,175.0,3
2007-02-01,Ziguinchor,Ziguinchor,Mil,175.0,3
2007-02-01,Ziguinchor,Ziguinchor,Riz importé (brisé),242.5,3
2007-02-01,Ziguinchor,Ziguinchor,Sorgho,175.0,3
2007-03-01,Dakar,Dakar,Maïs importé,200.0,4
2007-03-01,Dakar,Dakar,Maïs local,200.0,3
2007-03-01,Dakar,Dakar,Mil,193.75,5
2007-03-01,Dakar,Dakar,Riz importé (brisé),250.0,5
2007-03-01,Dakar,Dakar,Sorgho,191.0,4
2007-03-01,Diourbel,Diourbel,Maïs importé,150.0,4
2007-03-01,Diourbel,Diourbel,Mil,141.875,4
2007-03-01,Diourbel,Diourbel,Riz importé (brisé),200.0,4
2007-03-01,Fatick,Fatick,Maïs importé,175.0,4
2007-03-01,Fatick,Fatick,Maïs local,160.0,3
2007-03-01,Fatick,Fatick,Mil,138.33,5
2007-03-01,Fatick,Fatick,Riz importé (brisé),216.25,4
2007-03-01,Fatick,Fatick,Sorgho,143.75,4
2007-03-01,Kaffrine,Kaffrine,Maïs local,132.5,2
2007-03-01,Kaffrine,Kaffrine,Mil,125.0,3
2007-03-01,Kaffrine,Kaffrine,Riz importé (brisé),237.5,3
2007-03-01,Kaffrine,Kaffrine,Sorgho,137.5,3
2007-03-01,Kaolack,Kaolack,Maïs local,156.66500000000002,2
2007-03-01,Kaolack,Kaolack,Mil,128.33,3
2007-03-01,Kaolack,Kaolack,Riz importé (brisé),232.29000000000002,2
2007-03-01,Kaolack,Kaolack,Sorgho,155.0,3
2007-03-01,Kedougou,Kédougou,Maïs local,100.0,1
2007-03-01,Kedougou,Kédougou,Mil,250.0,1
2007-03-01,Kedougou,Kédougou,Riz importé (brisé),250.0,1
2007-03-01,Kedougou,Kédougou,Sorgho,250.0,1
2007-03-01,Kolda,Kolda,Maïs local,152.5,2
2007-03-01,Kolda,Kolda,Mil,175.0,3
2007-03-01,Kolda,Kolda,Riz importé (brisé),250.0,3
2007-03-01,Kolda,Kolda,Sorgho,187.5,3
2007-03-01,Louga,Louga,Maïs importé,175.0,2
2007-03-01,Louga,Louga,Maïs local,160.0,4
2007-03-01,Louga,Louga,Mil,161.25,4
2007-03-01,Louga,Louga,Riz importé (brisé),214.16500000000002,4
2007-03-01,Louga,Louga,Riz local,210.0,3
2007-03-01,Louga,Louga,Sorgho,165.0,3
2007-03-01,Matam,Matam,Maïs importé,187.5,1
2007-03-01,Matam,Matam,Maïs local,186.67,3
2007-03-01,Matam,Matam,Mil,198.16500000000002,4
2007-03-01,Matam,Matam,Riz importé (brisé),250.0,4
2007-03-01,Matam,Matam,Riz local,185.0,2
2007-03-01,Matam,Matam,Sorgho,187.0,4
2007-03-01,Saint Louis,Saint-Louis,Maïs importé,150.0,4
2007-03-01,Saint Louis,Saint-Louis,Maïs local,162.5,4
2007-03-01,Saint Louis,Saint-Louis,Mil,173.125,4
2007-03-01,Saint Louis,Saint-Louis,Riz importé (brisé),225.0,4
2007-03-01,Saint Louis,Saint-Louis,Riz local,211.25,4
2007-03-01,Saint Louis,Saint-Louis,Sorgho,161.875,4
2007-03-01,Sedhiou,Sédhiou,Maïs local,166.67,1
2007-03-01,Sedhiou,Sédhiou,Mil,187.5,1
2007-03-01,Sedhiou,Sédhiou,Riz importé (brisé),237.5,1
2007-03-01,Sedhiou,Sédhiou,Sorgho,200.0,1
2007-03-01,Tambacounda,Tambacounda,Maïs local,136.665,4
2007-03-01,Tambacounda,Tambacounda,Mil,134.165,4
2007-03-01,Tambacounda,Tambacounda,Riz importé (brisé),251.25,2
2007-03-01,Tambacounda,Tambacounda,Sorgho,135.0,4
2007-03-01,Thies,Thiès,Maïs importé,150.0,4
2007-03-01,Thies,Thiès,Maïs local,165.0,1
2007-03-01,Thies,Thiès,Mil,145.0,4
2007-03-01,Thies,Thiès,Riz importé (brisé),225.0,4
2007-03-01,Thies,Thiès,Riz local,220.0,1
2007-03-01,Ziguinchor,Ziguinchor,Maïs local,185.0,3
2007-03-01,Ziguinchor,Ziguinchor,Mil,175.0,3
2007-03-01,Ziguinchor,Ziguinchor,Riz importé (brisé),253.75,3
2007-03-01,Ziguinchor,Ziguinchor,Sorgho,173.75,2
2007-04-01,Dakar,Dakar,Maïs importé,200.0,4
2007-04-01,Dakar,Dakar,Maïs local,200.0,2
2007-04-01,Dakar,Dakar,Mil,200.0,5
2007-04-01,Dakar,Dakar,Riz importé (brisé),250.0,5
2007-04-01,Dakar,Dakar,Sorgho,200.0,4
2007-04-01,Diourbel,Diourbel,Maïs importé,150.0,4
2007-04-01,Diourbel,Diourbel,Mil,160.0,4
2007-04-01,Diourbel,Diourbel,Riz importé (brisé),200.0,4
2007-04-01,Fatick,Fatick,Maïs importé,171.875,4
2007-04-01,Fatick,Fatick,Maïs local,167.5,1
2007-04-01,Fatick,Fatick,Mil,153.66500000000002,4
2007-04-01,Fatick,Fatick,Riz importé (brisé),224.5,4
2007-04-01,Fatick,Fatick,Sorgho,164.16500000000002,2
2007-04-01,Kaffrine,Kaffrine,Maïs local,132.5,2
2007-04-01,Kaffrine,Kaffrine,Mil,135.0,3
2007-04-01,Kaffrine,Kaffrine,Riz importé (brisé),250.0,3
2007-04-01,Kaffrine,Kaffrine,Sorgho,142.5,3
2007-04-01,Kaolack,Kaolack,Maïs local,147.5,3
2007-04-01,Kaolack,Kaolack,Mil,136.25,3
2007-04-01,Kaolack,Kaolack,Riz importé (brisé),250.0,2
2007-04-01,Kaolack,Kaolack,Sorgho,158.33,3
2007-04-01,Kedougou,Kédougou,Maïs local,200.0,1
2007-04-01,Kedougou,Kédougou,Mil,177.5,1
2007-04-01,Kedougou,Kédougou,Riz importé (brisé),225.0,1
2007-04-01,Kedougou,Kédougou,Sorgho,212.5,1
2007-04-01,Kolda,Kolda,Maïs local,157.5,2
2007-04-01,Kolda,Kolda,Mil,175.0,3
2007-04-01,Kolda,Kolda,Riz importé (brisé),250.0,3
2007-04-01,Kolda,Kolda,Sorgho,181.25,2
2007-04-01,Louga,Louga,Maïs importé,156.875,4
2007-04-01,Louga,Louga,Maïs local,150.0,3
2007-04-01,Louga,Louga,Mil,166.75,4
2007-04-01,Louga,Louga,Riz importé (brisé),219.0,4
2007-04-01,Louga,Louga,Riz local,218.0,2
2007-04-01,Louga,Louga,Sorgho,160.0,1
2007-04-01,Matam,Matam,Maïs importé,175.0,1
2007-04-01,Matam,Matam,Maïs local,171.25,3
2007-04-01,Matam,Matam,Mil,181.0,4
2007-04-01,Matam,Matam,Riz importé (brisé),255.165,4
2007-04-01,Matam,Matam,Riz local,180.0,2
2007-04-01,Matam,Matam,Sorgho,189.5,4
2007-04-01,Saint Louis,Saint-Louis,Maïs importé,156.67,3
2007-04-01,Saint Louis,Saint-Louis,Maïs local,168.75,4
2007-04-01,Saint Louis,Saint-Louis,Mil,178.33499999999998,4
2007-04-01,Saint Louis,Saint-Louis,Riz importé (brisé),251.25,4
2007-04-01,Saint Louis,Saint-Louis,Riz local,226.25,4
2007-04-01,Saint Louis,Saint-Louis,Sorgho,172.5,4
2007-04-01,Sedhiou,Sédhiou,Maïs local,170.0,1
2007-04-01,Sedhiou,Sédhiou,Mil,200.0,1
2007-04-01,Sedhiou,Sédhiou,Riz importé (brisé),250.0,1
2007-04-01,Sedhiou,Sédhiou,Sorgho,200.0,1
2007-04-01,Tambacounda,Tambacounda,Maïs local,135.0,3
2007-04-01,Tambacounda,Tambacounda,Mil,130.0,3
2007-04-01,Tambacounda,Tambacounda,Riz importé (brisé),250.0,1
2007-04-01,Tambacounda,Tambacounda,Sorgho,131.67,3
2007-04-01,Thies,Thiès,Maïs importé,147.5,4
2007-04-01,Thies,Thiès,Maïs local,165.0,1
2007-04-01,Thies,Thiès,Mil,155.0,4
2007-04-01,Thies,Thiès,Riz importé (brisé),225.0,4
2007-04-01,Thies,Thiès,Riz local,220.0,1
2007-04-01,Ziguinchor,Ziguinchor,Maïs local,206.875,2
2007-04-01,Ziguinchor,Ziguinchor,Mil,176.25,3
2007-04-01,Ziguinchor,Ziguinchor,Riz importé (brisé),260.0,3
2007-04-01,Ziguinchor,Ziguinchor,Sorgho,175.625,2
2007-05-01,Dakar,Dakar,Maïs importé,200.0,4
2007-05-01,Dakar,Dakar,Maïs local,187.5,2
2007-05-01,Dakar,Dakar,Mil,200.0,5
2007-05-01,Dakar,Dakar,Riz importé (brisé),250.0,5
2007-05-01,Dakar,Dakar,Sorgho,195.0,4
2007-05-01,Diourbel,Diourbel,Maïs importé,150.0,4
2007-05-01,Diourbel,Diourbel,Mil,160.0,4
2007-05-01,Diourbel,Diourbel,Riz importé (brisé),200.0,4
2007-05-01,Diourbel,Diourbel,Sorgho,125.0,3
2007-05-01,Fatick,Fatick,Maïs importé,175.0,3
2007-05-01,Fatick,Fatick,Maïs local,165.0,2
2007-05-01,Fatick,Fatick,Mil,145.0,5
2007-05-01,Fatick,Fatick,Riz importé (brisé),242.5,4
2007-05-01,Fatick,Fatick,Sorgho,157.5,4
2007-05-01,Kaffrine,Kaffrine,Maïs local,143.75,2
2007-05-01,Kaffrine,Kaffrine,Mil,140.0,3
2007-05-01,Kaffrine,Kaffrine,Riz importé (brisé),268.75,2
2007-05-01,Kaffrine,Kaffrine,Sorgho,155.0,3
2007-05-01,Kaolack,Kaolack,Maïs local,150.0,3
2007-05-01,Kaolack,Kaolack,Mil,145.0,3
2007-05-01,Kaolack,Kaolack,Riz importé (brisé),262.5,2
2007-05-01,Kaolack,Kaolack,Sorgho,170.0,3
2007-05-01,Kedougou,Kédougou,Maïs local,200.0,1
2007-05-01,Kedougou,Kédougou,Mil,250.0,1
2007-05-01,Kedougou,Kédougou,Riz importé (brisé),245.0,1
2007-05-01,Kedougou,Kédougou,Sorgho,225.0,1
2007-05-01,Kolda,Kolda,Maïs local,166.67,3
2007-05-01,Kolda,Kolda,Mil,175.0,3
2007-05-01,Kolda,Kolda,Riz importé (brisé),266.67,3
2007-05-01,Kolda,Kolda,Sorgho,200.0,3
2007-05-01,Louga,Louga,Maïs importé,148.715,4
2007-05-01,Louga,Louga,Maïs local,167.5,2
2007-05-01,Louga,Louga,Mil,170.0,4
2007-05-01,Louga,Louga,Riz importé (brisé),225.0,4
2007-05-01,Louga,Louga,Riz local,217.5,2
2007-05-01,Louga,Louga,Sorgho,175.0,4
2007-05-01,Matam,Matam,Maïs importé,194.44,1
2007-05-01,Matam,Matam,Maïs local,167.78,3
2007-05-01,Matam,Matam,Mil,196.0,4
2007-05-01,Matam,Matam,Riz importé (brisé),251.0,4
2007-05-01,Matam,Matam,Riz local,177.14,1
2007-05-01,Matam,Matam,Sorgho,193.72,4
2007-05-01,Saint Louis,Saint-Louis,Maïs importé,150.0,4
2007-05-01,Saint Louis,Saint-Louis,Maïs local,170.0,4
2007-05-01,Saint Louis,Saint-Louis,Mil,178.75,4
2007-05-01,Saint Louis,Saint-Louis,Riz importé (brisé),250.0,4
2007-05-01,Saint Louis,Saint-Louis,Riz local,230.0,4
2007-05-01,Saint Louis,Saint-Louis,Sorgho,170.0,4
2007-05-01,Sedhiou,Sédhiou,Maïs local,160.0,1
2007-05-01,Sedhiou,Sédhiou,Mil,193.33,1
2007-05-01,Sedhiou,Sédhiou,Riz importé (brisé),250.0,1
2007-05-01,Sedhiou,Sédhiou,Sorgho,200.0,1
2007-05-01,Tambacounda,Tambacounda,Maïs local,155.715,4
2007-05-01,Tambacounda,Tambacounda,Mil,155.0,4
2007-05-01,Tambacounda,Tambacounda,Riz importé (brisé),237.5,2
2007-05-01,Tambacounda,Tambacounda,Sorgho,155.0,4
2007-05-01,Thies,Thiès,Maïs importé,150.0,4
2007-05-01,Thies,Thiès,Maïs local,165.0,1
2007-05-01,Thies,Thiès,Mil,155.35500000000002,4
2007-05-01,Thies,Thiès,Riz importé (brisé),225.0,4
2007-05-01,Thies,Thiès,Riz local,222.86,1
2007-05-01,Thies,Thiès,Sorgho,160.0,1
2007-05-01,Ziguinchor,Ziguinchor,Maïs local,201.15,2
2007-05-01,Ziguinchor,Ziguinchor,Mil,178.33,3
2007-05-01,Ziguinchor,Ziguinchor,Riz importé (brisé),262.78,3
2007-05-01,Ziguinchor,Ziguinchor,Sorgho,181.11,2
2007-06-01,Dakar,Dakar,Maïs importé,200.0,4
2007-06-01,Dakar,Dakar,Maïs local,200.0,1
2007-06-01,Dakar,Dakar,Mil,186.0,5
2007-06-01,Dakar,Dakar,Riz importé (brisé),250.0,5
2007-06-01,Dakar,Dakar,Sorgho,175.0,5
2007-06-01,Diourbel,Diourbel,Maïs importé,150.0,4
2007-06-01,Diourbel,Diourbel,Mil,159.0,3
2007-06-01,Diourbel,Diourbel,Riz importé (brisé),200.0,4
2007-06-01,Diourbel,Diourbel,Sorgho,135.0,3
2007-06-01,Fatick,Fatick,Maïs importé,175.0,4
2007-06-01,Fatick,Fatick,Maïs local,173.75,2
2007-06-01,Fatick,Fatick,Mil,150.75,6
2007-06-01,Fatick,Fatick,Riz importé (brisé),228.75,4
2007-06-01,Fatick,Fatick,Sorgho,160.0,5
2007-06-01,Kaffrine,Kaffrine,Maïs local,148.75,2
2007-06-01,Kaffrine,Kaffrine,Mil,138.75,2
2007-06-01,Kaffrine,Kaffrine,Riz importé (brisé),268.75,2
2007-06-01,Kaffrine,Kaffrine,Sorgho,151.25,2
2007-06-01,Kaolack,Kaolack,Maïs local,161.25,3
2007-06-01,Kaolack,Kaolack,Mil,144.0,3
2007-06-01,Kaolack,Kaolack,Riz importé (brisé),255.0,3
2007-06-01,Kaolack,Kaolack,Sorgho,163.33,3
2007-06-01,Kolda,Kolda,Maïs local,150.0,3
2007-06-01,Kolda,Kolda,Mil,168.75,3
2007-06-01,Kolda,Kolda,Riz importé (brisé),250.0,3
2007-06-01,Kolda,Kolda,Sorgho,175.0,3
2007-06-01,Louga,Louga,Maïs importé,156.25,4
2007-06-01,Louga,Louga,Maïs local,170.0,3
2007-06-01,Louga,Louga,Mil,169.375,4
2007-06-01,Louga,Louga,Riz importé (brisé),225.0,4
2007-06-01,Louga,Louga,Sorgho,162.5,3
2007-06-01,Matam,Matam,Maïs importé,200.0,1
2007-06-01,Matam,Matam,Maïs local,165.0,4
2007-06-01,Matam,Matam,Mil,183.0,5
2007-06-01,Matam,Matam,Riz importé (brisé),250.0,5
2007-06-01,Matam,Matam,Riz local,200.0,1
2007-06-01,Matam,Matam,Sorgho,190.0,5
2007-06-01,Saint Louis,Saint-Louis,Maïs importé,151.25,4
2007-06-01,Saint Louis,Saint-Louis,Maïs local,182.5,4
2007-06-01,Saint Louis,Saint-Louis,Mil,200.0,5
2007-06-01,Saint Louis,Saint-Louis,Riz importé (brisé),250.0,5
2007-06-01,Saint Louis,Saint-Louis,Riz local,232.25,4
2007-06-01,Saint Louis,Saint-Louis,Sorgho,190.0,5
2007-06-01,Sedhiou,Sédhiou,Maïs local,150.0,1
2007-06-01,Sedhiou,Sédhiou,Mil,162.5,1
2007-06-01,Sedhiou,Sédhiou,Riz importé (brisé),241.67,1
2007-06-01,Tambacounda,Tambacounda,Maïs local,155.0,4
2007-06-01,Tambacounda,Tambacounda,Mil,154.375,4
2007-06-01,Tambacounda,Tambacounda,Riz importé (brisé),251.25,2
2007-06-01,Tambacounda,Tambacounda,Sorgho,140.0,3
2007-06-01,Thies,Thiès,Maïs importé,150.0,4
2007-06-01,Thies,Thiès,Maïs local,172.5,1
2007-06-01,Thies,Thiès,Mil,169.25,4
2007-06-01,Thies,Thiès,Riz importé (brisé),225.0,4
2007-06-01,Thies,Thiès,Riz local,221.25,1
2007-06-01,Thies,Thiès,Sorgho,170.0,1
2007-06-01,Ziguinchor,Ziguinchor,Maïs local,198.33,3
2007-06-01,Ziguinchor,Ziguinchor,Mil,185.0,4
2007-06-01,Ziguinchor,Ziguinchor,Riz importé (brisé),262.5,4
2007-06-01,Ziguinchor,Ziguinchor,Sorgho,205.0,3
2007-07-01,Dakar,Dakar,Maïs importé,193.75,4
2007-07-01,Dakar,Dakar,Mil,198.5,4
2007-07-01,Dakar,Dakar,Riz importé (brisé),231.0,5
2007-07-01,Dakar,Dakar,Sorgho,200.0,2
2007-07-01,Diourbel,Diourbel,Maïs importé,150.0,4
2007-07-01,Diourbel,Diourbel,Mil,167.5,4
2007-07-01,Diourbel,Diourbel,Riz importé (brisé),200.0,4
2007-07-01,Diourbel,Diourbel,Sorgho,145.0,3
2007-07-01,Fatick,Fatick,Maïs importé,161.875,2
2007-07-01,Fatick,Fatick,Maïs local,160.0,3
2007-07-01,Fatick,Fatick,Mil,174.0,6
2007-07-01,Fatick,Fatick,Riz importé (brisé),221.75,4
2007-07-01,Fatick,Fatick,Sorgho,181.25,4
2007-07-01,Kaffrine,Kaffrine,Maïs local,160.0,3
2007-07-01,Kaffrine,Kaffrine,Mil,145.0,3
2007-07-01,Kaffrine,Kaffrine,Riz importé (brisé),250.0,3
2007-07-01,Kaffrine,Kaffrine,Sorgho,160.0,3
2007-07-01,Kaolack,Kaolack,Maïs local,162.0,3
2007-07-01,Kaolack,Kaolack,Mil,158.75,3
2007-07-01,Kaolack,Kaolack,Riz importé (brisé),241.875,2
2007-07-01,Kaolack,Kaolack,Sorgho,174.5,2
2007-07-01,Kedougou,Kédougou,Maïs local,190.0,1
2007-07-01,Kedougou,Kédougou,Mil,250.0,1
2007-07-01,Kedougou,Kédougou,Riz importé (brisé),250.0,1
2007-07-01,Kedougou,Kédougou,Sorgho,150.0,1
2007-07-01,Kolda,Kolda,Maïs local,179.375,2
2007-07-01,Kolda,Kolda,Mil,180.0,3
2007-07-01,Kolda,Kolda,Riz importé (brisé),250.0,3
2007-07-01,Kolda,Kolda,Sorgho,200.0,2
2007-07-01,Louga,Louga,Maïs importé,153.75,4
2007-07-01,Louga,Louga,Maïs local,170.0,3
2007-07-01,Louga,Louga,Mil,182.91500000000002,4
2007-07-01,Louga,Louga,Riz importé (brisé),227.5,4
2007-07-01,Louga,Louga,Riz local,221.67,1
2007-07-01,Louga,Louga,Sorgho,183.33,3
2007-07-01,Matam,Matam,Maïs importé,200.0,1
2007-07-01,Matam,Matam,Maïs local,172.5,4
2007-07-01,Matam,Matam,Mil,182.0,5
2007-07-01,Matam,Matam,Riz importé (brisé),250.0,5
2007-07-01,Matam,Matam,Riz local,275.0,3
2007-07-01,Matam,Matam,Sorgho,192.0,5
2007-07-01,Saint Louis,Saint-Louis,Maïs importé,158.125,4
2007-07-01,Saint Louis,Saint-Louis,Maïs local,190.0,4
2007-07-01,Saint Louis,Saint-Louis,Mil,200.0,5
2007-07-01,Saint Louis,Saint-Louis,Riz importé (brisé),275.0,5
2007-07-01,Saint Louis,Saint-Louis,Riz local,230.0,4
2007-07-01,Saint Louis,Saint-Louis,Sorgho,200.0,5
2007-07-01,Sedhiou,Sédhiou,Maïs local,175.0,1
2007-07-01,Sedhiou,Sédhiou,Mil,200.0,1
2007-07-01,Sedhiou,Sédhiou,Riz importé (brisé),250.0,1
2007-07-01,Tambacounda,Tambacounda,Maïs local,161.25,4
2007-07-01,Tambacounda,Tambacounda,Mil,165.83499999999998,4
2007-07-01,Tambacounda,Tambacounda,Riz importé (brisé),245.83499999999998,2
2007-07-01,Tambacounda,Tambacounda,Sorgho,161.25,4
2007-07-01,Thies,Thiès,Maïs importé,150.0,4
2007-07-01,Thies,Thiès,Maïs local,168.75,1
2007-07-01,Thies,Thiès,Mil,174.5,4
2007-07-01,Thies,Thiès,Riz importé (brisé),222.75,4
2007-07-01,Thies,Thiès,Riz local,220.0,1
2007-07-01,Thies,Thiès,Sorgho,170.0,1
2007-07-01,Ziguinchor,Ziguinchor,Maïs local,202.5,4
2007-07-01,Ziguinchor,Ziguinchor,Mil,193.75,4
2007-07-01,Ziguinchor,Ziguinchor,Riz importé (brisé),252.5,4
2007-07-01,Ziguinchor,Ziguinchor,Sorgho,200.0,3
2007-08-01,Dakar,Dakar,Maïs importé,200.0,4
2007-08-01,Dakar,Dakar,Mil,221.5,4
2007-08-01,Dakar,Dakar,Riz importé (brisé),220.0,5
2007-08-01,Dakar,Dakar,Sorgho,204.0,1
2007-08-01,Diourbel,Diourbel,Maïs importé,150.0,4
2007-08-01,Diourbel,Diourbel,Mil,197.0,3
2007-08-01,Diourbel,Diourbel,Riz importé (brisé),200.0,4
2007-08-01,Fatick,Fatick,Maïs importé,175.0,5
2007-08-01,Fatick,Fatick,Mil,195.41500000000002,6
2007-08-01,Fatick,Fatick,Riz importé (brisé),214.58499999999998,4
2007-08-01,Fatick,Fatick,Sorgho,200.0,5
2007-08-01,Kaffrine,Kaffrine,Maïs local,171.67,3
2007-08-01,Kaffrine,Kaffrine,Mil,177.5,3
2007-08-01,Kaffrine,Kaffrine,Riz importé (brisé),250.0,3
2007-08-01,Kaffrine,Kaffrine,Sorgho,180.0,3
2007-08-01,Kaolack,Kaolack,Maïs importé,160.0,1
2007-08-01,Kaolack,Kaolack,Maïs local,176.25,3
2007-08-01,Kaolack,Kaolack,Mil,182.0,3
2007-08-01,Kaolack,Kaolack,Riz importé (brisé),237.5,2
2007-08-01,Kaolack,Kaolack,Sorgho,188.0,3
2007-08-01,Kedougou,Kédougou,Maïs local,190.0,1
2007-08-01,Kedougou,Kédougou,Mil,400.0,1
2007-08-01,Kedougou,Kédougou,Riz importé (brisé),250.0,1
2007-08-01,Kedougou,Kédougou,Sorgho,300.0,1
2007-08-01,Kolda,Kolda,Maïs local,188.33,3
2007-08-01,Kolda,Kolda,Mil,200.0,3
2007-08-01,Kolda,Kolda,Riz importé (brisé),225.0,3
2007-08-01,Kolda,Kolda,Sorgho,200.0,1
2007-08-01,Louga,Louga,Maïs importé,167.25,4
2007-08-01,Louga,Louga,Maïs local,165.0,4
2007-08-01,Louga,Louga,Mil,215.0,4
2007-08-01,Louga,Louga,Riz importé (brisé),218.125,4
2007-08-01,Louga,Louga,Riz local,227.125,2
2007-08-01,Louga,Louga,Sorgho,219.5,2
2007-08-01,Matam,Matam,Maïs importé,300.0,1
2007-08-01,Matam,Matam,Maïs local,188.125,4
2007-08-01,Matam,Matam,Mil,210.0,5
2007-08-01,Matam,Matam,Riz importé (brisé),232.5,5
2007-08-01,Matam,Matam,Riz local,226.67,1
2007-08-01,Matam,Matam,Sorgho,225.0,5
2007-08-01,Saint Louis,Saint-Louis,Maïs importé,152.5,4
2007-08-01,Saint Louis,Saint-Louis,Maïs local,200.0,5
2007-08-01,Saint Louis,Saint-Louis,Mil,250.0,5
2007-08-01,Saint Louis,Saint-Louis,Riz importé (brisé),230.0,5
2007-08-01,Saint Louis,Saint-Louis,Riz local,231.25,4
2007-08-01,Saint Louis,Saint-Louis,Sorgho,250.0,5
2007-08-01,Sedhiou,Sédhiou,Maïs local,200.0,1
2007-08-01,Sedhiou,Sédhiou,Riz importé (brisé),237.5,1
2007-08-01,Sedhiou,Sédhiou,Sorgho,200.0,1
2007-08-01,Tambacounda,Tambacounda,Maïs local,180.0,4
2007-08-01,Tambacounda,Tambacounda,Mil,182.08499999999998,4
2007-08-01,Tambacounda,Tambacounda,Riz importé (brisé),237.5,2
2007-08-01,Tambacounda,Tambacounda,Sorgho,160.0,3
2007-08-01,Thies,Thiès,Maïs importé,150.0,4
2007-08-01,Thies,Thiès,Maïs local,162.5,2
2007-08-01,Thies,Thiès,Mil,177.08499999999998,4
2007-08-01,Thies,Thiès,Riz importé (brisé),224.16500000000002,4
2007-08-01,Thies,Thiès,Riz local,210.0,1
2007-08-01,Ziguinchor,Ziguinchor,Maïs local,219.0,3
2007-08-01,Ziguinchor,Ziguinchor,Mil,216.5,4
2007-08-01,Ziguinchor,Ziguinchor,Riz importé (brisé),243.0,4
2007-08-01,Ziguinchor,Ziguinchor,Sorgho,221.0,3
2007-09-01,Dakar,Dakar,Maïs importé,180.20999999999998,4
2007-09-01,Dakar,Dakar,Maïs local,200.0,3
2007-09-01,Dakar,Dakar,Mil,228.0,5
2007-09-01,Dakar,Dakar,Riz importé (brisé),232.0,5
2007-09-01,Dakar,Dakar,Sorgho,208.0,5
2007-09-01,Diourbel,Diourbel,Maïs importé,150.0,4
2007-09-01,Diourbel,Diourbel,Mil,212.5,4
2007-09-01,Diourbel,Diourbel,Riz importé (brisé),221.66500000000002,4
2007-09-01,Fatick,Fatick,Maïs importé,175.0,6
2007-09-01,Fatick,Fatick,Maïs local,175.0,1
2007-09-01,Fatick,Fatick,Mil,187.5,6
2007-09-01,Fatick,Fatick,Riz importé (brisé),223.125,4
2007-09-01,Fatick,Fatick,Sorgho,190.83,4
2007-09-01,Kaffrine,Kaffrine,Maïs local,150.0,3
2007-09-01,Kaffrine,Kaffrine,Mil,162.5,3
2007-09-01,Kaffrine,Kaffrine,Riz importé (brisé),250.0,3
2007-09-01,Kaffrine,Kaffrine,Sorgho,167.5,3
2007-09-01,Kaolack,Kaolack,Maïs importé,160.0,1
2007-09-01,Kaolack,Kaolack,Maïs local,165.0,3
2007-09-01,Kaolack,Kaolack,Mil,173.33,3
2007-09-01,Kaolack,Kaolack,Riz importé (brisé),250.0,3
2007-09-01,Kaolack,Kaolack,Sorgho,177.5,3
2007-09-01,Kedougou,Kédougou,Maïs local,190.0,1
2007-09-01,Kedougou,Kédougou,Mil,300.0,1
2007-09-01,Kedougou,Kédougou,Riz importé (brisé),250.0,1
2007-09-01,Kedougou,Kédougou,Sorgho,250.0,1
2007-09-01,Kolda,Kolda,Maïs local,187.5,3
2007-09-01,Kolda,Kolda,Mil,225.0,3
2007-09-01,Kolda,Kolda,Riz importé (brisé),230.0,3
2007-09-01,Kolda,Kolda,Sorgho,182.5,2
2007-09-01,Louga,Louga,Maïs importé,167.5,4
2007-09-01,Louga,Louga,Maïs local,172.5,4
2007-09-01,Louga,Louga,Mil,211.875,4
2007-09-01,Louga,Louga,Riz importé (brisé),226.25,4
2007-09-01,Louga,Louga,Riz local,220.625,2
2007-09-01,Louga,Louga,Sorgho,210.0,2
2007-09-01,Matam,Matam,Maïs importé,200.0,3
2007-09-01,Matam,Matam,Maïs local,200.0,4
2007-09-01,Matam,Matam,Mil,236.0,5
2007-09-01,Matam,Matam,Riz importé (brisé),235.0,5
2007-09-01,Matam,Matam,Riz local,216.67,1
2007-09-01,Matam,Matam,Sorgho,233.0,5
2007-09-01,Saint Louis,Saint-Louis,Maïs importé,150.0,4
2007-09-01,Saint Louis,Saint-Louis,Maïs local,200.0,5
2007-09-01,Saint Louis,Saint-Louis,Mil,230.0,5
2007-09-01,Saint Louis,Saint-Louis,Riz importé (brisé),220.0,5
2007-09-01,Saint Louis,Saint-Louis,Riz local,217.5,4
2007-09-01,Saint Louis,Saint-Louis,Sorgho,250.0,5
2007-09-01,Tambacounda,Tambacounda,Maïs local,158.54000000000002,4
2007-09-01,Tambacounda,Tambacounda,Mil,171.875,4
2007-09-01,Tambacounda,Tambacounda,Riz importé (brisé),241.25,2
2007-09-01,Tambacounda,Tambacounda,Sorgho,167.08499999999998,4
2007-09-01,Thies,Thiès,Maïs importé,150.0,4
2007-09-01,Thies,Thiès,Mil,198.125,4
2007-09-01,Thies,Thiès,Riz importé (brisé),224.375,4
2007-09-01,Ziguinchor,Ziguinchor,Maïs local,232.5,3
2007-09-01,Ziguinchor,Ziguinchor,Mil,233.125,4
2007-09-01,Ziguinchor,Ziguinchor,Riz importé (brisé),242.5,4
2007-09-01,Ziguinchor,Ziguinchor,Sorgho,235.0,3
2007-10-01,Dakar,Dakar,Maïs importé,186.875,4
2007-10-01,Dakar,Dakar,Mil,226.0,5
2007-10-01,Dakar,Dakar,Riz importé (brisé),250.0,5
2007-10-01,Dakar,Dakar,Sorgho,220.25,4
2007-10-01,Diourbel,Diourbel,Maïs importé,150.0,4
2007-10-01,Diourbel,Diourbel,Mil,168.75,3
2007-10-01,Diourbel,Diourbel,Riz importé (brisé),215.0,4
2007-10-01,Fatick,Fatick,Maïs importé,175.0,5
2007-10-01,Fatick,Fatick,Maïs local,160.0,1
2007-10-01,Fatick,Fatick,Mil,160.0,5
2007-10-01,Fatick,Fatick,Riz importé (brisé),220.0,5
2007-10-01,Fatick,Fatick,Sorgho,163.33,3
2007-10-01,Kaffrine,Kaffrine,Maïs local,130.0,3
2007-10-01,Kaffrine,Kaffrine,Mil,145.0,3
2007-10-01,Kaffrine,Kaffrine,Riz importé (brisé),262.5,3
2007-10-01,Kaffrine,Kaffrine,Sorgho,155.0,3
2007-10-01,Kaolack,Kaolack,Maïs local,131.25,3
2007-10-01,Kaolack,Kaolack,Mil,155.0,2
2007-10-01,Kaolack,Kaolack,Riz importé (brisé),262.5,3
2007-10-01,Kaolack,Kaolack,Sorgho,160.0,3
2007-10-01,Kedougou,Kédougou,Maïs local,200.0,1
2007-10-01,Kedougou,Kédougou,Mil,237.5,1
2007-10-01,Kedougou,Kédougou,Riz importé (brisé),275.0,1
2007-10-01,Kolda,Kolda,Maïs local,176.25,2
2007-10-01,Kolda,Kolda,Mil,187.5,2
2007-10-01,Kolda,Kolda,Riz importé (brisé),230.0,2
2007-10-01,Kolda,Kolda,Sorgho,200.0,2
2007-10-01,Louga,Louga,Maïs importé,160.0,3
2007-10-01,Louga,Louga,Maïs local,165.0,2
2007-10-01,Louga,Louga,Mil,204.16500000000002,4
2007-10-01,Louga,Louga,Riz importé (brisé),230.0,4
2007-10-01,Louga,Louga,Riz local,213.33499999999998,2
2007-10-01,Louga,Louga,Sorgho,200.0,3
2007-10-01,Matam,Matam,Maïs importé,183.33499999999998,2
2007-10-01,Matam,Matam,Maïs local,200.0,3
2007-10-01,Matam,Matam,Mil,200.0,5
2007-10-01,Matam,Matam,Riz importé (brisé),233.0,5
2007-10-01,Matam,Matam,Riz local,233.33,1
2007-10-01,Matam,Matam,Sorgho,210.0,5
2007-10-01,Saint Louis,Saint-Louis,Maïs importé,150.0,4
2007-10-01,Saint Louis,Saint-Louis,Maïs local,200.0,5
2007-10-01,Saint Louis,Saint-Louis,Mil,225.0,5
2007-10-01,Saint Louis,Saint-Louis,Riz importé (brisé),220.0,5
2007-10-01,Saint Louis,Saint-Louis,Riz local,215.0,4
2007-10-01,Saint Louis,Saint-Louis,Sorgho,225.0,5
2007-10-01,Sedhiou,Sédhiou,Maïs local,175.0,1
2007-10-01,Sedhiou,Sédhiou,Mil,175.0,1
2007-10-01,Sedhiou,Sédhiou,Riz importé (brisé),235.0,1
2007-10-01,Tambacounda,Tambacounda,Maïs local,110.0,3
2007-10-01,Tambacounda,Tambacounda,Mil,151.25,4
2007-10-01,Tambacounda,Tambacounda,Riz importé (brisé),242.5,2
2007-10-01,Tambacounda,Tambacounda,Sorgho,161.875,2
2007-10-01,Thies,Thiès,Maïs importé,150.0,4
2007-10-01,Thies,Thiès,Mil,200.0,4
2007-10-01,Thies,Thiès,Riz importé (brisé),225.0,4
2007-10-01,Ziguinchor,Ziguinchor,Maïs local,228.33,3
2007-10-01,Ziguinchor,Ziguinchor,Mil,230.0,4
2007-10-01,Ziguinchor,Ziguinchor,Riz importé (brisé),255.0,4
2007-10-01,Ziguinchor,Ziguinchor,Sorgho,233.33,3
2007-11-01,Dakar,Dakar,Maïs importé,193.75,4
2007-11-01,Dakar,Dakar,Maïs local,200.0,1
2007-11-01,Dakar,Dakar,Mil,227.5,4
2007-11-01,Dakar,Dakar,Riz importé (brisé),250.0,5
2007-11-01,Dakar,Dakar,Sorgho,200.0,4
2007-11-01,Diourbel,Diourbel,Maïs importé,150.0,4
2007-11-01,Diourbel,Diourbel,Mil,173.625,4
2007-11-01,Diourbel,Diourbel,Riz importé (brisé),213.75,4
2007-11-01,Fatick,Fatick,Maïs importé,175.625,2
2007-11-01,Fatick,Fatick,Maïs local,150.0,1
2007-11-01,Fatick,Fatick,Mil,166.25,6
2007-11-01,Fatick,Fatick,Riz importé (brisé),222.5,3
2007-11-01,Fatick,Fatick,Sorgho,185.0,3
2007-11-01,Kaffrine,Kaffrine,Maïs local,160.0,3
2007-11-01,Kaffrine,Kaffrine,Mil,160.0,3
2007-11-01,Kaffrine,Kaffrine,Riz importé (brisé),275.0,3
2007-11-01,Kaffrine,Kaffrine,Sorgho,145.0,3
2007-11-01,Kaolack,Kaolack,Maïs local,163.75,3
2007-11-01,Kaolack,Kaolack,Mil,162.0,3
2007-11-01,Kaolack,Kaolack,Riz importé (brisé),265.0,3
2007-11-01,Kaolack,Kaolack,Sorgho,158.95999999999998,2
2007-11-01,Kedougou,Kédougou,Maïs local,187.5,1
2007-11-01,Kedougou,Kédougou,Mil,256.25,1
2007-11-01,Kedougou,Kédougou,Riz importé (brisé),262.5,1
2007-11-01,Kedougou,Kédougou,Sorgho,183.33,1
2007-11-01,Kolda,Kolda,Maïs local,175.0,2
2007-11-01,Kolda,Kolda,Mil,175.0,2
2007-11-01,Kolda,Kolda,Riz importé (brisé),239.375,2
2007-11-01,Kolda,Kolda,Sorgho,187.5,2
2007-11-01,Louga,Louga,Maïs importé,150.0,4
2007-11-01,Louga,Louga,Maïs local,160.0,4
2007-11-01,Louga,Louga,Mil,202.5,4
2007-11-01,Louga,Louga,Riz importé (brisé),235.0,4
2007-11-01,Louga,Louga,Riz local,231.25,2
2007-11-01,Louga,Louga,Sorgho,200.0,3
2007-11-01,Matam,Matam,Maïs importé,187.5,2
2007-11-01,Matam,Matam,Maïs local,175.0,3
2007-11-01,Matam,Matam,Mil,199.0,5
2007-11-01,Matam,Matam,Riz importé (brisé),243.0,5
2007-11-01,Matam,Matam,Riz local,250.0,1
2007-11-01,Matam,Matam,Sorgho,200.0,5
2007-11-01,Saint Louis,Saint-Louis,Maïs importé,164.16500000000002,4
2007-11-01,Saint Louis,Saint-Louis,Maïs local,170.0,5
2007-11-01,Saint Louis,Saint-Louis,Mil,210.0,5
2007-11-01,Saint Louis,Saint-Louis,Riz importé (brisé),240.0,5
2007-11-01,Saint Louis,Saint-Louis,Riz local,220.0,4
2007-11-01,Saint Louis,Saint-Louis,Sorgho,200.0,5
2007-11-01,Sedhiou,Sédhiou,Maïs local,175.0,1
2007-11-01,Sedhiou,Sédhiou,Mil,175.0,1
2007-11-01,Sedhiou,Sédhiou,Riz importé (brisé),250.0,1
2007-11-01,Sedhiou,Sédhiou,Sorgho,200.0,1
2007-11-01,Tambacounda,Tambacounda,Maïs local,138.75,4
2007-11-01,Tambacounda,Tambacounda,Mil,161.875,4
2007-11-01,Tambacounda,Tambacounda,Riz importé (brisé),250.0,2
2007-11-01,Tambacounda,Tambacounda,Sorgho,160.0,4
2007-11-01,Thies,Thiès,Maïs importé,163.125,4
2007-11-01,Thies,Thiès,Maïs local,190.0,2
2007-11-01,Thies,Thiès,Mil,183.125,4
2007-11-01,Thies,Thiès,Riz importé (brisé),230.0,4
2007-11-01,Ziguinchor,Ziguinchor,Maïs local,212.5,3
2007-11-01,Ziguinchor,Ziguinchor,Mil,205.625,4
2007-11-01,Ziguinchor,Ziguinchor,Riz importé (brisé),250.0,4
2007-11-01,Ziguinchor,Ziguinchor,Sorgho,200.0,3
2007-12-01,Dakar,Dakar,Maïs importé,206.25,4
2007-12-01,Dakar,Dakar,Mil,219.0,4
2007-12-01,Dakar,Dakar,Riz importé (brisé),250.0,5
2007-12-01,Dakar,Dakar,Sorgho,202.0,4
2007-12-01,Diourbel,Diourbel,Maïs importé,150.0,4
2007-12-01,Diourbel,Diourbel,Mil,165.0,4
2007-12-01,Diourbel,Diourbel,Riz importé (brisé),213.75,4
2007-12-01,Fatick,Fatick,Maïs importé,175.0,3
2007-12-01,Fatick,Fatick,Maïs local,145.0,1
2007-12-01,Fatick,Fatick,Mil,170.0,5
2007-12-01,Fatick,Fatick,Riz importé (brisé),225.0,4
2007-12-01,Fatick,Fatick,Sorgho,170.0,2
2007-12-01,Kaffrine,Kaffrine,Maïs local,156.67,3
2007-12-01,Kaffrine,Kaffrine,Mil,158.33,3
2007-12-01,Kaffrine,Kaffrine,Riz importé (brisé),275.0,3
2007-12-01,Kaffrine,Kaffrine,Sorgho,150.0,3
2007-12-01,Kaolack,Kaolack,Maïs local,157.5,3
2007-12-01,Kaolack,Kaolack,Mil,158.75,3
2007-12-01,Kaolack,Kaolack,Riz importé (brisé),262.5,3
2007-12-01,Kaolack,Kaolack,Sorgho,165.0,3
2007-12-01,Kolda,Kolda,Maïs local,150.0,3
2007-12-01,Kolda,Kolda,Mil,175.0,3
2007-12-01,Kolda,Kolda,Riz importé (brisé),250.0,3
2007-12-01,Kolda,Kolda,Sorgho,167.5,2
2007-12-01,Louga,Louga,Maïs importé,170.0,3
2007-12-01,Louga,Louga,Mil,214.16500000000002,4
2007-12-01,Louga,Louga,Riz importé (brisé),275.0,4
2007-12-01,Louga,Louga,Riz local,243.33499999999998,2
2007-12-01,Louga,Louga,Sorgho,215.0,3
2007-12-01,Matam,Matam,Maïs importé,250.0,1
2007-12-01,Matam,Matam,Maïs local,187.5,4
2007-12-01,Matam,Matam,Mil,213.0,5
2007-12-01,Matam,Matam,Riz importé (brisé),265.0,5
2007-12-01,Matam,Matam,Riz local,230.0,1
2007-12-01,Matam,Matam,Sorgho,225.0,5
2007-12-01,Saint Louis,Saint-Louis,Mil,210.0,1
2007-12-01,Saint Louis,Saint-Louis,Riz importé (brisé),247.0,1
2007-12-01,Saint Louis,Saint-Louis,Sorgho,194.5,1
2007-12-01,Tambacounda,Tambacounda,Maïs local,130.0,3
2007-12-01,Tambacounda,Tambacounda,Mil,138.33,3
2007-12-01,Tambacounda,Tambacounda,Riz importé (brisé),250.0,1
2007-12-01,Tambacounda,Tambacounda,Sorgho,131.67,3
2007-12-01,Thies,Thiès,Mil,193.0,1
2007-12-01,Thies,Thiès,Riz importé (brisé),229.0,1
2007-12-01,Ziguinchor,Ziguinchor,Maïs local,240.0,3
2007-12-01,Ziguinchor,Ziguinchor,Mil,220.0,4
2007-12-01,Ziguinchor,Ziguinchor,Riz importé (brisé),250.0,4
2007-12-01,Ziguinchor,Ziguinchor,Sorgho,225.0,3
2008-01-01,Dakar,Dakar,Maïs importé,208.33499999999998,4
2008-01-01,Dakar,Dakar,Maïs local,200.0,3
2008-01-01,Dakar,Dakar,Mil,234.0,5
2008-01-01,Dakar,Dakar,Riz importé (brisé),268.75,5
2008-01-01,Dakar,Dakar,Riz local,285.0,4
2008-01-01,Dakar,Dakar,Sorgho,200.0,5
2008-01-01,Diourbel,Diourbel,Maïs importé,161.25,4
2008-01-01,Diourbel,Diourbel,Mil,172.5,4
2008-01-01,Diourbel,Diourbel,Riz importé (brisé),225.0,4
2008-01-01,Diourbel,Diourbel,Riz local,267.5,2
2008-01-01,Fatick,Fatick,Maïs importé,187.5,3
2008-01-01,Fatick,Fatick,Maïs local,177.5,3
2008-01-01,Fatick,Fatick,Mil,177.5,6
2008-01-01,Fatick,Fatick,Riz importé (brisé),250.0,4
2008-01-01,Fatick,Fatick,Riz local,300.0,5
2008-01-01,Fatick,Fatick,Sorgho,162.5,3
2008-01-01,Kaffrine,Kaffrine,Maïs local,175.0,1
2008-01-01,Kaffrine,Kaffrine,Mil,165.0,1
2008-01-01,Kaffrine,Kaffrine,Riz importé (brisé),275.0,1
2008-01-01,Kaffrine,Kaffrine,Sorgho,150.0,1
2008-01-01,Kaolack,Kaolack,Maïs local,160.0,3
2008-01-01,Kaolack,Kaolack,Mil,165.0,3
2008-01-01,Kaolack,Kaolack,Riz importé (brisé),270.0,2
2008-01-01,Kaolack,Kaolack,Sorgho,165.0,3
2008-01-01,Kolda,Kolda,Maïs local,175.0,1
2008-01-01,Kolda,Kolda,Mil,175.0,2
2008-01-01,Kolda,Kolda,Riz importé (brisé),275.0,2
2008-01-01,Kolda,Kolda,Sorgho,200.0,1
2008-01-01,Louga,Louga,Maïs importé,172.5,2
2008-01-01,Louga,Louga,Maïs local,180.0,3
2008-01-01,Louga,Louga,Mil,205.0,3
2008-01-01,Louga,Louga,Riz importé (brisé),267.5,4
2008-01-01,Louga,Louga,Riz local,230.0,4
2008-01-01,Louga,Louga,Sorgho,200.0,2
2008-01-01,Matam,Matam,Maïs importé,200.0,3
2008-01-01,Matam,Matam,Maïs local,175.0,2
2008-01-01,Matam,Matam,Mil,200.0,5
2008-01-01,Matam,Matam,Riz importé (brisé),275.0,5
2008-01-01,Matam,Matam,Riz local,275.0,3
2008-01-01,Matam,Matam,Sorgho,200.0,5
2008-01-01,Saint Louis,Saint-Louis,Maïs local,195.0,2
2008-01-01,Saint Louis,Saint-Louis,Mil,220.0,2
2008-01-01,Saint Louis,Saint-Louis,Riz importé (brisé),257.5,2
2008-01-01,Saint Louis,Saint-Louis,Riz local,255.0,2
2008-01-01,Saint Louis,Saint-Louis,Sorgho,187.5,2
2008-01-01,Tambacounda,Tambacounda,Maïs local,154.16500000000002,4
2008-01-01,Tambacounda,Tambacounda,Mil,162.5,4
2008-01-01,Tambacounda,Tambacounda,Riz importé (brisé),275.0,2
2008-01-01,Tambacounda,Tambacounda,Riz local,300.0,3
2008-01-01,Tambacounda,Tambacounda,Sorgho,136.67,3
2008-01-01,Thies,Thiès,Maïs importé,175.0,4
2008-01-01,Thies,Thiès,Maïs local,200.0,4
2008-01-01,Thies,Thiès,Mil,192.5,4
2008-01-01,Thies,Thiès,Riz importé (brisé),230.0,4
2008-01-01,Thies,Thiès,Riz local,280.0,2
2008-01-01,Ziguinchor,Ziguinchor,Maïs local,200.0,3
2008-01-01,Ziguinchor,Ziguinchor,Mil,202.5,4
2008-01-01,Ziguinchor,Ziguinchor,Riz importé (brisé),275.0,4
2008-01-01,Ziguinchor,Ziguinchor,Riz local,300.0,1
2008-01-01,Ziguinchor,Ziguinchor,Sorgho,200.0,3
2008-02-01,Dakar,Dakar,Maïs importé,200.0,4
2008-02-01,Dakar,Dakar,Mil,225.0,5
2008-02-01,Dakar,Dakar,Riz importé (brisé),288.0,5
2008-02-01,Dakar,Dakar,Sorgho,213.0,4
2008-02-01,Diourbel,Diourbel,Maïs importé,175.0,2
2008-02-01,Diourbel,Diourbel,Maïs local,200.0,1
2008-02-01,Diourbel,Diourbel,Mil,200.0,4
2008-02-01,Diourbel,Diourbel,Riz importé (brisé),270.0,4
2008-02-01,Diourbel,Diourbel,Sorgho,200.0,1
2008-02-01,Fatick,Fatick,Maïs importé,180.0,4
2008-02-01,Fatick,Fatick,Maïs local,200.0,1
2008-02-01,Fatick,Fatick,Mil,170.0,5
2008-02-01,Fatick,Fatick,Riz importé (brisé),250.0,5
2008-02-01,Fatick,Fatick,Sorgho,186.25,2
2008-02-01,Kaffrine,Kaffrine,Maïs local,150.0,2
2008-02-01,Kaffrine,Kaffrine,Mil,165.0,3
2008-02-01,Kaffrine,Kaffrine,Riz importé (brisé),275.0,2
2008-02-01,Kaffrine,Kaffrine,Sorgho,150.0,3
2008-02-01,Kaolack,Kaolack,Maïs local,155.0,2
2008-02-01,Kaolack,Kaolack,Mil,157.5,3
2008-02-01,Kaolack,Kaolack,Riz importé (brisé),277.5,1
2008-02-01,Kaolack,Kaolack,Sorgho,150.0,3
2008-02-01,Kedougou,Kédougou,Maïs local,150.0,1
2008-02-01,Kedougou,Kédougou,Mil,225.0,1
2008-02-01,Kedougou,Kédougou,Riz importé (brisé),300.0,1
2008-02-01,Kedougou,Kédougou,Sorgho,182.5,1
2008-02-01,Kolda,Kolda,Maïs local,175.0,3
2008-02-01,Kolda,Kolda,Mil,183.33,3
2008-02-01,Kolda,Kolda,Riz importé (brisé),291.67,3
2008-02-01,Kolda,Kolda,Sorgho,175.0,3
2008-02-01,Louga,Louga,Maïs importé,180.0,3
2008-02-01,Louga,Louga,Maïs local,180.0,3
2008-02-01,Louga,Louga,Mil,206.25,3
2008-02-01,Louga,Louga,Riz importé (brisé),267.5,4
2008-02-01,Louga,Louga,Riz local,236.25,4
2008-02-01,Louga,Louga,Sorgho,200.0,3
2008-02-01,Matam,Matam,Maïs importé,175.0,3
2008-02-01,Matam,Matam,Mil,214.5,4
2008-02-01,Matam,Matam,Riz importé (brisé),298.0,4
2008-02-01,Matam,Matam,Sorgho,207.0,4
2008-02-01,Saint Louis,Saint-Louis,Maïs importé,183.33499999999998,2
2008-02-01,Saint Louis,Saint-Louis,Maïs local,190.0,3
2008-02-01,Saint Louis,Saint-Louis,Mil,208.33,3
2008-02-01,Saint Louis,Saint-Louis,Riz importé (brisé),258.33500000000004,4
2008-02-01,Saint Louis,Saint-Louis,Riz local,231.67,3
2008-02-01,Saint Louis,Saint-Louis,Sorgho,200.83,4
2008-02-01,Tambacounda,Tambacounda,Maïs local,162.5,4
2008-02-01,Tambacounda,Tambacounda,Mil,163.75,4
2008-02-01,Tambacounda,Tambacounda,Riz importé (brisé),276.25,2
2008-02-01,Tambacounda,Tambacounda,Sorgho,140.0,3
2008-02-01,Thies,Thiès,Maïs importé,181.66500000000002,4
2008-02-01,Thies,Thiès,Maïs local,200.0,4
2008-02-01,Thies,Thiès,Mil,192.5,4
2008-02-01,Thies,Thiès,Riz importé (brisé),240.0,4
2008-02-01,Thies,Thiès,Riz local,300.0,1
2008-02-01,Thies,Thiès,Sorgho,180.0,1
2008-02-01,Ziguinchor,Ziguinchor,Maïs local,212.5,3
2008-02-01,Ziguinchor,Ziguinchor,Mil,200.0,3
2008-02-01,Ziguinchor,Ziguinchor,Riz importé (brisé),275.0,3
2008-02-01,Ziguinchor,Ziguinchor,Riz local,275.0,1
2008-02-01,Ziguinchor,Ziguinchor,Sorgho,208.33,3
2008-03-01,Dakar,Dakar,Maïs importé,212.5,4
2008-03-01,Dakar,Dakar,Maïs local,250.0,1
2008-03-01,Dakar,Dakar,Mil,225.0,5
2008-03-01,Dakar,Dakar,Riz importé (brisé),275.0,5
2008-03-01,Dakar,Dakar,Sorgho,213.0,4
2008-03-01,Diourbel,Diourbel,Maïs importé,177.5,2
2008-03-01,Diourbel,Diourbel,Mil,190.0,4
2008-03-01,Diourbel,Diourbel,Riz importé (brisé),277.5,4
2008-03-01,Fatick,Fatick,Maïs importé,177.5,5
2008-03-01,Fatick,Fatick,Maïs local,182.5,4
2008-03-01,Fatick,Fatick,Mil,175.0,5
2008-03-01,Fatick,Fatick,Riz importé (brisé),280.0,6
2008-03-01,Fatick,Fatick,Sorgho,175.0,5
2008-03-01,Kaffrine,Kaffrine,Maïs local,155.0,2
2008-03-01,Kaffrine,Kaffrine,Mil,160.0,3
2008-03-01,Kaffrine,Kaffrine,Riz importé (brisé),300.0,3
2008-03-01,Kaffrine,Kaffrine,Sorgho,165.0,3
2008-03-01,Kaolack,Kaolack,Maïs local,160.0,2
2008-03-01,Kaolack,Kaolack,Mil,165.0,3
2008-03-01,Kaolack,Kaolack,Riz importé (brisé),296.25,2
2008-03-01,Kaolack,Kaolack,Sorgho,175.0,3
2008-03-01,Kedougou,Kédougou,Maïs local,200.0,1
2008-03-01,Kedougou,Kédougou,Mil,250.0,1
2008-03-01,Kedougou,Kédougou,Riz importé (brisé),325.0,1
2008-03-01,Kedougou,Kédougou,Sorgho,200.0,1
2008-03-01,Kolda,Kolda,Maïs local,175.0,3
2008-03-01,Kolda,Kolda,Mil,187.5,3
2008-03-01,Kolda,Kolda,Riz importé (brisé),325.0,3
2008-03-01,Kolda,Kolda,Sorgho,187.5,3
2008-03-01,Louga,Louga,Maïs importé,180.0,4
2008-03-01,Louga,Louga,Maïs local,180.0,4
2008-03-01,Louga,Louga,Mil,210.0,3
2008-03-01,Louga,Louga,Riz importé (brisé),280.0,4
2008-03-01,Louga,Louga,Riz local,266.25,4
2008-03-01,Louga,Louga,Sorgho,208.75,1
2008-03-01,Matam,Matam,Maïs importé,180.0,3
2008-03-01,Matam,Matam,Maïs local,200.0,1
2008-03-01,Matam,Matam,Mil,217.0,4
2008-03-01,Matam,Matam,Riz importé (brisé),302.5,4
2008-03-01,Matam,Matam,Riz local,300.0,2
2008-03-01,Matam,Matam,Sorgho,217.0,4
2008-03-01,Saint Louis,Saint-Louis,Maïs local,186.45999999999998,4
2008-03-01,Saint Louis,Saint-Louis,Mil,200.0,4
2008-03-01,Saint Louis,Saint-Louis,Riz importé (brisé),283.125,4
2008-03-01,Saint Louis,Saint-Louis,Riz local,271.875,4
2008-03-01,Saint Louis,Saint-Louis,Sorgho,204.375,4
2008-03-01,Tambacounda,Tambacounda,Maïs local,169.16500000000002,4
2008-03-01,Tambacounda,Tambacounda,Mil,182.5,4
2008-03-01,Tambacounda,Tambacounda,Riz importé (brisé),315.83500000000004,2
2008-03-01,Tambacounda,Tambacounda,Sorgho,177.5,4
2008-03-01,Thies,Thiès,Maïs importé,185.0,4
2008-03-01,Thies,Thiès,Maïs local,200.0,4
2008-03-01,Thies,Thiès,Mil,199.16500000000002,4
2008-03-01,Thies,Thiès,Riz importé (brisé),230.0,4
2008-03-01,Thies,Thiès,Sorgho,180.0,1
2008-03-01,Ziguinchor,Ziguinchor,Maïs local,220.0,2
2008-03-01,Ziguinchor,Ziguinchor,Mil,218.75,2
2008-03-01,Ziguinchor,Ziguinchor,Riz importé (brisé),300.0,2
2008-03-01,Ziguinchor,Ziguinchor,Sorgho,218.75,2
2008-04-01,Dakar,Dakar,Maïs importé,200.0,2
2008-04-01,Dakar,Dakar,Maïs local,250.0,1
2008-04-01,Dakar,Dakar,Mil,225.0,5
2008-04-01,Dakar,Dakar,Riz importé (brisé),300.0,5
2008-04-01,Dakar,Dakar,Sorgho,213.0,4
2008-04-01,Diourbel,Diourbel,Maïs importé,197.5,4
2008-04-01,Diourbel,Diourbel,Maïs local,185.0,1
2008-04-01,Diourbel,Diourbel,Mil,203.33499999999998,4
2008-04-01,Diourbel,Diourbel,Riz importé (brisé),291.66499999999996,4
2008-04-01,Diourbel,Diourbel,Riz local,275.0,3
2008-04-01,Diourbel,Diourbel,Sorgho,200.0,3
2008-04-01,Fatick,Fatick,Maïs importé,183.75,2
2008-04-01,Fatick,Fatick,Maïs local,190.0,1
2008-04-01,Fatick,Fatick,Mil,195.0,4
2008-04-01,Fatick,Fatick,Riz importé (brisé),290.0,3
2008-04-01,Fatick,Fatick,Riz local,266.67,1
2008-04-01,Fatick,Fatick,Sorgho,190.0,3
2008-04-01,Kaffrine,Kaffrine,Maïs local,170.0,2
2008-04-01,Kaffrine,Kaffrine,Mil,170.0,3
2008-04-01,Kaffrine,Kaffrine,Riz importé (brisé),300.0,3
2008-04-01,Kaffrine,Kaffrine,Sorgho,175.0,3
2008-04-01,Kaolack,Kaolack,Maïs local,175.0,3
2008-04-01,Kaolack,Kaolack,Mil,175.0,3
2008-04-01,Kaolack,Kaolack,Riz importé (brisé),300.0,3
2008-04-01,Kaolack,Kaolack,Sorgho,179.375,2
2008-04-01,Kedougou,Kédougou,Maïs local,186.67,1
2008-04-01,Kedougou,Kédougou,Mil,266.67,1
2008-04-01,Kedougou,Kédougou,Riz importé (brisé),375.0,1
2008-04-01,Kedougou,Kédougou,Sorgho,233.33,1
2008-04-01,Kolda,Kolda,Maïs local,175.0,1
2008-04-01,Kolda,Kolda,Mil,187.5,3
2008-04-01,Kolda,Kolda,Riz importé (brisé),300.0,3
2008-04-01,Kolda,Kolda,Sorgho,175.0,1
2008-04-01,Louga,Louga,Maïs importé,180.0,3
2008-04-01,Louga,Louga,Maïs local,180.0,3
2008-04-01,Louga,Louga,Mil,220.0,3
2008-04-01,Louga,Louga,Riz importé (brisé),290.0,3
2008-04-01,Louga,Louga,Riz local,280.0,3
2008-04-01,Louga,Louga,Sorgho,217.5,2
2008-04-01,Matam,Matam,Maïs importé,200.0,3
2008-04-01,Matam,Matam,Mil,225.0,4
2008-04-01,Matam,Matam,Riz importé (brisé),307.66499999999996,4
2008-04-01,Matam,Matam,Sorgho,221.0,4
2008-04-01,Saint Louis,Saint-Louis,Maïs importé,190.0,1
2008-04-01,Saint Louis,Saint-Louis,Maïs local,190.0,1
2008-04-01,Saint Louis,Saint-Louis,Mil,200.0,2
2008-04-01,Saint Louis,Saint-Louis,Riz importé (brisé),310.0,2
2008-04-01,Saint Louis,Saint-Louis,Riz local,280.0,2
2008-04-01,Saint Louis,Saint-Louis,Sorgho,205.0,2
2008-04-01,Tambacounda,Tambacounda,Maïs local,166.67,3
2008-04-01,Tambacounda,Tambacounda,Mil,175.0,3
2008-04-01,Tambacounda,Tambacounda,Riz importé (brisé),325.0,1
2008-04-01,Tambacounda,Tambacounda,Sorgho,170.0,3
2008-04-01,Thies,Thiès,Maïs importé,200.0,4
2008-04-01,Thies,Thiès,Mil,210.0,3
2008-04-01,Thies,Thiès,Riz importé (brisé),283.33,4
2008-04-01,Ziguinchor,Ziguinchor,Maïs local,220.83499999999998,2
2008-04-01,Ziguinchor,Ziguinchor,Mil,220.83499999999998,2
2008-04-01,Ziguinchor,Ziguinchor,Riz importé (brisé),293.75,2
2008-04-01,Ziguinchor,Ziguinchor,Sorgho,214.16500000000002,2
2008-05-01,Dakar,Dakar,Maïs importé,220.83499999999998,4
2008-05-01,Dakar,Dakar,Maïs local,237.5,1
2008-05-01,Dakar,Dakar,Mil,233.0,5
2008-05-01,Dakar,Dakar,Riz importé (brisé),300.0,5
2008-05-01,Dakar,Dakar,Sorgho,230.0,5
2008-05-01,Diourbel,Diourbel,Maïs importé,200.0,4
2008-05-01,Diourbel,Diourbel,Maïs local,190.0,3
2008-05-01,Diourbel,Diourbel,Mil,205.0,4
2008-05-01,Diourbel,Diourbel,Riz importé (brisé),286.25,4
2008-05-01,Diourbel,Diourbel,Riz local,240.0,1
2008-05-01,Diourbel,Diourbel,Sorgho,175.0,3
2008-05-01,Fatick,Fatick,Maïs importé,185.0,5
2008-05-01,Fatick,Fatick,Maïs local,195.0,1
2008-05-01,Fatick,Fatick,Mil,195.0,5
2008-05-01,Fatick,Fatick,Riz importé (brisé),280.0,5
2008-05-01,Fatick,Fatick,Sorgho,195.0,3
2008-05-01,Kaffrine,Kaffrine,Maïs local,177.5,2
2008-05-01,Kaffrine,Kaffrine,Mil,182.5,2
2008-05-01,Kaffrine,Kaffrine,Riz importé (brisé),300.0,1
2008-05-01,Kaffrine,Kaffrine,Sorgho,182.5,2
2008-05-01,Kaolack,Kaolack,Maïs local,180.0,1
2008-05-01,Kaolack,Kaolack,Mil,200.0,1
2008-05-01,Kaolack,Kaolack,Riz importé (brisé),280.0,1
2008-05-01,Kaolack,Kaolack,Sorgho,197.5,1
2008-05-01,Kedougou,Kédougou,Maïs local,203.33,1
2008-05-01,Kedougou,Kédougou,Mil,266.67,1
2008-05-01,Kedougou,Kédougou,Riz importé (brisé),305.0,1
2008-05-01,Kedougou,Kédougou,Sorgho,250.0,1
2008-05-01,Kolda,Kolda,Maïs local,180.0,3
2008-05-01,Kolda,Kolda,Mil,200.0,3
2008-05-01,Kolda,Kolda,Riz importé (brisé),300.0,3
2008-05-01,Louga,Louga,Maïs importé,190.0,4
2008-05-01,Louga,Louga,Maïs local,190.0,3
2008-05-01,Louga,Louga,Mil,221.25,4
2008-05-01,Louga,Louga,Riz importé (brisé),292.5,4
2008-05-01,Louga,Louga,Riz local,287.5,3
2008-05-01,Louga,Louga,Sorgho,220.0,3
2008-05-01,Matam,Matam,Maïs importé,200.0,3
2008-05-01,Matam,Matam,Maïs local,191.66500000000002,2
2008-05-01,Matam,Matam,Mil,230.0,4
2008-05-01,Matam,Matam,Riz importé (brisé),305.0,4
2008-05-01,Matam,Matam,Sorgho,213.25,4
2008-05-01,Saint Louis,Saint-Louis,Maïs importé,180.0,1
2008-05-01,Saint Louis,Saint-Louis,Maïs local,190.0,2
2008-05-01,Saint Louis,Saint-Louis,Mil,200.0,2
2008-05-01,Saint Louis,Saint-Louis,Riz importé (brisé),287.5,2
2008-05-01,Saint Louis,Saint-Louis,Riz local,280.0,2
2008-05-01,Saint Louis,Saint-Louis,Sorgho,200.0,2
2008-05-01,Tambacounda,Tambacounda,Maïs local,181.66500000000002,2
2008-05-01,Tambacounda,Tambacounda,Mil,183.33,3
2008-05-01,Tambacounda,Tambacounda,Riz importé (brisé),316.67,1
2008-05-01,Tambacounda,Tambacounda,Sorgho,180.0,3
2008-05-01,Thies,Thiès,Maïs importé,200.0,4
2008-05-01,Thies,Thiès,Mil,210.0,4
2008-05-01,Thies,Thiès,Riz importé (brisé),275.0,4
2008-05-01,Ziguinchor,Ziguinchor,Maïs local,226.25,2
2008-05-01,Ziguinchor,Ziguinchor,Mil,226.25,2
2008-05-01,Ziguinchor,Ziguinchor,Riz importé (brisé),290.0,2
2008-05-01,Ziguinchor,Ziguinchor,Sorgho,226.25,2
2008-06-01,Dakar,Dakar,Maïs importé,237.5,4
2008-06-01,Dakar,Dakar,Mil,242.0,5
2008-06-01,Dakar,Dakar,Riz importé (brisé),305.0,5
2008-06-01,Dakar,Dakar,Sorgho,227.5,1
2008-06-01,Diourbel,Diourbel,Maïs importé,197.5,2
2008-06-01,Diourbel,Diourbel,Mil,215.0,2
2008-06-01,Diourbel,Diourbel,Riz importé (brisé),290.0,2
2008-06-01,Diourbel,Diourbel,Riz local,287.5,2
2008-06-01,Diourbel,Diourbel,Sorgho,200.0,2
2008-06-01,Fatick,Fatick,Maïs importé,225.0,3
2008-06-01,Fatick,Fatick,Mil,203.75,4
2008-06-01,Fatick,Fatick,Riz importé (brisé),320.0,3
2008-06-01,Fatick,Fatick,Sorgho,205.0,4
2008-06-01,Kaffrine,Kaffrine,Maïs local,200.0,2
2008-06-01,Kaffrine,Kaffrine,Mil,200.0,2
2008-06-01,Kaffrine,Kaffrine,Riz importé (brisé),305.0,2
2008-06-01,Kaolack,Kaolack,Maïs importé,186.25,2
2008-06-01,Kaolack,Kaolack,Maïs local,210.0,3
2008-06-01,Kaolack,Kaolack,Mil,202.5,3
2008-06-01,Kaolack,Kaolack,Riz importé (brisé),321.25,2
2008-06-01,Kedougou,Kédougou,Maïs local,260.0,1
2008-06-01,Kedougou,Kédougou,Mil,300.0,1
2008-06-01,Kedougou,Kédougou,Riz importé (brisé),325.0,1
2008-06-01,Kedougou,Kédougou,Sorgho,200.0,1
2008-06-01,Kolda,Kolda,Maïs local,200.0,3
2008-06-01,Kolda,Kolda,Mil,247.5,3
2008-06-01,Kolda,Kolda,Riz importé (brisé),400.0,3
2008-06-01,Louga,Louga,Maïs importé,212.5,4
2008-06-01,Louga,Louga,Mil,223.75,4
2008-06-01,Louga,Louga,Riz importé (brisé),300.0,4
2008-06-01,Louga,Louga,Riz local,290.0,1
2008-06-01,Louga,Louga,Sorgho,216.25,2
2008-06-01,Matam,Matam,Maïs importé,200.0,3
2008-06-01,Matam,Matam,Maïs local,175.0,1
2008-06-01,Matam,Matam,Mil,229.5,4
2008-06-01,Matam,Matam,Riz importé (brisé),323.0,4
2008-06-01,Matam,Matam,Sorgho,212.0,4
2008-06-01,Saint Louis,Saint-Louis,Maïs importé,195.0,2
2008-06-01,Saint Louis,Saint-Louis,Maïs local,197.5,4
2008-06-01,Saint Louis,Saint-Louis,Mil,225.0,4
2008-06-01,Saint Louis,Saint-Louis,Riz importé (brisé),287.5,4
2008-06-01,Saint Louis,Saint-Louis,Riz local,285.0,4
2008-06-01,Saint Louis,Saint-Louis,Sorgho,225.0,4
2008-06-01,Tambacounda,Tambacounda,Maïs local,200.0,3
2008-06-01,Tambacounda,Tambacounda,Mil,190.0,4
2008-06-01,Tambacounda,Tambacounda,Riz importé (brisé),350.0,2
2008-06-01,Tambacounda,Tambacounda,Sorgho,183.75,4
2008-06-01,Thies,Thiès,Maïs importé,205.625,4
2008-06-01,Thies,Thiès,Maïs local,225.0,2
2008-06-01,Thies,Thiès,Mil,212.5,4
2008-06-01,Thies,Thiès,Riz importé (brisé),289.375,4
2008-06-01,Thies,Thiès,Sorgho,225.0,1
2008-06-01,Ziguinchor,Ziguinchor,Maïs local,245.625,2
2008-06-01,Ziguinchor,Ziguinchor,Mil,237.5,2
2008-06-01,Ziguinchor,Ziguinchor,Riz importé (brisé),326.25,2
2008-06-01,Ziguinchor,Ziguinchor,Sorgho,245.625,2
2008-07-01,Dakar,Dakar,Maïs importé,225.0,4
2008-07-01,Dakar,Dakar,Mil,246.0,4
2008-07-01,Dakar,Dakar,Riz importé (brisé),467.0,5
2008-07-01,Dakar,Dakar,Sorgho,225.0,4
2008-07-01,Diourbel,Diourbel,Maïs importé,209.16500000000002,4
2008-07-01,Diourbel,Diourbel,Maïs local,191.66500000000002,4
2008-07-01,Diourbel,Diourbel,Mil,225.0,4
2008-07-01,Diourbel,Diourbel,Riz importé (brisé),300.0,4
2008-07-01,Diourbel,Diourbel,Sorgho,200.0,4
2008-07-01,Fatick,Fatick,Maïs importé,200.0,3
2008-07-01,Fatick,Fatick,Maïs local,220.0,2
2008-07-01,Fatick,Fatick,Mil,207.5,5
2008-07-01,Fatick,Fatick,Riz importé (brisé),375.0,5
2008-07-01,Fatick,Fatick,Sorgho,200.0,2
2008-07-01,Kaffrine,Kaffrine,Maïs local,200.0,1
2008-07-01,Kaffrine,Kaffrine,Mil,190.0,3
2008-07-01,Kaffrine,Kaffrine,Riz importé (brisé),367.5,2
2008-07-01,Kaffrine,Kaffrine,Sorgho,190.0,1
2008-07-01,Kaolack,Kaolack,Maïs importé,195.0,2
2008-07-01,Kaolack,Kaolack,Maïs local,200.0,1
2008-07-01,Kaolack,Kaolack,Mil,198.33,3
2008-07-01,Kaolack,Kaolack,Riz importé (brisé),360.0,1
2008-07-01,Kaolack,Kaolack,Sorgho,225.0,1
2008-07-01,Kedougou,Kédougou,Maïs local,212.5,1
2008-07-01,Kedougou,Kédougou,Mil,300.0,1
2008-07-01,Kedougou,Kédougou,Riz importé (brisé),325.0,1
2008-07-01,Kedougou,Kédougou,Sorgho,250.0,1
2008-07-01,Kolda,Kolda,Maïs importé,225.0,3
2008-07-01,Kolda,Kolda,Maïs local,199.16500000000002,2
2008-07-01,Kolda,Kolda,Mil,235.0,3
2008-07-01,Kolda,Kolda,Riz importé (brisé),316.67,3
2008-07-01,Kolda,Kolda,Sorgho,250.0,2
2008-07-01,Louga,Louga,Maïs importé,205.0,4
2008-07-01,Louga,Louga,Mil,235.0,4
2008-07-01,Louga,Louga,Riz importé (brisé),288.75,4
2008-07-01,Louga,Louga,Riz local,307.25,2
2008-07-01,Louga,Louga,Sorgho,225.0,3
2008-07-01,Matam,Matam,Maïs importé,210.0,3
2008-07-01,Matam,Matam,Maïs local,225.0,2
2008-07-01,Matam,Matam,Mil,230.0,4
2008-07-01,Matam,Matam,Riz importé (brisé),343.5,4
2008-07-01,Matam,Matam,Sorgho,218.33499999999998,4
2008-07-01,Saint Louis,Saint-Louis,Maïs importé,200.0,1
2008-07-01,Saint Louis,Saint-Louis,Maïs local,225.0,4
2008-07-01,Saint Louis,Saint-Louis,Mil,241.0,4
2008-07-01,Saint Louis,Saint-Louis,Riz importé (brisé),311.0,3
2008-07-01,Saint Louis,Saint-Louis,Riz local,299.0,4
2008-07-01,Saint Louis,Saint-Louis,Sorgho,248.0,4
2008-07-01,Tambacounda,Tambacounda,Maïs local,195.0,4
2008-07-01,Tambacounda,Tambacounda,Mil,195.0,4
2008-07-01,Tambacounda,Tambacounda,Riz importé (brisé),359.0,2
2008-07-01,Tambacounda,Tambacounda,Sorgho,187.5,3
2008-07-01,Thies,Thiès,Maïs importé,207.75,4
2008-07-01,Thies,Thiès,Maïs local,250.0,1
2008-07-01,Thies,Thiès,Mil,225.0,4
2008-07-01,Thies,Thiès,Riz importé (brisé),353.125,4
2008-07-01,Thies,Thiès,Riz local,375.0,1
2008-07-01,Thies,Thiès,Sorgho,243.75,1
2008-07-01,Ziguinchor,Ziguinchor,Maïs local,272.855,2
2008-07-01,Ziguinchor,Ziguinchor,Mil,270.0,3
2008-07-01,Ziguinchor,Ziguinchor,Riz importé (brisé),364.29,3
2008-07-01,Ziguinchor,Ziguinchor,Sorgho,260.355,2
2008-08-01,Dakar,Dakar,Maïs importé,218.75,4
2008-08-01,Dakar,Dakar,Mil,243.875,4
2008-08-01,Dakar,Dakar,Riz importé (brisé),437.5,5
2008-08-01,Dakar,Dakar,Riz local,320.0,1
2008-08-01,Dakar,Dakar,Sorgho,225.0,3
2008-08-01,Diourbel,Diourbel,Maïs importé,194.16500000000002,4
2008-08-01,Diourbel,Diourbel,Maïs local,200.83499999999998,4
2008-08-01,Diourbel,Diourbel,Mil,211.66500000000002,4
2008-08-01,Diourbel,Diourbel,Riz importé (brisé),371.66499999999996,4
2008-08-01,Diourbel,Diourbel,Riz local,295.0,3
2008-08-01,Diourbel,Diourbel,Sorgho,205.0,3
2008-08-01,Fatick,Fatick,Maïs importé,200.0,5
2008-08-01,Fatick,Fatick,Maïs local,185.0,1
2008-08-01,Fatick,Fatick,Mil,205.0,5
2008-08-01,Fatick,Fatick,Riz importé (brisé),318.75,3
2008-08-01,Fatick,Fatick,Sorgho,192.5,1
2008-08-01,Kaffrine,Kaffrine,Maïs local,200.0,1
2008-08-01,Kaffrine,Kaffrine,Mil,190.0,3
2008-08-01,Kaffrine,Kaffrine,Riz importé (brisé),300.0,1
2008-08-01,Kaffrine,Kaffrine,Sorgho,187.5,2
2008-08-01,Kaolack,Kaolack,Maïs importé,193.75,1
2008-08-01,Kaolack,Kaolack,Maïs local,162.5,3
2008-08-01,Kaolack,Kaolack,Mil,190.0,3
2008-08-01,Kaolack,Kaolack,Riz importé (brisé),373.75,1
2008-08-01,Kaolack,Kaolack,Riz local,350.0,1
2008-08-01,Kaolack,Kaolack,Sorgho,170.0,3
2008-08-01,Kedougou,Kédougou,Maïs local,250.0,1
2008-08-01,Kedougou,Kédougou,Mil,300.0,1
2008-08-01,Kedougou,Kédougou,Riz importé (brisé),330.0,1
2008-08-01,Kedougou,Kédougou,Sorgho,250.0,1
2008-08-01,Kolda,Kolda,Maïs importé,182.5,3
2008-08-01,Kolda,Kolda,Maïs local,208.33,3
2008-08-01,Kolda,Kolda,Mil,216.67,3
2008-08-01,Kolda,Kolda,Riz importé (brisé),325.0,2
2008-08-01,Louga,Louga,Maïs importé,212.5,3
2008-08-01,Louga,Louga,Mil,230.0,4
2008-08-01,Louga,Louga,Riz importé (brisé),337.5,4
2008-08-01,Louga,Louga,Riz local,311.25,2
2008-08-01,Louga,Louga,Sorgho,225.0,2
2008-08-01,Matam,Matam,Maïs importé,215.0,3
2008-08-01,Matam,Matam,Mil,240.5,4
2008-08-01,Matam,Matam,Riz importé (brisé),353.0,4
2008-08-01,Matam,Matam,Riz local,350.0,1
2008-08-01,Matam,Matam,Sorgho,218.0,4
2008-08-01,Saint Louis,Saint-Louis,Maïs importé,233.33499999999998,2
2008-08-01,Saint Louis,Saint-Louis,Maïs local,259.375,2
2008-08-01,Saint Louis,Saint-Louis,Mil,262.875,2
2008-08-01,Saint Louis,Saint-Louis,Riz importé (brisé),343.25,2
2008-08-01,Saint Louis,Saint-Louis,Riz local,302.5,2
2008-08-01,Saint Louis,Saint-Louis,Sorgho,251.0,2
2008-08-01,Tambacounda,Tambacounda,Maïs local,195.0,4
2008-08-01,Tambacounda,Tambacounda,Mil,196.875,4
2008-08-01,Tambacounda,Tambacounda,Riz importé (brisé),346.875,2
2008-08-01,Tambacounda,Tambacounda,Riz local,345.0,1
2008-08-01,Tambacounda,Tambacounda,Sorgho,183.33,3
2008-08-01,Thies,Thiès,Maïs importé,211.5,4
2008-08-01,Thies,Thiès,Maïs local,250.0,1
2008-08-01,Thies,Thiès,Mil,214.5,4
2008-08-01,Thies,Thiès,Riz importé (brisé),347.0,4
2008-08-01,Thies,Thiès,Riz local,350.0,1
2008-08-01,Thies,Thiès,Sorgho,250.0,1
2008-08-01,Ziguinchor,Ziguinchor,Maïs local,240.0,3
2008-08-01,Ziguinchor,Ziguinchor,Mil,273.33,3
2008-08-01,Ziguinchor,Ziguinchor,Riz importé (brisé),391.67,3
2008-08-01,Ziguinchor,Ziguinchor,Riz local,350.0,1
2008-08-01,Ziguinchor,Ziguinchor,Sorgho,232.5,2
2008-09-01,Dakar,Dakar,Maïs importé,215.625,4
2008-09-01,Dakar,Dakar,Mil,258.0,5
2008-09-01,Dakar,Dakar,Riz importé (brisé),475.0,5
2008-09-01,Dakar,Dakar,Sorgho,200.0,2
2008-09-01,Diourbel,Diourbel,Maïs importé,190.83499999999998,4
2008-09-01,Diourbel,Diourbel,Maïs local,182.91500000000002,4
2008-09-01,Diourbel,Diourbel,Mil,205.0,3
2008-09-01,Diourbel,Diourbel,Riz importé (brisé),429.16499999999996,4
2008-09-01,Diourbel,Diourbel,Riz local,390.0,1
2008-09-01,Diourbel,Diourbel,Sorgho,182.5,4
2008-09-01,Fatick,Fatick,Maïs importé,200.0,4
2008-09-01,Fatick,Fatick,Maïs local,200.0,1
2008-09-01,Fatick,Fatick,Mil,215.0,5
2008-09-01,Fatick,Fatick,Riz importé (brisé),425.0,5
2008-09-01,Fatick,Fatick,Riz local,375.0,1
2008-09-01,Fatick,Fatick,Sorgho,202.5,4
2008-09-01,Kaffrine,Kaffrine,Mil,210.0,1
2008-09-01,Kaffrine,Kaffrine,Riz importé (brisé),425.0,1
2008-09-01,Kaffrine,Kaffrine,Sorgho,225.0,1
2008-09-01,Kaolack,Kaolack,Maïs importé,190.83499999999998,2
2008-09-01,Kaolack,Kaolack,Maïs local,175.0,3
2008-09-01,Kaolack,Kaolack,Mil,215.0,3
2008-09-01,Kaolack,Kaolack,Riz importé (brisé),410.0,3
2008-09-01,Kedougou,Kédougou,Maïs local,200.0,1
2008-09-01,Kedougou,Kédougou,Mil,300.0,1
2008-09-01,Kedougou,Kédougou,Riz importé (brisé),440.0,1
2008-09-01,Kedougou,Kédougou,Sorgho,250.0,1
2008-09-01,Kolda,Kolda,Maïs importé,200.0,3
2008-09-01,Kolda,Kolda,Maïs local,200.0,1
2008-09-01,Kolda,Kolda,Mil,235.0,3
2008-09-01,Kolda,Kolda,Riz importé (brisé),380.0,1
2008-09-01,Louga,Louga,Maïs importé,220.0,2
2008-09-01,Louga,Louga,Mil,235.0,3
2008-09-01,Louga,Louga,Riz importé (brisé),425.0,3
2008-09-01,Louga,Louga,Riz local,358.33500000000004,2
2008-09-01,Louga,Louga,Sorgho,220.0,3
2008-09-01,Matam,Matam,Maïs importé,210.0,3
2008-09-01,Matam,Matam,Maïs local,250.0,1
2008-09-01,Matam,Matam,Mil,250.0,4
2008-09-01,Matam,Matam,Riz importé (brisé),427.0,4
2008-09-01,Matam,Matam,Riz local,375.0,1
2008-09-01,Matam,Matam,Sorgho,224.0,4
2008-09-01,Saint Louis,Saint-Louis,Maïs importé,225.0,4
2008-09-01,Saint Louis,Saint-Louis,Maïs local,250.0,4
2008-09-01,Saint Louis,Saint-Louis,Mil,270.83500000000004,4
2008-09-01,Saint Louis,Saint-Louis,Riz importé (brisé),450.0,4
2008-09-01,Saint Louis,Saint-Louis,Riz local,375.0,4
2008-09-01,Saint Louis,Saint-Louis,Sorgho,260.83500000000004,4
2008-09-01,Tambacounda,Tambacounda,Maïs local,210.0,4
2008-09-01,Tambacounda,Tambacounda,Mil,220.0,4
2008-09-01,Tambacounda,Tambacounda,Riz importé (brisé),400.0,2
2008-09-01,Tambacounda,Tambacounda,Sorgho,220.0,3
2008-09-01,Thies,Thiès,Maïs importé,210.0,4
2008-09-01,Thies,Thiès,Maïs local,250.0,1
2008-09-01,Thies,Thiès,Mil,235.0,4
2008-09-01,Thies,Thiès,Riz importé (brisé),400.0,4
2008-09-01,Thies,Thiès,Sorgho,250.0,1
2008-09-01,Ziguinchor,Ziguinchor,Maïs local,255.0,2
2008-09-01,Ziguinchor,Ziguinchor,Mil,265.0,2
2008-09-01,Ziguinchor,Ziguinchor,Riz importé (brisé),437.5,3
2008-09-01,Ziguinchor,Ziguinchor,Sorgho,246.875,2
2008-10-01,Dakar,Dakar,Maïs importé,216.66500000000002,4
2008-10-01,Dakar,Dakar,Mil,258.33,5
2008-10-01,Dakar,Dakar,Riz importé (brisé),475.0,5
2008-10-01,Dakar,Dakar,Sorgho,208.5,1
2008-10-01,Diourbel,Diourbel,Maïs importé,188.75,4
2008-10-01,Diourbel,Diourbel,Maïs local,183.33499999999998,4
2008-10-01,Diourbel,Diourbel,Mil,183.75,4
2008-10-01,Diourbel,Diourbel,Riz importé (brisé),394.375,4
2008-10-01,Diourbel,Diourbel,Sorgho,162.5,4
2008-10-01,Fatick,Fatick,Maïs importé,193.33,3
2008-10-01,Fatick,Fatick,Maïs local,190.0,3
2008-10-01,Fatick,Fatick,Mil,204.16500000000002,4
2008-10-01,Fatick,Fatick,Riz importé (brisé),425.0,4
2008-10-01,Fatick,Fatick,Sorgho,190.0,3
2008-10-01,Kaolack,Kaolack,Maïs local,165.0,1
2008-10-01,Kaolack,Kaolack,Mil,170.0,2
2008-10-01,Kaolack,Kaolack,Riz importé (brisé),412.5,1
2008-10-01,Kaolack,Kaolack,Sorgho,165.0,2
2008-10-01,Kedougou,Kédougou,Maïs local,200.0,1
2008-10-01,Kedougou,Kédougou,Mil,225.0,1
2008-10-01,Kedougou,Kédougou,Riz importé (brisé),440.0,1
2008-10-01,Kolda,Kolda,Maïs importé,225.0,1
2008-10-01,Kolda,Kolda,Maïs local,181.25,3
2008-10-01,Kolda,Kolda,Mil,206.25,3
2008-10-01,Kolda,Kolda,Riz importé (brisé),375.0,1
2008-10-01,Louga,Louga,Maïs importé,222.5,4
2008-10-01,Louga,Louga,Mil,213.75,4
2008-10-01,Louga,Louga,Riz importé (brisé),418.33500000000004,4
2008-10-01,Louga,Louga,Riz local,390.0,3
2008-10-01,Louga,Louga,Sorgho,187.5,2
2008-10-01,Matam,Matam,Maïs importé,220.0,3
2008-10-01,Matam,Matam,Maïs local,233.33,1
2008-10-01,Matam,Matam,Mil,235.0,4
2008-10-01,Matam,Matam,Riz importé (brisé),435.33500000000004,4
2008-10-01,Matam,Matam,Riz local,400.0,1
2008-10-01,Matam,Matam,Sorgho,212.0,4
2008-10-01,Saint Louis,Saint-Louis,Maïs importé,224.16500000000002,4
2008-10-01,Saint Louis,Saint-Louis,Maïs local,245.83499999999998,4
2008-10-01,Saint Louis,Saint-Louis,Mil,275.0,4
2008-10-01,Saint Louis,Saint-Louis,Riz importé (brisé),450.0,4
2008-10-01,Saint Louis,Saint-Louis,Riz local,350.0,4
2008-10-01,Saint Louis,Saint-Louis,Sorgho,275.0,4
2008-10-01,Tambacounda,Tambacounda,Maïs local,175.0,3
2008-10-01,Tambacounda,Tambacounda,Mil,160.0,3
2008-10-01,Tambacounda,Tambacounda,Riz importé (brisé),425.0,1
2008-10-01,Tambacounda,Tambacounda,Sorgho,225.0,1
2008-10-01,Thies,Thiès,Maïs importé,204.58499999999998,4
2008-10-01,Thies,Thiès,Maïs local,233.33,1
2008-10-01,Thies,Thiès,Mil,211.04000000000002,4
2008-10-01,Thies,Thiès,Riz importé (brisé),407.91499999999996,4
2008-10-01,Thies,Thiès,Sorgho,235.0,1
2008-10-01,Ziguinchor,Ziguinchor,Maïs local,260.0,3
2008-10-01,Ziguinchor,Ziguinchor,Mil,253.75,2
2008-10-01,Ziguinchor,Ziguinchor,Riz importé (brisé),450.0,3
2008-10-01,Ziguinchor,Ziguinchor,Sorgho,240.625,2
2008-11-01,Dakar,Dakar,Maïs importé,200.0,3
2008-11-01,Dakar,Dakar,Maïs local,200.0,3
2008-11-01,Dakar,Dakar,Mil,212.25,4
2008-11-01,Dakar,Dakar,Riz importé (brisé),450.0,5
2008-11-01,Dakar,Dakar,Sorgho,217.0,3
2008-11-01,Diourbel,Diourbel,Maïs importé,168.125,2
2008-11-01,Diourbel,Diourbel,Maïs local,161.66500000000002,4
2008-11-01,Diourbel,Diourbel,Mil,173.125,4
2008-11-01,Diourbel,Diourbel,Riz importé (brisé),392.5,4
2008-11-01,Diourbel,Diourbel,Riz local,375.0,1
2008-11-01,Diourbel,Diourbel,Sorgho,141.66500000000002,4
2008-11-01,Fatick,Fatick,Maïs importé,190.0,1
2008-11-01,Fatick,Fatick,Maïs local,155.0,6
2008-11-01,Fatick,Fatick,Mil,157.5,6
2008-11-01,Fatick,Fatick,Riz importé (brisé),425.0,4
2008-11-01,Fatick,Fatick,Sorgho,135.0,5
2008-11-01,Kaffrine,Kaffrine,Maïs local,150.0,1
2008-11-01,Kaffrine,Kaffrine,Mil,150.0,1
2008-11-01,Kaffrine,Kaffrine,Sorgho,175.0,1
2008-11-01,Kaolack,Kaolack,Maïs local,122.5,3
2008-11-01,Kaolack,Kaolack,Mil,139.16500000000002,2
2008-11-01,Kaolack,Kaolack,Riz importé (brisé),372.5,2
2008-11-01,Kedougou,Kédougou,Maïs local,200.0,1
2008-11-01,Kedougou,Kédougou,Mil,266.67,1
2008-11-01,Kedougou,Kédougou,Riz importé (brisé),391.67,1
2008-11-01,Kedougou,Kédougou,Sorgho,250.0,1
2008-11-01,Kolda,Kolda,Maïs importé,100.0,1
2008-11-01,Kolda,Kolda,Maïs local,161.25,3
2008-11-01,Kolda,Kolda,Mil,162.5,2
2008-11-01,Louga,Louga,Maïs importé,205.0,3
2008-11-01,Louga,Louga,Maïs local,170.0,2
2008-11-01,Louga,Louga,Mil,175.0,4
2008-11-01,Louga,Louga,Riz importé (brisé),420.0,4
2008-11-01,Louga,Louga,Riz local,372.5,4
2008-11-01,Louga,Louga,Sorgho,180.0,3
2008-11-01,Matam,Matam,Maïs importé,195.0,3
2008-11-01,Matam,Matam,Maïs local,180.0,3
2008-11-01,Matam,Matam,Mil,212.0,4
2008-11-01,Matam,Matam,Riz importé (brisé),433.66499999999996,4
2008-11-01,Matam,Matam,Riz local,350.0,1
2008-11-01,Matam,Matam,Sorgho,202.0,4
2008-11-01,Saint Louis,Saint-Louis,Maïs importé,140.0,2
2008-11-01,Saint Louis,Saint-Louis,Maïs local,150.0,2
2008-11-01,Saint Louis,Saint-Louis,Mil,190.0,2
2008-11-01,Saint Louis,Saint-Louis,Riz importé (brisé),450.0,2
2008-11-01,Saint Louis,Saint-Louis,Riz local,185.0,2
2008-11-01,Saint Louis,Saint-Louis,Sorgho,190.0,2
2008-11-01,Tambacounda,Tambacounda,Maïs local,143.75,3
2008-11-01,Tambacounda,Tambacounda,Mil,141.25,3
2008-11-01,Tambacounda,Tambacounda,Riz importé (brisé),425.0,1
2008-11-01,Tambacounda,Tambacounda,Sorgho,117.5,3
2008-11-01,Thies,Thiès,Maïs importé,200.0,4
2008-11-01,Thies,Thiès,Maïs local,200.0,1
2008-11-01,Thies,Thiès,Mil,181.25,2
2008-11-01,Thies,Thiès,Riz importé (brisé),386.25,4
2008-11-01,Thies,Thiès,Sorgho,200.0,1
2008-11-01,Ziguinchor,Ziguinchor,Maïs local,228.125,2
2008-11-01,Ziguinchor,Ziguinchor,Mil,225.0,3
2008-11-01,Ziguinchor,Ziguinchor,Riz importé (brisé),437.5,3
2008-11-01,Ziguinchor,Ziguinchor,Sorgho,228.125,2
2008-12-01,Dakar,Dakar,Maïs importé,198.33499999999998,4
2008-12-01,Dakar,Dakar,Maïs local,200.0,3
2008-12-01,Dakar,Dakar,Mil,208.33,5
2008-12-01,Dakar,Dakar,Riz importé (brisé),450.0,5
2008-12-01,Dakar,Dakar,Sorgho,200.0,3
2008-12-01,Diourbel,Diourbel,Maïs importé,166.25,4
2008-12-01,Diourbel,Diourbel,Maïs local,164.16500000000002,4
2008-12-01,Diourbel,Diourbel,Mil,175.0,4
2008-12-01,Diourbel,Diourbel,Riz importé (brisé),400.0,3
2008-12-01,Diourbel,Diourbel,Riz local,325.0,3
2008-12-01,Diourbel,Diourbel,Sorgho,158.75,4
2008-12-01,Fatick,Fatick,Maïs importé,186.67,1
2008-12-01,Fatick,Fatick,Maïs local,165.0,5
2008-12-01,Fatick,Fatick,Mil,165.0,5
2008-12-01,Fatick,Fatick,Riz importé (brisé),441.67,1
2008-12-01,Fatick,Fatick,Sorgho,145.0,5
2008-12-01,Kaolack,Kaolack,Maïs local,150.0,2
2008-12-01,Kaolack,Kaolack,Mil,170.0,1
2008-12-01,Kaolack,Kaolack,Riz importé (brisé),425.0,1
2008-12-01,Kaolack,Kaolack,Sorgho,155.0,1
2008-12-01,Kedougou,Kédougou,Maïs local,158.33,1
2008-12-01,Kedougou,Kédougou,Mil,266.67,1
2008-12-01,Kedougou,Kédougou,Sorgho,250.0,1
2008-12-01,Kolda,Kolda,Maïs local,150.0,2
2008-12-01,Kolda,Kolda,Mil,146.66500000000002,2
2008-12-01,Louga,Louga,Maïs importé,200.0,2
2008-12-01,Louga,Louga,Maïs local,157.5,2
2008-12-01,Louga,Louga,Mil,175.0,3
2008-12-01,Louga,Louga,Riz importé (brisé),412.5,2
2008-12-01,Louga,Louga,Riz local,340.0,3
2008-12-01,Louga,Louga,Sorgho,170.0,3
2008-12-01,Matam,Matam,Maïs importé,216.25,2
2008-12-01,Matam,Matam,Maïs local,216.25,2
2008-12-01,Matam,Matam,Mil,237.0,3
2008-12-01,Matam,Matam,Riz importé (brisé),441.5,2
2008-12-01,Matam,Matam,Riz local,362.5,2
2008-12-01,Matam,Matam,Sorgho,237.0,3
2008-12-01,Saint Louis,Saint-Louis,Maïs importé,140.0,2
2008-12-01,Saint Louis,Saint-Louis,Maïs local,155.0,2
2008-12-01,Saint Louis,Saint-Louis,Mil,185.0,2
2008-12-01,Saint Louis,Saint-Louis,Riz importé (brisé),400.0,1
2008-12-01,Saint Louis,Saint-Louis,Riz local,240.0,2
2008-12-01,Saint Louis,Saint-Louis,Sorgho,185.0,2
2008-12-01,Tambacounda,Tambacounda,Maïs local,131.67,3
2008-12-01,Tambacounda,Tambacounda,Mil,136.67,3
2008-12-01,Tambacounda,Tambacounda,Riz importé (brisé),425.0,1
2008-12-01,Tambacounda,Tambacounda,Sorgho,123.33,3
2008-12-01,Thies,Thiès,Maïs importé,213.75,4
2008-12-01,Thies,Thiès,Maïs local,200.0,1
2008-12-01,Thies,Thiès,Mil,200.0,1
2008-12-01,Thies,Thiès,Riz importé (brisé),381.25,4
2008-12-01,Thies,Thiès,Sorgho,200.0,1
2008-12-01,Ziguinchor,Ziguinchor,Maïs local,220.0,2
2008-12-01,Ziguinchor,Ziguinchor,Mil,201.25,2
2008-12-01,Ziguinchor,Ziguinchor,Riz importé (brisé),441.0,2
2008-12-01,Ziguinchor,Ziguinchor,Sorgho,217.5,1
2009-01-01,Dakar,Dakar,Maïs importé,200.0,3
2009-01-01,Dakar,Dakar,Maïs local,200.0,3
2009-01-01,Dakar,Dakar,Mil,225.0,5
2009-01-01,Dakar,Dakar,Riz importé (brisé),450.0,5
2009-01-01,Dakar,Dakar,Sorgho,200.0,4
2009-01-01,Diourbel,Diourbel,Maïs importé,178.75,4
2009-01-01,Diourbel,Diourbel,Maïs local,175.0,4
2009-01-01,Diourbel,Diourbel,Mil,196.875,4
2009-01-01,Diourbel,Diourbel,Riz importé (brisé),371.25,4
2009-01-01,Diourbel,Diourbel,Riz local,300.0,3
2009-01-01,Diourbel,Diourbel,Sorgho,175.0,3
2009-01-01,Fatick,Fatick,Maïs importé,185.0,3
2009-01-01,Fatick,Fatick,Maïs local,180.0,5
2009-01-01,Fatick,Fatick,Mil,175.0,5
2009-01-01,Fatick,Fatick,Riz importé (brisé),425.0,5
2009-01-01,Fatick,Fatick,Sorgho,150.0,5
2009-01-01,Kaffrine,Kaffrine,Maïs local,172.5,1
2009-01-01,Kaffrine,Kaffrine,Mil,170.0,1
2009-01-01,Kaffrine,Kaffrine,Riz importé (brisé),350.0,1
2009-01-01,Kaffrine,Kaffrine,Sorgho,160.0,1
2009-01-01,Kaolack,Kaolack,Maïs local,142.5,1
2009-01-01,Kaolack,Kaolack,Mil,152.5,2
2009-01-01,Kaolack,Kaolack,Riz importé (brisé),406.25,2
2009-01-01,Kaolack,Kaolack,Sorgho,138.75,2
2009-01-01,Kedougou,Kédougou,Maïs local,150.0,1
2009-01-01,Kedougou,Kédougou,Mil,250.0,1
2009-01-01,Kedougou,Kédougou,Sorgho,250.0,1
2009-01-01,Kolda,Kolda,Maïs local,162.5,2
2009-01-01,Kolda,Kolda,Mil,177.5,3
2009-01-01,Kolda,Kolda,Riz importé (brisé),335.0,3
2009-01-01,Louga,Louga,Maïs importé,195.0,4
2009-01-01,Louga,Louga,Maïs local,182.5,4
2009-01-01,Louga,Louga,Mil,190.0,3
2009-01-01,Louga,Louga,Riz importé (brisé),320.0,4
2009-01-01,Louga,Louga,Riz local,287.5,4
2009-01-01,Louga,Louga,Sorgho,192.5,2
2009-01-01,Matam,Matam,Maïs importé,210.0,2
2009-01-01,Matam,Matam,Maïs local,193.75,2
2009-01-01,Matam,Matam,Mil,225.0,4
2009-01-01,Matam,Matam,Riz importé (brisé),400.0,4
2009-01-01,Matam,Matam,Riz local,350.0,3
2009-01-01,Matam,Matam,Sorgho,202.0,4
2009-01-01,Saint Louis,Saint-Louis,Maïs importé,140.0,2
2009-01-01,Saint Louis,Saint-Louis,Maïs local,173.125,4
2009-01-01,Saint Louis,Saint-Louis,Mil,197.5,4
2009-01-01,Saint Louis,Saint-Louis,Riz importé (brisé),391.66499999999996,4
2009-01-01,Saint Louis,Saint-Louis,Riz local,295.625,4
2009-01-01,Saint Louis,Saint-Louis,Sorgho,197.5,4
2009-01-01,Tambacounda,Tambacounda,Mil,250.0,1
2009-01-01,Tambacounda,Tambacounda,Riz importé (brisé),450.0,1
2009-01-01,Thies,Thiès,Maïs importé,210.0,3
2009-01-01,Thies,Thiès,Maïs local,200.0,1
2009-01-01,Thies,Thiès,Mil,200.0,1
2009-01-01,Thies,Thiès,Riz importé (brisé),343.75,4
2009-01-01,Thies,Thiès,Riz local,290.0,1
2009-01-01,Thies,Thiès,Sorgho,200.0,1
2009-01-01,Ziguinchor,Ziguinchor,Maïs local,235.0,3
2009-01-01,Ziguinchor,Ziguinchor,Mil,233.75,3
2009-01-01,Ziguinchor,Ziguinchor,Riz importé (brisé),445.0,3
2009-01-01,Ziguinchor,Ziguinchor,Sorgho,232.5,2
2009-02-01,Dakar,Dakar,Mil,225.0,1
2009-02-01,Dakar,Dakar,Riz importé (brisé),427.0,1
2009-02-01,Dakar,Dakar,Sorgho,200.0,1
2009-02-01,Diourbel,Diourbel,Maïs importé,122.5,1
2009-02-01,Diourbel,Diourbel,Maïs local,167.5,4
2009-02-01,Diourbel,Diourbel,Mil,178.75,4
2009-02-01,Diourbel,Diourbel,Riz importé (brisé),370.0,4
2009-02-01,Diourbel,Diourbel,Riz local,300.0,1
2009-02-01,Diourbel,Diourbel,Sorgho,162.5,3
2009-02-01,Fatick,Fatick,Maïs importé,190.0,1
2009-02-01,Fatick,Fatick,Maïs local,176.25,6
2009-02-01,Fatick,Fatick,Mil,172.5,6
2009-02-01,Fatick,Fatick,Riz importé (brisé),418.75,6
2009-02-01,Fatick,Fatick,Riz local,275.0,1
2009-02-01,Fatick,Fatick,Sorgho,157.5,6
2009-02-01,Kaffrine,Kaffrine,Mil,160.0,1
2009-02-01,Kaffrine,Kaffrine,Riz importé (brisé),350.0,1
2009-02-01,Kaffrine,Kaffrine,Sorgho,140.0,1
2009-02-01,Kaolack,Kaolack,Maïs local,145.0,1
2009-02-01,Kaolack,Kaolack,Mil,150.0,3
2009-02-01,Kaolack,Kaolack,Riz importé (brisé),361.25,2
2009-02-01,Kaolack,Kaolack,Sorgho,136.25,2
2009-02-01,Kedougou,Kédougou,Maïs local,200.0,1
2009-02-01,Kedougou,Kédougou,Mil,275.0,1
2009-02-01,Kedougou,Kédougou,Riz importé (brisé),450.0,1
2009-02-01,Kedougou,Kédougou,Sorgho,275.0,1
2009-02-01,Kolda,Kolda,Maïs local,166.67,3
2009-02-01,Kolda,Kolda,Mil,190.0,3
2009-02-01,Kolda,Kolda,Riz importé (brisé),335.0,3
2009-02-01,Louga,Louga,Maïs importé,195.0,4
2009-02-01,Louga,Louga,Maïs local,186.66500000000002,4
2009-02-01,Louga,Louga,Mil,190.0,4
2009-02-01,Louga,Louga,Riz importé (brisé),320.0,4
2009-02-01,Louga,Louga,Riz local,290.83500000000004,4
2009-02-01,Louga,Louga,Sorgho,190.0,3
2009-02-01,Matam,Matam,Maïs importé,195.0,3
2009-02-01,Matam,Matam,Maïs local,195.0,3
2009-02-01,Matam,Matam,Mil,222.0,4
2009-02-01,Matam,Matam,Riz importé (brisé),403.0,4
2009-02-01,Matam,Matam,Riz local,300.0,3
2009-02-01,Matam,Matam,Sorgho,201.0,4
2009-02-01,Saint Louis,Saint-Louis,Maïs importé,180.0,1
2009-02-01,Saint Louis,Saint-Louis,Maïs local,176.875,4
2009-02-01,Saint Louis,Saint-Louis,Mil,200.0,4
2009-02-01,Saint Louis,Saint-Louis,Riz importé (brisé),431.25,4
2009-02-01,Saint Louis,Saint-Louis,Riz local,291.25,4
2009-02-01,Saint Louis,Saint-Louis,Sorgho,198.125,4
2009-02-01,Tambacounda,Tambacounda,Maïs local,175.0,3
2009-02-01,Tambacounda,Tambacounda,Mil,190.0,3
2009-02-01,Tambacounda,Tambacounda,Riz importé (brisé),400.0,2
2009-02-01,Tambacounda,Tambacounda,Sorgho,160.0,2
2009-02-01,Thies,Thiès,Maïs importé,200.0,4
2009-02-01,Thies,Thiès,Maïs local,200.0,1
2009-02-01,Thies,Thiès,Mil,185.0,3
2009-02-01,Thies,Thiès,Riz importé (brisé),318.75,4
2009-02-01,Thies,Thiès,Riz local,293.33,3
2009-02-01,Thies,Thiès,Sorgho,200.0,1
2009-02-01,Ziguinchor,Ziguinchor,Maïs local,235.0,3
2009-02-01,Ziguinchor,Ziguinchor,Mil,225.625,2
2009-02-01,Ziguinchor,Ziguinchor,Riz importé (brisé),427.5,3
2009-02-01,Ziguinchor,Ziguinchor,Sorgho,225.625,2
2009-03-01,Dakar,Dakar,Maïs importé,200.0,4
2009-03-01,Dakar,Dakar,Maïs local,225.0,3
2009-03-01,Dakar,Dakar,Mil,218.0,5
2009-03-01,Dakar,Dakar,Riz importé (brisé),401.25,5
2009-03-01,Dakar,Dakar,Sorgho,203.0,4
2009-03-01,Diourbel,Diourbel,Maïs importé,185.0,4
2009-03-01,Diourbel,Diourbel,Maïs local,175.20999999999998,4
2009-03-01,Diourbel,Diourbel,Mil,186.625,4
2009-03-01,Diourbel,Diourbel,Riz importé (brisé),330.0,4
2009-03-01,Diourbel,Diourbel,Riz local,279.16499999999996,4
2009-03-01,Diourbel,Diourbel,Sorgho,161.25,2
2009-03-01,Fatick,Fatick,Maïs local,180.0,5
2009-03-01,Fatick,Fatick,Mil,162.5,5
2009-03-01,Fatick,Fatick,Riz importé (brisé),393.75,5
2009-03-01,Fatick,Fatick,Riz local,350.0,2
2009-03-01,Fatick,Fatick,Sorgho,160.0,5
2009-03-01,Kaffrine,Kaffrine,Maïs local,163.125,2
2009-03-01,Kaffrine,Kaffrine,Mil,161.25,2
2009-03-01,Kaffrine,Kaffrine,Riz importé (brisé),343.75,2
2009-03-01,Kaffrine,Kaffrine,Sorgho,150.0,2
2009-03-01,Kaolack,Kaolack,Maïs local,155.0,1
2009-03-01,Kaolack,Kaolack,Mil,161.25,2
2009-03-01,Kaolack,Kaolack,Riz importé (brisé),368.75,2
2009-03-01,Kaolack,Kaolack,Sorgho,156.875,2
2009-03-01,Kedougou,Kédougou,Maïs local,225.0,1
2009-03-01,Kedougou,Kédougou,Mil,250.0,1
2009-03-01,Kedougou,Kédougou,Riz importé (brisé),425.0,1
2009-03-01,Kedougou,Kédougou,Sorgho,200.0,1
2009-03-01,Kolda,Kolda,Maïs local,167.0,2
2009-03-01,Kolda,Kolda,Mil,188.0,3
2009-03-01,Kolda,Kolda,Riz importé (brisé),335.0,3
2009-03-01,Louga,Louga,Maïs importé,185.0,4
2009-03-01,Louga,Louga,Maïs local,178.75,2
2009-03-01,Louga,Louga,Mil,191.25,4
2009-03-01,Louga,Louga,Riz importé (brisé),305.0,4
2009-03-01,Louga,Louga,Riz local,300.0,4
2009-03-01,Louga,Louga,Sorgho,192.5,4
2009-03-01,Matam,Matam,Maïs importé,213.75,2
2009-03-01,Matam,Matam,Maïs local,193.33,3
2009-03-01,Matam,Matam,Mil,215.5,4
2009-03-01,Matam,Matam,Riz importé (brisé),399.16499999999996,4
2009-03-01,Matam,Matam,Riz local,300.0,3
2009-03-01,Matam,Matam,Sorgho,201.16500000000002,4
2009-03-01,Saint Louis,Saint-Louis,Maïs local,176.25,4
2009-03-01,Saint Louis,Saint-Louis,Mil,198.75,4
2009-03-01,Saint Louis,Saint-Louis,Riz importé (brisé),425.0,4
2009-03-01,Saint Louis,Saint-Louis,Riz local,295.0,4
2009-03-01,Saint Louis,Saint-Louis,Sorgho,198.75,4
2009-03-01,Tambacounda,Tambacounda,Maïs local,180.0,4
2009-03-01,Tambacounda,Tambacounda,Mil,181.25,4
2009-03-01,Tambacounda,Tambacounda,Riz importé (brisé),397.5,2
2009-03-01,Tambacounda,Tambacounda,Sorgho,161.0,3
2009-03-01,Thies,Thiès,Maïs importé,200.0,4
2009-03-01,Thies,Thiès,Maïs local,210.0,1
2009-03-01,Thies,Thiès,Mil,190.0,3
2009-03-01,Thies,Thiès,Riz importé (brisé),300.0,4
2009-03-01,Thies,Thiès,Riz local,290.0,3
2009-03-01,Thies,Thiès,Sorgho,175.0,1
2009-03-01,Ziguinchor,Ziguinchor,Maïs local,225.0,2
2009-03-01,Ziguinchor,Ziguinchor,Mil,225.0,3
2009-03-01,Ziguinchor,Ziguinchor,Riz importé (brisé),406.25,3
2009-03-01,Ziguinchor,Ziguinchor,Sorgho,221.875,2
2009-04-01,Dakar,Dakar,Maïs importé,200.0,3
2009-04-01,Dakar,Dakar,Maïs local,200.0,1
2009-04-01,Dakar,Dakar,Mil,200.0,5
2009-04-01,Dakar,Dakar,Riz importé (brisé),400.0,3
2009-04-01,Dakar,Dakar,Sorgho,200.0,2
2009-04-01,Diourbel,Diourbel,Maïs importé,171.25,4
2009-04-01,Diourbel,Diourbel,Maïs local,178.5,4
2009-04-01,Diourbel,Diourbel,Mil,201.875,4
2009-04-01,Diourbel,Diourbel,Riz importé (brisé),282.0,4
2009-04-01,Diourbel,Diourbel,Riz local,273.33,3
2009-04-01,Diourbel,Diourbel,Sorgho,177.0,3
2009-04-01,Fatick,Fatick,Maïs importé,200.0,4
2009-04-01,Fatick,Fatick,Maïs local,180.83499999999998,4
2009-04-01,Fatick,Fatick,Mil,190.0,5
2009-04-01,Fatick,Fatick,Riz importé (brisé),300.0,5
2009-04-01,Fatick,Fatick,Sorgho,187.5,5
2009-04-01,Kaffrine,Kaffrine,Maïs local,176.67,1
2009-04-01,Kaffrine,Kaffrine,Mil,167.16500000000002,2
2009-04-01,Kaffrine,Kaffrine,Riz importé (brisé),326.66499999999996,2
2009-04-01,Kaffrine,Kaffrine,Sorgho,165.33499999999998,2
2009-04-01,Kaolack,Kaolack,Maïs local,171.625,2
2009-04-01,Kaolack,Kaolack,Mil,172.875,2
2009-04-01,Kaolack,Kaolack,Riz importé (brisé),292.0,1
2009-04-01,Kaolack,Kaolack,Sorgho,168.75,2
2009-04-01,Kedougou,Kédougou,Maïs local,225.0,1
2009-04-01,Kedougou,Kédougou,Mil,250.0,1
2009-04-01,Kedougou,Kédougou,Riz importé (brisé),320.0,1
2009-04-01,Kedougou,Kédougou,Sorgho,200.0,1
2009-04-01,Kolda,Kolda,Maïs importé,180.0,1
2009-04-01,Kolda,Kolda,Maïs local,200.0,2
2009-04-01,Kolda,Kolda,Mil,200.0,3
2009-04-01,Kolda,Kolda,Riz importé (brisé),330.0,3
2009-04-01,Louga,Louga,Maïs importé,195.0,2
2009-04-01,Louga,Louga,Maïs local,185.0,2
2009-04-01,Louga,Louga,Mil,191.25,2
2009-04-01,Louga,Louga,Riz importé (brisé),382.5,2
2009-04-01,Louga,Louga,Riz local,292.5,2
2009-04-01,Louga,Louga,Sorgho,191.25,2
2009-04-01,Matam,Matam,Maïs importé,190.0,3
2009-04-01,Matam,Matam,Maïs local,200.0,3
2009-04-01,Matam,Matam,Mil,242.375,4
2009-04-01,Matam,Matam,Riz importé (brisé),346.875,4
2009-04-01,Matam,Matam,Riz local,300.0,3
2009-04-01,Matam,Matam,Sorgho,202.0,4
2009-04-01,Saint Louis,Saint-Louis,Maïs local,190.0,4
2009-04-01,Saint Louis,Saint-Louis,Mil,235.625,4
2009-04-01,Saint Louis,Saint-Louis,Riz importé (brisé),311.25,4
2009-04-01,Saint Louis,Saint-Louis,Riz local,294.16499999999996,4
2009-04-01,Saint Louis,Saint-Louis,Sorgho,232.5,4
2009-04-01,Tambacounda,Tambacounda,Maïs local,180.0,4
2009-04-01,Tambacounda,Tambacounda,Mil,182.5,4
2009-04-01,Tambacounda,Tambacounda,Riz importé (brisé),352.5,2
2009-04-01,Tambacounda,Tambacounda,Sorgho,165.0,3
2009-04-01,Thies,Thiès,Maïs importé,199.16500000000002,4
2009-04-01,Thies,Thiès,Maïs local,203.33,1
2009-04-01,Thies,Thiès,Mil,200.0,4
2009-04-01,Thies,Thiès,Riz importé (brisé),293.75,4
2009-04-01,Thies,Thiès,Riz local,290.0,2
2009-04-01,Thies,Thiès,Sorgho,187.5,2
2009-04-01,Ziguinchor,Ziguinchor,Maïs local,229.0,2
2009-04-01,Ziguinchor,Ziguinchor,Mil,232.5,3
2009-04-01,Ziguinchor,Ziguinchor,Riz importé (brisé),344.0,3
2009-04-01,Ziguinchor,Ziguinchor,Sorgho,226.0,2
2009-05-01,Dakar,Dakar,Maïs importé,203.125,4
2009-05-01,Dakar,Dakar,Maïs local,210.0,3
2009-05-01,Dakar,Dakar,Mil,215.0,5
2009-05-01,Dakar,Dakar,Riz importé (brisé),285.0,5
2009-05-01,Dakar,Dakar,Sorgho,200.0,1
2009-05-01,Diourbel,Diourbel,Maïs importé,176.67,3
2009-05-01,Diourbel,Diourbel,Maïs local,181.5,4
2009-05-01,Diourbel,Diourbel,Mil,210.25,4
2009-05-01,Diourbel,Diourbel,Riz importé (brisé),253.83499999999998,4
2009-05-01,Diourbel,Diourbel,Riz local,260.0,3
2009-05-01,Diourbel,Diourbel,Sorgho,177.0,3
2009-05-01,Fatick,Fatick,Maïs importé,200.0,4
2009-05-01,Fatick,Fatick,Maïs local,186.25,6
2009-05-01,Fatick,Fatick,Mil,191.25,6
2009-05-01,Fatick,Fatick,Riz importé (brisé),275.0,6
2009-05-01,Fatick,Fatick,Riz local,250.0,1
2009-05-01,Fatick,Fatick,Sorgho,186.25,6
2009-05-01,Kaffrine,Kaffrine,Maïs local,163.33,1
2009-05-01,Kaffrine,Kaffrine,Mil,176.16500000000002,2
2009-05-01,Kaffrine,Kaffrine,Riz importé (brisé),303.5,2
2009-05-01,Kaffrine,Kaffrine,Sorgho,169.66500000000002,2
2009-05-01,Kaolack,Kaolack,Maïs local,179.0,2
2009-05-01,Kaolack,Kaolack,Mil,179.5,2
2009-05-01,Kaolack,Kaolack,Riz importé (brisé),315.0,1
2009-05-01,Kaolack,Kaolack,Sorgho,185.0,1
2009-05-01,Kedougou,Kédougou,Maïs local,225.0,1
2009-05-01,Kedougou,Kédougou,Mil,225.0,1
2009-05-01,Kedougou,Kédougou,Riz importé (brisé),320.0,1
2009-05-01,Kedougou,Kédougou,Sorgho,200.0,1
2009-05-01,Kolda,Kolda,Maïs importé,164.0,1
2009-05-01,Kolda,Kolda,Maïs local,200.0,3
2009-05-01,Kolda,Kolda,Mil,200.0,3
2009-05-01,Kolda,Kolda,Riz importé (brisé),332.0,3
2009-05-01,Louga,Louga,Maïs importé,195.0,4
2009-05-01,Louga,Louga,Maïs local,190.0,3
2009-05-01,Louga,Louga,Mil,210.0,4
2009-05-01,Louga,Louga,Riz importé (brisé),285.0,4
2009-05-01,Louga,Louga,Riz local,275.0,3
2009-05-01,Louga,Louga,Sorgho,207.5,2
2009-05-01,Matam,Matam,Maïs importé,200.0,2
2009-05-01,Matam,Matam,Maïs local,200.0,3
2009-05-01,Matam,Matam,Mil,222.0,4
2009-05-01,Matam,Matam,Riz importé (brisé),337.5,4
2009-05-01,Matam,Matam,Riz local,300.0,3
2009-05-01,Matam,Matam,Sorgho,206.0,4
2009-05-01,Saint Louis,Saint-Louis,Maïs local,205.5,4
2009-05-01,Saint Louis,Saint-Louis,Mil,227.5,4
2009-05-01,Saint Louis,Saint-Louis,Riz importé (brisé),318.75,4
2009-05-01,Saint Louis,Saint-Louis,Riz local,294.5,4
2009-05-01,Saint Louis,Saint-Louis,Sorgho,223.75,4
2009-05-01,Tambacounda,Tambacounda,Maïs local,182.5,4
2009-05-01,Tambacounda,Tambacounda,Mil,195.0,4
2009-05-01,Tambacounda,Tambacounda,Riz importé (brisé),327.5,2
2009-05-01,Tambacounda,Tambacounda,Sorgho,195.0,4
2009-05-01,Thies,Thiès,Maïs importé,195.83499999999998,4
2009-05-01,Thies,Thiès,Maïs local,175.0,1
2009-05-01,Thies,Thiès,Mil,195.0,3
2009-05-01,Thies,Thiès,Riz importé (brisé),253.335,4
2009-05-01,Thies,Thiès,Riz local,295.0,1
2009-05-01,Thies,Thiès,Sorgho,200.0,1
2009-05-01,Ziguinchor,Ziguinchor,Maïs local,247.0,3
2009-05-01,Ziguinchor,Ziguinchor,Mil,247.0,3
2009-05-01,Ziguinchor,Ziguinchor,Riz importé (brisé),335.0,3
2009-05-01,Ziguinchor,Ziguinchor,Sorgho,255.0,2
2009-06-01,Dakar,Dakar,Maïs importé,200.0,4
2009-06-01,Dakar,Dakar,Maïs local,210.0,3
2009-06-01,Dakar,Dakar,Mil,213.0,5
2009-06-01,Dakar,Dakar,Riz importé (brisé),275.0,5
2009-06-01,Dakar,Dakar,Riz local,375.0,1
2009-06-01,Dakar,Dakar,Sorgho,208.0,1
2009-06-01,Diourbel,Diourbel,Maïs importé,192.5,4
2009-06-01,Diourbel,Diourbel,Maïs local,182.5,4
2009-06-01,Diourbel,Diourbel,Mil,206.875,4
2009-06-01,Diourbel,Diourbel,Riz importé (brisé),252.5,4
2009-06-01,Diourbel,Diourbel,Riz local,253.33,4
2009-06-01,Diourbel,Diourbel,Sorgho,175.625,4
2009-06-01,Fatick,Fatick,Maïs importé,190.0,4
2009-06-01,Fatick,Fatick,Maïs local,195.41500000000002,6
2009-06-01,Fatick,Fatick,Mil,191.25,6
2009-06-01,Fatick,Fatick,Riz importé (brisé),305.0,5
2009-06-01,Fatick,Fatick,Riz local,270.0,1
2009-06-01,Fatick,Fatick,Sorgho,188.75,6
2009-06-01,Kaffrine,Kaffrine,Maïs local,165.0,1
2009-06-01,Kaffrine,Kaffrine,Mil,179.33499999999998,2
2009-06-01,Kaffrine,Kaffrine,Riz importé (brisé),291.66499999999996,2
2009-06-01,Kaffrine,Kaffrine,Sorgho,169.58499999999998,2
2009-06-01,Kaolack,Kaolack,Maïs local,178.0,2
2009-06-01,Kaolack,Kaolack,Mil,182.5,2
2009-06-01,Kaolack,Kaolack,Riz importé (brisé),280.0,1
2009-06-01,Kaolack,Kaolack,Sorgho,186.0,2
2009-06-01,Kedougou,Kédougou,Maïs local,216.67,1
2009-06-01,Kedougou,Kédougou,Mil,233.33,1
2009-06-01,Kedougou,Kédougou,Riz importé (brisé),303.33,1
2009-06-01,Kedougou,Kédougou,Sorgho,216.67,1
2009-06-01,Kolda,Kolda,Maïs importé,200.0,3
2009-06-01,Kolda,Kolda,Maïs local,200.0,3
2009-06-01,Kolda,Kolda,Mil,200.0,3
2009-06-01,Kolda,Kolda,Riz importé (brisé),265.0,3
2009-06-01,Kolda,Kolda,Sorgho,203.75,2
2009-06-01,Louga,Louga,Maïs importé,195.0,4
2009-06-01,Louga,Louga,Mil,205.0,4
2009-06-01,Louga,Louga,Riz importé (brisé),297.5,4
2009-06-01,Louga,Louga,Riz local,285.0,3
2009-06-01,Louga,Louga,Sorgho,202.5,3
2009-06-01,Matam,Matam,Maïs importé,200.0,3
2009-06-01,Matam,Matam,Maïs local,198.75,2
2009-06-01,Matam,Matam,Mil,223.0,4
2009-06-01,Matam,Matam,Riz importé (brisé),312.5,4
2009-06-01,Matam,Matam,Sorgho,204.5,4
2009-06-01,Saint Louis,Saint-Louis,Maïs importé,196.0,3
2009-06-01,Saint Louis,Saint-Louis,Maïs local,206.5,4
2009-06-01,Saint Louis,Saint-Louis,Mil,222.5,4
2009-06-01,Saint Louis,Saint-Louis,Riz importé (brisé),325.0,4
2009-06-01,Saint Louis,Saint-Louis,Riz local,296.25,4
2009-06-01,Saint Louis,Saint-Louis,Sorgho,232.5,4
2009-06-01,Tambacounda,Tambacounda,Maïs local,200.0,3
2009-06-01,Tambacounda,Tambacounda,Mil,188.33499999999998,4
2009-06-01,Tambacounda,Tambacounda,Riz importé (brisé),305.0,3
2009-06-01,Tambacounda,Tambacounda,Sorgho,188.33499999999998,4
2009-06-01,Thies,Thiès,Maïs importé,200.0,4
2009-06-01,Thies,Thiès,Maïs local,200.0,1
2009-06-01,Thies,Thiès,Mil,212.5,4
2009-06-01,Thies,Thiès,Riz importé (brisé),251.66500000000002,4
2009-06-01,Thies,Thiès,Riz local,290.0,1
2009-06-01,Thies,Thiès,Sorgho,231.25,2
2009-06-01,Ziguinchor,Ziguinchor,Maïs local,244.0,2
2009-06-01,Ziguinchor,Ziguinchor,Mil,244.0,2
2009-06-01,Ziguinchor,Ziguinchor,Riz importé (brisé),296.0,3
2009-06-01,Ziguinchor,Ziguinchor,Sorgho,275.0,2
2009-07-01,Dakar,Dakar,Maïs importé,200.0,4
2009-07-01,Dakar,Dakar,Maïs local,201.0,4
2009-07-01,Dakar,Dakar,Mil,228.0,5
2009-07-01,Dakar,Dakar,Riz importé (brisé),290.0,5
2009-07-01,Dakar,Dakar,Riz local,310.0,1
2009-07-01,Dakar,Dakar,Sorgho,217.16500000000002,4
2009-07-01,Diourbel,Diourbel,Maïs importé,181.25,3
2009-07-01,Diourbel,Diourbel,Maïs local,183.75,4
2009-07-01,Diourbel,Diourbel,Mil,213.875,4
2009-07-01,Diourbel,Diourbel,Riz importé (brisé),251.75,4
2009-07-01,Diourbel,Diourbel,Riz local,244.0,3
2009-07-01,Diourbel,Diourbel,Sorgho,187.5,4
2009-07-01,Fatick,Fatick,Maïs importé,180.0,5
2009-07-01,Fatick,Fatick,Maïs local,200.0,5
2009-07-01,Fatick,Fatick,Mil,200.0,5
2009-07-01,Fatick,Fatick,Riz importé (brisé),300.0,5
2009-07-01,Fatick,Fatick,Riz local,260.0,1
2009-07-01,Fatick,Fatick,Sorgho,207.5,2
2009-07-01,Kaffrine,Kaffrine,Maïs local,178.125,2
2009-07-01,Kaffrine,Kaffrine,Mil,183.33499999999998,2
2009-07-01,Kaffrine,Kaffrine,Riz importé (brisé),283.53999999999996,2
2009-07-01,Kaffrine,Kaffrine,Sorgho,170.0,2
2009-07-01,Kaolack,Kaolack,Maïs importé,179.0,1
2009-07-01,Kaolack,Kaolack,Maïs local,187.91500000000002,2
2009-07-01,Kaolack,Kaolack,Mil,188.0,2
2009-07-01,Kaolack,Kaolack,Riz importé (brisé),259.17,1
2009-07-01,Kaolack,Kaolack,Sorgho,187.0,1
2009-07-01,Kedougou,Kédougou,Maïs local,225.0,1
2009-07-01,Kedougou,Kédougou,Mil,250.0,1
2009-07-01,Kedougou,Kédougou,Riz importé (brisé),290.0,1
2009-07-01,Kedougou,Kédougou,Sorgho,225.0,1
2009-07-01,Kolda,Kolda,Maïs importé,200.0,3
2009-07-01,Kolda,Kolda,Maïs local,200.0,3
2009-07-01,Kolda,Kolda,Mil,200.0,3
2009-07-01,Kolda,Kolda,Riz importé (brisé),285.0,3
2009-07-01,Kolda,Kolda,Sorgho,196.66500000000002,2
2009-07-01,Louga,Louga,Maïs importé,230.0,3
2009-07-01,Louga,Louga,Maïs local,185.0,1
2009-07-01,Louga,Louga,Mil,215.0,3
2009-07-01,Louga,Louga,Riz importé (brisé),252.5,3
2009-07-01,Louga,Louga,Riz local,287.5,3
2009-07-01,Louga,Louga,Sorgho,195.0,2
2009-07-01,Matam,Matam,Maïs importé,200.0,3
2009-07-01,Matam,Matam,Maïs local,225.0,2
2009-07-01,Matam,Matam,Mil,246.5,4
2009-07-01,Matam,Matam,Riz importé (brisé),291.66499999999996,4
2009-07-01,Matam,Matam,Riz local,240.0,2
2009-07-01,Matam,Matam,Sorgho,204.0,4
2009-07-01,Saint Louis,Saint-Louis,Maïs importé,193.75,4
2009-07-01,Saint Louis,Saint-Louis,Maïs local,205.625,4
2009-07-01,Saint Louis,Saint-Louis,Mil,239.125,4
2009-07-01,Saint Louis,Saint-Louis,Riz importé (brisé),320.5,4
2009-07-01,Saint Louis,Saint-Louis,Riz local,287.5,4
2009-07-01,Saint Louis,Saint-Louis,Sorgho,235.625,4
2009-07-01,Tambacounda,Tambacounda,Maïs local,189.375,4
2009-07-01,Tambacounda,Tambacounda,Mil,191.25,4
2009-07-01,Tambacounda,Tambacounda,Riz importé (brisé),298.75,2
2009-07-01,Tambacounda,Tambacounda,Sorgho,189.16500000000002,4
2009-07-01,Thies,Thiès,Maïs importé,200.0,4
2009-07-01,Thies,Thiès,Maïs local,192.5,1
2009-07-01,Thies,Thiès,Mil,216.25,4
2009-07-01,Thies,Thiès,Riz importé (brisé),270.83500000000004,4
2009-07-01,Thies,Thiès,Riz local,258.0,1
2009-07-01,Thies,Thiès,Sorgho,216.875,2
2009-07-01,Ziguinchor,Ziguinchor,Maïs local,258.335,2
2009-07-01,Ziguinchor,Ziguinchor,Mil,250.0,3
2009-07-01,Ziguinchor,Ziguinchor,Riz importé (brisé),306.67,3
2009-07-01,Ziguinchor,Ziguinchor,Sorgho,279.17,2
2009-08-01,Dakar,Dakar,Maïs importé,200.0,3
2009-08-01,Dakar,Dakar,Maïs local,202.0,1
2009-08-01,Dakar,Dakar,Mil,272.75,4
2009-08-01,Dakar,Dakar,Riz importé (brisé),268.75,5
2009-08-01,Dakar,Dakar,Sorgho,208.0,1
2009-08-01,Diourbel,Diourbel,Maïs importé,185.83499999999998,4
2009-08-01,Diourbel,Diourbel,Maïs local,184.17,4
2009-08-01,Diourbel,Diourbel,Mil,197.5,4
2009-08-01,Diourbel,Diourbel,Riz importé (brisé),267.71000000000004,4
2009-08-01,Diourbel,Diourbel,Riz local,241.67,3
2009-08-01,Diourbel,Diourbel,Sorgho,183.33,3
2009-08-01,Fatick,Fatick,Maïs importé,180.0,5
2009-08-01,Fatick,Fatick,Maïs local,196.25,6
2009-08-01,Fatick,Fatick,Mil,196.25,6
2009-08-01,Fatick,Fatick,Riz importé (brisé),255.835,6
2009-08-01,Fatick,Fatick,Riz local,250.0,1
2009-08-01,Fatick,Fatick,Sorgho,187.5,5
2009-08-01,Kaffrine,Kaffrine,Maïs local,163.125,2
2009-08-01,Kaffrine,Kaffrine,Mil,178.125,2
2009-08-01,Kaffrine,Kaffrine,Riz importé (brisé),278.125,2
2009-08-01,Kaffrine,Kaffrine,Sorgho,166.67,1
2009-08-01,Kaolack,Kaolack,Maïs importé,180.0,1
2009-08-01,Kaolack,Kaolack,Maïs local,168.54000000000002,2
2009-08-01,Kaolack,Kaolack,Mil,179.16500000000002,2
2009-08-01,Kaolack,Kaolack,Riz importé (brisé),267.5,1
2009-08-01,Kedougou,Kédougou,Maïs local,225.0,1
2009-08-01,Kedougou,Kédougou,Mil,250.0,1
2009-08-01,Kedougou,Kédougou,Riz importé (brisé),286.67,1
2009-08-01,Kedougou,Kédougou,Sorgho,225.0,1
2009-08-01,Kolda,Kolda,Maïs importé,187.5,2
2009-08-01,Kolda,Kolda,Maïs local,200.0,3
2009-08-01,Kolda,Kolda,Mil,200.0,3
2009-08-01,Kolda,Kolda,Riz importé (brisé),280.0,3
2009-08-01,Kolda,Kolda,Sorgho,196.67,3
2009-08-01,Louga,Louga,Maïs importé,200.0,4
2009-08-01,Louga,Louga,Maïs local,200.0,2
2009-08-01,Louga,Louga,Mil,215.83499999999998,4
2009-08-01,Louga,Louga,Riz importé (brisé),268.75,4
2009-08-01,Louga,Louga,Riz local,270.83500000000004,4
2009-08-01,Louga,Louga,Sorgho,215.0,3
2009-08-01,Matam,Matam,Maïs importé,206.25,3
2009-08-01,Matam,Matam,Maïs local,203.125,2
2009-08-01,Matam,Matam,Mil,246.5,4
2009-08-01,Matam,Matam,Riz importé (brisé),312.5,4
2009-08-01,Matam,Matam,Riz local,262.5,2
2009-08-01,Matam,Matam,Sorgho,221.5,4
2009-08-01,Saint Louis,Saint-Louis,Maïs importé,200.0,4
2009-08-01,Saint Louis,Saint-Louis,Maïs local,225.0,4
2009-08-01,Saint Louis,Saint-Louis,Mil,262.5,4
2009-08-01,Saint Louis,Saint-Louis,Riz importé (brisé),325.0,4
2009-08-01,Saint Louis,Saint-Louis,Riz local,290.0,4
2009-08-01,Saint Louis,Saint-Louis,Sorgho,250.0,4
2009-08-01,Tambacounda,Tambacounda,Maïs local,182.5,4
2009-08-01,Tambacounda,Tambacounda,Mil,178.5,4
2009-08-01,Tambacounda,Tambacounda,Riz importé (brisé),287.5,2
2009-08-01,Tambacounda,Tambacounda,Riz local,245.0,2
2009-08-01,Tambacounda,Tambacounda,Sorgho,171.0,3
2009-08-01,Thies,Thiès,Maïs importé,200.0,4
2009-08-01,Thies,Thiès,Maïs local,192.5,2
2009-08-01,Thies,Thiès,Mil,219.375,4
2009-08-01,Thies,Thiès,Riz importé (brisé),252.5,4
2009-08-01,Thies,Thiès,Riz local,243.75,2
2009-08-01,Thies,Thiès,Sorgho,200.0,2
2009-08-01,Ziguinchor,Ziguinchor,Maïs local,250.0,2
2009-08-01,Ziguinchor,Ziguinchor,Mil,250.0,3
2009-08-01,Ziguinchor,Ziguinchor,Riz importé (brisé),300.0,3
2009-08-01,Ziguinchor,Ziguinchor,Sorgho,287.5,2
2009-09-01,Dakar,Dakar,Maïs importé,200.0,3
2009-09-01,Dakar,Dakar,Maïs local,202.0,1
2009-09-01,Dakar,Dakar,Mil,247.0,5
2009-09-01,Dakar,Dakar,Riz importé (brisé),268.75,5
2009-09-01,Dakar,Dakar,Sorgho,200.0,2
2009-09-01,Diourbel,Diourbel,Maïs importé,188.33499999999998,4
2009-09-01,Diourbel,Diourbel,Maïs local,191.875,4
2009-09-01,Diourbel,Diourbel,Mil,203.75,3
2009-09-01,Diourbel,Diourbel,Riz importé (brisé),250.0,4
2009-09-01,Diourbel,Diourbel,Riz local,235.625,4
2009-09-01,Diourbel,Diourbel,Sorgho,192.5,3
2009-09-01,Fatick,Fatick,Maïs importé,170.0,3
2009-09-01,Fatick,Fatick,Maïs local,180.0,3
2009-09-01,Fatick,Fatick,Mil,180.0,5
2009-09-01,Fatick,Fatick,Riz importé (brisé),247.5,4
2009-09-01,Fatick,Fatick,Riz local,250.0,1
2009-09-01,Fatick,Fatick,Sorgho,178.0,5
2009-09-01,Kaffrine,Kaffrine,Maïs local,121.0,2
2009-09-01,Kaffrine,Kaffrine,Mil,154.66500000000002,2
2009-09-01,Kaffrine,Kaffrine,Riz importé (brisé),261.83500000000004,2
2009-09-01,Kaffrine,Kaffrine,Sorgho,145.625,2
2009-09-01,Kaolack,Kaolack,Maïs local,140.0,2
2009-09-01,Kaolack,Kaolack,Mil,161.25,2
2009-09-01,Kaolack,Kaolack,Riz importé (brisé),258.75,2
2009-09-01,Kaolack,Kaolack,Riz local,290.0,1
2009-09-01,Kaolack,Kaolack,Sorgho,136.25,1
2009-09-01,Kedougou,Kédougou,Maïs local,200.0,1
2009-09-01,Kedougou,Kédougou,Mil,225.0,1
2009-09-01,Kedougou,Kédougou,Riz importé (brisé),325.0,1
2009-09-01,Kedougou,Kédougou,Sorgho,225.0,1
2009-09-01,Kolda,Kolda,Maïs importé,191.67,3
2009-09-01,Kolda,Kolda,Maïs local,195.0,3
2009-09-01,Kolda,Kolda,Mil,190.0,3
2009-09-01,Kolda,Kolda,Riz importé (brisé),270.0,3
2009-09-01,Kolda,Kolda,Sorgho,195.0,2
2009-09-01,Louga,Louga,Maïs importé,193.75,4
2009-09-01,Louga,Louga,Maïs local,200.0,1
2009-09-01,Louga,Louga,Mil,203.75,4
2009-09-01,Louga,Louga,Riz importé (brisé),240.0,4
2009-09-01,Louga,Louga,Riz local,271.875,4
2009-09-01,Louga,Louga,Sorgho,202.5,2
2009-09-01,Matam,Matam,Maïs importé,220.0,3
2009-09-01,Matam,Matam,Maïs local,212.5,2
2009-09-01,Matam,Matam,Mil,234.5,4
2009-09-01,Matam,Matam,Riz importé (brisé),300.0,4
2009-09-01,Matam,Matam,Riz local,282.5,1
2009-09-01,Matam,Matam,Sorgho,227.5,4
2009-09-01,Saint Louis,Saint-Louis,Maïs importé,200.0,4
2009-09-01,Saint Louis,Saint-Louis,Maïs local,225.0,4
2009-09-01,Saint Louis,Saint-Louis,Mil,250.0,4
2009-09-01,Saint Louis,Saint-Louis,Riz importé (brisé),325.0,4
2009-09-01,Saint Louis,Saint-Louis,Riz local,290.0,4
2009-09-01,Saint Louis,Saint-Louis,Sorgho,235.0,4
2009-09-01,Tambacounda,Tambacounda,Maïs local,168.75,4
2009-09-01,Tambacounda,Tambacounda,Mil,167.5,4
2009-09-01,Tambacounda,Tambacounda,Riz importé (brisé),300.0,2
2009-09-01,Tambacounda,Tambacounda,Riz local,245.0,2
2009-09-01,Tambacounda,Tambacounda,Sorgho,172.5,4
2009-09-01,Thies,Thiès,Maïs importé,200.0,4
2009-09-01,Thies,Thiès,Maïs local,200.0,2
2009-09-01,Thies,Thiès,Mil,201.66500000000002,4
2009-09-01,Thies,Thiès,Riz importé (brisé),250.0,4
2009-09-01,Thies,Thiès,Riz local,241.67,3
2009-09-01,Thies,Thiès,Sorgho,205.0,3
2009-09-01,Ziguinchor,Ziguinchor,Maïs local,268.125,2
2009-09-01,Ziguinchor,Ziguinchor,Mil,250.0,3
2009-09-01,Ziguinchor,Ziguinchor,Riz importé (brisé),300.0,3
2009-09-01,Ziguinchor,Ziguinchor,Sorgho,275.0,1
2009-10-01,Dakar,Dakar,Maïs importé,200.0,4
2009-10-01,Dakar,Dakar,Mil,213.0,5
2009-10-01,Dakar,Dakar,Riz importé (brisé),250.0,5
2009-10-01,Dakar,Dakar,Sorgho,203.0,1
2009-10-01,Diourbel,Diourbel,Maïs importé,178.5,4
2009-10-01,Diourbel,Diourbel,Maïs local,189.58499999999998,4
2009-10-01,Diourbel,Diourbel,Mil,158.0,3
2009-10-01,Diourbel,Diourbel,Riz importé (brisé),238.0,4
2009-10-01,Diourbel,Diourbel,Riz local,218.33,1
2009-10-01,Diourbel,Diourbel,Sorgho,186.0,3
2009-10-01,Fatick,Fatick,Maïs importé,175.0,4
2009-10-01,Fatick,Fatick,Maïs local,165.0,5
2009-10-01,Fatick,Fatick,Mil,150.0,5
2009-10-01,Fatick,Fatick,Riz importé (brisé),258.75,4
2009-10-01,Fatick,Fatick,Riz local,215.0,3
2009-10-01,Fatick,Fatick,Sorgho,142.5,4
2009-10-01,Kaffrine,Kaffrine,Maïs local,130.625,2
2009-10-01,Kaffrine,Kaffrine,Mil,140.625,2
2009-10-01,Kaffrine,Kaffrine,Riz importé (brisé),235.625,2
2009-10-01,Kaffrine,Kaffrine,Sorgho,145.0,1
2009-10-01,Kaolack,Kaolack,Maïs local,156.875,2
2009-10-01,Kaolack,Kaolack,Mil,147.5,2
2009-10-01,Kaolack,Kaolack,Riz importé (brisé),244.5,2
2009-10-01,Kaolack,Kaolack,Riz local,230.0,1
2009-10-01,Kaolack,Kaolack,Sorgho,150.0,1
2009-10-01,Kedougou,Kédougou,Maïs local,225.0,1
2009-10-01,Kedougou,Kédougou,Mil,250.0,1
2009-10-01,Kedougou,Kédougou,Riz importé (brisé),250.0,1
2009-10-01,Kedougou,Kédougou,Sorgho,225.0,1
2009-10-01,Kolda,Kolda,Maïs importé,200.0,1
2009-10-01,Kolda,Kolda,Maïs local,125.0,3
2009-10-01,Kolda,Kolda,Mil,150.0,3
2009-10-01,Kolda,Kolda,Riz importé (brisé),275.0,3
2009-10-01,Kolda,Kolda,Sorgho,146.25,2
2009-10-01,Louga,Louga,Maïs importé,197.5,3
2009-10-01,Louga,Louga,Maïs local,195.0,1
2009-10-01,Louga,Louga,Mil,200.0,3
2009-10-01,Louga,Louga,Riz importé (brisé),240.0,3
2009-10-01,Louga,Louga,Riz local,270.0,3
2009-10-01,Louga,Louga,Sorgho,201.25,1
2009-10-01,Matam,Matam,Maïs importé,200.0,3
2009-10-01,Matam,Matam,Maïs local,200.0,2
2009-10-01,Matam,Matam,Mil,232.0,4
2009-10-01,Matam,Matam,Riz importé (brisé),300.0,4
2009-10-01,Matam,Matam,Riz local,230.0,2
2009-10-01,Matam,Matam,Sorgho,202.0,4
2009-10-01,Saint Louis,Saint-Louis,Maïs importé,175.0,4
2009-10-01,Saint Louis,Saint-Louis,Maïs local,200.0,4
2009-10-01,Saint Louis,Saint-Louis,Mil,190.0,4
2009-10-01,Saint Louis,Saint-Louis,Riz importé (brisé),285.0,4
2009-10-01,Saint Louis,Saint-Louis,Riz local,230.0,2
2009-10-01,Saint Louis,Saint-Louis,Sorgho,200.0,4
2009-10-01,Tambacounda,Tambacounda,Maïs local,104.0,3
2009-10-01,Tambacounda,Tambacounda,Mil,125.0,3
2009-10-01,Tambacounda,Tambacounda,Riz importé (brisé),250.0,1
2009-10-01,Tambacounda,Tambacounda,Riz local,250.0,2
2009-10-01,Tambacounda,Tambacounda,Sorgho,137.5,2
2009-10-01,Thies,Thiès,Maïs importé,200.0,4
2009-10-01,Thies,Thiès,Mil,170.25,4
2009-10-01,Thies,Thiès,Riz importé (brisé),240.66500000000002,4
2009-10-01,Thies,Thiès,Riz local,241.66500000000002,4
2009-10-01,Thies,Thiès,Sorgho,200.0,1
2009-10-01,Ziguinchor,Ziguinchor,Maïs local,263.33500000000004,2
2009-10-01,Ziguinchor,Ziguinchor,Mil,260.0,3
2009-10-01,Ziguinchor,Ziguinchor,Riz importé (brisé),280.0,3
2009-10-01,Ziguinchor,Ziguinchor,Sorgho,275.0,1
2009-11-01,Dakar,Dakar,Maïs importé,200.0,4
2009-11-01,Dakar,Dakar,Maïs local,187.5,4
2009-11-01,Dakar,Dakar,Mil,214.75,4
2009-11-01,Dakar,Dakar,Riz importé (brisé),250.0,5
2009-11-01,Dakar,Dakar,Sorgho,200.0,5
2009-11-01,Diourbel,Diourbel,Maïs importé,167.5,4
2009-11-01,Diourbel,Diourbel,Maïs local,160.83,4
2009-11-01,Diourbel,Diourbel,Mil,142.29000000000002,4
2009-11-01,Diourbel,Diourbel,Riz importé (brisé),221.66500000000002,4
2009-11-01,Diourbel,Diourbel,Riz local,200.0,3
2009-11-01,Diourbel,Diourbel,Sorgho,151.67,3
2009-11-01,Fatick,Fatick,Maïs importé,155.0,4
2009-11-01,Fatick,Fatick,Maïs local,160.0,5
2009-11-01,Fatick,Fatick,Mil,146.25,6
2009-11-01,Fatick,Fatick,Riz importé (brisé),243.75,4
2009-11-01,Fatick,Fatick,Riz local,218.33,1
2009-11-01,Fatick,Fatick,Sorgho,152.5,5
2009-11-01,Kaffrine,Kaffrine,Maïs local,123.125,2
2009-11-01,Kaffrine,Kaffrine,Mil,133.75,2
2009-11-01,Kaffrine,Kaffrine,Riz importé (brisé),230.0,2
2009-11-01,Kaffrine,Kaffrine,Sorgho,130.0,2
2009-11-01,Kaolack,Kaolack,Maïs local,128.75,2
2009-11-01,Kaolack,Kaolack,Mil,136.875,2
2009-11-01,Kaolack,Kaolack,Riz importé (brisé),225.625,2
2009-11-01,Kaolack,Kaolack,Sorgho,130.0,1
2009-11-01,Kedougou,Kédougou,Maïs local,225.0,1
2009-11-01,Kedougou,Kédougou,Mil,250.0,1
2009-11-01,Kedougou,Kédougou,Riz importé (brisé),250.0,1
2009-11-01,Kolda,Kolda,Maïs local,116.67,3
2009-11-01,Kolda,Kolda,Mil,110.83500000000001,2
2009-11-01,Kolda,Kolda,Riz importé (brisé),268.75,3
2009-11-01,Kolda,Kolda,Sorgho,145.0,2
2009-11-01,Louga,Louga,Maïs importé,188.75,3
2009-11-01,Louga,Louga,Maïs local,170.0,2
2009-11-01,Louga,Louga,Mil,187.0,4
2009-11-01,Louga,Louga,Riz importé (brisé),240.0,4
2009-11-01,Louga,Louga,Riz local,212.0,4
2009-11-01,Louga,Louga,Sorgho,162.5,2
2009-11-01,Matam,Matam,Maïs importé,216.25,2
2009-11-01,Matam,Matam,Maïs local,175.0,2
2009-11-01,Matam,Matam,Mil,215.5,4
2009-11-01,Matam,Matam,Riz importé (brisé),275.0,4
2009-11-01,Matam,Matam,Riz local,225.0,2
2009-11-01,Matam,Matam,Sorgho,206.5,4
2009-11-01,Saint Louis,Saint-Louis,Maïs importé,175.0,4
2009-11-01,Saint Louis,Saint-Louis,Maïs local,195.0,4
2009-11-01,Saint Louis,Saint-Louis,Mil,190.0,4
2009-11-01,Saint Louis,Saint-Louis,Riz importé (brisé),270.0,4
2009-11-01,Saint Louis,Saint-Louis,Riz local,233.33499999999998,4
2009-11-01,Saint Louis,Saint-Louis,Sorgho,190.0,3
2009-11-01,Tambacounda,Tambacounda,Maïs local,131.25,4
2009-11-01,Tambacounda,Tambacounda,Mil,151.25,4
2009-11-01,Tambacounda,Tambacounda,Riz importé (brisé),250.0,2
2009-11-01,Tambacounda,Tambacounda,Riz local,281.25,2
2009-11-01,Tambacounda,Tambacounda,Sorgho,175.0,1
2009-11-01,Thies,Thiès,Maïs importé,190.0,2
2009-11-01,Thies,Thiès,Mil,172.5,2
2009-11-01,Thies,Thiès,Riz importé (brisé),237.5,4
2009-11-01,Thies,Thiès,Riz local,210.0,1
2009-11-01,Thies,Thiès,Sorgho,200.0,1
2009-11-01,Ziguinchor,Ziguinchor,Maïs local,246.875,2
2009-11-01,Ziguinchor,Ziguinchor,Mil,246.45999999999998,2
2009-11-01,Ziguinchor,Ziguinchor,Riz importé (brisé),250.625,2
2009-11-01,Ziguinchor,Ziguinchor,Sorgho,267.5,2
2009-12-01,Dakar,Dakar,Maïs importé,200.0,3
2009-12-01,Dakar,Dakar,Maïs local,202.5,4
2009-12-01,Dakar,Dakar,Mil,200.0,5
2009-12-01,Dakar,Dakar,Riz importé (brisé),270.0,5
2009-12-01,Dakar,Dakar,Riz local,310.0,3
2009-12-01,Dakar,Dakar,Sorgho,220.0,5
2009-12-01,Diourbel,Diourbel,Maïs importé,195.0,4
2009-12-01,Diourbel,Diourbel,Maïs local,168.125,4
2009-12-01,Diourbel,Diourbel,Mil,156.0,4
2009-12-01,Diourbel,Diourbel,Riz importé (brisé),241.5,4
2009-12-01,Diourbel,Diourbel,Riz local,212.0,3
2009-12-01,Diourbel,Diourbel,Sorgho,161.33499999999998,4
2009-12-01,Fatick,Fatick,Maïs importé,175.0,4
2009-12-01,Fatick,Fatick,Maïs local,150.0,5
2009-12-01,Fatick,Fatick,Mil,145.0,5
2009-12-01,Fatick,Fatick,Riz importé (brisé),250.0,3
2009-12-01,Fatick,Fatick,Riz local,222.5,1
2009-12-01,Fatick,Fatick,Sorgho,145.0,5
2009-12-01,Kaffrine,Kaffrine,Maïs local,126.0,2
2009-12-01,Kaffrine,Kaffrine,Mil,138.66500000000002,2
2009-12-01,Kaffrine,Kaffrine,Riz importé (brisé),244.66500000000002,2
2009-12-01,Kaffrine,Kaffrine,Sorgho,118.25,2
2009-12-01,Kaolack,Kaolack,Maïs local,138.875,2
2009-12-01,Kaolack,Kaolack,Mil,156.0,1
2009-12-01,Kaolack,Kaolack,Riz importé (brisé),246.5,2
2009-12-01,Kaolack,Kaolack,Sorgho,135.75,2
2009-12-01,Kedougou,Kédougou,Maïs local,200.0,1
2009-12-01,Kedougou,Kédougou,Mil,225.0,1
2009-12-01,Kedougou,Kédougou,Riz importé (brisé),250.0,1
2009-12-01,Kedougou,Kédougou,Sorgho,225.0,1
2009-12-01,Kolda,Kolda,Maïs local,130.75,2
2009-12-01,Kolda,Kolda,Mil,135.5,2
2009-12-01,Kolda,Kolda,Riz importé (brisé),270.0,3
2009-12-01,Kolda,Kolda,Sorgho,136.0,3
2009-12-01,Louga,Louga,Maïs importé,188.33,3
2009-12-01,Louga,Louga,Maïs local,163.33,3
2009-12-01,Louga,Louga,Mil,182.5,3
2009-12-01,Louga,Louga,Riz importé (brisé),240.0,3
2009-12-01,Louga,Louga,Riz local,200.0,3
2009-12-01,Louga,Louga,Sorgho,170.0,3
2009-12-01,Matam,Matam,Maïs importé,212.5,2
2009-12-01,Matam,Matam,Maïs local,187.5,2
2009-12-01,Matam,Matam,Mil,199.25,4
2009-12-01,Matam,Matam,Riz importé (brisé),275.0,4
2009-12-01,Matam,Matam,Riz local,250.0,1
2009-12-01,Matam,Matam,Sorgho,189.0,4
2009-12-01,Saint Louis,Saint-Louis,Maïs importé,170.0,2
2009-12-01,Saint Louis,Saint-Louis,Maïs local,200.0,2
2009-12-01,Saint Louis,Saint-Louis,Mil,188.33499999999998,2
2009-12-01,Saint Louis,Saint-Louis,Riz importé (brisé),293.33,2
2009-12-01,Saint Louis,Saint-Louis,Riz local,246.67,2
2009-12-01,Saint Louis,Saint-Louis,Sorgho,200.0,1
2009-12-01,Tambacounda,Tambacounda,Maïs local,115.0,3
2009-12-01,Tambacounda,Tambacounda,Mil,117.5,3
2009-12-01,Tambacounda,Tambacounda,Riz importé (brisé),250.0,1
2009-12-01,Tambacounda,Tambacounda,Riz local,225.0,1
2009-12-01,Tambacounda,Tambacounda,Sorgho,115.0,3
2009-12-01,Thies,Thiès,Maïs importé,182.16500000000002,2
2009-12-01,Thies,Thiès,Maïs local,175.0,1
2009-12-01,Thies,Thiès,Mil,180.125,4
2009-12-01,Thies,Thiès,Riz importé (brisé),239.375,4
2009-12-01,Thies,Thiès,Riz local,226.0,1
2009-12-01,Thies,Thiès,Sorgho,170.0,2
2009-12-01,Ziguinchor,Ziguinchor,Maïs local,244.0,3
2009-12-01,Ziguinchor,Ziguinchor,Mil,235.0,3
2009-12-01,Ziguinchor,Ziguinchor,Riz importé (brisé),250.0,3
2009-12-01,Ziguinchor,Ziguinchor,Sorgho,260.0,2
2010-01-01,Dakar,Dakar,Maïs local,225.0,5
2010-01-01,Dakar,Dakar,Mil,200.0,5
2010-01-01,Dakar,Dakar,Riz importé (brisé),280.0,5
2010-01-01,Dakar,Dakar,Riz local,325.0,3
2010-01-01,Dakar,Dakar,Sorgho,225.0,5
2010-01-01,Diourbel,Diourbel,Maïs importé,193.75,4
2010-01-01,Diourbel,Diourbel,Maïs local,175.0,4
2010-01-01,Diourbel,Diourbel,Mil,150.0,4
2010-01-01,Diourbel,Diourbel,Riz importé (brisé),253.75,4
2010-01-01,Diourbel,Diourbel,Riz local,217.5,3
2010-01-01,Diourbel,Diourbel,Sorgho,155.0,2
2010-01-01,Fatick,Fatick,Maïs importé,170.0,1
2010-01-01,Fatick,Fatick,Maïs local,170.0,5
2010-01-01,Fatick,Fatick,Mil,155.0,5
2010-01-01,Fatick,Fatick,Riz importé (brisé),262.5,4
2010-01-01,Fatick,Fatick,Riz local,250.0,1
2010-01-01,Fatick,Fatick,Sorgho,162.5,4
2010-01-01,Kaffrine,Kaffrine,Maïs local,143.33,3
2010-01-01,Kaffrine,Kaffrine,Mil,145.0,3
2010-01-01,Kaffrine,Kaffrine,Riz importé (brisé),260.0,3
2010-01-01,Kaffrine,Kaffrine,Sorgho,140.0,1
2010-01-01,Kaolack,Kaolack,Mil,149.75,2
2010-01-01,Kaolack,Kaolack,Riz importé (brisé),270.625,2
2010-01-01,Kaolack,Kaolack,Sorgho,136.875,2
2010-01-01,Kedougou,Kédougou,Maïs local,180.0,1
2010-01-01,Kedougou,Kédougou,Mil,225.0,1
2010-01-01,Kedougou,Kédougou,Riz importé (brisé),250.0,1
2010-01-01,Kolda,Kolda,Maïs local,160.0,3
2010-01-01,Kolda,Kolda,Mil,161.67,3
2010-01-01,Kolda,Kolda,Riz importé (brisé),267.5,3
2010-01-01,Kolda,Kolda,Sorgho,164.5,2
2010-01-01,Louga,Louga,Maïs importé,195.0,3
2010-01-01,Louga,Louga,Maïs local,186.25,2
2010-01-01,Louga,Louga,Mil,188.75,3
2010-01-01,Louga,Louga,Riz importé (brisé),250.0,3
2010-01-01,Louga,Louga,Riz local,247.5,3
2010-01-01,Louga,Louga,Sorgho,185.0,3
2010-01-01,Matam,Matam,Maïs importé,206.25,2
2010-01-01,Matam,Matam,Maïs local,212.5,2
2010-01-01,Matam,Matam,Mil,200.0,3
2010-01-01,Matam,Matam,Riz importé (brisé),287.5,3
2010-01-01,Matam,Matam,Riz local,230.0,1
2010-01-01,Matam,Matam,Sorgho,200.0,3
2010-01-01,Saint Louis,Saint-Louis,Maïs importé,180.0,2
2010-01-01,Saint Louis,Saint-Louis,Maïs local,209.0,4
2010-01-01,Saint Louis,Saint-Louis,Mil,196.25,4
2010-01-01,Saint Louis,Saint-Louis,Riz importé (brisé),302.5,4
2010-01-01,Saint Louis,Saint-Louis,Riz local,269.0,4
2010-01-01,Saint Louis,Saint-Louis,Sorgho,220.0,4
2010-01-01,Tambacounda,Tambacounda,Maïs local,138.75,4
2010-01-01,Tambacounda,Tambacounda,Mil,141.25,4
2010-01-01,Tambacounda,Tambacounda,Riz importé (brisé),250.0,2
2010-01-01,Tambacounda,Tambacounda,Riz local,235.0,2
2010-01-01,Tambacounda,Tambacounda,Sorgho,127.5,4
2010-01-01,Thies,Thiès,Maïs importé,200.0,3
2010-01-01,Thies,Thiès,Maïs local,175.0,1
2010-01-01,Thies,Thiès,Mil,168.0,3
2010-01-01,Thies,Thiès,Riz importé (brisé),262.0,4
2010-01-01,Thies,Thiès,Riz local,243.33,1
2010-01-01,Thies,Thiès,Sorgho,187.5,1
2010-01-01,Ziguinchor,Ziguinchor,Maïs local,238.75,2
2010-01-01,Ziguinchor,Ziguinchor,Mil,224.375,2
2010-01-01,Ziguinchor,Ziguinchor,Riz importé (brisé),278.125,2
2010-01-01,Ziguinchor,Ziguinchor,Sorgho,232.5,2
2010-02-01,Dakar,Dakar,Maïs importé,200.0,3
2010-02-01,Dakar,Dakar,Maïs local,197.5,4
2010-02-01,Dakar,Dakar,Mil,200.0,5
2010-02-01,Dakar,Dakar,Riz importé (brisé),298.33500000000004,4
2010-02-01,Dakar,Dakar,Sorgho,200.0,2
2010-02-01,Diourbel,Diourbel,Maïs importé,187.5,4
2010-02-01,Diourbel,Diourbel,Maïs local,185.0,3
2010-02-01,Diourbel,Diourbel,Mil,152.5,4
2010-02-01,Diourbel,Diourbel,Riz importé (brisé),248.75,4
2010-02-01,Diourbel,Diourbel,Riz local,220.0,3
2010-02-01,Diourbel,Diourbel,Sorgho,142.5,2
2010-02-01,Fatick,Fatick,Maïs importé,187.5,2
2010-02-01,Fatick,Fatick,Maïs local,175.0,5
2010-02-01,Fatick,Fatick,Mil,145.0,5
2010-02-01,Fatick,Fatick,Riz importé (brisé),225.0,5
2010-02-01,Fatick,Fatick,Riz local,202.5,2
2010-02-01,Fatick,Fatick,Sorgho,155.0,5
2010-02-01,Kaffrine,Kaffrine,Maïs local,158.54000000000002,2
2010-02-01,Kaffrine,Kaffrine,Mil,150.77,3
2010-02-01,Kaffrine,Kaffrine,Riz importé (brisé),237.5,2
2010-02-01,Kaffrine,Kaffrine,Sorgho,140.0,1
2010-02-01,Kaolack,Kaolack,Maïs local,175.0,1
2010-02-01,Kaolack,Kaolack,Mil,135.0,3
2010-02-01,Kaolack,Kaolack,Riz importé (brisé),240.0,2
2010-02-01,Kaolack,Kaolack,Sorgho,161.66500000000002,2
2010-02-01,Kedougou,Kédougou,Maïs local,200.0,1
2010-02-01,Kedougou,Kédougou,Mil,225.0,1
2010-02-01,Kedougou,Kédougou,Riz importé (brisé),230.0,1
2010-02-01,Kedougou,Kédougou,Sorgho,225.0,1
2010-02-01,Kolda,Kolda,Maïs local,135.0,2
2010-02-01,Kolda,Kolda,Mil,160.0,3
2010-02-01,Kolda,Kolda,Riz importé (brisé),275.0,2
2010-02-01,Kolda,Kolda,Sorgho,140.0,2
2010-02-01,Louga,Louga,Maïs importé,195.0,4
2010-02-01,Louga,Louga,Maïs local,187.5,2
2010-02-01,Louga,Louga,Mil,185.0,3
2010-02-01,Louga,Louga,Riz importé (brisé),267.5,4
2010-02-01,Louga,Louga,Riz local,250.0,4
2010-02-01,Louga,Louga,Sorgho,185.0,3
2010-02-01,Matam,Matam,Maïs importé,200.0,2
2010-02-01,Matam,Matam,Maïs local,187.5,3
2010-02-01,Matam,Matam,Mil,200.0,3
2010-02-01,Matam,Matam,Riz importé (brisé),269.0,3
2010-02-01,Matam,Matam,Riz local,233.33,1
2010-02-01,Matam,Matam,Sorgho,190.0,3
2010-02-01,Saint Louis,Saint-Louis,Maïs importé,180.0,4
2010-02-01,Saint Louis,Saint-Louis,Maïs local,200.0,4
2010-02-01,Saint Louis,Saint-Louis,Mil,200.0,4
2010-02-01,Saint Louis,Saint-Louis,Riz importé (brisé),300.0,4
2010-02-01,Saint Louis,Saint-Louis,Riz local,240.0,4
2010-02-01,Saint Louis,Saint-Louis,Sorgho,200.0,4
2010-02-01,Sedhiou,Sédhiou,Maïs local,200.0,1
2010-02-01,Sedhiou,Sédhiou,Mil,225.0,1
2010-02-01,Sedhiou,Sédhiou,Riz importé (brisé),270.0,1
2010-02-01,Sedhiou,Sédhiou,Sorgho,200.0,1
2010-02-01,Tambacounda,Tambacounda,Maïs local,142.5,4
2010-02-01,Tambacounda,Tambacounda,Mil,157.5,4
2010-02-01,Tambacounda,Tambacounda,Riz importé (brisé),252.5,2
2010-02-01,Tambacounda,Tambacounda,Sorgho,145.0,4
2010-02-01,Thies,Thiès,Maïs importé,200.0,3
2010-02-01,Thies,Thiès,Maïs local,175.0,1
2010-02-01,Thies,Thiès,Mil,165.0,4
2010-02-01,Thies,Thiès,Riz importé (brisé),260.0,4
2010-02-01,Thies,Thiès,Riz local,250.0,1
2010-02-01,Thies,Thiès,Sorgho,177.5,2
2010-02-01,Ziguinchor,Ziguinchor,Maïs local,218.33499999999998,2
2010-02-01,Ziguinchor,Ziguinchor,Mil,211.67,2
2010-02-01,Ziguinchor,Ziguinchor,Riz importé (brisé),300.0,2
2010-02-01,Ziguinchor,Ziguinchor,Sorgho,218.33499999999998,2
2010-03-01,Dakar,Dakar,Maïs importé,192.5,4
2010-03-01,Dakar,Dakar,Maïs local,197.5,4
2010-03-01,Dakar,Dakar,Mil,200.0,5
2010-03-01,Dakar,Dakar,Riz importé (brisé),298.33500000000004,4
2010-03-01,Dakar,Dakar,Sorgho,200.0,5
2010-03-01,Diourbel,Diourbel,Maïs importé,191.66500000000002,4
2010-03-01,Diourbel,Diourbel,Maïs local,172.5,4
2010-03-01,Diourbel,Diourbel,Mil,150.83499999999998,4
2010-03-01,Diourbel,Diourbel,Riz importé (brisé),250.0,4
2010-03-01,Diourbel,Diourbel,Riz local,223.33,3
2010-03-01,Diourbel,Diourbel,Sorgho,152.5,3
2010-03-01,Fatick,Fatick,Maïs importé,173.125,2
2010-03-01,Fatick,Fatick,Maïs local,172.5,4
2010-03-01,Fatick,Fatick,Mil,150.0,4
2010-03-01,Fatick,Fatick,Riz importé (brisé),238.125,4
2010-03-01,Fatick,Fatick,Riz local,200.0,1
2010-03-01,Fatick,Fatick,Sorgho,148.75,4
2010-03-01,Kaffrine,Kaffrine,Maïs local,162.56,2
2010-03-01,Kaffrine,Kaffrine,Mil,152.14,3
2010-03-01,Kaffrine,Kaffrine,Riz importé (brisé),283.33,3
2010-03-01,Kaffrine,Kaffrine,Sorgho,163.33499999999998,2
2010-03-01,Kaolack,Kaolack,Maïs local,171.67,2
2010-03-01,Kaolack,Kaolack,Mil,137.5,3
2010-03-01,Kaolack,Kaolack,Riz importé (brisé),258.75,1
2010-03-01,Kaolack,Kaolack,Sorgho,165.0,3
2010-03-01,Kedougou,Kédougou,Maïs local,200.0,1
2010-03-01,Kedougou,Kédougou,Mil,225.0,1
2010-03-01,Kedougou,Kédougou,Riz importé (brisé),250.0,1
2010-03-01,Kedougou,Kédougou,Sorgho,225.0,1
2010-03-01,Kolda,Kolda,Maïs local,157.5,3
2010-03-01,Kolda,Kolda,Mil,162.5,3
2010-03-01,Kolda,Kolda,Riz importé (brisé),275.0,3
2010-03-01,Kolda,Kolda,Sorgho,150.0,3
2010-03-01,Louga,Louga,Maïs importé,200.0,4
2010-03-01,Louga,Louga,Maïs local,190.0,4
2010-03-01,Louga,Louga,Mil,180.0,3
2010-03-01,Louga,Louga,Riz importé (brisé),275.0,4
2010-03-01,Louga,Louga,Riz local,256.25,4
2010-03-01,Louga,Louga,Sorgho,185.0,4
2010-03-01,Matam,Matam,Maïs importé,225.0,2
2010-03-01,Matam,Matam,Maïs local,250.0,2
2010-03-01,Matam,Matam,Mil,217.5,3
2010-03-01,Matam,Matam,Riz importé (brisé),267.5,3
2010-03-01,Matam,Matam,Riz local,250.0,2
2010-03-01,Matam,Matam,Sorgho,213.0,3
2010-03-01,Saint Louis,Saint-Louis,Maïs importé,181.66500000000002,2
2010-03-01,Saint Louis,Saint-Louis,Maïs local,210.0,4
2010-03-01,Saint Louis,Saint-Louis,Mil,200.0,4
2010-03-01,Saint Louis,Saint-Louis,Riz importé (brisé),312.5,4
2010-03-01,Saint Louis,Saint-Louis,Riz local,250.0,2
2010-03-01,Saint Louis,Saint-Louis,Sorgho,220.0,4
2010-03-01,Sedhiou,Sédhiou,Maïs local,200.0,1
2010-03-01,Sedhiou,Sédhiou,Mil,225.0,1
2010-03-01,Sedhiou,Sédhiou,Riz importé (brisé),267.5,1
2010-03-01,Sedhiou,Sédhiou,Sorgho,200.0,1
2010-03-01,Tambacounda,Tambacounda,Maïs local,135.0,3
2010-03-01,Tambacounda,Tambacounda,Mil,140.0,3
2010-03-01,Tambacounda,Tambacounda,Riz importé (brisé),276.67,1
2010-03-01,Tambacounda,Tambacounda,Sorgho,140.0,2
2010-03-01,Thies,Thiès,Maïs importé,200.0,4
2010-03-01,Thies,Thiès,Maïs local,175.0,1
2010-03-01,Thies,Thiès,Mil,169.375,4
2010-03-01,Thies,Thiès,Riz importé (brisé),253.125,4
2010-03-01,Thies,Thiès,Riz local,250.0,1
2010-03-01,Thies,Thiès,Sorgho,188.75,2
2010-03-01,Ziguinchor,Ziguinchor,Maïs local,210.625,2
2010-03-01,Ziguinchor,Ziguinchor,Mil,210.625,2
2010-03-01,Ziguinchor,Ziguinchor,Riz importé (brisé),300.0,2
2010-03-01,Ziguinchor,Ziguinchor,Sorgho,210.625,2
2010-04-01,Dakar,Dakar,Maïs importé,192.5,4
2010-04-01,Dakar,Dakar,Maïs local,199.445,4
2010-04-01,Dakar,Dakar,Mil,200.0,5
2010-04-01,Dakar,Dakar,Riz importé (brisé),300.0,3
2010-04-01,Dakar,Dakar,Sorgho,192.0,3
2010-04-01,Diourbel,Diourbel,Maïs importé,191.25,4
2010-04-01,Diourbel,Diourbel,Maïs local,160.0,3
2010-04-01,Diourbel,Diourbel,Mil,153.95999999999998,4
2010-04-01,Diourbel,Diourbel,Riz importé (brisé),261.875,4
2010-04-01,Diourbel,Diourbel,Riz local,228.75,3
2010-04-01,Diourbel,Diourbel,Sorgho,156.875,2
2010-04-01,Fatick,Fatick,Maïs importé,200.0,1
2010-04-01,Fatick,Fatick,Maïs local,185.0,5
2010-04-01,Fatick,Fatick,Mil,150.0,6
2010-04-01,Fatick,Fatick,Riz importé (brisé),233.33,5
2010-04-01,Fatick,Fatick,Riz local,225.0,1
2010-04-01,Fatick,Fatick,Sorgho,140.0,3
2010-04-01,Kaffrine,Kaffrine,Maïs local,150.0,3
2010-04-01,Kaffrine,Kaffrine,Mil,154.425,4
2010-04-01,Kaffrine,Kaffrine,Riz importé (brisé),275.0,4
2010-04-01,Kaffrine,Kaffrine,Sorgho,150.0,3
2010-04-01,Kaolack,Kaolack,Maïs local,173.33,3
2010-04-01,Kaolack,Kaolack,Mil,146.0,3
2010-04-01,Kaolack,Kaolack,Riz importé (brisé),275.0,1
2010-04-01,Kaolack,Kaolack,Sorgho,173.75,1
2010-04-01,Kedougou,Kédougou,Maïs local,200.0,1
2010-04-01,Kedougou,Kédougou,Mil,225.0,1
2010-04-01,Kedougou,Kédougou,Riz importé (brisé),250.0,1
2010-04-01,Kedougou,Kédougou,Sorgho,225.0,1
2010-04-01,Kolda,Kolda,Maïs local,170.0,2
2010-04-01,Kolda,Kolda,Mil,175.0,3
2010-04-01,Kolda,Kolda,Riz importé (brisé),275.0,3
2010-04-01,Kolda,Kolda,Sorgho,154.16500000000002,2
2010-04-01,Louga,Louga,Maïs importé,200.0,4
2010-04-01,Louga,Louga,Maïs local,197.5,4
2010-04-01,Louga,Louga,Mil,190.0,3
2010-04-01,Louga,Louga,Riz importé (brisé),275.0,4
2010-04-01,Louga,Louga,Riz local,250.0,4
2010-04-01,Louga,Louga,Sorgho,192.5,3
2010-04-01,Matam,Matam,Maïs importé,200.0,3
2010-04-01,Matam,Matam,Maïs local,237.5,3
2010-04-01,Matam,Matam,Mil,213.125,4
2010-04-01,Matam,Matam,Riz importé (brisé),260.31,4
2010-04-01,Matam,Matam,Riz local,250.0,3
2010-04-01,Matam,Matam,Sorgho,204.5,4
2010-04-01,Saint Louis,Saint-Louis,Maïs importé,180.0,2
2010-04-01,Saint Louis,Saint-Louis,Maïs local,200.0,2
2010-04-01,Saint Louis,Saint-Louis,Mil,225.0,2
2010-04-01,Saint Louis,Saint-Louis,Riz importé (brisé),300.0,2
2010-04-01,Saint Louis,Saint-Louis,Riz local,280.0,2
2010-04-01,Saint Louis,Saint-Louis,Sorgho,200.0,2
2010-04-01,Sedhiou,Sédhiou,Maïs local,200.0,1
2010-04-01,Sedhiou,Sédhiou,Mil,225.0,1
2010-04-01,Sedhiou,Sédhiou,Riz importé (brisé),262.5,1
2010-04-01,Sedhiou,Sédhiou,Sorgho,200.0,1
2010-04-01,Tambacounda,Tambacounda,Maïs local,155.0,2
2010-04-01,Tambacounda,Tambacounda,Mil,170.0,2
2010-04-01,Tambacounda,Tambacounda,Riz importé (brisé),250.0,1
2010-04-01,Tambacounda,Tambacounda,Sorgho,140.0,1
2010-04-01,Thies,Thiès,Maïs importé,200.0,4
2010-04-01,Thies,Thiès,Mil,175.0,3
2010-04-01,Thies,Thiès,Riz importé (brisé),250.0,4
2010-04-01,Thies,Thiès,Riz local,240.0,1
2010-04-01,Thies,Thiès,Sorgho,177.5,2
2010-04-01,Ziguinchor,Ziguinchor,Maïs local,212.5,2
2010-04-01,Ziguinchor,Ziguinchor,Mil,225.0,3
2010-04-01,Ziguinchor,Ziguinchor,Riz importé (brisé),300.0,3
2010-04-01,Ziguinchor,Ziguinchor,Sorgho,212.5,2
2010-05-01,Dakar,Dakar,Maïs importé,185.0,3
2010-05-01,Dakar,Dakar,Maïs local,200.0,2
2010-05-01,Dakar,Dakar,Mil,200.0,5
2010-05-01,Dakar,Dakar,Riz importé (brisé),298.33500000000004,4
2010-05-01,Dakar,Dakar,Sorgho,175.0,2
2010-05-01,Diourbel,Diourbel,Maïs importé,189.375,4
2010-05-01,Diourbel,Diourbel,Maïs local,171.67,3
2010-05-01,Diourbel,Diourbel,Mil,162.5,4
2010-05-01,Diourbel,Diourbel,Riz importé (brisé),271.875,4
2010-05-01,Diourbel,Diourbel,Riz local,220.0,1
2010-05-01,Diourbel,Diourbel,Sorgho,161.67,3
2010-05-01,Fatick,Fatick,Maïs importé,185.0,1
2010-05-01,Fatick,Fatick,Maïs local,200.0,5
2010-05-01,Fatick,Fatick,Mil,157.5,6
2010-05-01,Fatick,Fatick,Riz importé (brisé),275.0,4
2010-05-01,Fatick,Fatick,Sorgho,145.0,3
2010-05-01,Kaffrine,Kaffrine,Maïs local,164.285,4
2010-05-01,Kaffrine,Kaffrine,Mil,160.0,4
2010-05-01,Kaffrine,Kaffrine,Riz importé (brisé),275.0,4
2010-05-01,Kaffrine,Kaffrine,Sorgho,175.0,1
2010-05-01,Kaolack,Kaolack,Maïs importé,160.0,1
2010-05-01,Kaolack,Kaolack,Maïs local,176.25,3
2010-05-01,Kaolack,Kaolack,Mil,152.5,3
2010-05-01,Kaolack,Kaolack,Riz importé (brisé),275.0,3
2010-05-01,Kaolack,Kaolack,Sorgho,178.75,3
2010-05-01,Kolda,Kolda,Maïs local,175.0,2
2010-05-01,Kolda,Kolda,Mil,175.0,3
2010-05-01,Kolda,Kolda,Riz importé (brisé),275.0,3
2010-05-01,Kolda,Kolda,Sorgho,165.0,3
2010-05-01,Louga,Louga,Maïs importé,190.625,2
2010-05-01,Louga,Louga,Maïs local,190.0,2
2010-05-01,Louga,Louga,Mil,181.875,4
2010-05-01,Louga,Louga,Riz importé (brisé),275.0,4
2010-05-01,Louga,Louga,Riz local,280.0,4
2010-05-01,Louga,Louga,Sorgho,188.75,3
2010-05-01,Matam,Matam,Maïs importé,200.0,3
2010-05-01,Matam,Matam,Maïs local,230.0,3
2010-05-01,Matam,Matam,Mil,207.29000000000002,4
2010-05-01,Matam,Matam,Riz importé (brisé),268.75,4
2010-05-01,Matam,Matam,Riz local,250.0,1
2010-05-01,Matam,Matam,Sorgho,200.0,4
2010-05-01,Saint Louis,Saint-Louis,Maïs importé,195.0,4
2010-05-01,Saint Louis,Saint-Louis,Maïs local,212.5,4
2010-05-01,Saint Louis,Saint-Louis,Mil,250.0,4
2010-05-01,Saint Louis,Saint-Louis,Riz importé (brisé),300.0,4
2010-05-01,Saint Louis,Saint-Louis,Riz local,280.0,4
2010-05-01,Saint Louis,Saint-Louis,Sorgho,220.0,4
2010-05-01,Sedhiou,Sédhiou,Maïs local,200.0,1
2010-05-01,Sedhiou,Sédhiou,Mil,225.0,1
2010-05-01,Sedhiou,Sédhiou,Riz importé (brisé),267.5,1
2010-05-01,Sedhiou,Sédhiou,Sorgho,200.0,1
2010-05-01,Tambacounda,Tambacounda,Maïs local,168.0,1
2010-05-01,Tambacounda,Tambacounda,Mil,180.0,1
2010-05-01,Tambacounda,Tambacounda,Riz importé (brisé),280.0,1
2010-05-01,Thies,Thiès,Maïs importé,200.0,3
2010-05-01,Thies,Thiès,Mil,176.25,4
2010-05-01,Thies,Thiès,Riz importé (brisé),251.66500000000002,4
2010-05-01,Thies,Thiès,Riz local,256.67,1
2010-05-01,Thies,Thiès,Sorgho,181.67,1
2010-05-01,Ziguinchor,Ziguinchor,Maïs local,270.0,2
2010-05-01,Ziguinchor,Ziguinchor,Mil,212.5,2
2010-05-01,Ziguinchor,Ziguinchor,Riz importé (brisé),275.0,2
2010-05-01,Ziguinchor,Ziguinchor,Sorgho,212.5,2
2010-06-01,Dakar,Dakar,Maïs importé,190.0,4
2010-06-01,Dakar,Dakar,Mil,200.0,5
2010-06-01,Dakar,Dakar,Riz importé (brisé),297.08500000000004,4
2010-06-01,Dakar,Dakar,Riz local,310.0,1
2010-06-01,Dakar,Dakar,Sorgho,175.0,2
2010-06-01,Diourbel,Diourbel,Maïs importé,200.0,4
2010-06-01,Diourbel,Diourbel,Maïs local,175.0,3
2010-06-01,Diourbel,Diourbel,Mil,160.0,3
2010-06-01,Diourbel,Diourbel,Riz importé (brisé),255.835,4
2010-06-01,Diourbel,Diourbel,Riz local,225.0,3
2010-06-01,Diourbel,Diourbel,Sorgho,153.33,3
2010-06-01,Fatick,Fatick,Maïs local,197.5,4
2010-06-01,Fatick,Fatick,Mil,153.95999999999998,4
2010-06-01,Fatick,Fatick,Riz importé (brisé),230.20999999999998,4
2010-06-01,Fatick,Fatick,Riz local,250.0,1
2010-06-01,Fatick,Fatick,Sorgho,168.33499999999998,4
2010-06-01,Kaffrine,Kaffrine,Maïs local,175.0,2
2010-06-01,Kaffrine,Kaffrine,Mil,175.0,3
2010-06-01,Kaffrine,Kaffrine,Riz importé (brisé),275.0,3
2010-06-01,Kaffrine,Kaffrine,Sorgho,182.5,2
2010-06-01,Kaolack,Kaolack,Maïs importé,170.0,1
2010-06-01,Kaolack,Kaolack,Maïs local,185.0,3
2010-06-01,Kaolack,Kaolack,Mil,158.75,3
2010-06-01,Kaolack,Kaolack,Riz importé (brisé),275.0,3
2010-06-01,Kaolack,Kaolack,Sorgho,193.5,2
2010-06-01,Kedougou,Kédougou,Maïs local,200.0,1
2010-06-01,Kedougou,Kédougou,Mil,225.0,1
2010-06-01,Kedougou,Kédougou,Riz importé (brisé),290.0,1
2010-06-01,Kedougou,Kédougou,Sorgho,225.0,1
2010-06-01,Kolda,Kolda,Maïs importé,175.0,1
2010-06-01,Kolda,Kolda,Maïs local,177.5,2
2010-06-01,Kolda,Kolda,Mil,175.0,3
2010-06-01,Kolda,Kolda,Riz importé (brisé),281.25,3
2010-06-01,Kolda,Kolda,Sorgho,173.75,3
2010-06-01,Louga,Louga,Maïs importé,192.5,4
2010-06-01,Louga,Louga,Maïs local,192.5,3
2010-06-01,Louga,Louga,Mil,186.875,4
2010-06-01,Louga,Louga,Riz importé (brisé),294.375,4
2010-06-01,Louga,Louga,Riz local,277.5,4
2010-06-01,Louga,Louga,Sorgho,189.375,4
2010-06-01,Matam,Matam,Maïs importé,200.0,3
2010-06-01,Matam,Matam,Maïs local,233.33,3
2010-06-01,Matam,Matam,Mil,221.43,4
2010-06-01,Matam,Matam,Riz importé (brisé),278.57,4
2010-06-01,Matam,Matam,Riz local,250.0,1
2010-06-01,Matam,Matam,Sorgho,200.0,4
2010-06-01,Saint Louis,Saint-Louis,Maïs importé,218.75,2
2010-06-01,Saint Louis,Saint-Louis,Maïs local,225.0,2
2010-06-01,Saint Louis,Saint-Louis,Mil,250.0,2
2010-06-01,Saint Louis,Saint-Louis,Riz importé (brisé),298.75,2
2010-06-01,Saint Louis,Saint-Louis,Riz local,296.875,2
2010-06-01,Saint Louis,Saint-Louis,Sorgho,250.0,2
2010-06-01,Sedhiou,Sédhiou,Maïs local,200.0,1
2010-06-01,Sedhiou,Sédhiou,Mil,212.5,1
2010-06-01,Sedhiou,Sédhiou,Riz importé (brisé),275.0,1
2010-06-01,Sedhiou,Sédhiou,Sorgho,200.0,1
2010-06-01,Tambacounda,Tambacounda,Maïs local,142.5,3
2010-06-01,Tambacounda,Tambacounda,Mil,145.0,3
2010-06-01,Tambacounda,Tambacounda,Riz importé (brisé),330.0,1
2010-06-01,Tambacounda,Tambacounda,Sorgho,142.5,2
2010-06-01,Thies,Thiès,Maïs importé,187.5,4
2010-06-01,Thies,Thiès,Maïs local,190.0,1
2010-06-01,Thies,Thiès,Mil,185.625,4
2010-06-01,Thies,Thiès,Riz importé (brisé),251.25,4
2010-06-01,Thies,Thiès,Riz local,256.67,1
2010-06-01,Thies,Thiès,Sorgho,193.125,2
2010-06-01,Ziguinchor,Ziguinchor,Maïs local,234.25,2
2010-06-01,Ziguinchor,Ziguinchor,Mil,230.0,3
2010-06-01,Ziguinchor,Ziguinchor,Riz importé (brisé),300.0,3
2010-06-01,Ziguinchor,Ziguinchor,Sorgho,230.625,2
2010-07-01,Dakar,Dakar,Maïs importé,184.375,4
2010-07-01,Dakar,Dakar,Maïs local,185.0,2
2010-07-01,Dakar,Dakar,Mil,198.905,4
2010-07-01,Dakar,Dakar,Riz importé (brisé),298.33500000000004,4
2010-07-01,Dakar,Dakar,Riz local,305.0,1
2010-07-01,Dakar,Dakar,Sorgho,175.0,1
2010-07-01,Diourbel,Diourbel,Maïs importé,198.75,2
2010-07-01,Diourbel,Diourbel,Maïs local,189.375,4
2010-07-01,Diourbel,Diourbel,Mil,164.375,4
2010-07-01,Diourbel,Diourbel,Riz importé (brisé),268.75,4
2010-07-01,Diourbel,Diourbel,Riz local,243.125,4
2010-07-01,Diourbel,Diourbel,Sorgho,173.75,3
2010-07-01,Fatick,Fatick,Maïs importé,195.0,1
2010-07-01,Fatick,Fatick,Maïs local,202.5,6
2010-07-01,Fatick,Fatick,Mil,166.25,6
2010-07-01,Fatick,Fatick,Riz importé (brisé),212.5,6
2010-07-01,Fatick,Fatick,Sorgho,167.5,5
2010-07-01,Kaffrine,Kaffrine,Maïs local,200.0,4
2010-07-01,Kaffrine,Kaffrine,Mil,167.5,4
2010-07-01,Kaffrine,Kaffrine,Riz importé (brisé),270.0,1
2010-07-01,Kaffrine,Kaffrine,Sorgho,200.0,3
2010-07-01,Kaolack,Kaolack,Maïs importé,162.5,1
2010-07-01,Kaolack,Kaolack,Maïs local,176.25,3
2010-07-01,Kaolack,Kaolack,Mil,166.25,3
2010-07-01,Kaolack,Kaolack,Riz importé (brisé),273.75,2
2010-07-01,Kaolack,Kaolack,Sorgho,177.5,2
2010-07-01,Kedougou,Kédougou,Maïs local,200.0,1
2010-07-01,Kedougou,Kédougou,Mil,225.0,1
2010-07-01,Kedougou,Kédougou,Riz importé (brisé),250.0,1
2010-07-01,Kedougou,Kédougou,Sorgho,200.0,1
2010-07-01,Kolda,Kolda,Maïs local,196.67,3
2010-07-01,Kolda,Kolda,Mil,175.0,3
2010-07-01,Kolda,Kolda,Riz importé (brisé),305.0,3
2010-07-01,Kolda,Kolda,Sorgho,170.0,2
2010-07-01,Louga,Louga,Maïs importé,200.0,4
2010-07-01,Louga,Louga,Maïs local,188.0,1
2010-07-01,Louga,Louga,Mil,185.0,4
2010-07-01,Louga,Louga,Riz importé (brisé),287.5,4
2010-07-01,Louga,Louga,Riz local,282.5,4
2010-07-01,Louga,Louga,Sorgho,185.0,4
2010-07-01,Matam,Matam,Maïs importé,200.0,3
2010-07-01,Matam,Matam,Maïs local,250.0,2
2010-07-01,Matam,Matam,Mil,243.75,4
2010-07-01,Matam,Matam,Riz importé (brisé),287.5,4
2010-07-01,Matam,Matam,Riz local,275.0,1
2010-07-01,Matam,Matam,Sorgho,201.5,4
2010-07-01,Saint Louis,Saint-Louis,Maïs importé,221.25,2
2010-07-01,Saint Louis,Saint-Louis,Maïs local,233.33499999999998,2
2010-07-01,Saint Louis,Saint-Louis,Mil,250.0,2
2010-07-01,Saint Louis,Saint-Louis,Riz importé (brisé),300.0,2
2010-07-01,Saint Louis,Saint-Louis,Riz local,300.0,2
2010-07-01,Saint Louis,Saint-Louis,Sorgho,250.0,2
2010-07-01,Sedhiou,Sédhiou,Maïs local,200.0,1
2010-07-01,Sedhiou,Sédhiou,Mil,225.0,1
2010-07-01,Sedhiou,Sédhiou,Riz importé (brisé),295.0,1
2010-07-01,Sedhiou,Sédhiou,Sorgho,200.0,1
2010-07-01,Tambacounda,Tambacounda,Maïs local,160.0,4
2010-07-01,Tambacounda,Tambacounda,Mil,160.0,4
2010-07-01,Tambacounda,Tambacounda,Riz importé (brisé),330.0,1
2010-07-01,Tambacounda,Tambacounda,Sorgho,160.0,4
2010-07-01,Thies,Thiès,Maïs importé,200.0,3
2010-07-01,Thies,Thiès,Maïs local,200.0,1
2010-07-01,Thies,Thiès,Mil,190.125,4
2010-07-01,Thies,Thiès,Riz importé (brisé),271.875,4
2010-07-01,Thies,Thiès,Riz local,260.0,1
2010-07-01,Thies,Thiès,Sorgho,200.0,1
2010-07-01,Ziguinchor,Ziguinchor,Maïs local,244.58499999999998,2
2010-07-01,Ziguinchor,Ziguinchor,Mil,227.5,2
2010-07-01,Ziguinchor,Ziguinchor,Riz importé (brisé),300.0,2
2010-07-01,Ziguinchor,Ziguinchor,Sorgho,227.5,2
2010-08-01,Dakar,Dakar,Maïs importé,180.0,4
2010-08-01,Dakar,Dakar,Maïs local,182.5,3
2010-08-01,Dakar,Dakar,Mil,200.0,5
2010-08-01,Dakar,Dakar,Riz importé (brisé),298.33500000000004,4
2010-08-01,Dakar,Dakar,Riz local,310.0,1
2010-08-01,Dakar,Dakar,Sorgho,187.5,1
2010-08-01,Diourbel,Diourbel,Maïs importé,200.0,4
2010-08-01,Diourbel,Diourbel,Maïs local,191.66500000000002,4
2010-08-01,Diourbel,Diourbel,Mil,156.25,3
2010-08-01,Diourbel,Diourbel,Riz importé (brisé),266.66499999999996,4
2010-08-01,Diourbel,Diourbel,Riz local,243.33499999999998,4
2010-08-01,Diourbel,Diourbel,Sorgho,166.67,3
2010-08-01,Fatick,Fatick,Maïs importé,188.33,1
2010-08-01,Fatick,Fatick,Maïs local,186.25,6
2010-08-01,Fatick,Fatick,Mil,160.83499999999998,6
2010-08-01,Fatick,Fatick,Riz importé (brisé),225.0,5
2010-08-01,Fatick,Fatick,Riz local,225.0,1
2010-08-01,Fatick,Fatick,Sorgho,160.0,6
2010-08-01,Kaffrine,Kaffrine,Maïs local,182.5,4
2010-08-01,Kaffrine,Kaffrine,Mil,151.70499999999998,4
2010-08-01,Kaffrine,Kaffrine,Riz importé (brisé),288.75,4
2010-08-01,Kaffrine,Kaffrine,Sorgho,150.0,2
2010-08-01,Kaolack,Kaolack,Maïs importé,153.33,1
2010-08-01,Kaolack,Kaolack,Maïs local,147.5,3
2010-08-01,Kaolack,Kaolack,Mil,132.5,3
2010-08-01,Kaolack,Kaolack,Riz importé (brisé),281.875,2
2010-08-01,Kaolack,Kaolack,Sorgho,161.25,2
2010-08-01,Kedougou,Kédougou,Maïs local,180.0,1
2010-08-01,Kedougou,Kédougou,Mil,185.0,1
2010-08-01,Kedougou,Kédougou,Riz importé (brisé),300.0,1
2010-08-01,Kedougou,Kédougou,Sorgho,180.0,1
2010-08-01,Kolda,Kolda,Maïs local,183.33,3
2010-08-01,Kolda,Kolda,Mil,175.0,3
2010-08-01,Kolda,Kolda,Riz importé (brisé),300.0,3
2010-08-01,Kolda,Kolda,Sorgho,170.0,2
2010-08-01,Louga,Louga,Maïs importé,200.0,3
2010-08-01,Louga,Louga,Maïs local,190.0,2
2010-08-01,Louga,Louga,Mil,182.29000000000002,4
2010-08-01,Louga,Louga,Riz importé (brisé),275.0,4
2010-08-01,Louga,Louga,Riz local,280.0,4
2010-08-01,Louga,Louga,Sorgho,185.0,3
2010-08-01,Matam,Matam,Maïs importé,216.67,3
2010-08-01,Matam,Matam,Mil,244.64499999999998,4
2010-08-01,Matam,Matam,Riz importé (brisé),292.855,4
2010-08-01,Matam,Matam,Riz local,300.0,1
2010-08-01,Matam,Matam,Sorgho,216.75,4
2010-08-01,Saint Louis,Saint-Louis,Maïs importé,200.0,4
2010-08-01,Saint Louis,Saint-Louis,Maïs local,225.0,4
2010-08-01,Saint Louis,Saint-Louis,Mil,250.0,4
2010-08-01,Saint Louis,Saint-Louis,Riz importé (brisé),300.0,4
2010-08-01,Saint Louis,Saint-Louis,Riz local,280.0,4
2010-08-01,Saint Louis,Saint-Louis,Sorgho,225.0,4
2010-08-01,Sedhiou,Sédhiou,Maïs local,225.0,1
2010-08-01,Sedhiou,Sédhiou,Mil,200.0,1
2010-08-01,Sedhiou,Sédhiou,Riz importé (brisé),300.0,1
2010-08-01,Sedhiou,Sédhiou,Sorgho,225.0,1
2010-08-01,Tambacounda,Tambacounda,Maïs local,137.5,4
2010-08-01,Tambacounda,Tambacounda,Mil,140.625,4
2010-08-01,Tambacounda,Tambacounda,Riz importé (brisé),305.0,2
2010-08-01,Tambacounda,Tambacounda,Sorgho,135.0,3
2010-08-01,Thies,Thiès,Maïs importé,200.0,3
2010-08-01,Thies,Thiès,Mil,172.5,4
2010-08-01,Thies,Thiès,Riz importé (brisé),275.0,4
2010-08-01,Thies,Thiès,Riz local,272.5,1
2010-08-01,Thies,Thiès,Sorgho,190.0,1
2010-08-01,Ziguinchor,Ziguinchor,Maïs local,245.0,2
2010-08-01,Ziguinchor,Ziguinchor,Mil,227.5,2
2010-08-01,Ziguinchor,Ziguinchor,Riz importé (brisé),300.0,3
2010-08-01,Ziguinchor,Ziguinchor,Sorgho,227.5,2
2010-09-01,Dakar,Dakar,Maïs importé,185.0,4
2010-09-01,Dakar,Dakar,Maïs local,194.82,4
2010-09-01,Dakar,Dakar,Mil,200.31,5
2010-09-01,Dakar,Dakar,Riz importé (brisé),291.15,5
2010-09-01,Dakar,Dakar,Riz local,310.0,1
2010-09-01,Dakar,Dakar,Sorgho,200.0,1
2010-09-01,Diourbel,Diourbel,Maïs importé,172.5,4
2010-09-01,Diourbel,Diourbel,Maïs local,166.66500000000002,4
2010-09-01,Diourbel,Diourbel,Mil,127.28999999999999,4
2010-09-01,Diourbel,Diourbel,Riz importé (brisé),265.0,4
2010-09-01,Diourbel,Diourbel,Riz local,227.5,3
2010-09-01,Diourbel,Diourbel,Sorgho,126.67,3
2010-09-01,Fatick,Fatick,Maïs importé,172.5,1
2010-09-01,Fatick,Fatick,Maïs local,175.0,3
2010-09-01,Fatick,Fatick,Mil,135.0,5
2010-09-01,Fatick,Fatick,Riz importé (brisé),225.0,5
2010-09-01,Fatick,Fatick,Riz local,250.0,1
2010-09-01,Fatick,Fatick,Sorgho,157.91500000000002,4
2010-09-01,Kaffrine,Kaffrine,Maïs local,173.33,1
2010-09-01,Kaffrine,Kaffrine,Mil,165.0,2
2010-09-01,Kaffrine,Kaffrine,Riz importé (brisé),275.0,3
2010-09-01,Kaffrine,Kaffrine,Sorgho,197.5,2
2010-09-01,Kaolack,Kaolack,Maïs local,146.25,3
2010-09-01,Kaolack,Kaolack,Mil,121.25,3
2010-09-01,Kaolack,Kaolack,Riz importé (brisé),285.0,3
2010-09-01,Kaolack,Kaolack,Riz local,325.0,1
2010-09-01,Kaolack,Kaolack,Sorgho,170.0,1
2010-09-01,Kedougou,Kédougou,Maïs local,192.5,1
2010-09-01,Kedougou,Kédougou,Mil,218.75,1
2010-09-01,Kedougou,Kédougou,Riz importé (brisé),300.0,1
2010-09-01,Kedougou,Kédougou,Sorgho,206.25,1
2010-09-01,Kolda,Kolda,Maïs local,187.5,3
2010-09-01,Kolda,Kolda,Mil,175.0,3
2010-09-01,Kolda,Kolda,Riz importé (brisé),300.0,3
2010-09-01,Kolda,Kolda,Sorgho,163.5,2
2010-09-01,Louga,Louga,Maïs importé,192.5,4
2010-09-01,Louga,Louga,Mil,173.125,4
2010-09-01,Louga,Louga,Riz importé (brisé),272.5,4
2010-09-01,Louga,Louga,Riz local,271.875,4
2010-09-01,Louga,Louga,Sorgho,180.0,3
2010-09-01,Matam,Matam,Maïs importé,200.0,3
2010-09-01,Matam,Matam,Mil,224.0,4
2010-09-01,Matam,Matam,Riz importé (brisé),290.0,4
2010-09-01,Matam,Matam,Riz local,300.0,1
2010-09-01,Matam,Matam,Sorgho,224.0,4
2010-09-01,Saint Louis,Saint-Louis,Maïs importé,175.0,4
2010-09-01,Saint Louis,Saint-Louis,Maïs local,189.16500000000002,4
2010-09-01,Saint Louis,Saint-Louis,Mil,210.0,4
2010-09-01,Saint Louis,Saint-Louis,Riz importé (brisé),300.0,4
2010-09-01,Saint Louis,Saint-Louis,Riz local,263.33500000000004,4
2010-09-01,Saint Louis,Saint-Louis,Sorgho,204.16500000000002,4
2010-09-01,Sedhiou,Sédhiou,Maïs local,212.5,1
2010-09-01,Sedhiou,Sédhiou,Mil,218.75,1
2010-09-01,Sedhiou,Sédhiou,Riz importé (brisé),300.0,1
2010-09-01,Sedhiou,Sédhiou,Sorgho,212.5,1
2010-09-01,Tambacounda,Tambacounda,Maïs local,110.0,3
2010-09-01,Tambacounda,Tambacounda,Mil,110.0,3
2010-09-01,Tambacounda,Tambacounda,Riz importé (brisé),280.0,1
2010-09-01,Tambacounda,Tambacounda,Sorgho,115.0,3
2010-09-01,Thies,Thiès,Maïs importé,200.0,3
2010-09-01,Thies,Thiès,Mil,152.91500000000002,4
2010-09-01,Thies,Thiès,Riz importé (brisé),275.0,4
2010-09-01,Thies,Thiès,Riz local,275.0,1
2010-09-01,Thies,Thiès,Sorgho,191.25,1
2010-09-01,Ziguinchor,Ziguinchor,Maïs local,245.0,2
2010-09-01,Ziguinchor,Ziguinchor,Mil,225.625,2
2010-09-01,Ziguinchor,Ziguinchor,Riz importé (brisé),312.5,3
2010-09-01,Ziguinchor,Ziguinchor,Sorgho,228.125,2
2010-10-01,Dakar,Dakar,Maïs importé,200.0,4
2010-10-01,Dakar,Dakar,Maïs local,200.0,3
2010-10-01,Dakar,Dakar,Mil,181.25,5
2010-10-01,Dakar,Dakar,Riz importé (brisé),298.33500000000004,4
2010-10-01,Dakar,Dakar,Riz local,310.0,1
2010-10-01,Dakar,Dakar,Sorgho,200.0,2
2010-10-01,Diourbel,Diourbel,Maïs importé,175.0,4
2010-10-01,Diourbel,Diourbel,Maïs local,160.0,4
2010-10-01,Diourbel,Diourbel,Mil,117.5,3
2010-10-01,Diourbel,Diourbel,Riz importé (brisé),265.0,4
2010-10-01,Diourbel,Diourbel,Riz local,227.5,3
2010-10-01,Diourbel,Diourbel,Sorgho,127.5,3
2010-10-01,Fatick,Fatick,Maïs importé,140.0,1
2010-10-01,Fatick,Fatick,Maïs local,163.75,2
2010-10-01,Fatick,Fatick,Mil,128.75,4
2010-10-01,Fatick,Fatick,Riz importé (brisé),225.0,4
2010-10-01,Fatick,Fatick,Riz local,250.0,1
2010-10-01,Fatick,Fatick,Sorgho,135.0,3
2010-10-01,Kaffrine,Kaffrine,Maïs local,115.0,3
2010-10-01,Kaffrine,Kaffrine,Mil,115.0,2
2010-10-01,Kaffrine,Kaffrine,Riz importé (brisé),375.0,3
2010-10-01,Kaffrine,Kaffrine,Sorgho,150.0,2
2010-10-01,Kaolack,Kaolack,Maïs local,125.0,3
2010-10-01,Kaolack,Kaolack,Mil,131.67,1
2010-10-01,Kaolack,Kaolack,Riz importé (brisé),300.0,3
2010-10-01,Kaolack,Kaolack,Sorgho,161.25,2
2010-10-01,Kedougou,Kédougou,Maïs local,200.0,1
2010-10-01,Kedougou,Kédougou,Mil,225.0,1
2010-10-01,Kedougou,Kédougou,Riz importé (brisé),300.0,1
2010-10-01,Kedougou,Kédougou,Sorgho,225.0,1
2010-10-01,Kolda,Kolda,Maïs importé,175.0,1
2010-10-01,Kolda,Kolda,Maïs local,150.0,3
2010-10-01,Kolda,Kolda,Mil,150.0,3
2010-10-01,Kolda,Kolda,Riz importé (brisé),303.75,3
2010-10-01,Kolda,Kolda,Sorgho,175.0,3
2010-10-01,Louga,Louga,Maïs importé,190.0,3
2010-10-01,Louga,Louga,Mil,157.5,4
2010-10-01,Louga,Louga,Riz importé (brisé),275.0,4
2010-10-01,Louga,Louga,Riz local,275.0,4
2010-10-01,Louga,Louga,Sorgho,170.0,1
2010-10-01,Matam,Matam,Maïs importé,180.0,3
2010-10-01,Matam,Matam,Mil,188.125,4
2010-10-01,Matam,Matam,Riz importé (brisé),292.19,4
2010-10-01,Matam,Matam,Riz local,250.0,2
2010-10-01,Matam,Matam,Sorgho,187.75,4
2010-10-01,Saint Louis,Saint-Louis,Maïs importé,175.625,2
2010-10-01,Saint Louis,Saint-Louis,Maïs local,192.5,2
2010-10-01,Saint Louis,Saint-Louis,Mil,157.5,2
2010-10-01,Saint Louis,Saint-Louis,Riz importé (brisé),300.0,2
2010-10-01,Saint Louis,Saint-Louis,Riz local,280.0,2
2010-10-01,Saint Louis,Saint-Louis,Sorgho,200.0,2
2010-10-01,Sedhiou,Sédhiou,Maïs local,200.0,1
2010-10-01,Sedhiou,Sédhiou,Mil,225.0,1
2010-10-01,Sedhiou,Sédhiou,Riz importé (brisé),300.0,1
2010-10-01,Sedhiou,Sédhiou,Sorgho,200.0,1
2010-10-01,Tambacounda,Tambacounda,Maïs local,118.33500000000001,4
2010-10-01,Tambacounda,Tambacounda,Mil,122.5,4
2010-10-01,Tambacounda,Tambacounda,Riz importé (brisé),290.0,2
2010-10-01,Tambacounda,Tambacounda,Sorgho,125.0,4
2010-10-01,Thies,Thiès,Maïs importé,200.0,3
2010-10-01,Thies,Thiès,Mil,139.375,4
2010-10-01,Thies,Thiès,Riz importé (brisé),276.46000000000004,4
2010-10-01,Thies,Thiès,Riz local,275.0,1
2010-10-01,Thies,Thiès,Sorgho,200.0,1
2010-10-01,Ziguinchor,Ziguinchor,Maïs local,225.0,2
2010-10-01,Ziguinchor,Ziguinchor,Mil,216.67,2
2010-10-01,Ziguinchor,Ziguinchor,Riz importé (brisé),325.0,2
2010-10-01,Ziguinchor,Ziguinchor,Sorgho,227.5,2
2010-11-01,Dakar,Dakar,Maïs importé,200.0,4
2010-11-01,Dakar,Dakar,Maïs local,200.0,3
2010-11-01,Dakar,Dakar,Mil,175.0,5
2010-11-01,Dakar,Dakar,Riz importé (brisé),298.33500000000004,4
2010-11-01,Dakar,Dakar,Sorgho,194.0,3
2010-11-01,Diourbel,Diourbel,Maïs local,159.0,1
2010-11-01,Diourbel,Diourbel,Mil,134.0,1
2010-11-01,Diourbel,Diourbel,Riz importé (brisé),267.0,1
2010-11-01,Fatick,Fatick,Maïs importé,200.0,1
2010-11-01,Fatick,Fatick,Maïs local,142.5,3
2010-11-01,Fatick,Fatick,Mil,115.0,3
2010-11-01,Fatick,Fatick,Riz importé (brisé),225.0,3
2010-11-01,Fatick,Fatick,Sorgho,125.0,3
2010-11-01,Kaffrine,Kaffrine,Maïs local,120.0,2
2010-11-01,Kaffrine,Kaffrine,Mil,120.0,2
2010-11-01,Kaffrine,Kaffrine,Riz importé (brisé),300.0,2
2010-11-01,Kaffrine,Kaffrine,Sorgho,135.0,1
2010-11-01,Kaolack,Kaolack,Maïs local,128.33,3
2010-11-01,Kaolack,Kaolack,Mil,126.875,2
2010-11-01,Kaolack,Kaolack,Riz importé (brisé),291.67,3
2010-11-01,Kaolack,Kaolack,Sorgho,149.375,2
2010-11-01,Kedougou,Kédougou,Maïs local,123.33,1
2010-11-01,Kedougou,Kédougou,Mil,150.0,1
2010-11-01,Kedougou,Kédougou,Riz importé (brisé),300.0,1
2010-11-01,Kedougou,Kédougou,Sorgho,138.33,1
2010-11-01,Kolda,Kolda,Maïs local,135.0,3
2010-11-01,Kolda,Kolda,Mil,130.0,2
2010-11-01,Kolda,Kolda,Riz importé (brisé),300.0,3
2010-11-01,Kolda,Kolda,Sorgho,150.0,3
2010-11-01,Louga,Louga,Maïs importé,200.0,3
2010-11-01,Louga,Louga,Mil,155.0,3
2010-11-01,Louga,Louga,Riz importé (brisé),300.0,3
2010-11-01,Louga,Louga,Riz local,300.0,3
2010-11-01,Matam,Matam,Maïs importé,187.5,2
2010-11-01,Matam,Matam,Maïs local,187.5,3
2010-11-01,Matam,Matam,Mil,192.5,3
2010-11-01,Matam,Matam,Riz importé (brisé),287.5,3
2010-11-01,Matam,Matam,Riz local,250.0,2
2010-11-01,Matam,Matam,Sorgho,193.0,3
2010-11-01,Saint Louis,Saint-Louis,Maïs importé,170.0,4
2010-11-01,Saint Louis,Saint-Louis,Maïs local,186.66500000000002,4
2010-11-01,Saint Louis,Saint-Louis,Mil,145.0,4
2010-11-01,Saint Louis,Saint-Louis,Riz importé (brisé),300.0,4
2010-11-01,Saint Louis,Saint-Louis,Riz local,280.0,4
2010-11-01,Saint Louis,Saint-Louis,Sorgho,185.0,3
2010-11-01,Sedhiou,Sédhiou,Maïs local,200.0,1
2010-11-01,Sedhiou,Sédhiou,Mil,225.0,1
2010-11-01,Sedhiou,Sédhiou,Riz importé (brisé),300.0,1
2010-11-01,Sedhiou,Sédhiou,Sorgho,200.0,1
2010-11-01,Tambacounda,Tambacounda,Maïs local,112.14,3
2010-11-01,Tambacounda,Tambacounda,Mil,116.43,3
2010-11-01,Tambacounda,Tambacounda,Riz importé (brisé),280.0,1
2010-11-01,Tambacounda,Tambacounda,Sorgho,115.0,3
2010-11-01,Thies,Thiès,Maïs importé,190.0,2
2010-11-01,Thies,Thiès,Mil,161.67,3
2010-11-01,Thies,Thiès,Riz importé (brisé),282.91499999999996,4
2010-11-01,Thies,Thiès,Riz local,275.0,1
2010-11-01,Thies,Thiès,Sorgho,200.0,1
2010-11-01,Ziguinchor,Ziguinchor,Maïs local,210.41500000000002,2
2010-11-01,Ziguinchor,Ziguinchor,Mil,200.0,2
2010-11-01,Ziguinchor,Ziguinchor,Riz importé (brisé),318.75,2
2010-11-01,Ziguinchor,Ziguinchor,Sorgho,200.0,1
2010-12-01,Dakar,Dakar,Maïs importé,204.16500000000002,4
2010-12-01,Dakar,Dakar,Maïs local,202.78,4
2010-12-01,Dakar,Dakar,Mil,177.08499999999998,4
2010-12-01,Dakar,Dakar,Riz importé (brisé),296.115,4
2010-12-01,Dakar,Dakar,Riz local,310.0,2
2010-12-01,Dakar,Dakar,Sorgho,200.0,4
2010-12-01,Diourbel,Diourbel,Maïs importé,175.0,3
2010-12-01,Diourbel,Diourbel,Maïs local,169.5,4
2010-12-01,Diourbel,Diourbel,Mil,156.0,4
2010-12-01,Diourbel,Diourbel,Riz importé (brisé),264.5,4
2010-12-01,Diourbel,Diourbel,Riz local,225.0,3
2010-12-01,Diourbel,Diourbel,Sorgho,155.0,3
2010-12-01,Fatick,Fatick,Maïs importé,190.0,2
2010-12-01,Fatick,Fatick,Maïs local,175.0,5
2010-12-01,Fatick,Fatick,Mil,156.0,5
2010-12-01,Fatick,Fatick,Riz importé (brisé),225.0,5
2010-12-01,Fatick,Fatick,Sorgho,145.5,4
2010-12-01,Kaffrine,Kaffrine,Maïs local,135.0,1
2010-12-01,Kaffrine,Kaffrine,Riz importé (brisé),300.0,1
2010-12-01,Kaolack,Kaolack,Maïs local,144.0,3
2010-12-01,Kaolack,Kaolack,Mil,148.83499999999998,2
2010-12-01,Kaolack,Kaolack,Riz importé (brisé),300.0,3
2010-12-01,Kaolack,Kaolack,Sorgho,144.16500000000002,2
2010-12-01,Kedougou,Kédougou,Maïs local,131.67,1
2010-12-01,Kedougou,Kédougou,Mil,166.67,1
2010-12-01,Kedougou,Kédougou,Riz importé (brisé),300.0,1
2010-12-01,Kedougou,Kédougou,Sorgho,140.0,1
2010-12-01,Kolda,Kolda,Maïs local,146.875,2
2010-12-01,Kolda,Kolda,Mil,150.0,3
2010-12-01,Kolda,Kolda,Riz importé (brisé),300.0,3
2010-12-01,Kolda,Kolda,Sorgho,150.0,3
2010-12-01,Louga,Louga,Maïs importé,200.0,4
2010-12-01,Louga,Louga,Maïs local,200.0,4
2010-12-01,Louga,Louga,Mil,180.0,4
2010-12-01,Louga,Louga,Riz importé (brisé),300.0,4
2010-12-01,Louga,Louga,Riz local,275.0,3
2010-12-01,Louga,Louga,Sorgho,185.0,3
2010-12-01,Matam,Matam,Maïs importé,160.0,3
2010-12-01,Matam,Matam,Maïs local,200.0,3
2010-12-01,Matam,Matam,Mil,192.19,4
2010-12-01,Matam,Matam,Riz importé (brisé),296.875,4
2010-12-01,Matam,Matam,Riz local,248.75,1
2010-12-01,Matam,Matam,Sorgho,194.0,4
2010-12-01,Saint Louis,Saint-Louis,Maïs local,181.66500000000002,4
2010-12-01,Saint Louis,Saint-Louis,Mil,150.0,4
2010-12-01,Saint Louis,Saint-Louis,Riz importé (brisé),295.0,4
2010-12-01,Saint Louis,Saint-Louis,Riz local,268.33500000000004,4
2010-12-01,Saint Louis,Saint-Louis,Sorgho,185.0,3
2010-12-01,Sedhiou,Sédhiou,Maïs local,225.0,1
2010-12-01,Sedhiou,Sédhiou,Mil,225.0,1
2010-12-01,Sedhiou,Sédhiou,Riz importé (brisé),300.0,1
2010-12-01,Sedhiou,Sédhiou,Sorgho,200.0,1
2010-12-01,Tambacounda,Tambacounda,Maïs local,124.375,4
2010-12-01,Tambacounda,Tambacounda,Mil,133.75,4
2010-12-01,Tambacounda,Tambacounda,Riz importé (brisé),290.0,2
2010-12-01,Tambacounda,Tambacounda,Sorgho,140.0,4
2010-12-01,Thies,Thiès,Maïs importé,200.0,1
2010-12-01,Thies,Thiès,Mil,148.75,2
2010-12-01,Thies,Thiès,Riz importé (brisé),285.0,3
2010-12-01,Thies,Thiès,Riz local,275.0,1
2010-12-01,Thies,Thiès,Sorgho,200.0,1
2010-12-01,Ziguinchor,Ziguinchor,Maïs local,200.0,3
2010-12-01,Ziguinchor,Ziguinchor,Mil,200.0,2
2010-12-01,Ziguinchor,Ziguinchor,Riz importé (brisé),325.0,3
2011-01-01,Dakar,Dakar,Maïs importé,195.0,1
2011-01-01,Dakar,Dakar,Maïs local,196.25,5
2011-01-01,Dakar,Dakar,Mil,175.0,5
2011-01-01,Dakar,Dakar,Riz importé (brisé),298.33500000000004,4
2011-01-01,Dakar,Dakar,Sorgho,200.0,2
2011-01-01,Diourbel,Diourbel,Maïs local,163.0,1
2011-01-01,Diourbel,Diourbel,Mil,145.0,1
2011-01-01,Diourbel,Diourbel,Riz importé (brisé),263.0,1
2011-01-01,Fatick,Fatick,Maïs local,170.0,5
2011-01-01,Fatick,Fatick,Mil,177.5,5
2011-01-01,Fatick,Fatick,Riz importé (brisé),225.0,5
2011-01-01,Fatick,Fatick,Sorgho,180.0,5
2011-01-01,Kaffrine,Kaffrine,Maïs local,137.20999999999998,2
2011-01-01,Kaffrine,Kaffrine,Mil,140.0,3
2011-01-01,Kaffrine,Kaffrine,Riz importé (brisé),300.0,3
2011-01-01,Kaffrine,Kaffrine,Sorgho,137.5,2
2011-01-01,Kaolack,Kaolack,Maïs local,157.5,3
2011-01-01,Kaolack,Kaolack,Mil,138.33,3
2011-01-01,Kaolack,Kaolack,Riz importé (brisé),300.0,3
2011-01-01,Kaolack,Kaolack,Sorgho,150.0,3
2011-01-01,Kedougou,Kédougou,Maïs local,148.75,1
2011-01-01,Kedougou,Kédougou,Mil,181.25,1
2011-01-01,Kedougou,Kédougou,Riz importé (brisé),300.0,1
2011-01-01,Kolda,Kolda,Maïs local,175.0,2
2011-01-01,Kolda,Kolda,Mil,175.0,3
2011-01-01,Kolda,Kolda,Riz importé (brisé),300.0,3
2011-01-01,Kolda,Kolda,Sorgho,171.25,2
2011-01-01,Louga,Louga,Maïs importé,200.0,4
2011-01-01,Louga,Louga,Maïs local,191.25,3
2011-01-01,Louga,Louga,Mil,184.5,4
2011-01-01,Louga,Louga,Riz importé (brisé),300.0,4
2011-01-01,Louga,Louga,Riz local,267.5,4
2011-01-01,Louga,Louga,Sorgho,187.5,4
2011-01-01,Matam,Matam,Maïs importé,160.0,3
2011-01-01,Matam,Matam,Maïs local,182.0,3
2011-01-01,Matam,Matam,Mil,180.0,4
2011-01-01,Matam,Matam,Riz importé (brisé),314.58500000000004,4
2011-01-01,Matam,Matam,Riz local,300.0,3
2011-01-01,Matam,Matam,Sorgho,181.0,4
2011-01-01,Saint Louis,Saint-Louis,Maïs importé,200.0,3
2011-01-01,Saint Louis,Saint-Louis,Maïs local,175.0,4
2011-01-01,Saint Louis,Saint-Louis,Mil,178.33499999999998,4
2011-01-01,Saint Louis,Saint-Louis,Riz importé (brisé),290.0,4
2011-01-01,Saint Louis,Saint-Louis,Riz local,250.0,4
2011-01-01,Saint Louis,Saint-Louis,Sorgho,180.83499999999998,4
2011-01-01,Sedhiou,Sédhiou,Maïs local,225.0,1
2011-01-01,Sedhiou,Sédhiou,Riz importé (brisé),300.0,1
2011-01-01,Sedhiou,Sédhiou,Sorgho,183.33,1
2011-01-01,Tambacounda,Tambacounda,Maïs local,135.0,4
2011-01-01,Tambacounda,Tambacounda,Mil,138.5,4
2011-01-01,Tambacounda,Tambacounda,Riz importé (brisé),290.0,2
2011-01-01,Tambacounda,Tambacounda,Sorgho,127.0,3
2011-01-01,Thies,Thiès,Maïs importé,200.0,2
2011-01-01,Thies,Thiès,Maïs local,200.0,1
2011-01-01,Thies,Thiès,Mil,165.0,4
2011-01-01,Thies,Thiès,Riz importé (brisé),288.75,4
2011-01-01,Thies,Thiès,Riz local,267.5,1
2011-01-01,Thies,Thiès,Sorgho,185.0,2
2011-01-01,Ziguinchor,Ziguinchor,Maïs local,200.0,2
2011-01-01,Ziguinchor,Ziguinchor,Mil,200.0,2
2011-01-01,Ziguinchor,Ziguinchor,Riz importé (brisé),300.0,2
2011-01-01,Ziguinchor,Ziguinchor,Sorgho,200.0,2
2011-02-01,Dakar,Dakar,Maïs importé,195.0,1
2011-02-01,Dakar,Dakar,Maïs local,186.67,5
2011-02-01,Dakar,Dakar,Mil,182.5,5
2011-02-01,Dakar,Dakar,Riz importé (brisé),300.0,5
2011-02-01,Dakar,Dakar,Riz local,350.0,1
2011-02-01,Dakar,Dakar,Sorgho,200.0,2
2011-02-01,Diourbel,Diourbel,Maïs importé,187.5,2
2011-02-01,Diourbel,Diourbel,Maïs local,200.0,3
2011-02-01,Diourbel,Diourbel,Mil,150.0,4
2011-02-01,Diourbel,Diourbel,Riz importé (brisé),295.0,4
2011-02-01,Diourbel,Diourbel,Riz local,250.0,3
2011-02-01,Diourbel,Diourbel,Sorgho,150.0,3
2011-02-01,Fatick,Fatick,Maïs local,172.5,6
2011-02-01,Fatick,Fatick,Mil,171.25,6
2011-02-01,Fatick,Fatick,Riz importé (brisé),300.0,6
2011-02-01,Fatick,Fatick,Riz local,280.0,1
2011-02-01,Fatick,Fatick,Sorgho,177.5,5
2011-02-01,Kaffrine,Kaffrine,Maïs local,143.33499999999998,2
2011-02-01,Kaffrine,Kaffrine,Mil,140.0,3
2011-02-01,Kaffrine,Kaffrine,Riz importé (brisé),300.0,3
2011-02-01,Kaffrine,Kaffrine,Sorgho,145.83499999999998,2
2011-02-01,Kaolack,Kaolack,Maïs local,164.79000000000002,2
2011-02-01,Kaolack,Kaolack,Mil,132.5,3
2011-02-01,Kaolack,Kaolack,Riz importé (brisé),300.0,3
2011-02-01,Kaolack,Kaolack,Sorgho,152.5,3
2011-02-01,Kedougou,Kédougou,Maïs local,175.0,1
2011-02-01,Kedougou,Kédougou,Mil,200.0,1
2011-02-01,Kedougou,Kédougou,Riz importé (brisé),272.0,1
2011-02-01,Kedougou,Kédougou,Sorgho,175.0,1
2011-02-01,Kolda,Kolda,Maïs local,184.16500000000002,2
2011-02-01,Kolda,Kolda,Mil,193.33,3
2011-02-01,Kolda,Kolda,Riz importé (brisé),298.33,3
2011-02-01,Kolda,Kolda,Sorgho,175.0,3
2011-02-01,Louga,Louga,Maïs importé,218.75,4
2011-02-01,Louga,Louga,Maïs local,190.0,3
2011-02-01,Louga,Louga,Mil,181.875,4
2011-02-01,Louga,Louga,Riz importé (brisé),297.5,4
2011-02-01,Louga,Louga,Riz local,290.0,4
2011-02-01,Louga,Louga,Sorgho,187.5,3
2011-02-01,Matam,Matam,Maïs importé,180.0,2
2011-02-01,Matam,Matam,Maïs local,190.0,3
2011-02-01,Matam,Matam,Mil,197.5,3
2011-02-01,Matam,Matam,Riz importé (brisé),312.5,3
2011-02-01,Matam,Matam,Riz local,300.0,2
2011-02-01,Matam,Matam,Sorgho,204.0,3
2011-02-01,Saint Louis,Saint-Louis,Maïs importé,200.0,2
2011-02-01,Saint Louis,Saint-Louis,Maïs local,203.95999999999998,4
2011-02-01,Saint Louis,Saint-Louis,Mil,215.83499999999998,4
2011-02-01,Saint Louis,Saint-Louis,Riz importé (brisé),293.33500000000004,4
2011-02-01,Saint Louis,Saint-Louis,Riz local,266.66499999999996,4
2011-02-01,Saint Louis,Saint-Louis,Sorgho,222.5,4
2011-02-01,Sedhiou,Sédhiou,Maïs local,212.5,1
2011-02-01,Sedhiou,Sédhiou,Mil,208.33,1
2011-02-01,Sedhiou,Sédhiou,Riz importé (brisé),300.0,1
2011-02-01,Sedhiou,Sédhiou,Sorgho,200.0,1
2011-02-01,Tambacounda,Tambacounda,Maïs local,141.25,3
2011-02-01,Tambacounda,Tambacounda,Mil,135.0,3
2011-02-01,Tambacounda,Tambacounda,Riz importé (brisé),265.0,1
2011-02-01,Tambacounda,Tambacounda,Riz local,257.5,2
2011-02-01,Tambacounda,Tambacounda,Sorgho,140.0,3
2011-02-01,Thies,Thiès,Maïs importé,200.0,1
2011-02-01,Thies,Thiès,Maïs local,200.0,1
2011-02-01,Thies,Thiès,Mil,162.5,3
2011-02-01,Thies,Thiès,Riz importé (brisé),285.0,3
2011-02-01,Thies,Thiès,Riz local,250.0,1
2011-02-01,Thies,Thiès,Sorgho,200.0,1
2011-02-01,Ziguinchor,Ziguinchor,Maïs local,218.75,3
2011-02-01,Ziguinchor,Ziguinchor,Mil,209.375,2
2011-02-01,Ziguinchor,Ziguinchor,Riz importé (brisé),300.0,3
2011-02-01,Ziguinchor,Ziguinchor,Sorgho,213.125,2
2011-03-01,Dakar,Dakar,Maïs importé,197.5,2
2011-03-01,Dakar,Dakar,Maïs local,185.0,4
2011-03-01,Dakar,Dakar,Mil,182.0,5
2011-03-01,Dakar,Dakar,Riz importé (brisé),300.0,5
2011-03-01,Dakar,Dakar,Riz local,300.0,1
2011-03-01,Dakar,Dakar,Sorgho,186.5,4
2011-03-01,Diourbel,Diourbel,Maïs importé,200.0,3
2011-03-01,Diourbel,Diourbel,Maïs local,186.25,4
2011-03-01,Diourbel,Diourbel,Mil,173.33,4
2011-03-01,Diourbel,Diourbel,Riz importé (brisé),296.66499999999996,4
2011-03-01,Diourbel,Diourbel,Riz local,250.0,4
2011-03-01,Diourbel,Diourbel,Sorgho,165.83499999999998,2
2011-03-01,Fatick,Fatick,Maïs importé,200.0,1
2011-03-01,Fatick,Fatick,Maïs local,175.0,5
2011-03-01,Fatick,Fatick,Mil,178.33,5
2011-03-01,Fatick,Fatick,Riz importé (brisé),300.0,5
2011-03-01,Fatick,Fatick,Sorgho,180.0,5
2011-03-01,Kaffrine,Kaffrine,Maïs local,148.75,2
2011-03-01,Kaffrine,Kaffrine,Mil,157.5,2
2011-03-01,Kaffrine,Kaffrine,Riz importé (brisé),300.0,2
2011-03-01,Kaffrine,Kaffrine,Sorgho,160.0,2
2011-03-01,Kaolack,Kaolack,Maïs local,168.33,3
2011-03-01,Kaolack,Kaolack,Mil,131.67,3
2011-03-01,Kaolack,Kaolack,Riz importé (brisé),300.0,3
2011-03-01,Kaolack,Kaolack,Sorgho,162.5,3
2011-03-01,Kedougou,Kédougou,Maïs local,175.0,1
2011-03-01,Kedougou,Kédougou,Mil,200.0,1
2011-03-01,Kedougou,Kédougou,Riz importé (brisé),260.0,1
2011-03-01,Kedougou,Kédougou,Sorgho,175.0,1
2011-03-01,Kolda,Kolda,Maïs local,197.5,2
2011-03-01,Kolda,Kolda,Mil,183.33,3
2011-03-01,Kolda,Kolda,Riz importé (brisé),295.0,3
2011-03-01,Kolda,Kolda,Sorgho,175.0,3
2011-03-01,Louga,Louga,Maïs importé,200.0,4
2011-03-01,Louga,Louga,Maïs local,197.0,4
2011-03-01,Louga,Louga,Mil,180.0,4
2011-03-01,Louga,Louga,Riz importé (brisé),291.0,4
2011-03-01,Louga,Louga,Riz local,275.0,4
2011-03-01,Louga,Louga,Sorgho,185.0,4
2011-03-01,Matam,Matam,Maïs importé,180.0,2
2011-03-01,Matam,Matam,Maïs local,160.0,1
2011-03-01,Matam,Matam,Mil,193.0,3
2011-03-01,Matam,Matam,Riz importé (brisé),300.0,3
2011-03-01,Matam,Matam,Riz local,300.0,2
2011-03-01,Matam,Matam,Sorgho,200.0,3
2011-03-01,Saint Louis,Saint-Louis,Maïs importé,200.0,2
2011-03-01,Saint Louis,Saint-Louis,Maïs local,208.33499999999998,2
2011-03-01,Saint Louis,Saint-Louis,Mil,220.0,2
2011-03-01,Saint Louis,Saint-Louis,Riz importé (brisé),295.0,2
2011-03-01,Saint Louis,Saint-Louis,Riz local,264.58500000000004,2
2011-03-01,Saint Louis,Saint-Louis,Sorgho,220.0,2
2011-03-01,Sedhiou,Sédhiou,Maïs local,191.67,1
2011-03-01,Sedhiou,Sédhiou,Mil,216.67,1
2011-03-01,Sedhiou,Sédhiou,Riz importé (brisé),298.33,1
2011-03-01,Sedhiou,Sédhiou,Sorgho,200.0,1
2011-03-01,Tambacounda,Tambacounda,Maïs local,162.5,4
2011-03-01,Tambacounda,Tambacounda,Mil,155.0,4
2011-03-01,Tambacounda,Tambacounda,Riz importé (brisé),260.0,2
2011-03-01,Tambacounda,Tambacounda,Riz local,275.0,1
2011-03-01,Tambacounda,Tambacounda,Sorgho,148.75,3
2011-03-01,Thies,Thiès,Maïs importé,200.0,2
2011-03-01,Thies,Thiès,Mil,167.08499999999998,4
2011-03-01,Thies,Thiès,Riz importé (brisé),287.91499999999996,4
2011-03-01,Thies,Thiès,Riz local,258.33,1
2011-03-01,Thies,Thiès,Sorgho,200.0,1
2011-03-01,Ziguinchor,Ziguinchor,Maïs local,233.0,2
2011-03-01,Ziguinchor,Ziguinchor,Mil,212.5,2
2011-03-01,Ziguinchor,Ziguinchor,Riz importé (brisé),300.0,3
2011-03-01,Ziguinchor,Ziguinchor,Sorgho,222.0,2
2011-04-01,Dakar,Dakar,Maïs importé,187.5,3
2011-04-01,Dakar,Dakar,Maïs local,200.0,4
2011-04-01,Dakar,Dakar,Mil,183.0,5
2011-04-01,Dakar,Dakar,Riz importé (brisé),278.75,4
2011-04-01,Dakar,Dakar,Sorgho,193.0,5
2011-04-01,Diourbel,Diourbel,Maïs importé,200.0,3
2011-04-01,Diourbel,Diourbel,Maïs local,181.25,4
2011-04-01,Diourbel,Diourbel,Mil,155.0,4
2011-04-01,Diourbel,Diourbel,Riz importé (brisé),290.0,4
2011-04-01,Diourbel,Diourbel,Riz local,250.0,3
2011-04-01,Diourbel,Diourbel,Sorgho,162.5,1
2011-04-01,Fatick,Fatick,Maïs local,191.25,6
2011-04-01,Fatick,Fatick,Mil,176.25,6
2011-04-01,Fatick,Fatick,Riz importé (brisé),300.0,6
2011-04-01,Fatick,Fatick,Sorgho,176.25,6
2011-04-01,Kaffrine,Kaffrine,Maïs local,160.0,1
2011-04-01,Kaffrine,Kaffrine,Mil,160.0,2
2011-04-01,Kaffrine,Kaffrine,Riz importé (brisé),275.0,2
2011-04-01,Kaffrine,Kaffrine,Sorgho,150.0,2
2011-04-01,Kaolack,Kaolack,Maïs local,173.33,3
2011-04-01,Kaolack,Kaolack,Mil,145.0,3
2011-04-01,Kaolack,Kaolack,Riz importé (brisé),300.0,3
2011-04-01,Kaolack,Kaolack,Sorgho,170.0,2
2011-04-01,Kedougou,Kédougou,Maïs local,175.0,1
2011-04-01,Kedougou,Kédougou,Mil,225.0,1
2011-04-01,Kedougou,Kédougou,Riz importé (brisé),260.0,1
2011-04-01,Kedougou,Kédougou,Sorgho,200.0,1
2011-04-01,Kolda,Kolda,Maïs local,209.375,2
2011-04-01,Kolda,Kolda,Mil,200.0,3
2011-04-01,Kolda,Kolda,Riz importé (brisé),295.0,3
2011-04-01,Kolda,Kolda,Sorgho,187.5,2
2011-04-01,Louga,Louga,Maïs importé,200.0,4
2011-04-01,Louga,Louga,Maïs local,190.0,3
2011-04-01,Louga,Louga,Mil,176.25,4
2011-04-01,Louga,Louga,Riz importé (brisé),300.0,4
2011-04-01,Louga,Louga,Riz local,275.0,4
2011-04-01,Louga,Louga,Sorgho,185.0,3
2011-04-01,Matam,Matam,Maïs importé,160.0,3
2011-04-01,Matam,Matam,Maïs local,160.0,3
2011-04-01,Matam,Matam,Mil,190.0,4
2011-04-01,Matam,Matam,Riz importé (brisé),304.16499999999996,4
2011-04-01,Matam,Matam,Riz local,250.0,3
2011-04-01,Matam,Matam,Sorgho,193.0,4
2011-04-01,Saint Louis,Saint-Louis,Maïs importé,200.0,2
2011-04-01,Saint Louis,Saint-Louis,Maïs local,221.25,2
2011-04-01,Saint Louis,Saint-Louis,Mil,221.25,2
2011-04-01,Saint Louis,Saint-Louis,Riz importé (brisé),300.0,2
2011-04-01,Saint Louis,Saint-Louis,Riz local,268.75,2
2011-04-01,Saint Louis,Saint-Louis,Sorgho,221.25,2
2011-04-01,Sedhiou,Sédhiou,Maïs local,200.0,1
2011-04-01,Sedhiou,Sédhiou,Mil,225.0,1
2011-04-01,Sedhiou,Sédhiou,Riz importé (brisé),300.0,1
2011-04-01,Sedhiou,Sédhiou,Sorgho,225.0,1
2011-04-01,Tambacounda,Tambacounda,Maïs local,163.33499999999998,4
2011-04-01,Tambacounda,Tambacounda,Mil,165.0,4
2011-04-01,Tambacounda,Tambacounda,Riz importé (brisé),260.0,2
2011-04-01,Tambacounda,Tambacounda,Riz local,275.0,1
2011-04-01,Tambacounda,Tambacounda,Sorgho,151.67,3
2011-04-01,Thies,Thiès,Maïs importé,200.0,3
2011-04-01,Thies,Thiès,Maïs local,200.0,1
2011-04-01,Thies,Thiès,Mil,171.67,3
2011-04-01,Thies,Thiès,Riz importé (brisé),294.16499999999996,4
2011-04-01,Thies,Thiès,Riz local,278.33,1
2011-04-01,Thies,Thiès,Sorgho,205.0,1
2011-04-01,Ziguinchor,Ziguinchor,Maïs local,250.0,3
2011-04-01,Ziguinchor,Ziguinchor,Mil,212.5,2
2011-04-01,Ziguinchor,Ziguinchor,Riz importé (brisé),300.0,3
2011-04-01,Ziguinchor,Ziguinchor,Sorgho,225.0,2
2011-05-01,Dakar,Dakar,Maïs importé,200.0,3
2011-05-01,Dakar,Dakar,Maïs local,200.0,3
2011-05-01,Dakar,Dakar,Mil,187.5,5
2011-05-01,Dakar,Dakar,Riz importé (brisé),346.5,2
2011-05-01,Dakar,Dakar,Riz local,300.0,1
2011-05-01,Dakar,Dakar,Sorgho,191.0,3
2011-05-01,Diourbel,Diourbel,Mil,167.0,1
2011-05-01,Diourbel,Diourbel,Riz importé (brisé),317.0,1
2011-05-01,Fatick,Fatick,Maïs local,190.0,5
2011-05-01,Fatick,Fatick,Mil,180.0,5
2011-05-01,Fatick,Fatick,Riz importé (brisé),300.0,5
2011-05-01,Fatick,Fatick,Sorgho,190.0,5
2011-05-01,Kaffrine,Kaffrine,Maïs local,167.5,2
2011-05-01,Kaffrine,Kaffrine,Mil,167.5,2
2011-05-01,Kaffrine,Kaffrine,Riz importé (brisé),300.0,2
2011-05-01,Kaffrine,Kaffrine,Sorgho,156.25,2
2011-05-01,Kaolack,Kaolack,Maïs importé,175.0,1
2011-05-01,Kaolack,Kaolack,Maïs local,175.0,3
2011-05-01,Kaolack,Kaolack,Mil,162.5,3
2011-05-01,Kaolack,Kaolack,Riz importé (brisé),300.0,2
2011-05-01,Kaolack,Kaolack,Sorgho,182.5,1
2011-05-01,Kedougou,Kédougou,Maïs local,175.0,1
2011-05-01,Kedougou,Kédougou,Mil,225.0,1
2011-05-01,Kedougou,Kédougou,Riz importé (brisé),260.0,1
2011-05-01,Kedougou,Kédougou,Sorgho,200.0,1
2011-05-01,Kolda,Kolda,Maïs local,220.83499999999998,2
2011-05-01,Kolda,Kolda,Mil,190.0,3
2011-05-01,Kolda,Kolda,Riz importé (brisé),295.0,3
2011-05-01,Kolda,Kolda,Sorgho,196.25,2
2011-05-01,Louga,Louga,Maïs importé,200.0,3
2011-05-01,Louga,Louga,Maïs local,200.0,1
2011-05-01,Louga,Louga,Mil,190.0,3
2011-05-01,Louga,Louga,Riz importé (brisé),295.0,3
2011-05-01,Louga,Louga,Riz local,275.0,3
2011-05-01,Louga,Louga,Sorgho,200.0,2
2011-05-01,Matam,Matam,Maïs importé,186.25,2
2011-05-01,Matam,Matam,Maïs local,205.0,2
2011-05-01,Matam,Matam,Mil,213.0,3
2011-05-01,Matam,Matam,Riz importé (brisé),300.0,3
2011-05-01,Matam,Matam,Riz local,250.0,2
2011-05-01,Matam,Matam,Sorgho,213.0,3
2011-05-01,Saint Louis,Saint-Louis,Maïs importé,200.0,2
2011-05-01,Saint Louis,Saint-Louis,Maïs local,200.0,2
2011-05-01,Saint Louis,Saint-Louis,Mil,220.0,2
2011-05-01,Saint Louis,Saint-Louis,Riz importé (brisé),300.0,2
2011-05-01,Saint Louis,Saint-Louis,Riz local,275.0,2
2011-05-01,Saint Louis,Saint-Louis,Sorgho,220.0,2
2011-05-01,Sedhiou,Sédhiou,Maïs local,200.0,1
2011-05-01,Sedhiou,Sédhiou,Mil,225.0,1
2011-05-01,Sedhiou,Sédhiou,Riz importé (brisé),300.0,1
2011-05-01,Sedhiou,Sédhiou,Sorgho,225.0,1
2011-05-01,Tambacounda,Tambacounda,Maïs local,175.0,3
2011-05-01,Tambacounda,Tambacounda,Mil,181.25,4
2011-05-01,Tambacounda,Tambacounda,Riz importé (brisé),260.0,2
2011-05-01,Tambacounda,Tambacounda,Riz local,275.0,1
2011-05-01,Tambacounda,Tambacounda,Sorgho,162.5,3
2011-05-01,Thies,Thiès,Maïs importé,200.0,3
2011-05-01,Thies,Thiès,Maïs local,200.0,2
2011-05-01,Thies,Thiès,Mil,175.0,3
2011-05-01,Thies,Thiès,Riz importé (brisé),301.66499999999996,4
2011-05-01,Thies,Thiès,Riz local,295.0,1
2011-05-01,Thies,Thiès,Sorgho,220.0,1
2011-05-01,Ziguinchor,Ziguinchor,Maïs local,246.66500000000002,2
2011-05-01,Ziguinchor,Ziguinchor,Mil,216.66500000000002,2
2011-05-01,Ziguinchor,Ziguinchor,Riz importé (brisé),300.0,2
2011-05-01,Ziguinchor,Ziguinchor,Sorgho,235.0,2
2011-06-01,Dakar,Dakar,Maïs importé,187.5,3
2011-06-01,Dakar,Dakar,Maïs local,200.0,4
2011-06-01,Dakar,Dakar,Mil,226.0,5
2011-06-01,Dakar,Dakar,Riz importé (brisé),312.5,5
2011-06-01,Dakar,Dakar,Sorgho,214.25,4
2011-06-01,Diourbel,Diourbel,Maïs importé,200.0,3
2011-06-01,Diourbel,Diourbel,Maïs local,187.5,4
2011-06-01,Diourbel,Diourbel,Mil,165.0,4
2011-06-01,Diourbel,Diourbel,Riz importé (brisé),300.0,4
2011-06-01,Diourbel,Diourbel,Sorgho,167.5,3
2011-06-01,Fatick,Fatick,Maïs importé,200.0,1
2011-06-01,Fatick,Fatick,Maïs local,185.0,6
2011-06-01,Fatick,Fatick,Mil,188.75,6
2011-06-01,Fatick,Fatick,Riz importé (brisé),325.0,6
2011-06-01,Fatick,Fatick,Sorgho,187.5,6
2011-06-01,Kaffrine,Kaffrine,Maïs importé,180.0,2
2011-06-01,Kaffrine,Kaffrine,Maïs local,170.0,2
2011-06-01,Kaffrine,Kaffrine,Mil,171.25,2
2011-06-01,Kaffrine,Kaffrine,Riz importé (brisé),300.0,2
2011-06-01,Kaffrine,Kaffrine,Sorgho,160.0,2
2011-06-01,Kaolack,Kaolack,Maïs importé,180.0,1
2011-06-01,Kaolack,Kaolack,Maïs local,183.33499999999998,4
2011-06-01,Kaolack,Kaolack,Mil,158.33499999999998,4
2011-06-01,Kaolack,Kaolack,Riz importé (brisé),300.0,3
2011-06-01,Kaolack,Kaolack,Sorgho,190.0,1
2011-06-01,Kedougou,Kédougou,Maïs local,191.67,1
2011-06-01,Kedougou,Kédougou,Mil,225.0,1
2011-06-01,Kedougou,Kédougou,Riz importé (brisé),260.0,1
2011-06-01,Kedougou,Kédougou,Sorgho,200.0,1
2011-06-01,Kolda,Kolda,Maïs local,212.5,2
2011-06-01,Kolda,Kolda,Mil,190.0,3
2011-06-01,Kolda,Kolda,Riz importé (brisé),300.0,3
2011-06-01,Kolda,Kolda,Sorgho,197.5,2
2011-06-01,Louga,Louga,Maïs importé,200.0,4
2011-06-01,Louga,Louga,Maïs local,200.0,1
2011-06-01,Louga,Louga,Mil,192.5,4
2011-06-01,Louga,Louga,Riz importé (brisé),295.0,4
2011-06-01,Louga,Louga,Sorgho,200.0,1
2011-06-01,Matam,Matam,Maïs importé,160.0,3
2011-06-01,Matam,Matam,Maïs local,160.0,3
2011-06-01,Matam,Matam,Mil,197.0,4
2011-06-01,Matam,Matam,Riz importé (brisé),300.0,4
2011-06-01,Matam,Matam,Sorgho,194.0,4
2011-06-01,Saint Louis,Saint-Louis,Maïs importé,200.0,3
2011-06-01,Saint Louis,Saint-Louis,Maïs local,203.125,4
2011-06-01,Saint Louis,Saint-Louis,Mil,225.0,4
2011-06-01,Saint Louis,Saint-Louis,Riz importé (brisé),300.0,4
2011-06-01,Saint Louis,Saint-Louis,Sorgho,225.0,4
2011-06-01,Sedhiou,Sédhiou,Maïs local,200.0,1
2011-06-01,Sedhiou,Sédhiou,Mil,225.0,1
2011-06-01,Sedhiou,Sédhiou,Riz importé (brisé),285.0,1
2011-06-01,Tambacounda,Tambacounda,Maïs local,187.5,2
2011-06-01,Tambacounda,Tambacounda,Mil,161.67,3
2011-06-01,Tambacounda,Tambacounda,Riz importé (brisé),260.0,1
2011-06-01,Tambacounda,Tambacounda,Sorgho,161.67,2
2011-06-01,Thies,Thiès,Maïs importé,200.0,1
2011-06-01,Thies,Thiès,Maïs local,208.33499999999998,2
2011-06-01,Thies,Thiès,Mil,185.0,4
2011-06-01,Thies,Thiès,Riz importé (brisé),293.75,4
2011-06-01,Thies,Thiès,Sorgho,225.0,1
2011-06-01,Ziguinchor,Ziguinchor,Maïs local,250.0,3
2011-06-01,Ziguinchor,Ziguinchor,Mil,209.0,3
2011-06-01,Ziguinchor,Ziguinchor,Riz importé (brisé),300.0,4
2011-06-01,Ziguinchor,Ziguinchor,Sorgho,250.0,2
2011-07-01,Dakar,Dakar,Maïs importé,200.0,3
2011-07-01,Dakar,Dakar,Maïs local,250.0,1
2011-07-01,Dakar,Dakar,Mil,200.0,4
2011-07-01,Dakar,Dakar,Riz importé (brisé),350.0,2
2011-07-01,Dakar,Dakar,Sorgho,225.0,3
2011-07-01,Diourbel,Diourbel,Maïs importé,200.0,4
2011-07-01,Diourbel,Diourbel,Maïs local,187.5,2
2011-07-01,Diourbel,Diourbel,Mil,165.0,3
2011-07-01,Diourbel,Diourbel,Riz importé (brisé),300.0,4
2011-07-01,Diourbel,Diourbel,Sorgho,170.0,2
2011-07-01,Fatick,Fatick,Maïs importé,200.0,1
2011-07-01,Fatick,Fatick,Maïs local,195.0,5
2011-07-01,Fatick,Fatick,Mil,200.0,6
2011-07-01,Fatick,Fatick,Riz importé (brisé),335.41499999999996,6
2011-07-01,Fatick,Fatick,Sorgho,200.0,6
2011-07-01,Kaffrine,Kaffrine,Maïs importé,180.0,4
2011-07-01,Kaffrine,Kaffrine,Maïs local,171.25,4
2011-07-01,Kaffrine,Kaffrine,Mil,170.0,3
2011-07-01,Kaffrine,Kaffrine,Riz importé (brisé),300.0,4
2011-07-01,Kaffrine,Kaffrine,Sorgho,160.0,4
2011-07-01,Kaolack,Kaolack,Maïs importé,175.0,1
2011-07-01,Kaolack,Kaolack,Maïs local,185.83499999999998,4
2011-07-01,Kaolack,Kaolack,Mil,164.375,4
2011-07-01,Kaolack,Kaolack,Riz importé (brisé),300.0,3
2011-07-01,Kaolack,Kaolack,Sorgho,185.0,1
2011-07-01,Kedougou,Kédougou,Maïs local,200.0,1
2011-07-01,Kedougou,Kédougou,Mil,225.0,1
2011-07-01,Kedougou,Kédougou,Riz importé (brisé),260.0,1
2011-07-01,Kedougou,Kédougou,Sorgho,200.0,1
2011-07-01,Kolda,Kolda,Maïs local,243.75,3
2011-07-01,Kolda,Kolda,Mil,200.0,3
2011-07-01,Kolda,Kolda,Riz importé (brisé),295.0,3
2011-07-01,Kolda,Kolda,Sorgho,205.41500000000002,2
2011-07-01,Louga,Louga,Maïs importé,225.0,3
2011-07-01,Louga,Louga,Mil,195.0,3
2011-07-01,Louga,Louga,Riz importé (brisé),296.67,3
2011-07-01,Louga,Louga,Sorgho,200.0,1
2011-07-01,Matam,Matam,Maïs importé,190.0,3
2011-07-01,Matam,Matam,Maïs local,190.0,3
2011-07-01,Matam,Matam,Mil,224.0,4
2011-07-01,Matam,Matam,Riz importé (brisé),300.0,4
2011-07-01,Matam,Matam,Sorgho,199.0,4
2011-07-01,Saint Louis,Saint-Louis,Maïs importé,200.0,2
2011-07-01,Saint Louis,Saint-Louis,Maïs local,225.0,2
2011-07-01,Saint Louis,Saint-Louis,Mil,250.0,2
2011-07-01,Saint Louis,Saint-Louis,Riz importé (brisé),300.0,2
2011-07-01,Saint Louis,Saint-Louis,Sorgho,250.0,2
2011-07-01,Sedhiou,Sédhiou,Maïs local,200.0,1
2011-07-01,Sedhiou,Sédhiou,Mil,225.0,1
2011-07-01,Sedhiou,Sédhiou,Riz importé (brisé),287.5,1
2011-07-01,Tambacounda,Tambacounda,Maïs local,174.0,3
2011-07-01,Tambacounda,Tambacounda,Mil,168.0,3
2011-07-01,Tambacounda,Tambacounda,Riz importé (brisé),260.0,1
2011-07-01,Tambacounda,Tambacounda,Sorgho,168.0,3
2011-07-01,Thies,Thiès,Maïs local,220.83499999999998,2
2011-07-01,Thies,Thiès,Mil,181.67,3
2011-07-01,Thies,Thiès,Riz importé (brisé),291.66499999999996,4
2011-07-01,Thies,Thiès,Sorgho,212.5,2
2011-07-01,Ziguinchor,Ziguinchor,Maïs local,250.0,2
2011-07-01,Ziguinchor,Ziguinchor,Mil,213.0,3
2011-07-01,Ziguinchor,Ziguinchor,Riz importé (brisé),300.0,3
2011-07-01,Ziguinchor,Ziguinchor,Sorgho,250.0,2
2011-08-01,Dakar,Dakar,Maïs importé,225.0,3
2011-08-01,Dakar,Dakar,Mil,222.5,4
2011-08-01,Dakar,Dakar,Riz importé (brisé),320.0,4
2011-08-01,Dakar,Dakar,Sorgho,225.0,1
2011-08-01,Diourbel,Diourbel,Maïs importé,210.83499999999998,4
2011-08-01,Diourbel,Diourbel,Maïs local,200.0,4
2011-08-01,Diourbel,Diourbel,Mil,173.33,3
2011-08-01,Diourbel,Diourbel,Riz importé (brisé),300.0,4
2011-08-01,Diourbel,Diourbel,Sorgho,180.41500000000002,2
2011-08-01,Fatick,Fatick,Maïs importé,191.67,1
2011-08-01,Fatick,Fatick,Maïs local,186.25,6
2011-08-01,Fatick,Fatick,Mil,186.25,6
2011-08-01,Fatick,Fatick,Riz importé (brisé),350.0,6
2011-08-01,Fatick,Fatick,Sorgho,197.5,5
2011-08-01,Kaffrine,Kaffrine,Maïs importé,181.25,4
2011-08-01,Kaffrine,Kaffrine,Maïs local,170.0,4
2011-08-01,Kaffrine,Kaffrine,Mil,172.5,3
2011-08-01,Kaffrine,Kaffrine,Riz importé (brisé),300.0,4
2011-08-01,Kaffrine,Kaffrine,Sorgho,155.0,4
2011-08-01,Kaolack,Kaolack,Maïs importé,187.5,1
2011-08-01,Kaolack,Kaolack,Maïs local,208.125,4
2011-08-01,Kaolack,Kaolack,Mil,173.75,4
2011-08-01,Kaolack,Kaolack,Riz importé (brisé),300.0,3
2011-08-01,Kaolack,Kaolack,Sorgho,195.0,3
2011-08-01,Kedougou,Kédougou,Maïs local,212.5,1
2011-08-01,Kedougou,Kédougou,Mil,250.0,1
2011-08-01,Kedougou,Kédougou,Riz importé (brisé),267.5,1
2011-08-01,Kedougou,Kédougou,Sorgho,218.75,1
2011-08-01,Kolda,Kolda,Maïs local,220.0,3
2011-08-01,Kolda,Kolda,Mil,200.0,3
2011-08-01,Kolda,Kolda,Riz importé (brisé),296.67,3
2011-08-01,Kolda,Kolda,Sorgho,217.5,2
2011-08-01,Louga,Louga,Maïs importé,225.0,4
2011-08-01,Louga,Louga,Mil,206.66500000000002,4
2011-08-01,Louga,Louga,Riz importé (brisé),300.0,4
2011-08-01,Louga,Louga,Sorgho,217.5,2
2011-08-01,Matam,Matam,Maïs importé,200.0,3
2011-08-01,Matam,Matam,Maïs local,200.0,3
2011-08-01,Matam,Matam,Mil,223.5,4
2011-08-01,Matam,Matam,Riz importé (brisé),300.0,4
2011-08-01,Matam,Matam,Sorgho,210.5,4
2011-08-01,Saint Louis,Saint-Louis,Maïs importé,200.0,2
2011-08-01,Saint Louis,Saint-Louis,Maïs local,250.0,2
2011-08-01,Saint Louis,Saint-Louis,Mil,250.0,2
2011-08-01,Saint Louis,Saint-Louis,Riz importé (brisé),300.0,2
2011-08-01,Saint Louis,Saint-Louis,Sorgho,250.0,2
2011-08-01,Sedhiou,Sédhiou,Maïs local,200.0,1
2011-08-01,Sedhiou,Sédhiou,Mil,225.0,1
2011-08-01,Sedhiou,Sédhiou,Riz importé (brisé),298.33,1
2011-08-01,Tambacounda,Tambacounda,Maïs importé,160.0,2
2011-08-01,Tambacounda,Tambacounda,Maïs local,165.0,3
2011-08-01,Tambacounda,Tambacounda,Mil,163.75,3
2011-08-01,Tambacounda,Tambacounda,Riz importé (brisé),275.0,1
2011-08-01,Tambacounda,Tambacounda,Sorgho,162.70999999999998,2
2011-08-01,Thies,Thiès,Maïs local,225.0,1
2011-08-01,Thies,Thiès,Mil,180.0,3
2011-08-01,Thies,Thiès,Riz importé (brisé),290.0,4
2011-08-01,Thies,Thiès,Sorgho,200.0,1
2011-08-01,Ziguinchor,Ziguinchor,Maïs local,250.0,2
2011-08-01,Ziguinchor,Ziguinchor,Mil,213.0,3
2011-08-01,Ziguinchor,Ziguinchor,Riz importé (brisé),300.0,3
2011-08-01,Ziguinchor,Ziguinchor,Sorgho,250.0,2
2011-09-01,Dakar,Dakar,Maïs importé,212.5,4
2011-09-01,Dakar,Dakar,Mil,220.0,5
2011-09-01,Dakar,Dakar,Riz importé (brisé),315.0,5
2011-09-01,Dakar,Dakar,Sorgho,225.0,1
2011-09-01,Diourbel,Diourbel,Maïs importé,200.0,3
2011-09-01,Diourbel,Diourbel,Maïs local,187.5,2
2011-09-01,Diourbel,Diourbel,Mil,175.0,3
2011-09-01,Diourbel,Diourbel,Riz importé (brisé),300.0,4
2011-09-01,Diourbel,Diourbel,Sorgho,175.0,2
2011-09-01,Fatick,Fatick,Maïs local,188.75,6
2011-09-01,Fatick,Fatick,Mil,182.5,6
2011-09-01,Fatick,Fatick,Riz importé (brisé),300.0,5
2011-09-01,Fatick,Fatick,Sorgho,185.0,6
2011-09-01,Kaffrine,Kaffrine,Maïs local,175.0,5
2011-09-01,Kaffrine,Kaffrine,Mil,175.0,4
2011-09-01,Kaffrine,Kaffrine,Riz importé (brisé),300.0,5
2011-09-01,Kaffrine,Kaffrine,Sorgho,185.0,5
2011-09-01,Kaolack,Kaolack,Maïs local,205.83,4
2011-09-01,Kaolack,Kaolack,Mil,174.16500000000002,4
2011-09-01,Kaolack,Kaolack,Riz importé (brisé),300.0,3
2011-09-01,Kaolack,Kaolack,Sorgho,225.0,1
2011-09-01,Kedougou,Kédougou,Maïs local,200.0,1
2011-09-01,Kedougou,Kédougou,Mil,250.0,1
2011-09-01,Kedougou,Kédougou,Riz importé (brisé),260.0,1
2011-09-01,Kedougou,Kédougou,Sorgho,225.0,1
2011-09-01,Kolda,Kolda,Maïs importé,240.0,1
2011-09-01,Kolda,Kolda,Maïs local,225.0,3
2011-09-01,Kolda,Kolda,Mil,216.67,3
2011-09-01,Kolda,Kolda,Riz importé (brisé),313.33,3
2011-09-01,Kolda,Kolda,Sorgho,235.0,2
2011-09-01,Louga,Louga,Maïs importé,225.0,2
2011-09-01,Louga,Louga,Mil,212.5,2
2011-09-01,Louga,Louga,Riz importé (brisé),300.0,2
2011-09-01,Louga,Louga,Sorgho,220.0,1
2011-09-01,Matam,Matam,Maïs importé,250.0,2
2011-09-01,Matam,Matam,Maïs local,250.0,2
2011-09-01,Matam,Matam,Mil,242.0,3
2011-09-01,Matam,Matam,Riz importé (brisé),325.0,3
2011-09-01,Matam,Matam,Sorgho,242.0,3
2011-09-01,Saint Louis,Saint-Louis,Maïs importé,216.67,2
2011-09-01,Saint Louis,Saint-Louis,Maïs local,241.67,2
2011-09-01,Saint Louis,Saint-Louis,Mil,241.67,2
2011-09-01,Saint Louis,Saint-Louis,Riz importé (brisé),308.33,2
2011-09-01,Saint Louis,Saint-Louis,Sorgho,250.0,2
2011-09-01,Sedhiou,Sédhiou,Maïs local,233.33,1
2011-09-01,Sedhiou,Sédhiou,Mil,225.0,1
2011-09-01,Sedhiou,Sédhiou,Riz importé (brisé),310.0,1
2011-09-01,Tambacounda,Tambacounda,Maïs local,215.83499999999998,4
2011-09-01,Tambacounda,Tambacounda,Mil,207.5,4
2011-09-01,Tambacounda,Tambacounda,Riz importé (brisé),275.0,2
2011-09-01,Tambacounda,Tambacounda,Sorgho,205.0,3
2011-09-01,Thies,Thiès,Maïs local,226.67,1
2011-09-01,Thies,Thiès,Mil,195.0,2
2011-09-01,Thies,Thiès,Riz importé (brisé),296.66499999999996,4
2011-09-01,Thies,Thiès,Sorgho,233.33,1
2011-09-01,Ziguinchor,Ziguinchor,Maïs local,250.0,2
2011-09-01,Ziguinchor,Ziguinchor,Mil,250.0,3
2011-09-01,Ziguinchor,Ziguinchor,Riz importé (brisé),300.0,3
2011-09-01,Ziguinchor,Ziguinchor,Sorgho,262.5,2
2011-10-01,Dakar,Dakar,Maïs importé,212.5,4
2011-10-01,Dakar,Dakar,Mil,221.0,5
2011-10-01,Dakar,Dakar,Riz importé (brisé),320.0,4
2011-10-01,Dakar,Dakar,Riz local,300.0,1
2011-10-01,Dakar,Dakar,Sorgho,225.0,1
2011-10-01,Dakar,Dakar,Sorgho importé,225.0,4
2011-10-01,Diourbel,Diourbel,Maïs importé,218.75,4
2011-10-01,Diourbel,Diourbel,Maïs local,195.0,2
2011-10-01,Diourbel,Diourbel,Mil,200.0,3
2011-10-01,Diourbel,Diourbel,Riz importé (brisé),300.0,4
2011-10-01,Diourbel,Diourbel,Riz local,263.75,2
2011-10-01,Diourbel,Diourbel,Sorgho,197.5,2
2011-10-01,Diourbel,Diourbel,Sorgho importé,212.5,4
2011-10-01,Fatick,Fatick,Maïs local,210.0,6
2011-10-01,Fatick,Fatick,Mil,175.0,6
2011-10-01,Fatick,Fatick,Riz importé (brisé),300.0,5
2011-10-01,Fatick,Fatick,Riz local,275.0,1
2011-10-01,Fatick,Fatick,Sorgho,250.0,3
2011-10-01,Fatick,Fatick,Sorgho importé,200.0,1
2011-10-01,Kaffrine,Kaffrine,Maïs local,211.67,5
2011-10-01,Kaffrine,Kaffrine,Mil,180.0,5
2011-10-01,Kaffrine,Kaffrine,Riz importé (brisé),300.0,5
2011-10-01,Kaffrine,Kaffrine,Riz local,275.0,4
2011-10-01,Kaffrine,Kaffrine,Sorgho,195.0,5
2011-10-01,Kaolack,Kaolack,Maïs local,188.5,4
2011-10-01,Kaolack,Kaolack,Mil,172.5,2
2011-10-01,Kaolack,Kaolack,Riz importé (brisé),306.25,3
2011-10-01,Kaolack,Kaolack,Sorgho,155.0,1
2011-10-01,Kedougou,Kédougou,Maïs local,225.0,1
2011-10-01,Kedougou,Kédougou,Mil,293.75,1
2011-10-01,Kedougou,Kédougou,Riz importé (brisé),300.0,1
2011-10-01,Kedougou,Kédougou,Riz local,260.0,1
2011-10-01,Kedougou,Kédougou,Sorgho,250.0,1
2011-10-01,Kolda,Kolda,Maïs importé,295.0,1
2011-10-01,Kolda,Kolda,Maïs local,212.5,3
2011-10-01,Kolda,Kolda,Mil,212.5,3
2011-10-01,Kolda,Kolda,Riz importé (brisé),315.0,3
2011-10-01,Kolda,Kolda,Sorgho,212.5,1
2011-10-01,Louga,Louga,Maïs importé,225.0,3
2011-10-01,Louga,Louga,Maïs local,225.0,1
2011-10-01,Louga,Louga,Mil,215.0,3
2011-10-01,Louga,Louga,Riz importé (brisé),300.0,3
2011-10-01,Louga,Louga,Riz local,290.0,3
2011-10-01,Louga,Louga,Sorgho,219.16500000000002,2
2011-10-01,Matam,Matam,Maïs importé,250.0,2
2011-10-01,Matam,Matam,Maïs local,250.0,2
2011-10-01,Matam,Matam,Mil,250.0,3
2011-10-01,Matam,Matam,Riz importé (brisé),308.33,3
2011-10-01,Matam,Matam,Riz local,250.0,2
2011-10-01,Matam,Matam,Sorgho,250.0,3
2011-10-01,Saint Louis,Saint-Louis,Maïs importé,232.29000000000002,2
2011-10-01,Saint Louis,Saint-Louis,Maïs local,240.625,2
2011-10-01,Saint Louis,Saint-Louis,Mil,240.625,2
2011-10-01,Saint Louis,Saint-Louis,Riz importé (brisé),315.0,2
2011-10-01,Saint Louis,Saint-Louis,Riz local,274.375,2
2011-10-01,Saint Louis,Saint-Louis,Sorgho,250.0,1
2011-10-01,Saint Louis,Saint-Louis,Sorgho importé,221.875,2
2011-10-01,Sedhiou,Sédhiou,Maïs local,225.0,1
2011-10-01,Sedhiou,Sédhiou,Mil,222.5,1
2011-10-01,Sedhiou,Sédhiou,Riz importé (brisé),315.0,1
2011-10-01,Sedhiou,Sédhiou,Sorgho,220.0,1
2011-10-01,Tambacounda,Tambacounda,Maïs local,213.75,3
2011-10-01,Tambacounda,Tambacounda,Mil,195.0,3
2011-10-01,Tambacounda,Tambacounda,Riz importé (brisé),275.0,1
2011-10-01,Tambacounda,Tambacounda,Riz local,270.0,2
2011-10-01,Tambacounda,Tambacounda,Sorgho,210.0,2
2011-10-01,Thies,Thiès,Maïs importé,225.0,1
2011-10-01,Thies,Thiès,Maïs local,200.0,1
2011-10-01,Thies,Thiès,Mil,205.0,3
2011-10-01,Thies,Thiès,Riz importé (brisé),295.0,4
2011-10-01,Thies,Thiès,Riz local,276.67,3
2011-10-01,Thies,Thiès,Sorgho,225.0,1
2011-10-01,Thies,Thiès,Sorgho importé,207.5,1
2011-10-01,Ziguinchor,Ziguinchor,Maïs local,300.0,2
2011-10-01,Ziguinchor,Ziguinchor,Mil,250.0,4
2011-10-01,Ziguinchor,Ziguinchor,Riz importé (brisé),300.0,4
2011-10-01,Ziguinchor,Ziguinchor,Sorgho,262.5,2
2011-11-01,Dakar,Dakar,Mil,221.0,1
2011-11-01,Dakar,Dakar,Riz importé (brisé),346.0,1
2011-11-01,Dakar,Dakar,Sorgho,225.0,1
2011-11-01,Diourbel,Diourbel,Maïs importé,200.0,4
2011-11-01,Diourbel,Diourbel,Maïs local,175.0,3
2011-11-01,Diourbel,Diourbel,Mil,172.5,4
2011-11-01,Diourbel,Diourbel,Riz importé (brisé),300.0,4
2011-11-01,Diourbel,Diourbel,Riz local,250.0,2
2011-11-01,Diourbel,Diourbel,Sorgho,150.0,2
2011-11-01,Diourbel,Diourbel,Sorgho importé,175.0,3
2011-11-01,Fatick,Fatick,Maïs importé,200.0,1
2011-11-01,Fatick,Fatick,Maïs local,200.0,5
2011-11-01,Fatick,Fatick,Mil,175.0,5
2011-11-01,Fatick,Fatick,Riz importé (brisé),300.0,5
2011-11-01,Fatick,Fatick,Riz local,275.0,1
2011-11-01,Fatick,Fatick,Sorgho,187.5,1
2011-11-01,Fatick,Fatick,Sorgho importé,200.0,1
2011-11-01,Kaffrine,Kaffrine,Maïs importé,200.0,1
2011-11-01,Kaffrine,Kaffrine,Maïs local,200.0,5
2011-11-01,Kaffrine,Kaffrine,Mil,175.0,5
2011-11-01,Kaffrine,Kaffrine,Riz importé (brisé),300.0,5
2011-11-01,Kaffrine,Kaffrine,Riz local,275.0,4
2011-11-01,Kaffrine,Kaffrine,Sorgho,175.0,5
2011-11-01,Kaolack,Kaolack,Maïs local,188.75,4
2011-11-01,Kaolack,Kaolack,Mil,190.0,3
2011-11-01,Kaolack,Kaolack,Riz importé (brisé),312.5,4
2011-11-01,Kedougou,Kédougou,Maïs local,200.0,1
2011-11-01,Kedougou,Kédougou,Mil,225.0,1
2011-11-01,Kedougou,Kédougou,Riz importé (brisé),300.0,1
2011-11-01,Kedougou,Kédougou,Sorgho,200.0,1
2011-11-01,Kolda,Kolda,Maïs importé,295.0,1
2011-11-01,Kolda,Kolda,Maïs local,190.0,3
2011-11-01,Kolda,Kolda,Mil,193.33,3
2011-11-01,Kolda,Kolda,Riz importé (brisé),322.5,3
2011-11-01,Kolda,Kolda,Sorgho,195.83499999999998,2
2011-11-01,Louga,Louga,Maïs importé,275.0,1
2011-11-01,Louga,Louga,Maïs local,228.33499999999998,4
2011-11-01,Louga,Louga,Mil,210.0,4
2011-11-01,Louga,Louga,Riz importé (brisé),320.0,4
2011-11-01,Louga,Louga,Riz local,290.0,4
2011-11-01,Louga,Louga,Sorgho,220.0,3
2011-11-01,Matam,Matam,Mil,250.0,1
2011-11-01,Matam,Matam,Riz importé (brisé),346.0,1
2011-11-01,Matam,Matam,Sorgho,250.0,1
2011-11-01,Saint Louis,Saint-Louis,Maïs importé,225.0,1
2011-11-01,Saint Louis,Saint-Louis,Maïs local,250.0,3
2011-11-01,Saint Louis,Saint-Louis,Mil,250.0,4
2011-11-01,Saint Louis,Saint-Louis,Riz importé (brisé),350.0,4
2011-11-01,Saint Louis,Saint-Louis,Riz local,300.0,3
2011-11-01,Saint Louis,Saint-Louis,Sorgho,225.0,3
2011-11-01,Saint Louis,Saint-Louis,Sorgho importé,200.0,2
2011-11-01,Sedhiou,Sédhiou,Maïs local,241.67,1
2011-11-01,Sedhiou,Sédhiou,Mil,223.75,1
2011-11-01,Sedhiou,Sédhiou,Riz importé (brisé),322.5,1
2011-11-01,Sedhiou,Sédhiou,Sorgho,200.0,1
2011-11-01,Tambacounda,Tambacounda,Maïs importé,200.0,1
2011-11-01,Tambacounda,Tambacounda,Maïs local,172.5,4
2011-11-01,Tambacounda,Tambacounda,Mil,181.66500000000002,4
2011-11-01,Tambacounda,Tambacounda,Riz importé (brisé),287.5,2
2011-11-01,Tambacounda,Tambacounda,Riz local,260.0,3
2011-11-01,Tambacounda,Tambacounda,Sorgho,180.83499999999998,4
2011-11-01,Thies,Thiès,Maïs importé,212.5,2
2011-11-01,Thies,Thiès,Maïs local,212.5,1
2011-11-01,Thies,Thiès,Mil,198.75,2
2011-11-01,Thies,Thiès,Riz importé (brisé),300.0,4
2011-11-01,Thies,Thiès,Riz local,285.0,2
2011-11-01,Thies,Thiès,Sorgho,225.0,1
2011-11-01,Thies,Thiès,Sorgho importé,212.5,1
2011-11-01,Ziguinchor,Ziguinchor,Mil,246.0,1
2011-11-01,Ziguinchor,Ziguinchor,Riz importé (brisé),325.0,1
2011-12-01,Dakar,Dakar,Maïs importé,225.0,4
2011-12-01,Dakar,Dakar,Mil,256.25,4
2011-12-01,Dakar,Dakar,Riz importé (brisé),325.0,4
2011-12-01,Dakar,Dakar,Riz local,287.5,1
2011-12-01,Diourbel,Diourbel,Maïs importé,187.5,5
2011-12-01,Diourbel,Diourbel,Maïs local,172.5,3
2011-12-01,Diourbel,Diourbel,Mil,177.5,5
2011-12-01,Diourbel,Diourbel,Riz importé (brisé),300.0,5
2011-12-01,Diourbel,Diourbel,Riz local,262.5,2
2011-12-01,Diourbel,Diourbel,Sorgho,171.25,2
2011-12-01,Fatick,Fatick,Maïs importé,200.0,6
2011-12-01,Fatick,Fatick,Maïs local,200.0,5
2011-12-01,Fatick,Fatick,Mil,175.0,6
2011-12-01,Fatick,Fatick,Riz importé (brisé),300.0,5
2011-12-01,Fatick,Fatick,Riz local,275.0,1
2011-12-01,Fatick,Fatick,Sorgho,176.67,5
2011-12-01,Kaffrine,Kaffrine,Maïs local,185.0,5
2011-12-01,Kaffrine,Kaffrine,Mil,183.75,4
2011-12-01,Kaffrine,Kaffrine,Riz importé (brisé),307.5,5
2011-12-01,Kaffrine,Kaffrine,Riz local,277.5,5
2011-12-01,Kaffrine,Kaffrine,Sorgho,181.25,5
2011-12-01,Kaolack,Kaolack,Maïs local,180.0,4
2011-12-01,Kaolack,Kaolack,Mil,185.0,3
2011-12-01,Kaolack,Kaolack,Riz importé (brisé),316.25,3
2011-12-01,Kaolack,Kaolack,Sorgho,183.33499999999998,2
2011-12-01,Kedougou,Kédougou,Maïs local,250.0,1
2011-12-01,Kedougou,Kédougou,Mil,250.0,1
2011-12-01,Kedougou,Kédougou,Sorgho,250.0,1
2011-12-01,Kolda,Kolda,Maïs local,204.16500000000002,2
2011-12-01,Kolda,Kolda,Mil,196.66500000000002,2
2011-12-01,Kolda,Kolda,Riz importé (brisé),325.0,3
2011-12-01,Kolda,Kolda,Sorgho,205.625,2
2011-12-01,Louga,Louga,Maïs importé,275.0,3
2011-12-01,Louga,Louga,Maïs local,225.0,3
2011-12-01,Louga,Louga,Mil,221.875,4
2011-12-01,Louga,Louga,Riz importé (brisé),301.25,4
2011-12-01,Louga,Louga,Riz local,292.5,4
2011-12-01,Louga,Louga,Sorgho,225.0,3
2011-12-01,Matam,Matam,Mil,253.0,1
2011-12-01,Matam,Matam,Riz importé (brisé),350.0,1
2011-12-01,Matam,Matam,Sorgho,250.0,1
2011-12-01,Saint Louis,Saint-Louis,Maïs local,250.0,1
2011-12-01,Saint Louis,Saint-Louis,Mil,250.0,2
2011-12-01,Saint Louis,Saint-Louis,Riz importé (brisé),375.0,2
2011-12-01,Saint Louis,Saint-Louis,Riz local,300.0,1
2011-12-01,Saint Louis,Saint-Louis,Sorgho,250.0,1
2011-12-01,Sedhiou,Sédhiou,Maïs local,250.0,1
2011-12-01,Sedhiou,Sédhiou,Mil,225.0,1
2011-12-01,Sedhiou,Sédhiou,Riz importé (brisé),325.0,1
2011-12-01,Sedhiou,Sédhiou,Sorgho,206.25,1
2011-12-01,Tambacounda,Tambacounda,Maïs local,200.0,4
2011-12-01,Tambacounda,Tambacounda,Mil,200.0,4
2011-12-01,Tambacounda,Tambacounda,Riz importé (brisé),303.75,2
2011-12-01,Tambacounda,Tambacounda,Riz local,260.0,3
2011-12-01,Tambacounda,Tambacounda,Sorgho,200.0,4
2011-12-01,Thies,Thiès,Maïs importé,250.0,1
2011-12-01,Thies,Thiès,Maïs local,233.33,1
2011-12-01,Thies,Thiès,Mil,190.0,4
2011-12-01,Thies,Thiès,Riz importé (brisé),300.0,4
2011-12-01,Thies,Thiès,Riz local,287.5,2
2011-12-01,Thies,Thiès,Sorgho,220.0,1
2011-12-01,Ziguinchor,Ziguinchor,Maïs local,254.165,2
2011-12-01,Ziguinchor,Ziguinchor,Mil,236.25,3
2011-12-01,Ziguinchor,Ziguinchor,Riz importé (brisé),328.125,2
2011-12-01,Ziguinchor,Ziguinchor,Sorgho,266.66499999999996,2
2012-01-01,Dakar,Dakar,Maïs importé,225.0,3
2012-01-01,Dakar,Dakar,Mil,241.0,5
2012-01-01,Dakar,Dakar,Riz importé (brisé),325.0,4
2012-01-01,Dakar,Dakar,Riz local,300.0,2
2012-01-01,Diourbel,Diourbel,Maïs importé,200.0,4
2012-01-01,Diourbel,Diourbel,Maïs local,175.0,1
2012-01-01,Diourbel,Diourbel,Mil,175.0,4
2012-01-01,Diourbel,Diourbel,Riz importé (brisé),300.0,4
2012-01-01,Diourbel,Diourbel,Riz local,262.5,2
2012-01-01,Diourbel,Diourbel,Sorgho,170.0,2
2012-01-01,Fatick,Fatick,Maïs importé,192.5,4
2012-01-01,Fatick,Fatick,Maïs local,190.0,3
2012-01-01,Fatick,Fatick,Mil,173.75,6
2012-01-01,Fatick,Fatick,Riz importé (brisé),300.0,6
2012-01-01,Fatick,Fatick,Riz local,287.5,2
2012-01-01,Fatick,Fatick,Sorgho,175.0,6
2012-01-01,Kaffrine,Kaffrine,Maïs importé,200.0,3
2012-01-01,Kaffrine,Kaffrine,Maïs local,208.75,4
2012-01-01,Kaffrine,Kaffrine,Mil,195.0,5
2012-01-01,Kaffrine,Kaffrine,Riz importé (brisé),370.0,5
2012-01-01,Kaffrine,Kaffrine,Riz local,282.5,5
2012-01-01,Kaffrine,Kaffrine,Sorgho,185.0,5
2012-01-01,Kaolack,Kaolack,Maïs local,194.0,3
2012-01-01,Kaolack,Kaolack,Mil,175.16500000000002,4
2012-01-01,Kaolack,Kaolack,Riz importé (brisé),321.0,3
2012-01-01,Kaolack,Kaolack,Sorgho,185.0,3
2012-01-01,Kedougou,Kédougou,Maïs local,225.0,1
2012-01-01,Kedougou,Kédougou,Mil,250.0,1
2012-01-01,Kedougou,Kédougou,Riz importé (brisé),350.0,1
2012-01-01,Kolda,Kolda,Maïs local,200.0,3
2012-01-01,Kolda,Kolda,Mil,200.0,3
2012-01-01,Kolda,Kolda,Riz importé (brisé),325.0,3
2012-01-01,Kolda,Kolda,Sorgho,207.0,2
2012-01-01,Louga,Louga,Maïs importé,275.0,4
2012-01-01,Louga,Louga,Maïs local,238.75,2
2012-01-01,Louga,Louga,Mil,218.125,4
2012-01-01,Louga,Louga,Riz importé (brisé),315.0,4
2012-01-01,Louga,Louga,Riz local,288.75,4
2012-01-01,Louga,Louga,Sorgho,230.0,2
2012-01-01,Matam,Matam,Maïs importé,300.0,3
2012-01-01,Matam,Matam,Maïs local,300.0,3
2012-01-01,Matam,Matam,Mil,278.5,4
2012-01-01,Matam,Matam,Riz importé (brisé),350.0,4
2012-01-01,Matam,Matam,Riz local,273.33,3
2012-01-01,Matam,Matam,Sorgho,300.5,4
2012-01-01,Saint Louis,Saint-Louis,Mil,255.0,1
2012-01-01,Saint Louis,Saint-Louis,Riz importé (brisé),425.0,1
2012-01-01,Saint Louis,Saint-Louis,Sorgho,255.0,1
2012-01-01,Sedhiou,Sédhiou,Maïs local,250.0,1
2012-01-01,Sedhiou,Sédhiou,Riz importé (brisé),338.0,1
2012-01-01,Sedhiou,Sédhiou,Sorgho,200.0,1
2012-01-01,Tambacounda,Tambacounda,Maïs local,215.0,4
2012-01-01,Tambacounda,Tambacounda,Mil,215.0,4
2012-01-01,Tambacounda,Tambacounda,Riz importé (brisé),350.0,2
2012-01-01,Tambacounda,Tambacounda,Riz local,260.0,1
2012-01-01,Tambacounda,Tambacounda,Sorgho,215.0,4
2012-01-01,Thies,Thiès,Maïs local,225.0,1
2012-01-01,Thies,Thiès,Mil,202.5,2
2012-01-01,Thies,Thiès,Riz importé (brisé),312.5,2
2012-01-01,Thies,Thiès,Riz local,300.0,1
2012-01-01,Thies,Thiès,Sorgho,210.0,1
2012-01-01,Ziguinchor,Ziguinchor,Maïs local,253.125,2
2012-01-01,Ziguinchor,Ziguinchor,Mil,232.0,3
2012-01-01,Ziguinchor,Ziguinchor,Riz importé (brisé),343.75,3
2012-01-01,Ziguinchor,Ziguinchor,Sorgho,268.75,2
2012-02-01,Dakar,Dakar,Maïs importé,225.0,3
2012-02-01,Dakar,Dakar,Mil,256.0,5
2012-02-01,Dakar,Dakar,Riz importé (brisé),325.0,4
2012-02-01,Dakar,Dakar,Riz local,300.0,3
2012-02-01,Dakar,Dakar,Sorgho,225.0,2
2012-02-01,Dakar,Dakar,Sorgho importé,235.0,4
2012-02-01,Diourbel,Diourbel,Maïs importé,195.0,4
2012-02-01,Diourbel,Diourbel,Maïs local,175.0,3
2012-02-01,Diourbel,Diourbel,Mil,175.0,4
2012-02-01,Diourbel,Diourbel,Riz importé (brisé),300.0,5
2012-02-01,Diourbel,Diourbel,Riz local,262.5,2
2012-02-01,Diourbel,Diourbel,Sorgho,170.0,1
2012-02-01,Diourbel,Diourbel,Sorgho importé,190.0,3
2012-02-01,Fatick,Fatick,Maïs importé,200.0,1
2012-02-01,Fatick,Fatick,Maïs local,178.75,4
2012-02-01,Fatick,Fatick,Mil,181.25,6
2012-02-01,Fatick,Fatick,Riz importé (brisé),300.0,6
2012-02-01,Fatick,Fatick,Riz local,275.0,1
2012-02-01,Fatick,Fatick,Sorgho,180.0,5
2012-02-01,Kaffrine,Kaffrine,Maïs local,210.0,5
2012-02-01,Kaffrine,Kaffrine,Mil,185.0,4
2012-02-01,Kaffrine,Kaffrine,Riz importé (brisé),375.0,4
2012-02-01,Kaffrine,Kaffrine,Riz local,285.0,5
2012-02-01,Kaffrine,Kaffrine,Sorgho,185.0,5
2012-02-01,Kaolack,Kaolack,Maïs local,203.125,4
2012-02-01,Kaolack,Kaolack,Mil,172.5,4
2012-02-01,Kaolack,Kaolack,Riz importé (brisé),325.0,3
2012-02-01,Kaolack,Kaolack,Riz local,275.0,1
2012-02-01,Kaolack,Kaolack,Sorgho,210.83499999999998,2
2012-02-01,Kedougou,Kédougou,Maïs local,200.0,1
2012-02-01,Kedougou,Kédougou,Mil,250.0,1
2012-02-01,Kedougou,Kédougou,Riz importé (brisé),356.25,1
2012-02-01,Kedougou,Kédougou,Sorgho,250.0,1
2012-02-01,Kolda,Kolda,Maïs local,221.875,2
2012-02-01,Kolda,Kolda,Mil,205.0,3
2012-02-01,Kolda,Kolda,Riz importé (brisé),325.0,3
2012-02-01,Kolda,Kolda,Sorgho,210.0,3
2012-02-01,Louga,Louga,Maïs importé,243.33,3
2012-02-01,Louga,Louga,Mil,221.66500000000002,2
2012-02-01,Louga,Louga,Riz importé (brisé),316.67,3
2012-02-01,Louga,Louga,Riz local,290.0,3
2012-02-01,Louga,Louga,Sorgho,230.0,2
2012-02-01,Matam,Matam,Maïs importé,275.0,3
2012-02-01,Matam,Matam,Maïs local,275.0,3
2012-02-01,Matam,Matam,Mil,284.25,4
2012-02-01,Matam,Matam,Riz importé (brisé),337.5,4
2012-02-01,Matam,Matam,Riz local,260.0,3
2012-02-01,Matam,Matam,Sorgho,294.0,4
2012-02-01,Saint Louis,Saint-Louis,Mil,250.0,1
2012-02-01,Saint Louis,Saint-Louis,Riz importé (brisé),500.0,1
2012-02-01,Saint Louis,Saint-Louis,Sorgho,250.0,1
2012-02-01,Sedhiou,Sédhiou,Maïs local,250.0,1
2012-02-01,Sedhiou,Sédhiou,Mil,225.0,1
2012-02-01,Sedhiou,Sédhiou,Riz importé (brisé),325.0,1
2012-02-01,Tambacounda,Tambacounda,Maïs local,185.0,3
2012-02-01,Tambacounda,Tambacounda,Mil,185.0,3
2012-02-01,Tambacounda,Tambacounda,Riz importé (brisé),356.25,1
2012-02-01,Tambacounda,Tambacounda,Riz local,260.0,2
2012-02-01,Tambacounda,Tambacounda,Sorgho,185.0,2
2012-02-01,Thies,Thiès,Maïs local,225.0,2
2012-02-01,Thies,Thiès,Mil,193.75,4
2012-02-01,Thies,Thiès,Riz importé (brisé),307.5,4
2012-02-01,Thies,Thiès,Riz local,300.0,2
2012-02-01,Thies,Thiès,Sorgho,250.0,1
2012-02-01,Ziguinchor,Ziguinchor,Maïs local,262.5,2
2012-02-01,Ziguinchor,Ziguinchor,Mil,233.0,3
2012-02-01,Ziguinchor,Ziguinchor,Riz importé (brisé),400.0,3
2012-02-01,Ziguinchor,Ziguinchor,Sorgho,275.0,2
2012-03-01,Dakar,Dakar,Maïs importé,225.0,3
2012-03-01,Dakar,Dakar,Mil,234.0,5
2012-03-01,Dakar,Dakar,Riz importé (brisé),325.0,4
2012-03-01,Dakar,Dakar,Sorgho,205.0,2
2012-03-01,Diourbel,Diourbel,Maïs importé,225.0,4
2012-03-01,Diourbel,Diourbel,Maïs local,200.0,3
2012-03-01,Diourbel,Diourbel,Mil,176.875,4
2012-03-01,Diourbel,Diourbel,Riz importé (brisé),300.0,4
2012-03-01,Diourbel,Diourbel,Sorgho,200.0,1
2012-03-01,Fatick,Fatick,Maïs local,176.67,5
2012-03-01,Fatick,Fatick,Mil,177.91500000000002,6
2012-03-01,Fatick,Fatick,Riz importé (brisé),300.0,6
2012-03-01,Fatick,Fatick,Sorgho,178.33,5
2012-03-01,Kaffrine,Kaffrine,Maïs local,210.0,3
2012-03-01,Kaffrine,Kaffrine,Mil,185.0,4
2012-03-01,Kaffrine,Kaffrine,Riz importé (brisé),500.0,4
2012-03-01,Kaffrine,Kaffrine,Sorgho,194.16500000000002,4
2012-03-01,Kaolack,Kaolack,Maïs local,212.66500000000002,2
2012-03-01,Kaolack,Kaolack,Mil,171.66500000000002,4
2012-03-01,Kaolack,Kaolack,Riz importé (brisé),325.0,4
2012-03-01,Kaolack,Kaolack,Sorgho,225.0,2
2012-03-01,Kedougou,Kédougou,Maïs importé,350.0,1
2012-03-01,Kedougou,Kédougou,Maïs local,300.0,1
2012-03-01,Kedougou,Kédougou,Mil,300.0,1
2012-03-01,Kedougou,Kédougou,Riz importé (brisé),350.0,1
2012-03-01,Kedougou,Kédougou,Sorgho,275.0,1
2012-03-01,Kolda,Kolda,Maïs local,212.5,2
2012-03-01,Kolda,Kolda,Mil,202.5,3
2012-03-01,Kolda,Kolda,Riz importé (brisé),325.0,3
2012-03-01,Kolda,Kolda,Sorgho,200.0,3
2012-03-01,Louga,Louga,Maïs importé,250.0,4
2012-03-01,Louga,Louga,Mil,220.0,4
2012-03-01,Louga,Louga,Riz importé (brisé),316.25,4
2012-03-01,Louga,Louga,Sorgho,230.0,1
2012-03-01,Matam,Matam,Maïs importé,275.0,3
2012-03-01,Matam,Matam,Mil,277.5,4
2012-03-01,Matam,Matam,Riz importé (brisé),350.0,4
2012-03-01,Matam,Matam,Sorgho,297.5,4
2012-03-01,Saint Louis,Saint-Louis,Maïs local,250.0,6
2012-03-01,Saint Louis,Saint-Louis,Mil,250.0,6
2012-03-01,Saint Louis,Saint-Louis,Riz importé (brisé),300.0,6
2012-03-01,Saint Louis,Saint-Louis,Sorgho,250.0,6
2012-03-01,Sedhiou,Sédhiou,Maïs local,250.0,1
2012-03-01,Sedhiou,Sédhiou,Mil,225.0,1
2012-03-01,Sedhiou,Sédhiou,Riz importé (brisé),325.0,1
2012-03-01,Tambacounda,Tambacounda,Maïs local,197.5,4
2012-03-01,Tambacounda,Tambacounda,Mil,210.0,4
2012-03-01,Tambacounda,Tambacounda,Riz importé (brisé),365.0,2
2012-03-01,Tambacounda,Tambacounda,Sorgho,210.0,4
2012-03-01,Thies,Thiès,Maïs local,235.41500000000002,2
2012-03-01,Thies,Thiès,Mil,196.25,4
2012-03-01,Thies,Thiès,Riz importé (brisé),300.0,4
2012-03-01,Thies,Thiès,Sorgho,250.0,1
2012-03-01,Ziguinchor,Ziguinchor,Maïs local,262.5,2
2012-03-01,Ziguinchor,Ziguinchor,Mil,236.0,3
2012-03-01,Ziguinchor,Ziguinchor,Riz importé (brisé),375.0,3
2012-03-01,Ziguinchor,Ziguinchor,Sorgho,275.0,2
2012-04-01,Dakar,Dakar,Maïs importé,225.0,1
2012-04-01,Dakar,Dakar,Mil,231.0,3
2012-04-01,Dakar,Dakar,Riz importé (brisé),317.5,3
2012-04-01,Dakar,Dakar,Sorgho,225.0,2
2012-04-01,Diourbel,Diourbel,Maïs importé,208.75,4
2012-04-01,Diourbel,Diourbel,Maïs local,200.0,2
2012-04-01,Diourbel,Diourbel,Mil,193.75,4
2012-04-01,Diourbel,Diourbel,Riz importé (brisé),291.25,4
2012-04-01,Diourbel,Diourbel,Sorgho,225.0,1
2012-04-01,Fatick,Fatick,Maïs local,177.08499999999998,4
2012-04-01,Fatick,Fatick,Mil,181.67,5
2012-04-01,Fatick,Fatick,Riz importé (brisé),295.0,5
2012-04-01,Fatick,Fatick,Sorgho,180.0,5
2012-04-01,Kaffrine,Kaffrine,Maïs local,212.5,4
2012-04-01,Kaffrine,Kaffrine,Mil,185.0,3
2012-04-01,Kaffrine,Kaffrine,Riz importé (brisé),325.0,4
2012-04-01,Kaffrine,Kaffrine,Sorgho,195.0,4
2012-04-01,Kaolack,Kaolack,Maïs local,218.125,4
2012-04-01,Kaolack,Kaolack,Mil,180.0,4
2012-04-01,Kaolack,Kaolack,Riz importé (brisé),318.75,3
2012-04-01,Kaolack,Kaolack,Sorgho,190.0,3
2012-04-01,Kedougou,Kédougou,Maïs importé,325.0,1
2012-04-01,Kedougou,Kédougou,Maïs local,250.0,1
2012-04-01,Kedougou,Kédougou,Mil,300.0,1
2012-04-01,Kedougou,Kédougou,Riz importé (brisé),350.0,1
2012-04-01,Kedougou,Kédougou,Sorgho,250.0,1
2012-04-01,Kolda,Kolda,Maïs local,215.0,2
2012-04-01,Kolda,Kolda,Mil,200.0,3
2012-04-01,Kolda,Kolda,Riz importé (brisé),320.0,3
2012-04-01,Kolda,Kolda,Sorgho,207.5,2
2012-04-01,Louga,Louga,Maïs importé,250.0,4
2012-04-01,Louga,Louga,Maïs local,250.0,1
2012-04-01,Louga,Louga,Mil,219.375,4
2012-04-01,Louga,Louga,Riz importé (brisé),294.375,4
2012-04-01,Matam,Matam,Maïs importé,262.5,3
2012-04-01,Matam,Matam,Mil,272.0,4
2012-04-01,Matam,Matam,Riz importé (brisé),350.0,4
2012-04-01,Matam,Matam,Sorgho,297.0,4
2012-04-01,Saint Louis,Saint-Louis,Maïs importé,250.0,3
2012-04-01,Saint Louis,Saint-Louis,Maïs local,250.0,4
2012-04-01,Saint Louis,Saint-Louis,Mil,250.0,4
2012-04-01,Saint Louis,Saint-Louis,Riz importé (brisé),300.0,4
2012-04-01,Saint Louis,Saint-Louis,Sorgho,250.0,4
2012-04-01,Sedhiou,Sédhiou,Maïs local,250.0,1
2012-04-01,Sedhiou,Sédhiou,Mil,225.0,1
2012-04-01,Sedhiou,Sédhiou,Riz importé (brisé),323.33,1
2012-04-01,Tambacounda,Tambacounda,Maïs local,208.75,4
2012-04-01,Tambacounda,Tambacounda,Mil,213.25,4
2012-04-01,Tambacounda,Tambacounda,Riz importé (brisé),292.5,2
2012-04-01,Tambacounda,Tambacounda,Sorgho,207.0,4
2012-04-01,Thies,Thiès,Maïs importé,250.0,2
2012-04-01,Thies,Thiès,Maïs local,250.0,1
2012-04-01,Thies,Thiès,Mil,205.0,3
2012-04-01,Thies,Thiès,Riz importé (brisé),300.0,4
2012-04-01,Thies,Thiès,Sorgho,225.0,2
2012-04-01,Ziguinchor,Ziguinchor,Maïs local,268.75,2
2012-04-01,Ziguinchor,Ziguinchor,Mil,238.0,3
2012-04-01,Ziguinchor,Ziguinchor,Riz importé (brisé),353.125,2
2012-04-01,Ziguinchor,Ziguinchor,Sorgho,268.75,2
2012-05-01,Dakar,Dakar,Maïs importé,215.62,4
2012-05-01,Dakar,Dakar,Maïs local,200.0,3
2012-05-01,Dakar,Dakar,Mil,221.11,5
2012-05-01,Dakar,Dakar,Riz importé (brisé),310.5,4
2012-05-01,Dakar,Dakar,Sorgho,200.0,5
2012-05-01,Diourbel,Diourbel,Maïs importé,217.08499999999998,4
2012-05-01,Diourbel,Diourbel,Maïs local,207.5,4
2012-05-01,Diourbel,Diourbel,Mil,189.92000000000002,4
2012-05-01,Diourbel,Diourbel,Riz importé (brisé),289.52,4
2012-05-01,Diourbel,Diourbel,Sorgho,181.67,3
2012-05-01,Fatick,Fatick,Maïs importé,229.17,1
2012-05-01,Fatick,Fatick,Maïs local,187.08499999999998,6
2012-05-01,Fatick,Fatick,Mil,190.20999999999998,6
2012-05-01,Fatick,Fatick,Riz importé (brisé),297.5,6
2012-05-01,Fatick,Fatick,Sorgho,188.54000000000002,6
2012-05-01,Kaffrine,Kaffrine,Maïs importé,230.0,2
2012-05-01,Kaffrine,Kaffrine,Maïs local,190.83499999999998,4
2012-05-01,Kaffrine,Kaffrine,Mil,175.83499999999998,4
2012-05-01,Kaffrine,Kaffrine,Riz importé (brisé),306.25,5
2012-05-01,Kaffrine,Kaffrine,Sorgho,191.25,5
2012-05-01,Kaolack,Kaolack,Maïs importé,182.5,1
2012-05-01,Kaolack,Kaolack,Maïs local,192.60500000000002,4
2012-05-01,Kaolack,Kaolack,Mil,172.16500000000002,4
2012-05-01,Kaolack,Kaolack,Riz importé (brisé),296.07500000000005,4
2012-05-01,Kaolack,Kaolack,Sorgho,220.25,4
2012-05-01,Kedougou,Kédougou,Maïs local,175.0,1
2012-05-01,Kedougou,Kédougou,Mil,225.0,1
2012-05-01,Kedougou,Kédougou,Riz importé (brisé),260.0,1
2012-05-01,Kedougou,Kédougou,Sorgho,200.0,1
2012-05-01,Kolda,Kolda,Maïs local,221.43,2
2012-05-01,Kolda,Kolda,Mil,202.5,3
2012-05-01,Kolda,Kolda,Riz importé (brisé),300.62,3
2012-05-01,Kolda,Kolda,Sorgho,211.64499999999998,2
2012-05-01,Louga,Louga,Maïs importé,231.66500000000002,4
2012-05-01,Louga,Louga,Maïs local,200.0,1
2012-05-01,Louga,Louga,Mil,207.85500000000002,4
2012-05-01,Louga,Louga,Riz importé (brisé),292.5,4
2012-05-01,Louga,Louga,Sorgho,200.0,3
2012-05-01,Matam,Matam,Maïs importé,225.0,3
2012-05-01,Matam,Matam,Maïs local,213.335,2
2012-05-01,Matam,Matam,Mil,252.5,4
2012-05-01,Matam,Matam,Riz importé (brisé),300.0,4
2012-05-01,Matam,Matam,Sorgho,225.0,3
2012-05-01,Saint Louis,Saint-Louis,Maïs importé,200.0,2
2012-05-01,Saint Louis,Saint-Louis,Maïs local,237.5,4
2012-05-01,Saint Louis,Saint-Louis,Mil,242.5,4
2012-05-01,Saint Louis,Saint-Louis,Riz importé (brisé),297.5,4
2012-05-01,Saint Louis,Saint-Louis,Sorgho,242.5,4
2012-05-01,Sedhiou,Sédhiou,Maïs local,231.25,1
2012-05-01,Sedhiou,Sédhiou,Mil,228.12,1
2012-05-01,Sedhiou,Sédhiou,Riz importé (brisé),300.0,1
2012-05-01,Sedhiou,Sédhiou,Sorgho,260.71,1
2012-05-01,Tambacounda,Tambacounda,Maïs local,215.62,3
2012-05-01,Tambacounda,Tambacounda,Mil,199.375,4
2012-05-01,Tambacounda,Tambacounda,Riz importé (brisé),277.5,2
2012-05-01,Tambacounda,Tambacounda,Sorgho,195.0,4
2012-05-01,Thies,Thiès,Maïs importé,230.83499999999998,4
2012-05-01,Thies,Thiès,Maïs local,200.0,2
2012-05-01,Thies,Thiès,Mil,201.66500000000002,4
2012-05-01,Thies,Thiès,Riz importé (brisé),295.5,4
2012-05-01,Thies,Thiès,Sorgho,242.0,1
2012-05-01,Ziguinchor,Ziguinchor,Maïs local,255.83499999999998,2
2012-05-01,Ziguinchor,Ziguinchor,Mil,238.0,3
2012-05-01,Ziguinchor,Ziguinchor,Riz importé (brisé),300.0,2
2012-05-01,Ziguinchor,Ziguinchor,Sorgho,251.94,2
2012-06-01,Dakar,Dakar,Maïs importé,225.0,2
2012-06-01,Dakar,Dakar,Mil,250.0,5
2012-06-01,Dakar,Dakar,Riz importé (brisé),311.875,4
2012-06-01,Dakar,Dakar,Sorgho,225.0,2
2012-06-01,Dakar,Dakar,Sorgho importé,237.5,4
2012-06-01,Diourbel,Diourbel,Maïs importé,226.66500000000002,4
2012-06-01,Diourbel,Diourbel,Maïs local,215.0,3
2012-06-01,Diourbel,Diourbel,Mil,220.0,4
2012-06-01,Diourbel,Diourbel,Riz importé (brisé),290.0,4
2012-06-01,Diourbel,Diourbel,Sorgho,200.0,3
2012-06-01,Diourbel,Diourbel,Sorgho importé,220.83499999999998,4
2012-06-01,Fatick,Fatick,Maïs importé,225.0,1
2012-06-01,Fatick,Fatick,Maïs local,220.0,5
2012-06-01,Fatick,Fatick,Mil,220.83499999999998,6
2012-06-01,Fatick,Fatick,Riz importé (brisé),295.0,6
2012-06-01,Fatick,Fatick,Sorgho,215.0,6
2012-06-01,Fatick,Fatick,Sorgho importé,225.0,1
2012-06-01,Kaffrine,Kaffrine,Maïs local,242.5,4
2012-06-01,Kaffrine,Kaffrine,Mil,195.0,3
2012-06-01,Kaffrine,Kaffrine,Riz importé (brisé),380.0,4
2012-06-01,Kaffrine,Kaffrine,Sorgho,250.0,4
2012-06-01,Kaolack,Kaolack,Maïs importé,220.0,1
2012-06-01,Kaolack,Kaolack,Maïs local,221.875,4
2012-06-01,Kaolack,Kaolack,Mil,200.83499999999998,4
2012-06-01,Kaolack,Kaolack,Riz importé (brisé),278.75,3
2012-06-01,Kaolack,Kaolack,Sorgho,270.0,1
2012-06-01,Kolda,Kolda,Maïs local,240.625,2
2012-06-01,Kolda,Kolda,Mil,221.25,3
2012-06-01,Kolda,Kolda,Riz importé (brisé),300.0,3
2012-06-01,Kolda,Kolda,Sorgho,233.75,2
2012-06-01,Kolda,Kolda,Sorgho importé,250.0,2
2012-06-01,Louga,Louga,Maïs importé,300.0,3
2012-06-01,Louga,Louga,Mil,226.25,4
2012-06-01,Louga,Louga,Riz importé (brisé),290.0,4
2012-06-01,Louga,Louga,Sorgho,300.0,3
2012-06-01,Louga,Louga,Sorgho importé,300.0,2
2012-06-01,Matam,Matam,Maïs importé,275.0,3
2012-06-01,Matam,Matam,Mil,272.5,4
2012-06-01,Matam,Matam,Riz importé (brisé),300.0,4
2012-06-01,Matam,Matam,Sorgho,300.0,2
2012-06-01,Matam,Matam,Sorgho importé,275.0,2
2012-06-01,Saint Louis,Saint-Louis,Maïs importé,225.0,2
2012-06-01,Saint Louis,Saint-Louis,Maïs local,250.0,4
2012-06-01,Saint Louis,Saint-Louis,Mil,250.0,4
2012-06-01,Saint Louis,Saint-Louis,Riz importé (brisé),300.0,4
2012-06-01,Saint Louis,Saint-Louis,Sorgho,250.0,4
2012-06-01,Saint Louis,Saint-Louis,Sorgho importé,200.0,4
2012-06-01,Sedhiou,Sédhiou,Maïs local,250.0,1
2012-06-01,Sedhiou,Sédhiou,Mil,225.0,1
2012-06-01,Sedhiou,Sédhiou,Riz importé (brisé),300.0,1
2012-06-01,Sedhiou,Sédhiou,Sorgho,300.0,1
2012-06-01,Tambacounda,Tambacounda,Maïs local,225.0,3
2012-06-01,Tambacounda,Tambacounda,Mil,205.625,4
2012-06-01,Tambacounda,Tambacounda,Riz importé (brisé),290.0,2
2012-06-01,Tambacounda,Tambacounda,Sorgho,185.0,3
2012-06-01,Thies,Thiès,Maïs importé,250.0,4
2012-06-01,Thies,Thiès,Mil,223.33499999999998,4
2012-06-01,Thies,Thiès,Riz importé (brisé),282.5,4
2012-06-01,Thies,Thiès,Sorgho,250.0,2
2012-06-01,Ziguinchor,Ziguinchor,Maïs local,262.5,2
2012-06-01,Ziguinchor,Ziguinchor,Mil,244.0,3
2012-06-01,Ziguinchor,Ziguinchor,Riz importé (brisé),303.125,2
2012-06-01,Ziguinchor,Ziguinchor,Sorgho,268.75,2
2012-07-01,Dakar,Dakar,Maïs importé,240.0,3
2012-07-01,Dakar,Dakar,Mil,250.0,5
2012-07-01,Dakar,Dakar,Riz importé (brisé),310.0,5
2012-07-01,Dakar,Dakar,Sorgho importé,287.5,4
2012-07-01,Diourbel,Diourbel,Maïs importé,230.625,4
2012-07-01,Diourbel,Diourbel,Maïs local,216.67,3
2012-07-01,Diourbel,Diourbel,Mil,219.375,4
2012-07-01,Diourbel,Diourbel,Riz importé (brisé),290.0,4
2012-07-01,Diourbel,Diourbel,Sorgho,222.5,3
2012-07-01,Diourbel,Diourbel,Sorgho importé,228.75,3
2012-07-01,Fatick,Fatick,Maïs importé,327.5,4
2012-07-01,Fatick,Fatick,Maïs local,234.16500000000002,6
2012-07-01,Fatick,Fatick,Mil,225.0,6
2012-07-01,Fatick,Fatick,Riz importé (brisé),312.5,6
2012-07-01,Fatick,Fatick,Sorgho,225.0,5
2012-07-01,Fatick,Fatick,Sorgho importé,300.0,4
2012-07-01,Kaffrine,Kaffrine,Maïs local,246.25,5
2012-07-01,Kaffrine,Kaffrine,Mil,206.25,4
2012-07-01,Kaffrine,Kaffrine,Riz importé (brisé),292.5,5
2012-07-01,Kaffrine,Kaffrine,Sorgho,250.0,5
2012-07-01,Kaolack,Kaolack,Maïs importé,230.0,1
2012-07-01,Kaolack,Kaolack,Maïs local,221.875,4
2012-07-01,Kaolack,Kaolack,Mil,206.5,4
2012-07-01,Kaolack,Kaolack,Riz importé (brisé),277.5,4
2012-07-01,Kedougou,Kédougou,Maïs local,275.0,1
2012-07-01,Kedougou,Kédougou,Mil,300.0,1
2012-07-01,Kedougou,Kédougou,Riz importé (brisé),300.0,1
2012-07-01,Kedougou,Kédougou,Sorgho,275.0,1
2012-07-01,Kolda,Kolda,Maïs local,250.0,3
2012-07-01,Kolda,Kolda,Mil,231.0,3
2012-07-01,Kolda,Kolda,Riz importé (brisé),300.0,3
2012-07-01,Kolda,Kolda,Sorgho,240.0,3
2012-07-01,Louga,Louga,Maïs importé,250.0,2
2012-07-01,Louga,Louga,Mil,246.25,4
2012-07-01,Louga,Louga,Riz importé (brisé),281.0,4
2012-07-01,Louga,Louga,Sorgho,300.0,1
2012-07-01,Louga,Louga,Sorgho importé,300.0,1
2012-07-01,Matam,Matam,Maïs importé,300.0,3
2012-07-01,Matam,Matam,Mil,275.0,4
2012-07-01,Matam,Matam,Riz importé (brisé),300.0,4
2012-07-01,Matam,Matam,Sorgho,250.0,2
2012-07-01,Matam,Matam,Sorgho importé,312.5,2
2012-07-01,Saint Louis,Saint-Louis,Maïs importé,225.0,3
2012-07-01,Saint Louis,Saint-Louis,Maïs local,250.0,5
2012-07-01,Saint Louis,Saint-Louis,Mil,275.0,5
2012-07-01,Saint Louis,Saint-Louis,Riz importé (brisé),300.0,5
2012-07-01,Saint Louis,Saint-Louis,Sorgho,275.0,5
2012-07-01,Saint Louis,Saint-Louis,Sorgho importé,225.0,2
2012-07-01,Sedhiou,Sédhiou,Maïs local,250.0,1
2012-07-01,Sedhiou,Sédhiou,Mil,225.0,1
2012-07-01,Sedhiou,Sédhiou,Riz importé (brisé),300.0,1
2012-07-01,Sedhiou,Sédhiou,Sorgho,285.0,1
2012-07-01,Tambacounda,Tambacounda,Maïs local,250.0,4
2012-07-01,Tambacounda,Tambacounda,Mil,240.0,4
2012-07-01,Tambacounda,Tambacounda,Riz importé (brisé),296.67,2
2012-07-01,Tambacounda,Tambacounda,Sorgho,246.67,4
2012-07-01,Thies,Thiès,Maïs importé,250.0,4
2012-07-01,Thies,Thiès,Mil,227.5,4
2012-07-01,Thies,Thiès,Riz importé (brisé),282.5,4
2012-07-01,Thies,Thiès,Sorgho,262.5,2
2012-07-01,Ziguinchor,Ziguinchor,Maïs local,262.5,2
2012-07-01,Ziguinchor,Ziguinchor,Mil,250.0,3
2012-07-01,Ziguinchor,Ziguinchor,Riz importé (brisé),308.33500000000004,2
2012-07-01,Ziguinchor,Ziguinchor,Sorgho,262.5,2
2012-08-01,Dakar,Dakar,Maïs importé,248.33,3
2012-08-01,Dakar,Dakar,Mil,253.0,5
2012-08-01,Dakar,Dakar,Riz importé (brisé),310.0,5
2012-08-01,Dakar,Dakar,Sorgho importé,275.0,3
2012-08-01,Diourbel,Diourbel,Maïs importé,240.0,3
2012-08-01,Diourbel,Diourbel,Maïs local,226.67,4
2012-08-01,Diourbel,Diourbel,Mil,225.0,4
2012-08-01,Diourbel,Diourbel,Riz importé (brisé),290.0,4
2012-08-01,Diourbel,Diourbel,Sorgho,225.0,3
2012-08-01,Diourbel,Diourbel,Sorgho importé,238.33499999999998,2
2012-08-01,Fatick,Fatick,Maïs importé,247.5,4
2012-08-01,Fatick,Fatick,Maïs local,242.5,6
2012-08-01,Fatick,Fatick,Mil,225.0,6
2012-08-01,Fatick,Fatick,Riz importé (brisé),312.5,6
2012-08-01,Fatick,Fatick,Sorgho,226.66500000000002,6
2012-08-01,Fatick,Fatick,Sorgho importé,275.0,3
2012-08-01,Kaffrine,Kaffrine,Maïs local,233.75,5
2012-08-01,Kaffrine,Kaffrine,Mil,207.08499999999998,4
2012-08-01,Kaffrine,Kaffrine,Riz importé (brisé),291.25,5
2012-08-01,Kaffrine,Kaffrine,Sorgho,255.0,5
2012-08-01,Kaolack,Kaolack,Maïs importé,230.0,1
2012-08-01,Kaolack,Kaolack,Maïs local,222.91500000000002,4
2012-08-01,Kaolack,Kaolack,Mil,217.92,4
2012-08-01,Kaolack,Kaolack,Riz importé (brisé),275.83500000000004,4
2012-08-01,Kedougou,Kédougou,Maïs importé,275.0,1
2012-08-01,Kedougou,Kédougou,Maïs local,275.0,1
2012-08-01,Kedougou,Kédougou,Mil,300.0,1
2012-08-01,Kedougou,Kédougou,Riz importé (brisé),300.0,1
2012-08-01,Kedougou,Kédougou,Sorgho,275.0,1
2012-08-01,Kolda,Kolda,Maïs local,250.0,3
2012-08-01,Kolda,Kolda,Mil,246.67,3
2012-08-01,Kolda,Kolda,Riz importé (brisé),300.0,3
2012-08-01,Kolda,Kolda,Sorgho,250.83499999999998,2
2012-08-01,Louga,Louga,Maïs importé,250.0,3
2012-08-01,Louga,Louga,Mil,256.66499999999996,4
2012-08-01,Louga,Louga,Riz importé (brisé),270.0,4
2012-08-01,Matam,Matam,Maïs importé,300.0,3
2012-08-01,Matam,Matam,Mil,300.0,4
2012-08-01,Matam,Matam,Riz importé (brisé),300.0,4
2012-08-01,Matam,Matam,Sorgho,350.0,2
2012-08-01,Matam,Matam,Sorgho importé,275.0,2
2012-08-01,Saint Louis,Saint-Louis,Maïs importé,225.0,2
2012-08-01,Saint Louis,Saint-Louis,Maïs local,250.0,4
2012-08-01,Saint Louis,Saint-Louis,Mil,250.0,4
2012-08-01,Saint Louis,Saint-Louis,Riz importé (brisé),300.0,4
2012-08-01,Saint Louis,Saint-Louis,Sorgho,250.0,4
2012-08-01,Saint Louis,Saint-Louis,Sorgho importé,225.0,4
2012-08-01,Sedhiou,Sédhiou,Maïs local,250.0,1
2012-08-01,Sedhiou,Sédhiou,Mil,225.0,1
2012-08-01,Sedhiou,Sédhiou,Riz importé (brisé),300.0,1
2012-08-01,Sedhiou,Sédhiou,Sorgho,200.0,1
2012-08-01,Tambacounda,Tambacounda,Maïs local,270.83500000000004,4
2012-08-01,Tambacounda,Tambacounda,Mil,254.165,4
2012-08-01,Tambacounda,Tambacounda,Riz importé (brisé),300.0,1
2012-08-01,Tambacounda,Tambacounda,Sorgho,270.83500000000004,4
2012-08-01,Thies,Thiès,Maïs importé,253.125,4
2012-08-01,Thies,Thiès,Mil,250.835,4
2012-08-01,Thies,Thiès,Riz importé (brisé),281.03999999999996,4
2012-08-01,Thies,Thiès,Sorgho,262.5,2
2012-08-01,Ziguinchor,Ziguinchor,Maïs local,287.5,2
2012-08-01,Ziguinchor,Ziguinchor,Mil,275.0,3
2012-08-01,Ziguinchor,Ziguinchor,Riz importé (brisé),300.0,3
2012-08-01,Ziguinchor,Ziguinchor,Sorgho,287.5,2
2012-09-01,Dakar,Dakar,Maïs importé,240.0,3
2012-09-01,Dakar,Dakar,Mil,250.0,5
2012-09-01,Dakar,Dakar,Riz importé (brisé),300.0,5
2012-09-01,Dakar,Dakar,Sorgho importé,280.0,3
2012-09-01,Diourbel,Diourbel,Maïs local,250.0,4
2012-09-01,Diourbel,Diourbel,Mil,245.0,3
2012-09-01,Diourbel,Diourbel,Riz importé (brisé),290.0,5
2012-09-01,Diourbel,Diourbel,Sorgho,250.0,3
2012-09-01,Diourbel,Diourbel,Sorgho importé,262.5,2
2012-09-01,Fatick,Fatick,Maïs importé,300.0,2
2012-09-01,Fatick,Fatick,Maïs local,250.0,3
2012-09-01,Fatick,Fatick,Mil,226.25,4
2012-09-01,Fatick,Fatick,Riz importé (brisé),290.0,4
2012-09-01,Fatick,Fatick,Sorgho,225.0,3
2012-09-01,Fatick,Fatick,Sorgho importé,250.0,2
2012-09-01,Kaffrine,Kaffrine,Maïs local,250.0,4
2012-09-01,Kaffrine,Kaffrine,Mil,210.0,4
2012-09-01,Kaffrine,Kaffrine,Riz importé (brisé),292.5,4
2012-09-01,Kaffrine,Kaffrine,Sorgho,250.0,4
2012-09-01,Kaolack,Kaolack,Maïs importé,250.0,1
2012-09-01,Kaolack,Kaolack,Maïs local,229.79000000000002,4
2012-09-01,Kaolack,Kaolack,Mil,223.75,4
2012-09-01,Kaolack,Kaolack,Riz importé (brisé),277.5,4
2012-09-01,Kedougou,Kédougou,Maïs importé,275.0,1
2012-09-01,Kedougou,Kédougou,Maïs local,275.0,1
2012-09-01,Kedougou,Kédougou,Mil,300.0,1
2012-09-01,Kedougou,Kédougou,Riz importé (brisé),300.0,1
2012-09-01,Kedougou,Kédougou,Sorgho,275.0,1
2012-09-01,Kolda,Kolda,Maïs local,250.0,3
2012-09-01,Kolda,Kolda,Mil,235.0,3
2012-09-01,Kolda,Kolda,Riz importé (brisé),300.0,3
2012-09-01,Kolda,Kolda,Sorgho,250.0,2
2012-09-01,Louga,Louga,Maïs importé,250.0,3
2012-09-01,Louga,Louga,Mil,245.0,4
2012-09-01,Louga,Louga,Riz importé (brisé),271.875,4
2012-09-01,Matam,Matam,Maïs importé,250.0,3
2012-09-01,Matam,Matam,Mil,279.16499999999996,4
2012-09-01,Matam,Matam,Riz importé (brisé),300.0,3
2012-09-01,Matam,Matam,Sorgho,325.0,2
2012-09-01,Matam,Matam,Sorgho importé,287.5,2
2012-09-01,Saint Louis,Saint-Louis,Maïs importé,240.0,2
2012-09-01,Saint Louis,Saint-Louis,Maïs local,241.66500000000002,4
2012-09-01,Saint Louis,Saint-Louis,Mil,252.5,4
2012-09-01,Saint Louis,Saint-Louis,Riz importé (brisé),300.0,4
2012-09-01,Saint Louis,Saint-Louis,Sorgho,245.0,4
2012-09-01,Saint Louis,Saint-Louis,Sorgho importé,230.0,3
2012-09-01,Sedhiou,Sédhiou,Maïs local,250.0,1
2012-09-01,Sedhiou,Sédhiou,Mil,250.0,1
2012-09-01,Sedhiou,Sédhiou,Riz importé (brisé),300.0,1
2012-09-01,Sedhiou,Sédhiou,Sorgho,300.0,1
2012-09-01,Tambacounda,Tambacounda,Maïs local,225.0,4
2012-09-01,Tambacounda,Tambacounda,Mil,225.0,4
2012-09-01,Tambacounda,Tambacounda,Riz importé (brisé),300.0,2
2012-09-01,Thies,Thiès,Maïs importé,262.5,4
2012-09-01,Thies,Thiès,Mil,243.75,4
2012-09-01,Thies,Thiès,Riz importé (brisé),281.25,4
2012-09-01,Thies,Thiès,Sorgho,312.5,1
2012-09-01,Ziguinchor,Ziguinchor,Maïs local,295.83500000000004,2
2012-09-01,Ziguinchor,Ziguinchor,Mil,274.33500000000004,2
2012-09-01,Ziguinchor,Ziguinchor,Riz importé (brisé),337.5,3
2012-09-01,Ziguinchor,Ziguinchor,Sorgho,287.5,2
2012-10-01,Dakar,Dakar,Maïs importé,243.33,3
2012-10-01,Dakar,Dakar,Mil,250.0,5
2012-10-01,Dakar,Dakar,Riz importé (brisé),300.0,5
2012-10-01,Dakar,Dakar,Sorgho,275.0,3
2012-10-01,Diourbel,Diourbel,Maïs importé,275.0,1
2012-10-01,Diourbel,Diourbel,Mil,207.5,2
2012-10-01,Diourbel,Diourbel,Riz importé (brisé),374.0,2
2012-10-01,Diourbel,Diourbel,Sorgho,215.0,1
2012-10-01,Fatick,Fatick,Maïs importé,262.5,4
2012-10-01,Fatick,Fatick,Maïs local,180.83499999999998,4
2012-10-01,Fatick,Fatick,Mil,195.83499999999998,4
2012-10-01,Fatick,Fatick,Riz importé (brisé),283.33,3
2012-10-01,Fatick,Fatick,Sorgho,250.0,2
2012-10-01,Kaffrine,Kaffrine,Maïs local,227.08499999999998,4
2012-10-01,Kaffrine,Kaffrine,Mil,192.5,4
2012-10-01,Kaffrine,Kaffrine,Riz importé (brisé),292.5,4
2012-10-01,Kaffrine,Kaffrine,Sorgho,237.5,4
2012-10-01,Kaolack,Kaolack,Maïs local,184.33499999999998,4
2012-10-01,Kaolack,Kaolack,Mil,202.0,3
2012-10-01,Kaolack,Kaolack,Riz importé (brisé),283.75,3
2012-10-01,Kaolack,Kaolack,Sorgho,200.0,3
2012-10-01,Kedougou,Kédougou,Maïs importé,275.0,1
2012-10-01,Kedougou,Kédougou,Maïs local,250.0,1
2012-10-01,Kedougou,Kédougou,Mil,283.33,1
2012-10-01,Kedougou,Kédougou,Riz importé (brisé),300.0,1
2012-10-01,Kedougou,Kédougou,Sorgho,275.0,1
2012-10-01,Kolda,Kolda,Maïs local,225.0,3
2012-10-01,Kolda,Kolda,Mil,233.33,3
2012-10-01,Kolda,Kolda,Riz importé (brisé),300.0,3
2012-10-01,Kolda,Kolda,Sorgho,246.66500000000002,2
2012-10-01,Louga,Louga,Maïs importé,266.25,2
2012-10-01,Louga,Louga,Mil,262.5,2
2012-10-01,Louga,Louga,Riz importé (brisé),300.0,4
2012-10-01,Matam,Matam,Maïs importé,237.5,2
2012-10-01,Matam,Matam,Mil,250.0,3
2012-10-01,Matam,Matam,Riz importé (brisé),300.0,4
2012-10-01,Matam,Matam,Sorgho,287.5,2
2012-10-01,Saint Louis,Saint-Louis,Maïs importé,237.5,2
2012-10-01,Saint Louis,Saint-Louis,Maïs local,247.5,4
2012-10-01,Saint Louis,Saint-Louis,Mil,275.0,3
2012-10-01,Saint Louis,Saint-Louis,Riz importé (brisé),300.0,4
2012-10-01,Saint Louis,Saint-Louis,Sorgho,260.0,2
2012-10-01,Sedhiou,Sédhiou,Maïs local,275.0,1
2012-10-01,Sedhiou,Sédhiou,Mil,312.5,1
2012-10-01,Sedhiou,Sédhiou,Riz importé (brisé),300.0,1
2012-10-01,Tambacounda,Tambacounda,Maïs local,187.5,4
2012-10-01,Tambacounda,Tambacounda,Mil,212.5,4
2012-10-01,Tambacounda,Tambacounda,Riz importé (brisé),300.0,2
2012-10-01,Thies,Thiès,Maïs importé,262.5,4
2012-10-01,Thies,Thiès,Mil,246.25,4
2012-10-01,Thies,Thiès,Riz importé (brisé),287.5,4
2012-10-01,Ziguinchor,Ziguinchor,Maïs local,300.0,2
2012-10-01,Ziguinchor,Ziguinchor,Mil,313.0,3
2012-10-01,Ziguinchor,Ziguinchor,Riz importé (brisé),300.0,3
2012-11-01,Dakar,Dakar,Maïs importé,275.0,4
2012-11-01,Dakar,Dakar,Maïs local,243.75,4
2012-11-01,Dakar,Dakar,Mil,265.5,4
2012-11-01,Dakar,Dakar,Riz importé (brisé),275.0,5
2012-11-01,Dakar,Dakar,Sorgho importé,250.0,4
2012-11-01,Diourbel,Diourbel,Maïs importé,240.0,4
2012-11-01,Diourbel,Diourbel,Maïs local,241.25,3
2012-11-01,Diourbel,Diourbel,Mil,210.0,5
2012-11-01,Diourbel,Diourbel,Riz importé (brisé),293.33,5
2012-11-01,Diourbel,Diourbel,Sorgho,211.25,3
2012-11-01,Diourbel,Diourbel,Sorgho importé,225.0,3
2012-11-01,Fatick,Fatick,Maïs importé,260.0,5
2012-11-01,Fatick,Fatick,Maïs local,190.0,5
2012-11-01,Fatick,Fatick,Mil,183.33,5
2012-11-01,Fatick,Fatick,Riz importé (brisé),285.0,3
2012-11-01,Fatick,Fatick,Sorgho,192.5,2
2012-11-01,Fatick,Fatick,Sorgho importé,212.5,1
2012-11-01,Kaffrine,Kaffrine,Maïs local,190.625,4
2012-11-01,Kaffrine,Kaffrine,Mil,175.0,4
2012-11-01,Kaffrine,Kaffrine,Riz importé (brisé),292.5,4
2012-11-01,Kaffrine,Kaffrine,Sorgho,191.66500000000002,4
2012-11-01,Kaolack,Kaolack,Maïs local,165.625,4
2012-11-01,Kaolack,Kaolack,Mil,188.75,3
2012-11-01,Kaolack,Kaolack,Riz importé (brisé),274.375,4
2012-11-01,Kaolack,Kaolack,Sorgho,170.0,3
2012-11-01,Kedougou,Kédougou,Maïs local,250.0,1
2012-11-01,Kedougou,Kédougou,Mil,300.0,1
2012-11-01,Kedougou,Kédougou,Riz importé (brisé),300.0,1
2012-11-01,Kedougou,Kédougou,Sorgho,250.0,1
2012-11-01,Kolda,Kolda,Maïs local,191.67,3
2012-11-01,Kolda,Kolda,Mil,228.125,2
2012-11-01,Kolda,Kolda,Riz importé (brisé),300.0,3
2012-11-01,Kolda,Kolda,Sorgho,237.5,3
2012-11-01,Kolda,Kolda,Sorgho importé,175.0,1
2012-11-01,Louga,Louga,Maïs importé,260.0,3
2012-11-01,Louga,Louga,Maïs local,229.16500000000002,4
2012-11-01,Louga,Louga,Mil,238.33499999999998,4
2012-11-01,Louga,Louga,Riz importé (brisé),300.0,4
2012-11-01,Louga,Louga,Sorgho importé,200.0,1
2012-11-01,Matam,Matam,Maïs importé,216.665,2
2012-11-01,Matam,Matam,Mil,215.0,3
2012-11-01,Matam,Matam,Riz importé (brisé),300.0,3
2012-11-01,Matam,Matam,Sorgho importé,250.0,2
2012-11-01,Saint Louis,Saint-Louis,Maïs importé,215.0,1
2012-11-01,Saint Louis,Saint-Louis,Maïs local,240.0,2
2012-11-01,Saint Louis,Saint-Louis,Mil,240.0,2
2012-11-01,Saint Louis,Saint-Louis,Riz importé (brisé),300.0,2
2012-11-01,Saint Louis,Saint-Louis,Sorgho,240.0,1
2012-11-01,Saint Louis,Saint-Louis,Sorgho importé,230.0,1
2012-11-01,Sedhiou,Sédhiou,Maïs local,268.75,1
2012-11-01,Sedhiou,Sédhiou,Mil,268.75,1
2012-11-01,Sedhiou,Sédhiou,Riz importé (brisé),300.0,1
2012-11-01,Sedhiou,Sédhiou,Sorgho,260.0,1
2012-11-01,Tambacounda,Tambacounda,Maïs local,162.5,4
2012-11-01,Tambacounda,Tambacounda,Mil,168.75,4
2012-11-01,Tambacounda,Tambacounda,Riz importé (brisé),300.0,4
2012-11-01,Tambacounda,Tambacounda,Sorgho,200.0,1
2012-11-01,Thies,Thiès,Maïs importé,250.0,3
2012-11-01,Thies,Thiès,Maïs local,250.0,1
2012-11-01,Thies,Thiès,Mil,206.25,4
2012-11-01,Thies,Thiès,Riz importé (brisé),290.0,4
2012-11-01,Thies,Thiès,Sorgho,250.0,1
2012-11-01,Ziguinchor,Ziguinchor,Maïs local,301.25,2
2012-11-01,Ziguinchor,Ziguinchor,Mil,289.0,3
2012-11-01,Ziguinchor,Ziguinchor,Riz importé (brisé),300.0,3
2012-11-01,Ziguinchor,Ziguinchor,Sorgho,290.0,2
2012-12-01,Dakar,Dakar,Maïs importé,257.5,3
2012-12-01,Dakar,Dakar,Maïs local,217.5,4
2012-12-01,Dakar,Dakar,Mil,247.5,4
2012-12-01,Dakar,Dakar,Riz importé (brisé),225.0,5
2012-12-01,Dakar,Dakar,Sorgho importé,250.0,4
2012-12-01,Diourbel,Diourbel,Maïs importé,287.5,4
2012-12-01,Diourbel,Diourbel,Maïs local,150.0,3
2012-12-01,Diourbel,Diourbel,Mil,175.0,5
2012-12-01,Diourbel,Diourbel,Riz importé (brisé),250.0,5
2012-12-01,Diourbel,Diourbel,Sorgho,225.0,3
2012-12-01,Diourbel,Diourbel,Sorgho importé,225.0,3
2012-12-01,Fatick,Fatick,Maïs importé,260.0,5
2012-12-01,Fatick,Fatick,Maïs local,215.0,4
2012-12-01,Fatick,Fatick,Mil,225.0,5
2012-12-01,Fatick,Fatick,Riz importé (brisé),280.0,3
2012-12-01,Fatick,Fatick,Sorgho,217.5,2
2012-12-01,Fatick,Fatick,Sorgho importé,257.5,1
2012-12-01,Kaffrine,Kaffrine,Maïs local,170.0,4
2012-12-01,Kaffrine,Kaffrine,Mil,185.0,3
2012-12-01,Kaffrine,Kaffrine,Riz importé (brisé),294.16499999999996,4
2012-12-01,Kaffrine,Kaffrine,Sorgho,175.83,4
2012-12-01,Kaolack,Kaolack,Maïs local,171.67,4
2012-12-01,Kaolack,Kaolack,Mil,198.33499999999998,2
2012-12-01,Kaolack,Kaolack,Riz importé (brisé),275.0,4
2012-12-01,Kaolack,Kaolack,Sorgho,175.0,3
2012-12-01,Kedougou,Kédougou,Maïs local,210.0,1
2012-12-01,Kedougou,Kédougou,Mil,250.0,1
2012-12-01,Kedougou,Kédougou,Riz importé (brisé),300.0,1
2012-12-01,Kedougou,Kédougou,Sorgho,250.0,1
2012-12-01,Kolda,Kolda,Maïs local,168.33,3
2012-12-01,Kolda,Kolda,Mil,212.5,2
2012-12-01,Kolda,Kolda,Riz importé (brisé),300.0,3
2012-12-01,Kolda,Kolda,Sorgho,233.33,3
2012-12-01,Kolda,Kolda,Sorgho importé,175.0,1
2012-12-01,Louga,Louga,Maïs importé,245.0,4
2012-12-01,Louga,Louga,Maïs local,243.335,4
2012-12-01,Louga,Louga,Mil,248.33499999999998,4
2012-12-01,Louga,Louga,Riz importé (brisé),300.0,4
2012-12-01,Louga,Louga,Sorgho importé,200.0,1
2012-12-01,Matam,Matam,Maïs importé,212.5,2
2012-12-01,Matam,Matam,Mil,250.0,3
2012-12-01,Matam,Matam,Riz importé (brisé),300.0,3
2012-12-01,Matam,Matam,Sorgho importé,225.0,2
2012-12-01,Saint Louis,Saint-Louis,Maïs importé,212.5,1
2012-12-01,Saint Louis,Saint-Louis,Maïs local,229.375,2
2012-12-01,Saint Louis,Saint-Louis,Mil,242.5,2
2012-12-01,Saint Louis,Saint-Louis,Riz importé (brisé),300.0,2
2012-12-01,Saint Louis,Saint-Louis,Sorgho,237.5,1
2012-12-01,Saint Louis,Saint-Louis,Sorgho importé,231.25,1
2012-12-01,Sedhiou,Sédhiou,Maïs local,283.33,1
2012-12-01,Sedhiou,Sédhiou,Mil,283.33,1
2012-12-01,Sedhiou,Sédhiou,Riz importé (brisé),300.0,1
2012-12-01,Sedhiou,Sédhiou,Sorgho,216.67,1
2012-12-01,Tambacounda,Tambacounda,Maïs local,150.0,4
2012-12-01,Tambacounda,Tambacounda,Mil,175.0,4
2012-12-01,Tambacounda,Tambacounda,Riz importé (brisé),300.0,4
2012-12-01,Tambacounda,Tambacounda,Sorgho,200.0,1
2012-12-01,Thies,Thiès,Maïs importé,250.0,3
2012-12-01,Thies,Thiès,Maïs local,250.0,1
2012-12-01,Thies,Thiès,Mil,198.75,4
2012-12-01,Thies,Thiès,Riz importé (brisé),290.0,4
2012-12-01,Thies,Thiès,Sorgho,237.5,1
2012-12-01,Ziguinchor,Ziguinchor,Maïs local,262.5,2
2012-12-01,Ziguinchor,Ziguinchor,Mil,263.0,3
2012-12-01,Ziguinchor,Ziguinchor,Riz importé (brisé),300.0,3
2012-12-01,Ziguinchor,Ziguinchor,Sorgho,262.5,2
2013-01-01,Dakar,Dakar,Maïs importé,233.33,3
2013-01-01,Dakar,Dakar,Maïs local,241.67,3
2013-01-01,Dakar,Dakar,Mil,249.0,5
2013-01-01,Dakar,Dakar,Riz importé (brisé),300.0,5
2013-01-01,Dakar,Dakar,Riz local,312.5,2
2013-01-01,Dakar,Dakar,Sorgho,245.0,3
2013-01-01,Diourbel,Diourbel,Maïs importé,237.5,3
2013-01-01,Diourbel,Diourbel,Maïs local,225.0,3
2013-01-01,Diourbel,Diourbel,Mil,218.75,4
2013-01-01,Diourbel,Diourbel,Riz importé (brisé),290.0,4
2013-01-01,Diourbel,Diourbel,Riz local,275.0,3
2013-01-01,Diourbel,Diourbel,Sorgho,231.25,2
2013-01-01,Fatick,Fatick,Maïs importé,262.5,4
2013-01-01,Fatick,Fatick,Maïs local,220.0,5
2013-01-01,Fatick,Fatick,Mil,225.0,5
2013-01-01,Fatick,Fatick,Riz importé (brisé),280.83500000000004,4
2013-01-01,Fatick,Fatick,Riz local,275.0,2
2013-01-01,Fatick,Fatick,Sorgho,221.25,4
2013-01-01,Kaffrine,Kaffrine,Maïs local,175.0,4
2013-01-01,Kaffrine,Kaffrine,Mil,182.5,3
2013-01-01,Kaffrine,Kaffrine,Riz importé (brisé),295.0,3
2013-01-01,Kaffrine,Kaffrine,Sorgho,168.125,4
2013-01-01,Kaolack,Kaolack,Maïs local,176.25,3
2013-01-01,Kaolack,Kaolack,Mil,186.875,4
2013-01-01,Kaolack,Kaolack,Riz importé (brisé),275.0,3
2013-01-01,Kaolack,Kaolack,Sorgho,176.25,3
2013-01-01,Kolda,Kolda,Maïs local,206.25,3
2013-01-01,Kolda,Kolda,Mil,247.5,3
2013-01-01,Kolda,Kolda,Riz importé (brisé),300.0,3
2013-01-01,Kolda,Kolda,Riz local,316.67,1
2013-01-01,Kolda,Kolda,Sorgho,210.125,2
2013-01-01,Louga,Louga,Maïs importé,250.0,3
2013-01-01,Louga,Louga,Maïs local,238.75,3
2013-01-01,Louga,Louga,Mil,235.83499999999998,4
2013-01-01,Louga,Louga,Riz importé (brisé),300.0,4
2013-01-01,Louga,Louga,Riz local,260.0,3
2013-01-01,Louga,Louga,Sorgho,275.0,1
2013-01-01,Matam,Matam,Maïs importé,250.0,2
2013-01-01,Matam,Matam,Mil,250.0,3
2013-01-01,Matam,Matam,Riz importé (brisé),300.0,3
2013-01-01,Matam,Matam,Riz local,287.5,2
2013-01-01,Saint Louis,Saint-Louis,Maïs importé,200.0,2
2013-01-01,Saint Louis,Saint-Louis,Maïs local,225.0,2
2013-01-01,Saint Louis,Saint-Louis,Mil,240.0,2
2013-01-01,Saint Louis,Saint-Louis,Riz importé (brisé),300.0,2
2013-01-01,Saint Louis,Saint-Louis,Riz local,245.0,2
2013-01-01,Saint Louis,Saint-Louis,Sorgho,231.875,2
2013-01-01,Sedhiou,Sédhiou,Maïs local,283.33,1
2013-01-01,Sedhiou,Sédhiou,Riz importé (brisé),300.0,1
2013-01-01,Sedhiou,Sédhiou,Sorgho,233.33,1
2013-01-01,Tambacounda,Tambacounda,Maïs local,178.75,4
2013-01-01,Tambacounda,Tambacounda,Mil,187.5,4
2013-01-01,Tambacounda,Tambacounda,Riz importé (brisé),300.0,4
2013-01-01,Tambacounda,Tambacounda,Sorgho,160.0,3
2013-01-01,Thies,Thiès,Maïs importé,250.0,3
2013-01-01,Thies,Thiès,Maïs local,250.0,1
2013-01-01,Thies,Thiès,Mil,195.0,4
2013-01-01,Thies,Thiès,Riz importé (brisé),285.0,4
2013-01-01,Thies,Thiès,Riz local,282.5,2
2013-01-01,Thies,Thiès,Sorgho,192.5,2
2013-01-01,Ziguinchor,Ziguinchor,Maïs local,266.25,2
2013-01-01,Ziguinchor,Ziguinchor,Mil,266.0,3
2013-01-01,Ziguinchor,Ziguinchor,Riz importé (brisé),300.0,3
2013-01-01,Ziguinchor,Ziguinchor,Sorgho,269.375,2
2013-02-01,Dakar,Dakar,Maïs importé,250.0,3
2013-02-01,Dakar,Dakar,Maïs local,250.0,4
2013-02-01,Dakar,Dakar,Mil,275.0,5
2013-02-01,Dakar,Dakar,Riz importé (brisé),300.0,5
2013-02-01,Dakar,Dakar,Riz local,300.0,1
2013-02-01,Dakar,Dakar,Sorgho,245.0,3
2013-02-01,Diourbel,Diourbel,Maïs importé,243.75,4
2013-02-01,Diourbel,Diourbel,Maïs local,235.0,3
2013-02-01,Diourbel,Diourbel,Mil,222.5,5
2013-02-01,Diourbel,Diourbel,Riz importé (brisé),290.0,5
2013-02-01,Diourbel,Diourbel,Riz local,275.0,2
2013-02-01,Diourbel,Diourbel,Sorgho,217.5,2
2013-02-01,Fatick,Fatick,Maïs importé,270.0,4
2013-02-01,Fatick,Fatick,Maïs local,212.5,5
2013-02-01,Fatick,Fatick,Mil,210.0,5
2013-02-01,Fatick,Fatick,Riz importé (brisé),280.0,5
2013-02-01,Fatick,Fatick,Riz local,275.0,2
2013-02-01,Fatick,Fatick,Sorgho,206.25,4
2013-02-01,Kaffrine,Kaffrine,Maïs local,175.0,3
2013-02-01,Kaffrine,Kaffrine,Mil,182.5,2
2013-02-01,Kaffrine,Kaffrine,Riz importé (brisé),295.0,3
2013-02-01,Kaffrine,Kaffrine,Sorgho,170.0,3
2013-02-01,Kaolack,Kaolack,Maïs importé,180.0,1
2013-02-01,Kaolack,Kaolack,Maïs local,182.5,2
2013-02-01,Kaolack,Kaolack,Mil,185.0,4
2013-02-01,Kaolack,Kaolack,Riz importé (brisé),275.0,3
2013-02-01,Kaolack,Kaolack,Sorgho,182.5,2
2013-02-01,Kedougou,Kédougou,Maïs local,235.0,1
2013-02-01,Kedougou,Kédougou,Mil,270.0,1
2013-02-01,Kedougou,Kédougou,Riz importé (brisé),300.0,1
2013-02-01,Kedougou,Kédougou,Sorgho,257.5,1
2013-02-01,Kolda,Kolda,Maïs local,237.5,2
2013-02-01,Kolda,Kolda,Mil,250.0,3
2013-02-01,Kolda,Kolda,Riz importé (brisé),300.0,3
2013-02-01,Kolda,Kolda,Riz local,318.75,1
2013-02-01,Kolda,Kolda,Sorgho,250.0,3
2013-02-01,Louga,Louga,Maïs importé,250.0,2
2013-02-01,Louga,Louga,Maïs local,228.75,3
2013-02-01,Louga,Louga,Mil,228.75,3
2013-02-01,Louga,Louga,Riz importé (brisé),300.0,3
2013-02-01,Louga,Louga,Riz local,300.0,3
2013-02-01,Louga,Louga,Sorgho,250.0,2
2013-02-01,Matam,Matam,Maïs importé,233.33,3
2013-02-01,Matam,Matam,Mil,256.66499999999996,4
2013-02-01,Matam,Matam,Riz importé (brisé),300.0,4
2013-02-01,Matam,Matam,Riz local,316.66499999999996,2
2013-02-01,Saint Louis,Saint-Louis,Maïs importé,220.0,1
2013-02-01,Saint Louis,Saint-Louis,Maïs local,228.75,2
2013-02-01,Saint Louis,Saint-Louis,Mil,230.0,2
2013-02-01,Saint Louis,Saint-Louis,Riz importé (brisé),300.0,2
2013-02-01,Saint Louis,Saint-Louis,Riz local,250.0,2
2013-02-01,Saint Louis,Saint-Louis,Sorgho,245.0,2
2013-02-01,Sedhiou,Sédhiou,Maïs local,287.5,1
2013-02-01,Sedhiou,Sédhiou,Mil,262.5,1
2013-02-01,Sedhiou,Sédhiou,Riz importé (brisé),300.0,1
2013-02-01,Sedhiou,Sédhiou,Sorgho,250.0,1
2013-02-01,Tambacounda,Tambacounda,Maïs local,150.0,3
2013-02-01,Tambacounda,Tambacounda,Mil,202.5,4
2013-02-01,Tambacounda,Tambacounda,Riz importé (brisé),300.0,3
2013-02-01,Tambacounda,Tambacounda,Riz local,300.0,2
2013-02-01,Tambacounda,Tambacounda,Sorgho,150.0,3
2013-02-01,Thies,Thiès,Maïs importé,250.0,2
2013-02-01,Thies,Thiès,Maïs local,250.0,1
2013-02-01,Thies,Thiès,Mil,195.0,4
2013-02-01,Thies,Thiès,Riz importé (brisé),295.0,4
2013-02-01,Thies,Thiès,Riz local,282.5,2
2013-02-01,Thies,Thiès,Sorgho,187.5,2
2013-02-01,Ziguinchor,Ziguinchor,Maïs local,281.25,2
2013-02-01,Ziguinchor,Ziguinchor,Mil,278.0,3
2013-02-01,Ziguinchor,Ziguinchor,Riz importé (brisé),300.0,3
2013-02-01,Ziguinchor,Ziguinchor,Sorgho,271.25,2
2013-03-01,Dakar,Dakar,Maïs importé,250.0,3
2013-03-01,Dakar,Dakar,Maïs local,250.0,4
2013-03-01,Dakar,Dakar,Mil,275.0,5
2013-03-01,Dakar,Dakar,Riz importé (brisé),300.0,5
2013-03-01,Dakar,Dakar,Riz local,270.0,3
2013-03-01,Dakar,Dakar,Sorgho,245.0,3
2013-03-01,Diourbel,Diourbel,Mil,226.0,1
2013-03-01,Diourbel,Diourbel,Riz importé (brisé),450.0,1
2013-03-01,Fatick,Fatick,Maïs importé,270.0,4
2013-03-01,Fatick,Fatick,Maïs local,200.0,4
2013-03-01,Fatick,Fatick,Mil,197.5,4
2013-03-01,Fatick,Fatick,Riz importé (brisé),280.0,4
2013-03-01,Fatick,Fatick,Riz local,275.0,1
2013-03-01,Fatick,Fatick,Sorgho,200.0,3
2013-03-01,Kaffrine,Kaffrine,Maïs local,175.0,3
2013-03-01,Kaffrine,Kaffrine,Mil,180.0,2
2013-03-01,Kaffrine,Kaffrine,Riz importé (brisé),295.0,3
2013-03-01,Kaffrine,Kaffrine,Sorgho,170.0,3
2013-03-01,Kaolack,Kaolack,Maïs importé,185.0,1
2013-03-01,Kaolack,Kaolack,Maïs local,185.0,3
2013-03-01,Kaolack,Kaolack,Mil,190.0,4
2013-03-01,Kaolack,Kaolack,Riz importé (brisé),275.0,2
2013-03-01,Kaolack,Kaolack,Sorgho,183.125,2
2013-03-01,Kedougou,Kédougou,Maïs local,210.0,1
2013-03-01,Kedougou,Kédougou,Mil,240.0,1
2013-03-01,Kedougou,Kédougou,Riz importé (brisé),300.0,1
2013-03-01,Kedougou,Kédougou,Sorgho,240.0,1
2013-03-01,Kolda,Kolda,Maïs local,259.375,2
2013-03-01,Kolda,Kolda,Mil,250.0,3
2013-03-01,Kolda,Kolda,Riz importé (brisé),300.0,3
2013-03-01,Kolda,Kolda,Riz local,306.25,1
2013-03-01,Kolda,Kolda,Sorgho,250.0,3
2013-03-01,Louga,Louga,Maïs importé,260.0,4
2013-03-01,Louga,Louga,Maïs local,227.5,4
2013-03-01,Louga,Louga,Mil,227.5,4
2013-03-01,Louga,Louga,Riz importé (brisé),300.0,4
2013-03-01,Louga,Louga,Riz local,300.0,4
2013-03-01,Louga,Louga,Sorgho,230.0,3
2013-03-01,Matam,Matam,Maïs importé,250.0,3
2013-03-01,Matam,Matam,Mil,250.0,4
2013-03-01,Matam,Matam,Riz importé (brisé),300.0,4
2013-03-01,Matam,Matam,Riz local,300.0,3
2013-03-01,Saint Louis,Saint-Louis,Mil,230.0,1
2013-03-01,Saint Louis,Saint-Louis,Riz importé (brisé),465.0,1
2013-03-01,Saint Louis,Saint-Louis,Sorgho,247.0,1
2013-03-01,Sedhiou,Sédhiou,Maïs local,300.0,1
2013-03-01,Sedhiou,Sédhiou,Mil,256.25,1
2013-03-01,Sedhiou,Sédhiou,Riz importé (brisé),300.0,1
2013-03-01,Sedhiou,Sédhiou,Sorgho,200.0,1
2013-03-01,Tambacounda,Tambacounda,Maïs local,194.16500000000002,4
2013-03-01,Tambacounda,Tambacounda,Mil,205.0,4
2013-03-01,Tambacounda,Tambacounda,Riz importé (brisé),300.0,4
2013-03-01,Tambacounda,Tambacounda,Riz local,291.67,1
2013-03-01,Tambacounda,Tambacounda,Sorgho,155.0,3
2013-03-01,Thies,Thiès,Maïs importé,243.75,2
2013-03-01,Thies,Thiès,Maïs local,232.5,4
2013-03-01,Thies,Thiès,Mil,203.75,4
2013-03-01,Thies,Thiès,Riz importé (brisé),286.25,4
2013-03-01,Thies,Thiès,Riz local,262.5,2
2013-03-01,Thies,Thiès,Sorgho,207.5,2
2013-03-01,Ziguinchor,Ziguinchor,Maïs local,225.0,2
2013-03-01,Ziguinchor,Ziguinchor,Mil,275.0,3
2013-03-01,Ziguinchor,Ziguinchor,Riz importé (brisé),296.25,2
2013-03-01,Ziguinchor,Ziguinchor,Sorgho,207.5,2
2013-04-01,Dakar,Dakar,Maïs importé,250.0,3
2013-04-01,Dakar,Dakar,Maïs local,250.0,4
2013-04-01,Dakar,Dakar,Mil,267.0,5
2013-04-01,Dakar,Dakar,Riz importé (brisé),300.0,5
2013-04-01,Dakar,Dakar,Riz local,286.67,3
2013-04-01,Dakar,Dakar,Sorgho,240.0,4
2013-04-01,Diourbel,Diourbel,Maïs importé,235.0,2
2013-04-01,Diourbel,Diourbel,Maïs local,237.5,4
2013-04-01,Diourbel,Diourbel,Mil,220.0,4
2013-04-01,Diourbel,Diourbel,Riz importé (brisé),290.0,4
2013-04-01,Diourbel,Diourbel,Riz local,275.0,3
2013-04-01,Diourbel,Diourbel,Sorgho,220.0,3
2013-04-01,Fatick,Fatick,Maïs importé,270.0,2
2013-04-01,Fatick,Fatick,Maïs local,225.0,4
2013-04-01,Fatick,Fatick,Mil,222.5,4
2013-04-01,Fatick,Fatick,Riz importé (brisé),277.5,4
2013-04-01,Fatick,Fatick,Riz local,275.0,1
2013-04-01,Fatick,Fatick,Sorgho,220.0,4
2013-04-01,Kaffrine,Kaffrine,Maïs local,175.0,4
2013-04-01,Kaffrine,Kaffrine,Mil,180.83499999999998,4
2013-04-01,Kaffrine,Kaffrine,Riz importé (brisé),295.625,4
2013-04-01,Kaffrine,Kaffrine,Sorgho,165.0,4
2013-04-01,Kaolack,Kaolack,Maïs importé,185.0,1
2013-04-01,Kaolack,Kaolack,Maïs local,191.25,4
2013-04-01,Kaolack,Kaolack,Mil,192.5,4
2013-04-01,Kaolack,Kaolack,Riz importé (brisé),275.0,3
2013-04-01,Kaolack,Kaolack,Sorgho,185.41500000000002,2
2013-04-01,Kedougou,Kédougou,Maïs local,200.0,1
2013-04-01,Kedougou,Kédougou,Mil,262.5,1
2013-04-01,Kedougou,Kédougou,Riz importé (brisé),300.0,1
2013-04-01,Kedougou,Kédougou,Sorgho,250.0,1
2013-04-01,Kolda,Kolda,Maïs local,238.54000000000002,2
2013-04-01,Kolda,Kolda,Mil,228.33,3
2013-04-01,Kolda,Kolda,Riz importé (brisé),300.0,3
2013-04-01,Kolda,Kolda,Riz local,325.0,1
2013-04-01,Kolda,Kolda,Sorgho,231.25,3
2013-04-01,Louga,Louga,Maïs importé,260.0,4
2013-04-01,Louga,Louga,Maïs local,237.5,2
2013-04-01,Louga,Louga,Mil,226.66500000000002,4
2013-04-01,Louga,Louga,Riz importé (brisé),300.0,4
2013-04-01,Louga,Louga,Riz local,295.625,2
2013-04-01,Louga,Louga,Sorgho,241.25,2
2013-04-01,Matam,Matam,Maïs importé,220.0,2
2013-04-01,Matam,Matam,Mil,237.0,3
2013-04-01,Matam,Matam,Riz importé (brisé),300.0,3
2013-04-01,Matam,Matam,Riz local,318.75,2
2013-04-01,Saint Louis,Saint-Louis,Maïs local,257.5,4
2013-04-01,Saint Louis,Saint-Louis,Mil,264.165,4
2013-04-01,Saint Louis,Saint-Louis,Riz importé (brisé),300.0,4
2013-04-01,Saint Louis,Saint-Louis,Riz local,250.0,4
2013-04-01,Saint Louis,Saint-Louis,Sorgho,251.66500000000002,4
2013-04-01,Sedhiou,Sédhiou,Maïs local,312.5,1
2013-04-01,Sedhiou,Sédhiou,Mil,250.0,1
2013-04-01,Sedhiou,Sédhiou,Riz importé (brisé),300.0,1
2013-04-01,Sedhiou,Sédhiou,Sorgho,200.0,1
2013-04-01,Tambacounda,Tambacounda,Maïs local,182.5,4
2013-04-01,Tambacounda,Tambacounda,Mil,212.5,4
2013-04-01,Tambacounda,Tambacounda,Riz importé (brisé),300.0,4
2013-04-01,Tambacounda,Tambacounda,Riz local,300.0,2
2013-04-01,Tambacounda,Tambacounda,Sorgho,165.0,2
2013-04-01,Thies,Thiès,Maïs importé,250.0,2
2013-04-01,Thies,Thiès,Maïs local,225.0,3
2013-04-01,Thies,Thiès,Mil,216.25,4
2013-04-01,Thies,Thiès,Riz importé (brisé),290.0,4
2013-04-01,Thies,Thiès,Riz local,275.0,2
2013-04-01,Thies,Thiès,Sorgho,206.25,2
2013-04-01,Ziguinchor,Ziguinchor,Maïs local,300.0,2
2013-04-01,Ziguinchor,Ziguinchor,Mil,283.0,3
2013-04-01,Ziguinchor,Ziguinchor,Riz importé (brisé),300.0,2
2013-04-01,Ziguinchor,Ziguinchor,Sorgho,283.33500000000004,2
2013-05-01,Dakar,Dakar,Maïs importé,258.33500000000004,2
2013-05-01,Dakar,Dakar,Maïs local,250.0,3
2013-05-01,Dakar,Dakar,Mil,250.0,5
2013-05-01,Dakar,Dakar,Riz importé (brisé),300.0,5
2013-05-01,Dakar,Dakar,Riz local,300.0,3
2013-05-01,Dakar,Dakar,Sorgho,249.0,4
2013-05-01,Diourbel,Diourbel,Maïs importé,233.75,4
2013-05-01,Diourbel,Diourbel,Maïs local,221.04000000000002,4
2013-05-01,Diourbel,Diourbel,Mil,220.0,5
2013-05-01,Diourbel,Diourbel,Riz importé (brisé),290.0,5
2013-05-01,Diourbel,Diourbel,Riz local,275.0,4
2013-05-01,Diourbel,Diourbel,Sorgho,210.0,3
2013-05-01,Fatick,Fatick,Maïs importé,270.0,4
2013-05-01,Fatick,Fatick,Maïs local,225.0,5
2013-05-01,Fatick,Fatick,Mil,233.33,5
2013-05-01,Fatick,Fatick,Riz importé (brisé),280.0,5
2013-05-01,Fatick,Fatick,Riz local,275.0,2
2013-05-01,Fatick,Fatick,Sorgho,221.67,5
2013-05-01,Kaffrine,Kaffrine,Maïs local,181.25,4
2013-05-01,Kaffrine,Kaffrine,Mil,195.0,4
2013-05-01,Kaffrine,Kaffrine,Riz importé (brisé),293.75,4
2013-05-01,Kaffrine,Kaffrine,Sorgho,182.5,4
2013-05-01,Kaolack,Kaolack,Maïs importé,300.0,1
2013-05-01,Kaolack,Kaolack,Maïs local,275.0,4
2013-05-01,Kaolack,Kaolack,Mil,233.33499999999998,4
2013-05-01,Kaolack,Kaolack,Riz importé (brisé),217.16500000000002,4
2013-05-01,Kaolack,Kaolack,Sorgho,245.83499999999998,2
2013-05-01,Kedougou,Kédougou,Maïs local,176.25,1
2013-05-01,Kedougou,Kédougou,Mil,195.0,1
2013-05-01,Kedougou,Kédougou,Riz importé (brisé),295.0,1
2013-05-01,Kedougou,Kédougou,Sorgho,177.5,1
2013-05-01,Kolda,Kolda,Maïs local,237.5,2
2013-05-01,Kolda,Kolda,Mil,237.5,3
2013-05-01,Kolda,Kolda,Riz importé (brisé),293.33,3
2013-05-01,Kolda,Kolda,Sorgho,241.67,3
2013-05-01,Louga,Louga,Maïs importé,248.75,4
2013-05-01,Louga,Louga,Maïs local,200.0,3
2013-05-01,Louga,Louga,Mil,276.0,4
2013-05-01,Louga,Louga,Riz importé (brisé),214.125,4
2013-05-01,Louga,Louga,Riz local,229.375,2
2013-05-01,Matam,Matam,Maïs importé,220.0,3
2013-05-01,Matam,Matam,Mil,227.5,4
2013-05-01,Matam,Matam,Riz importé (brisé),272.0,4
2013-05-01,Matam,Matam,Riz local,260.0,3
2013-05-01,Saint Louis,Saint-Louis,Maïs local,275.0,2
2013-05-01,Saint Louis,Saint-Louis,Mil,242.5,2
2013-05-01,Saint Louis,Saint-Louis,Riz importé (brisé),237.5,2
2013-05-01,Saint Louis,Saint-Louis,Riz local,265.0,2
2013-05-01,Saint Louis,Saint-Louis,Sorgho,316.66499999999996,2
2013-05-01,Sedhiou,Sédhiou,Maïs local,300.0,1
2013-05-01,Sedhiou,Sédhiou,Mil,250.0,1
2013-05-01,Sedhiou,Sédhiou,Riz importé (brisé),300.0,1
2013-05-01,Sedhiou,Sédhiou,Sorgho,200.0,1
2013-05-01,Tambacounda,Tambacounda,Maïs local,248.75,4
2013-05-01,Tambacounda,Tambacounda,Mil,264.58500000000004,4
2013-05-01,Tambacounda,Tambacounda,Riz importé (brisé),235.0,4
2013-05-01,Tambacounda,Tambacounda,Riz local,243.75,2
2013-05-01,Tambacounda,Tambacounda,Sorgho,300.0,2
2013-05-01,Thies,Thiès,Maïs importé,178.75,2
2013-05-01,Thies,Thiès,Maïs local,275.0,4
2013-05-01,Thies,Thiès,Mil,289.58500000000004,4
2013-05-01,Thies,Thiès,Riz importé (brisé),242.5,4
2013-05-01,Thies,Thiès,Riz local,275.0,3
2013-05-01,Thies,Thiès,Sorgho,225.0,1
2013-05-01,Ziguinchor,Ziguinchor,Maïs local,278.75,2
2013-05-01,Ziguinchor,Ziguinchor,Mil,250.0,3
2013-05-01,Ziguinchor,Ziguinchor,Riz importé (brisé),231.25,2
2013-05-01,Ziguinchor,Ziguinchor,Sorgho,261.25,2
2013-06-01,Dakar,Dakar,Maïs importé,255.0,3
2013-06-01,Dakar,Dakar,Maïs local,250.0,4
2013-06-01,Dakar,Dakar,Mil,254.0,5
2013-06-01,Dakar,Dakar,Riz importé (brisé),300.0,5
2013-06-01,Dakar,Dakar,Riz local,285.0,3
2013-06-01,Dakar,Dakar,Sorgho,249.0,4
2013-06-01,Diourbel,Diourbel,Maïs importé,233.75,4
2013-06-01,Diourbel,Diourbel,Maïs local,221.04000000000002,4
2013-06-01,Diourbel,Diourbel,Mil,218.75,4
2013-06-01,Diourbel,Diourbel,Riz importé (brisé),290.0,5
2013-06-01,Diourbel,Diourbel,Riz local,275.0,3
2013-06-01,Diourbel,Diourbel,Sorgho,205.0,4
2013-06-01,Fatick,Fatick,Maïs importé,270.0,4
2013-06-01,Fatick,Fatick,Maïs local,217.5,2
2013-06-01,Fatick,Fatick,Mil,240.0,5
2013-06-01,Fatick,Fatick,Riz importé (brisé),273.75,5
2013-06-01,Fatick,Fatick,Riz local,275.0,1
2013-06-01,Fatick,Fatick,Sorgho,235.0,5
2013-06-01,Kaffrine,Kaffrine,Maïs local,185.0,3
2013-06-01,Kaffrine,Kaffrine,Mil,200.0,2
2013-06-01,Kaffrine,Kaffrine,Riz importé (brisé),270.0,3
2013-06-01,Kaffrine,Kaffrine,Sorgho,185.0,3
2013-06-01,Kaolack,Kaolack,Maïs importé,190.0,1
2013-06-01,Kaolack,Kaolack,Maïs local,188.75,4
2013-06-01,Kaolack,Kaolack,Mil,200.0,4
2013-06-01,Kaolack,Kaolack,Riz importé (brisé),268.75,4
2013-06-01,Kaolack,Kaolack,Sorgho,182.5,1
2013-06-01,Kedougou,Kédougou,Maïs local,250.0,3
2013-06-01,Kedougou,Kédougou,Mil,300.0,2
2013-06-01,Kedougou,Kédougou,Riz importé (brisé),300.0,3
2013-06-01,Kedougou,Kédougou,Sorgho,250.0,3
2013-06-01,Kolda,Kolda,Maïs local,225.0,3
2013-06-01,Kolda,Kolda,Mil,237.5,3
2013-06-01,Kolda,Kolda,Riz importé (brisé),275.0,3
2013-06-01,Kolda,Kolda,Sorgho,222.5,3
2013-06-01,Louga,Louga,Maïs importé,250.0,2
2013-06-01,Louga,Louga,Mil,235.0,2
2013-06-01,Louga,Louga,Riz importé (brisé),270.0,2
2013-06-01,Matam,Matam,Maïs importé,250.0,3
2013-06-01,Matam,Matam,Mil,247.0,4
2013-06-01,Matam,Matam,Riz importé (brisé),275.0,4
2013-06-01,Matam,Matam,Riz local,300.0,3
2013-06-01,Matam,Matam,Sorgho,220.0,3
2013-06-01,Saint Louis,Saint-Louis,Maïs local,243.75,2
2013-06-01,Saint Louis,Saint-Louis,Mil,250.0,2
2013-06-01,Saint Louis,Saint-Louis,Riz importé (brisé),260.0,2
2013-06-01,Saint Louis,Saint-Louis,Riz local,259.5,2
2013-06-01,Saint Louis,Saint-Louis,Sorgho,250.0,2
2013-06-01,Sedhiou,Sédhiou,Maïs local,300.0,1
2013-06-01,Sedhiou,Sédhiou,Mil,250.0,1
2013-06-01,Sedhiou,Sédhiou,Riz importé (brisé),270.0,1
2013-06-01,Sedhiou,Sédhiou,Sorgho,200.0,1
2013-06-01,Tambacounda,Tambacounda,Maïs local,175.0,3
2013-06-01,Tambacounda,Tambacounda,Mil,187.5,4
2013-06-01,Tambacounda,Tambacounda,Riz importé (brisé),275.0,2
2013-06-01,Tambacounda,Tambacounda,Riz local,275.0,2
2013-06-01,Tambacounda,Tambacounda,Sorgho,165.0,3
2013-06-01,Thies,Thiès,Maïs local,250.0,3
2013-06-01,Thies,Thiès,Mil,272.5,2
2013-06-01,Thies,Thiès,Riz importé (brisé),265.0,3
2013-06-01,Thies,Thiès,Riz local,270.0,1
2013-06-01,Thies,Thiès,Sorgho,225.0,1
2013-06-01,Ziguinchor,Ziguinchor,Maïs local,300.0,2
2013-06-01,Ziguinchor,Ziguinchor,Mil,288.0,3
2013-06-01,Ziguinchor,Ziguinchor,Riz importé (brisé),280.0,2
2013-06-01,Ziguinchor,Ziguinchor,Sorgho,287.5,2
2013-07-01,Dakar,Dakar,Maïs importé,200.0,4
2013-07-01,Dakar,Dakar,Maïs local,225.0,4
2013-07-01,Dakar,Dakar,Mil,235.0,5
2013-07-01,Dakar,Dakar,Riz importé (brisé),260.0,5
2013-07-01,Dakar,Dakar,Riz local,300.0,1
2013-07-01,Dakar,Dakar,Sorgho,240.0,5
2013-07-01,Diourbel,Diourbel,Maïs importé,223.75,4
2013-07-01,Diourbel,Diourbel,Maïs local,203.75,5
2013-07-01,Diourbel,Diourbel,Mil,194.125,4
2013-07-01,Diourbel,Diourbel,Riz importé (brisé),270.0,5
2013-07-01,Diourbel,Diourbel,Riz local,250.0,4
2013-07-01,Diourbel,Diourbel,Sorgho,201.25,4
2013-07-01,Fatick,Fatick,Maïs importé,280.0,5
2013-07-01,Fatick,Fatick,Maïs local,205.0,2
2013-07-01,Fatick,Fatick,Mil,245.0,5
2013-07-01,Fatick,Fatick,Riz importé (brisé),270.0,5
2013-07-01,Fatick,Fatick,Riz local,250.0,1
2013-07-01,Fatick,Fatick,Sorgho,242.5,5
2013-07-01,Kaffrine,Kaffrine,Maïs local,175.0,3
2013-07-01,Kaffrine,Kaffrine,Mil,200.0,2
2013-07-01,Kaffrine,Kaffrine,Riz importé (brisé),270.0,3
2013-07-01,Kaffrine,Kaffrine,Sorgho,175.0,3
2013-07-01,Kaolack,Kaolack,Maïs importé,187.5,1
2013-07-01,Kaolack,Kaolack,Maïs local,187.25,4
2013-07-01,Kaolack,Kaolack,Mil,205.125,4
2013-07-01,Kaolack,Kaolack,Riz importé (brisé),270.0,4
2013-07-01,Kaolack,Kaolack,Sorgho,185.0,1
2013-07-01,Kedougou,Kédougou,Maïs local,241.67,3
2013-07-01,Kedougou,Kédougou,Mil,293.75,2
2013-07-01,Kedougou,Kédougou,Riz importé (brisé),300.0,3
2013-07-01,Kedougou,Kédougou,Riz local,275.0,1
2013-07-01,Kedougou,Kédougou,Sorgho,250.0,3
2013-07-01,Kolda,Kolda,Maïs local,235.0,3
2013-07-01,Kolda,Kolda,Mil,245.0,3
2013-07-01,Kolda,Kolda,Riz importé (brisé),276.0,3
2013-07-01,Kolda,Kolda,Riz local,325.0,1
2013-07-01,Kolda,Kolda,Sorgho,250.0,3
2013-07-01,Louga,Louga,Maïs importé,250.625,2
2013-07-01,Louga,Louga,Mil,235.625,2
2013-07-01,Louga,Louga,Riz importé (brisé),273.75,2
2013-07-01,Matam,Matam,Maïs importé,250.0,2
2013-07-01,Matam,Matam,Mil,250.0,3
2013-07-01,Matam,Matam,Riz importé (brisé),275.0,3
2013-07-01,Matam,Matam,Riz local,325.0,2
2013-07-01,Matam,Matam,Sorgho,240.0,2
2013-07-01,Saint Louis,Saint-Louis,Maïs local,250.0,2
2013-07-01,Saint Louis,Saint-Louis,Mil,262.5,2
2013-07-01,Saint Louis,Saint-Louis,Riz importé (brisé),260.0,2
2013-07-01,Saint Louis,Saint-Louis,Riz local,261.25,2
2013-07-01,Saint Louis,Saint-Louis,Sorgho,250.0,2
2013-07-01,Sedhiou,Sédhiou,Maïs local,275.0,1
2013-07-01,Sedhiou,Sédhiou,Mil,237.5,1
2013-07-01,Sedhiou,Sédhiou,Riz importé (brisé),277.5,1
2013-07-01,Sedhiou,Sédhiou,Riz local,300.0,1
2013-07-01,Sedhiou,Sédhiou,Sorgho,206.25,1
2013-07-01,Tambacounda,Tambacounda,Maïs local,169.16500000000002,4
2013-07-01,Tambacounda,Tambacounda,Mil,196.25,4
2013-07-01,Tambacounda,Tambacounda,Riz importé (brisé),318.75,2
2013-07-01,Tambacounda,Tambacounda,Riz local,275.0,2
2013-07-01,Tambacounda,Tambacounda,Sorgho,170.0,4
2013-07-01,Thies,Thiès,Maïs importé,250.0,2
2013-07-01,Thies,Thiès,Maïs local,250.0,3
2013-07-01,Thies,Thiès,Mil,237.5,3
2013-07-01,Thies,Thiès,Riz importé (brisé),265.0,3
2013-07-01,Thies,Thiès,Riz local,270.0,1
2013-07-01,Thies,Thiès,Sorgho,237.5,1
2013-07-01,Ziguinchor,Ziguinchor,Maïs local,300.0,2
2013-07-01,Ziguinchor,Ziguinchor,Mil,289.0,3
2013-07-01,Ziguinchor,Ziguinchor,Riz importé (brisé),280.0,2
2013-07-01,Ziguinchor,Ziguinchor,Sorgho,287.5,2
2013-08-01,Dakar,Dakar,Maïs importé,200.0,4
2013-08-01,Dakar,Dakar,Maïs local,212.5,2
2013-08-01,Dakar,Dakar,Mil,272.0,4
2013-08-01,Dakar,Dakar,Riz importé (brisé),260.0,5
2013-08-01,Dakar,Dakar,Riz local,285.0,2
2013-08-01,Dakar,Dakar,Sorgho,252.5,4
2013-08-01,Diourbel,Diourbel,Maïs importé,230.0,5
2013-08-01,Diourbel,Diourbel,Maïs local,216.66500000000002,4
2013-08-01,Diourbel,Diourbel,Mil,202.5,5
2013-08-01,Diourbel,Diourbel,Riz importé (brisé),271.25,5
2013-08-01,Diourbel,Diourbel,Riz local,250.0,4
2013-08-01,Diourbel,Diourbel,Sorgho,197.5,3
2013-08-01,Fatick,Fatick,Maïs importé,255.0,2
2013-08-01,Fatick,Fatick,Maïs local,250.0,4
2013-08-01,Fatick,Fatick,Mil,250.0,5
2013-08-01,Fatick,Fatick,Riz importé (brisé),270.0,5
2013-08-01,Fatick,Fatick,Riz local,250.0,1
2013-08-01,Fatick,Fatick,Sorgho,250.0,5
2013-08-01,Kaffrine,Kaffrine,Maïs local,178.75,3
2013-08-01,Kaffrine,Kaffrine,Mil,210.0,3
2013-08-01,Kaffrine,Kaffrine,Riz importé (brisé),270.0,3
2013-08-01,Kaffrine,Kaffrine,Sorgho,171.25,3
2013-08-01,Kaolack,Kaolack,Maïs local,183.75,4
2013-08-01,Kaolack,Kaolack,Mil,211.25,4
2013-08-01,Kaolack,Kaolack,Riz importé (brisé),271.25,4
2013-08-01,Kedougou,Kédougou,Maïs importé,250.0,1
2013-08-01,Kedougou,Kédougou,Maïs local,231.25,3
2013-08-01,Kedougou,Kédougou,Mil,325.0,1
2013-08-01,Kedougou,Kédougou,Riz importé (brisé),300.0,3
2013-08-01,Kedougou,Kédougou,Sorgho,256.25,3
2013-08-01,Kolda,Kolda,Maïs local,225.0,2
2013-08-01,Kolda,Kolda,Mil,225.0,3
2013-08-01,Kolda,Kolda,Riz importé (brisé),275.0,3
2013-08-01,Kolda,Kolda,Sorgho,225.0,2
2013-08-01,Louga,Louga,Maïs importé,241.25,2
2013-08-01,Louga,Louga,Maïs local,250.0,2
2013-08-01,Louga,Louga,Mil,245.625,2
2013-08-01,Louga,Louga,Riz importé (brisé),270.0,2
2013-08-01,Louga,Louga,Riz local,237.5,2
2013-08-01,Louga,Louga,Sorgho,220.0,1
2013-08-01,Matam,Matam,Mil,250.0,1
2013-08-01,Matam,Matam,Riz importé (brisé),450.0,1
2013-08-01,Matam,Matam,Sorgho,267.0,1
2013-08-01,Saint Louis,Saint-Louis,Mil,267.0,1
2013-08-01,Saint Louis,Saint-Louis,Riz importé (brisé),450.0,1
2013-08-01,Saint Louis,Saint-Louis,Sorgho,250.0,1
2013-08-01,Sedhiou,Sédhiou,Maïs local,300.0,1
2013-08-01,Sedhiou,Sédhiou,Mil,275.0,1
2013-08-01,Sedhiou,Sédhiou,Riz importé (brisé),280.0,1
2013-08-01,Sedhiou,Sédhiou,Sorgho,200.0,1
2013-08-01,Tambacounda,Tambacounda,Maïs local,167.5,4
2013-08-01,Tambacounda,Tambacounda,Mil,200.0,4
2013-08-01,Tambacounda,Tambacounda,Riz importé (brisé),275.0,3
2013-08-01,Tambacounda,Tambacounda,Sorgho,167.5,4
2013-08-01,Thies,Thiès,Maïs importé,225.0,3
2013-08-01,Thies,Thiès,Maïs local,243.75,2
2013-08-01,Thies,Thiès,Mil,232.5,3
2013-08-01,Thies,Thiès,Riz importé (brisé),265.0,3
2013-08-01,Thies,Thiès,Sorgho,233.33,1
2013-08-01,Ziguinchor,Ziguinchor,Maïs local,300.0,2
2013-08-01,Ziguinchor,Ziguinchor,Mil,283.0,3
2013-08-01,Ziguinchor,Ziguinchor,Riz importé (brisé),280.0,3
2013-08-01,Ziguinchor,Ziguinchor,Sorgho,287.5,2
2013-09-01,Dakar,Dakar,Maïs importé,222.5,4
2013-09-01,Dakar,Dakar,Maïs local,195.0,4
2013-09-01,Dakar,Dakar,Mil,238.0,5
2013-09-01,Dakar,Dakar,Riz importé (brisé),270.0,5
2013-09-01,Dakar,Dakar,Riz local,250.0,3
2013-09-01,Diourbel,Diourbel,Maïs importé,180.0,5
2013-09-01,Diourbel,Diourbel,Maïs local,176.67,3
2013-09-01,Diourbel,Diourbel,Mil,210.0,5
2013-09-01,Diourbel,Diourbel,Riz importé (brisé),270.0,5
2013-09-01,Diourbel,Diourbel,Riz local,250.0,3
2013-09-01,Diourbel,Diourbel,Sorgho,189.17,4
2013-09-01,Fatick,Fatick,Maïs importé,220.0,3
2013-09-01,Fatick,Fatick,Maïs local,237.5,6
2013-09-01,Fatick,Fatick,Mil,235.0,6
2013-09-01,Fatick,Fatick,Riz importé (brisé),270.0,5
2013-09-01,Fatick,Fatick,Riz local,258.33,1
2013-09-01,Fatick,Fatick,Sorgho,235.0,6
2013-09-01,Kaffrine,Kaffrine,Maïs local,175.0,4
2013-09-01,Kaffrine,Kaffrine,Mil,206.67,3
2013-09-01,Kaffrine,Kaffrine,Riz importé (brisé),270.0,4
2013-09-01,Kaffrine,Kaffrine,Sorgho,166.25,4
2013-09-01,Kaolack,Kaolack,Maïs importé,180.0,1
2013-09-01,Kaolack,Kaolack,Maïs local,201.25,4
2013-09-01,Kaolack,Kaolack,Mil,208.33499999999998,4
2013-09-01,Kaolack,Kaolack,Riz importé (brisé),287.5,4
2013-09-01,Kaolack,Kaolack,Sorgho,262.5,2
2013-09-01,Kolda,Kolda,Maïs importé,260.0,1
2013-09-01,Kolda,Kolda,Maïs local,235.0,3
2013-09-01,Kolda,Kolda,Mil,241.25,3
2013-09-01,Kolda,Kolda,Riz importé (brisé),275.0,3
2013-09-01,Kolda,Kolda,Riz local,325.0,1
2013-09-01,Kolda,Kolda,Sorgho,243.75,3
2013-09-01,Louga,Louga,Maïs importé,222.5,2
2013-09-01,Louga,Louga,Maïs local,235.0,2
2013-09-01,Louga,Louga,Mil,243.125,2
2013-09-01,Louga,Louga,Riz importé (brisé),275.0,2
2013-09-01,Louga,Louga,Riz local,241.875,2
2013-09-01,Louga,Louga,Sorgho,250.0,1
2013-09-01,Matam,Matam,Maïs importé,237.5,3
2013-09-01,Matam,Matam,Mil,294.0,4
2013-09-01,Matam,Matam,Riz importé (brisé),283.75,4
2013-09-01,Matam,Matam,Riz local,275.0,3
2013-09-01,Matam,Matam,Sorgho,245.0,3
2013-09-01,Saint Louis,Saint-Louis,Maïs local,250.0,2
2013-09-01,Saint Louis,Saint-Louis,Mil,275.0,2
2013-09-01,Saint Louis,Saint-Louis,Riz importé (brisé),260.0,2
2013-09-01,Saint Louis,Saint-Louis,Riz local,262.5,2
2013-09-01,Saint Louis,Saint-Louis,Sorgho,262.5,2
2013-09-01,Sedhiou,Sédhiou,Maïs local,287.5,1
2013-09-01,Sedhiou,Sédhiou,Mil,275.0,1
2013-09-01,Sedhiou,Sédhiou,Riz importé (brisé),275.0,1
2013-09-01,Sedhiou,Sédhiou,Sorgho,200.0,1
2013-09-01,Tambacounda,Tambacounda,Maïs local,178.33,4
2013-09-01,Tambacounda,Tambacounda,Mil,200.0,4
2013-09-01,Tambacounda,Tambacounda,Riz importé (brisé),275.0,4
2013-09-01,Tambacounda,Tambacounda,Sorgho,506.665,2
2013-09-01,Thies,Thiès,Maïs importé,225.0,4
2013-09-01,Thies,Thiès,Maïs local,230.83499999999998,2
2013-09-01,Thies,Thiès,Mil,231.66500000000002,4
2013-09-01,Thies,Thiès,Riz importé (brisé),266.66499999999996,4
2013-09-01,Thies,Thiès,Riz local,255.0,2
2013-09-01,Thies,Thiès,Sorgho,220.0,2
2013-09-01,Ziguinchor,Ziguinchor,Maïs local,268.96000000000004,2
2013-09-01,Ziguinchor,Ziguinchor,Mil,276.5,2
2013-09-01,Ziguinchor,Ziguinchor,Riz importé (brisé),280.0,3
2013-09-01,Ziguinchor,Ziguinchor,Sorgho,265.625,2
2013-10-01,Dakar,Dakar,Maïs importé,262.5,4
2013-10-01,Dakar,Dakar,Maïs local,250.0,2
2013-10-01,Dakar,Dakar,Mil,300.0,5
2013-10-01,Dakar,Dakar,Riz importé (brisé),275.0,5
2013-10-01,Dakar,Dakar,Riz local,271.665,2
2013-10-01,Dakar,Dakar,Sorgho,250.0,4
2013-10-01,Diourbel,Diourbel,Maïs importé,191.25,5
2013-10-01,Diourbel,Diourbel,Maïs local,180.0,3
2013-10-01,Diourbel,Diourbel,Mil,193.33,5
2013-10-01,Diourbel,Diourbel,Riz importé (brisé),280.0,5
2013-10-01,Diourbel,Diourbel,Riz local,231.25,3
2013-10-01,Diourbel,Diourbel,Sorgho,182.91500000000002,4
2013-10-01,Fatick,Fatick,Maïs importé,260.0,1
2013-10-01,Fatick,Fatick,Maïs local,200.0,6
2013-10-01,Fatick,Fatick,Mil,200.0,6
2013-10-01,Fatick,Fatick,Riz importé (brisé),270.0,6
2013-10-01,Fatick,Fatick,Riz local,250.0,1
2013-10-01,Fatick,Fatick,Sorgho,235.0,6
2013-10-01,Kaffrine,Kaffrine,Maïs local,175.0,4
2013-10-01,Kaffrine,Kaffrine,Mil,210.0,4
2013-10-01,Kaffrine,Kaffrine,Riz importé (brisé),270.0,4
2013-10-01,Kaffrine,Kaffrine,Sorgho,175.0,4
2013-10-01,Kaolack,Kaolack,Maïs importé,180.0,1
2013-10-01,Kaolack,Kaolack,Maïs local,180.83499999999998,4
2013-10-01,Kaolack,Kaolack,Mil,200.0,3
2013-10-01,Kaolack,Kaolack,Riz importé (brisé),271.25,4
2013-10-01,Kaolack,Kaolack,Sorgho,182.5,1
2013-10-01,Kedougou,Kédougou,Maïs local,218.75,3
2013-10-01,Kedougou,Kédougou,Mil,262.5,2
2013-10-01,Kedougou,Kédougou,Riz importé (brisé),300.0,3
2013-10-01,Kedougou,Kédougou,Sorgho,250.0,3
2013-10-01,Kolda,Kolda,Maïs local,215.0,2
2013-10-01,Kolda,Kolda,Mil,225.0,3
2013-10-01,Kolda,Kolda,Riz importé (brisé),275.0,3
2013-10-01,Louga,Louga,Maïs importé,245.0,2
2013-10-01,Louga,Louga,Mil,242.91500000000002,2
2013-10-01,Louga,Louga,Riz importé (brisé),275.0,2
2013-10-01,Louga,Louga,Riz local,255.0,2
2013-10-01,Louga,Louga,Sorgho,250.0,1
2013-10-01,Matam,Matam,Maïs importé,225.0,2
2013-10-01,Matam,Matam,Mil,275.0,3
2013-10-01,Matam,Matam,Riz importé (brisé),300.0,3
2013-10-01,Matam,Matam,Riz local,262.5,2
2013-10-01,Matam,Matam,Sorgho,225.0,3
2013-10-01,Saint Louis,Saint-Louis,Maïs local,237.5,2
2013-10-01,Saint Louis,Saint-Louis,Mil,250.0,2
2013-10-01,Saint Louis,Saint-Louis,Riz importé (brisé),260.0,2
2013-10-01,Saint Louis,Saint-Louis,Riz local,260.0,2
2013-10-01,Saint Louis,Saint-Louis,Sorgho,250.0,2
2013-10-01,Sedhiou,Sédhiou,Maïs local,300.0,1
2013-10-01,Sedhiou,Sédhiou,Mil,275.0,1
2013-10-01,Sedhiou,Sédhiou,Riz importé (brisé),275.0,1
2013-10-01,Sedhiou,Sédhiou,Sorgho,200.0,1
2013-10-01,Tambacounda,Tambacounda,Maïs local,178.75,4
2013-10-01,Tambacounda,Tambacounda,Mil,187.5,4
2013-10-01,Tambacounda,Tambacounda,Riz importé (brisé),275.0,4
2013-10-01,Tambacounda,Tambacounda,Sorgho,178.75,4
2013-10-01,Thies,Thiès,Maïs importé,229.16500000000002,4
2013-10-01,Thies,Thiès,Maïs local,237.5,2
2013-10-01,Thies,Thiès,Mil,232.0,3
2013-10-01,Thies,Thiès,Riz importé (brisé),265.0,4
2013-10-01,Thies,Thiès,Riz local,255.0,2
2013-10-01,Thies,Thiès,Sorgho,222.5,2
2013-10-01,Ziguinchor,Ziguinchor,Maïs local,285.5,2
2013-10-01,Ziguinchor,Ziguinchor,Mil,282.0,3
2013-10-01,Ziguinchor,Ziguinchor,Riz importé (brisé),280.0,2
2013-10-01,Ziguinchor,Ziguinchor,Sorgho,294.375,2
2013-11-01,Dakar,Dakar,Maïs local,280.0,2
2013-11-01,Dakar,Dakar,Mil,268.0,3
2013-11-01,Dakar,Dakar,Riz importé (brisé),275.0,3
2013-11-01,Diourbel,Diourbel,Maïs importé,175.0,3
2013-11-01,Diourbel,Diourbel,Maïs local,180.0,3
2013-11-01,Diourbel,Diourbel,Mil,195.41500000000002,4
2013-11-01,Diourbel,Diourbel,Riz importé (brisé),280.0,4
2013-11-01,Diourbel,Diourbel,Riz local,231.25,3
2013-11-01,Diourbel,Diourbel,Sorgho,188.75,4
2013-11-01,Fatick,Fatick,Maïs importé,225.0,2
2013-11-01,Fatick,Fatick,Maïs local,200.0,4
2013-11-01,Fatick,Fatick,Mil,223.75,4
2013-11-01,Fatick,Fatick,Riz importé (brisé),270.0,4
2013-11-01,Fatick,Fatick,Sorgho,236.25,4
2013-11-01,Kaffrine,Kaffrine,Maïs importé,220.0,1
2013-11-01,Kaffrine,Kaffrine,Maïs local,175.0,4
2013-11-01,Kaffrine,Kaffrine,Mil,193.125,4
2013-11-01,Kaffrine,Kaffrine,Riz importé (brisé),270.0,4
2013-11-01,Kaffrine,Kaffrine,Sorgho,187.5,4
2013-11-01,Kaolack,Kaolack,Maïs local,174.375,4
2013-11-01,Kaolack,Kaolack,Mil,200.0,3
2013-11-01,Kaolack,Kaolack,Riz importé (brisé),271.875,2
2013-11-01,Kedougou,Kédougou,Maïs local,250.0,3
2013-11-01,Kedougou,Kédougou,Mil,250.0,3
2013-11-01,Kedougou,Kédougou,Riz importé (brisé),280.0,3
2013-11-01,Kedougou,Kédougou,Sorgho,245.0,3
2013-11-01,Kolda,Kolda,Maïs local,212.5,2
2013-11-01,Kolda,Kolda,Mil,250.0,1
2013-11-01,Kolda,Kolda,Riz importé (brisé),276.25,2
2013-11-01,Kolda,Kolda,Riz local,270.0,1
2013-11-01,Kolda,Kolda,Sorgho,237.5,2
2013-11-01,Louga,Louga,Maïs importé,250.0,2
2013-11-01,Louga,Louga,Maïs local,200.0,2
2013-11-01,Louga,Louga,Mil,246.875,2
2013-11-01,Louga,Louga,Riz importé (brisé),260.0,2
2013-11-01,Louga,Louga,Riz local,247.5,2
2013-11-01,Matam,Matam,Maïs importé,237.5,2
2013-11-01,Matam,Matam,Mil,275.0,3
2013-11-01,Matam,Matam,Riz importé (brisé),275.0,3
2013-11-01,Matam,Matam,Sorgho,275.0,2
2013-11-01,Saint Louis,Saint-Louis,Maïs local,225.0,1
2013-11-01,Saint Louis,Saint-Louis,Mil,275.0,2
2013-11-01,Saint Louis,Saint-Louis,Riz importé (brisé),355.0,2
2013-11-01,Saint Louis,Saint-Louis,Riz local,250.0,1
2013-11-01,Saint Louis,Saint-Louis,Sorgho,275.0,2
2013-11-01,Sedhiou,Sédhiou,Maïs local,272.5,1
2013-11-01,Sedhiou,Sédhiou,Mil,200.0,1
2013-11-01,Sedhiou,Sédhiou,Riz importé (brisé),275.0,1
2013-11-01,Sedhiou,Sédhiou,Sorgho,250.0,1
2013-11-01,Tambacounda,Tambacounda,Mil,188.0,1
2013-11-01,Tambacounda,Tambacounda,Riz importé (brisé),406.0,1
2013-11-01,Thies,Thiès,Maïs importé,262.5,2
2013-11-01,Thies,Thiès,Maïs local,225.0,2
2013-11-01,Thies,Thiès,Mil,225.83499999999998,4
2013-11-01,Thies,Thiès,Riz importé (brisé),260.0,3
2013-11-01,Thies,Thiès,Riz local,250.0,2
2013-11-01,Thies,Thiès,Sorgho,240.0,1
2013-11-01,Ziguinchor,Ziguinchor,Maïs local,285.0,2
2013-11-01,Ziguinchor,Ziguinchor,Mil,304.0,3
2013-11-01,Ziguinchor,Ziguinchor,Riz importé (brisé),260.0,2
2013-11-01,Ziguinchor,Ziguinchor,Sorgho,287.5,2
2013-12-01,Dakar,Dakar,Maïs importé,300.0,1
2013-12-01,Dakar,Dakar,Maïs local,260.0,3
2013-12-01,Dakar,Dakar,Mil,284.0,4
2013-12-01,Dakar,Dakar,Riz importé (brisé),275.0,5
2013-12-01,Diourbel,Diourbel,Maïs importé,183.125,4
2013-12-01,Diourbel,Diourbel,Maïs local,180.0,3
2013-12-01,Diourbel,Diourbel,Mil,195.41500000000002,4
2013-12-01,Diourbel,Diourbel,Riz importé (brisé),279.375,4
2013-12-01,Diourbel,Diourbel,Riz local,231.25,3
2013-12-01,Diourbel,Diourbel,Sorgho,188.75,4
2013-12-01,Fatick,Fatick,Maïs importé,207.5,2
2013-12-01,Fatick,Fatick,Maïs local,185.0,5
2013-12-01,Fatick,Fatick,Mil,250.0,5
2013-12-01,Fatick,Fatick,Riz importé (brisé),270.0,4
2013-12-01,Fatick,Fatick,Sorgho,225.0,5
2013-12-01,Kaffrine,Kaffrine,Maïs local,140.0,2
2013-12-01,Kaffrine,Kaffrine,Mil,185.0,1
2013-12-01,Kaffrine,Kaffrine,Riz importé (brisé),270.0,2
2013-12-01,Kaffrine,Kaffrine,Sorgho,145.0,2
2013-12-01,Kaolack,Kaolack,Maïs local,172.5,4
2013-12-01,Kaolack,Kaolack,Mil,198.75,4
2013-12-01,Kaolack,Kaolack,Riz importé (brisé),275.0,3
2013-12-01,Kaolack,Kaolack,Riz local,260.0,1
2013-12-01,Kaolack,Kaolack,Sorgho,175.0,1
2013-12-01,Kedougou,Kédougou,Maïs local,208.33499999999998,2
2013-12-01,Kedougou,Kédougou,Mil,266.67,2
2013-12-01,Kedougou,Kédougou,Riz importé (brisé),300.0,1
2013-12-01,Kedougou,Kédougou,Sorgho,263.33500000000004,2
2013-12-01,Kolda,Kolda,Maïs local,200.0,1
2013-12-01,Kolda,Kolda,Mil,250.0,1
2013-12-01,Kolda,Kolda,Riz importé (brisé),275.0,2
2013-12-01,Kolda,Kolda,Riz local,266.67,1
2013-12-01,Kolda,Kolda,Sorgho,237.5,2
2013-12-01,Louga,Louga,Maïs importé,245.5,2
2013-12-01,Louga,Louga,Maïs local,200.0,2
2013-12-01,Louga,Louga,Mil,240.0,2
2013-12-01,Louga,Louga,Riz importé (brisé),260.0,2
2013-12-01,Louga,Louga,Riz local,247.5,2
2013-12-01,Matam,Matam,Maïs importé,187.5,2
2013-12-01,Matam,Matam,Maïs local,225.0,1
2013-12-01,Matam,Matam,Mil,250.0,3
2013-12-01,Matam,Matam,Riz importé (brisé),280.0,3
2013-12-01,Matam,Matam,Riz local,237.5,2
2013-12-01,Matam,Matam,Sorgho,242.0,3
2013-12-01,Saint Louis,Saint-Louis,Maïs importé,237.5,2
2013-12-01,Saint Louis,Saint-Louis,Maïs local,275.0,2
2013-12-01,Saint Louis,Saint-Louis,Mil,300.0,2
2013-12-01,Saint Louis,Saint-Louis,Riz importé (brisé),300.0,2
2013-12-01,Saint Louis,Saint-Louis,Riz local,300.0,2
2013-12-01,Saint Louis,Saint-Louis,Sorgho,300.0,2
2013-12-01,Sedhiou,Sédhiou,Maïs local,280.0,1
2013-12-01,Sedhiou,Sédhiou,Mil,270.0,1
2013-12-01,Sedhiou,Sédhiou,Riz importé (brisé),275.0,1
2013-12-01,Sedhiou,Sédhiou,Sorgho,210.0,1
2013-12-01,Tambacounda,Tambacounda,Maïs local,162.5,4
2013-12-01,Tambacounda,Tambacounda,Mil,175.0,4
2013-12-01,Tambacounda,Tambacounda,Riz importé (brisé),275.0,4
2013-12-01,Tambacounda,Tambacounda,Sorgho,162.5,4
2013-12-01,Thies,Thiès,Maïs importé,225.0,3
2013-12-01,Thies,Thiès,Maïs local,217.5,3
2013-12-01,Thies,Thiès,Mil,220.83499999999998,4
2013-12-01,Thies,Thiès,Riz importé (brisé),265.0,4
2013-12-01,Thies,Thiès,Riz local,255.0,2
2013-12-01,Thies,Thiès,Sorgho,200.0,3
2013-12-01,Ziguinchor,Ziguinchor,Maïs local,287.5,2
2013-12-01,Ziguinchor,Ziguinchor,Mil,284.0,3
2013-12-01,Ziguinchor,Ziguinchor,Riz importé (brisé),280.0,2
2013-12-01,Ziguinchor,Ziguinchor,Sorgho,300.0,2
2014-01-01,Dakar,Dakar,Maïs importé,275.0,2
2014-01-01,Dakar,Dakar,Maïs local,275.0,2
2014-01-01,Dakar,Dakar,Mil,275.0,3
2014-01-01,Dakar,Dakar,Riz importé (brisé),275.0,3
2014-01-01,Dakar,Dakar,Sorgho,275.0,3
2014-01-01,Diourbel,Diourbel,Maïs importé,197.5,5
2014-01-01,Diourbel,Diourbel,Maïs local,186.25,2
2014-01-01,Diourbel,Diourbel,Mil,188.75,5
2014-01-01,Diourbel,Diourbel,Riz importé (brisé),270.0,5
2014-01-01,Diourbel,Diourbel,Riz local,250.0,3
2014-01-01,Diourbel,Diourbel,Sorgho,206.25,3
2014-01-01,Fatick,Fatick,Maïs importé,210.0,3
2014-01-01,Fatick,Fatick,Maïs local,215.0,6
2014-01-01,Fatick,Fatick,Mil,227.5,6
2014-01-01,Fatick,Fatick,Riz importé (brisé),270.0,6
2014-01-01,Fatick,Fatick,Riz local,250.0,1
2014-01-01,Fatick,Fatick,Sorgho,230.0,6
2014-01-01,Kaffrine,Kaffrine,Maïs local,155.0,4
2014-01-01,Kaffrine,Kaffrine,Mil,177.5,4
2014-01-01,Kaffrine,Kaffrine,Riz importé (brisé),270.0,3
2014-01-01,Kaffrine,Kaffrine,Sorgho,162.5,4
2014-01-01,Kaolack,Kaolack,Maïs local,168.75,4
2014-01-01,Kaolack,Kaolack,Mil,184.375,4
2014-01-01,Kaolack,Kaolack,Riz importé (brisé),271.25,3
2014-01-01,Kaolack,Kaolack,Sorgho,171.67,3
2014-01-01,Kedougou,Kédougou,Maïs local,200.0,3
2014-01-01,Kedougou,Kédougou,Mil,300.0,2
2014-01-01,Kedougou,Kédougou,Riz importé (brisé),300.0,3
2014-01-01,Kedougou,Kédougou,Sorgho,300.0,3
2014-01-01,Kolda,Kolda,Maïs importé,200.0,1
2014-01-01,Kolda,Kolda,Maïs local,225.0,2
2014-01-01,Kolda,Kolda,Mil,243.75,3
2014-01-01,Kolda,Kolda,Riz importé (brisé),275.0,3
2014-01-01,Kolda,Kolda,Sorgho,225.0,3
2014-01-01,Louga,Louga,Maïs importé,245.0,2
2014-01-01,Louga,Louga,Maïs local,200.0,2
2014-01-01,Louga,Louga,Mil,234.375,2
2014-01-01,Louga,Louga,Riz importé (brisé),267.5,2
2014-01-01,Louga,Louga,Riz local,247.5,2
2014-01-01,Matam,Matam,Maïs importé,200.0,1
2014-01-01,Matam,Matam,Mil,250.0,2
2014-01-01,Matam,Matam,Riz importé (brisé),362.5,2
2014-01-01,Matam,Matam,Riz local,350.0,1
2014-01-01,Matam,Matam,Sorgho,250.0,2
2014-01-01,Saint Louis,Saint-Louis,Maïs local,250.0,2
2014-01-01,Saint Louis,Saint-Louis,Mil,247.5,2
2014-01-01,Saint Louis,Saint-Louis,Riz importé (brisé),277.5,2
2014-01-01,Saint Louis,Saint-Louis,Riz local,238.75,2
2014-01-01,Saint Louis,Saint-Louis,Sorgho,250.0,2
2014-01-01,Sedhiou,Sédhiou,Maïs local,316.67,1
2014-01-01,Sedhiou,Sédhiou,Mil,283.33,1
2014-01-01,Sedhiou,Sédhiou,Riz importé (brisé),333.33,1
2014-01-01,Sedhiou,Sédhiou,Riz local,275.0,1
2014-01-01,Sedhiou,Sédhiou,Sorgho,236.67,1
2014-01-01,Tambacounda,Tambacounda,Maïs local,137.5,4
2014-01-01,Tambacounda,Tambacounda,Mil,175.0,4
2014-01-01,Tambacounda,Tambacounda,Riz importé (brisé),275.0,4
2014-01-01,Tambacounda,Tambacounda,Sorgho,125.0,3
2014-01-01,Thies,Thiès,Maïs importé,225.0,4
2014-01-01,Thies,Thiès,Maïs local,225.0,3
2014-01-01,Thies,Thiès,Mil,225.0,4
2014-01-01,Thies,Thiès,Riz importé (brisé),265.0,4
2014-01-01,Thies,Thiès,Riz local,260.0,1
2014-01-01,Thies,Thiès,Sorgho,227.5,2
2014-01-01,Ziguinchor,Ziguinchor,Maïs local,262.5,2
2014-01-01,Ziguinchor,Ziguinchor,Mil,263.0,3
2014-01-01,Ziguinchor,Ziguinchor,Riz importé (brisé),290.0,2
2014-01-01,Ziguinchor,Ziguinchor,Sorgho,275.0,2
2014-02-01,Dakar,Dakar,Maïs importé,250.0,4
2014-02-01,Dakar,Dakar,Maïs local,250.0,4
2014-02-01,Dakar,Dakar,Mil,275.0,5
2014-02-01,Dakar,Dakar,Riz importé (brisé),275.0,5
2014-02-01,Dakar,Dakar,Riz local,275.0,1
2014-02-01,Dakar,Dakar,Sorgho,275.0,5
2014-02-01,Diourbel,Diourbel,Maïs importé,200.625,4
2014-02-01,Diourbel,Diourbel,Maïs local,185.0,3
2014-02-01,Diourbel,Diourbel,Mil,190.0,5
2014-02-01,Diourbel,Diourbel,Riz importé (brisé),270.0,5
2014-02-01,Diourbel,Diourbel,Riz local,240.0,4
2014-02-01,Diourbel,Diourbel,Sorgho,195.0,3
2014-02-01,Fatick,Fatick,Maïs importé,220.0,3
2014-02-01,Fatick,Fatick,Maïs local,220.0,5
2014-02-01,Fatick,Fatick,Mil,235.0,5
2014-02-01,Fatick,Fatick,Riz importé (brisé),270.0,5
2014-02-01,Fatick,Fatick,Riz local,250.0,1
2014-02-01,Fatick,Fatick,Sorgho,235.0,5
2014-02-01,Kaffrine,Kaffrine,Maïs local,155.0,4
2014-02-01,Kaffrine,Kaffrine,Mil,175.0,4
2014-02-01,Kaffrine,Kaffrine,Riz importé (brisé),270.0,3
2014-02-01,Kaffrine,Kaffrine,Sorgho,175.0,4
2014-02-01,Kaolack,Kaolack,Maïs local,172.5,3
2014-02-01,Kaolack,Kaolack,Mil,173.125,4
2014-02-01,Kaolack,Kaolack,Riz importé (brisé),273.75,3
2014-02-01,Kaolack,Kaolack,Riz local,230.0,1
2014-02-01,Kaolack,Kaolack,Sorgho,180.0,4
2014-02-01,Kedougou,Kédougou,Maïs local,200.0,3
2014-02-01,Kedougou,Kédougou,Mil,300.0,2
2014-02-01,Kedougou,Kédougou,Riz importé (brisé),300.0,3
2014-02-01,Kedougou,Kédougou,Sorgho,275.0,3
2014-02-01,Kolda,Kolda,Maïs local,212.5,3
2014-02-01,Kolda,Kolda,Mil,225.0,3
2014-02-01,Kolda,Kolda,Riz importé (brisé),275.0,3
2014-02-01,Kolda,Kolda,Sorgho,200.0,3
2014-02-01,Louga,Louga,Maïs importé,225.0,2
2014-02-01,Louga,Louga,Maïs local,208.33499999999998,2
2014-02-01,Louga,Louga,Mil,229.17,2
2014-02-01,Louga,Louga,Riz importé (brisé),271.66499999999996,2
2014-02-01,Louga,Louga,Riz local,235.0,2
2014-02-01,Louga,Louga,Sorgho,250.0,1
2014-02-01,Matam,Matam,Maïs importé,212.5,2
2014-02-01,Matam,Matam,Maïs local,212.5,2
2014-02-01,Matam,Matam,Mil,245.0,3
2014-02-01,Matam,Matam,Riz importé (brisé),275.0,3
2014-02-01,Matam,Matam,Riz local,242.5,2
2014-02-01,Matam,Matam,Sorgho,245.0,3
2014-02-01,Saint Louis,Saint-Louis,Maïs importé,240.0,2
2014-02-01,Saint Louis,Saint-Louis,Maïs local,250.0,2
2014-02-01,Saint Louis,Saint-Louis,Mil,245.83499999999998,2
2014-02-01,Saint Louis,Saint-Louis,Riz importé (brisé),260.0,2
2014-02-01,Saint Louis,Saint-Louis,Riz local,255.0,2
2014-02-01,Saint Louis,Saint-Louis,Sorgho,250.0,2
2014-02-01,Sedhiou,Sédhiou,Maïs local,287.5,1
2014-02-01,Sedhiou,Sédhiou,Mil,250.0,1
2014-02-01,Sedhiou,Sédhiou,Riz importé (brisé),273.75,1
2014-02-01,Sedhiou,Sédhiou,Sorgho,220.0,1
2014-02-01,Tambacounda,Tambacounda,Maïs local,150.0,3
2014-02-01,Tambacounda,Tambacounda,Mil,175.0,4
2014-02-01,Tambacounda,Tambacounda,Riz importé (brisé),275.0,4
2014-02-01,Tambacounda,Tambacounda,Sorgho,125.0,3
2014-02-01,Thies,Thiès,Maïs importé,245.0,3
2014-02-01,Thies,Thiès,Maïs local,225.0,3
2014-02-01,Thies,Thiès,Mil,223.33,3
2014-02-01,Thies,Thiès,Riz importé (brisé),265.0,3
2014-02-01,Thies,Thiès,Riz local,260.0,1
2014-02-01,Thies,Thiès,Sorgho,225.83499999999998,2
2014-02-01,Ziguinchor,Ziguinchor,Maïs local,250.0,1
2014-02-01,Ziguinchor,Ziguinchor,Mil,275.0,2
2014-02-01,Ziguinchor,Ziguinchor,Riz importé (brisé),280.0,1
2014-02-01,Ziguinchor,Ziguinchor,Sorgho,275.0,1
2014-03-01,Dakar,Dakar,Maïs local,250.0,3
2014-03-01,Dakar,Dakar,Mil,256.5,4
2014-03-01,Dakar,Dakar,Riz importé (brisé),260.0,4
2014-03-01,Dakar,Dakar,Riz local,350.0,1
2014-03-01,Dakar,Dakar,Sorgho,256.5,4
2014-03-01,Diourbel,Diourbel,Maïs importé,215.0,3
2014-03-01,Diourbel,Diourbel,Maïs local,196.25,2
2014-03-01,Diourbel,Diourbel,Mil,190.0,5
2014-03-01,Diourbel,Diourbel,Riz importé (brisé),270.0,5
2014-03-01,Diourbel,Diourbel,Riz local,250.0,3
2014-03-01,Diourbel,Diourbel,Sorgho,196.25,3
2014-03-01,Fatick,Fatick,Maïs importé,216.66500000000002,2
2014-03-01,Fatick,Fatick,Maïs local,215.0,6
2014-03-01,Fatick,Fatick,Mil,220.83499999999998,6
2014-03-01,Fatick,Fatick,Riz importé (brisé),270.0,6
2014-03-01,Fatick,Fatick,Sorgho,235.0,5
2014-03-01,Kaffrine,Kaffrine,Maïs local,167.5,4
2014-03-01,Kaffrine,Kaffrine,Mil,185.0,4
2014-03-01,Kaffrine,Kaffrine,Riz importé (brisé),270.0,4
2014-03-01,Kaffrine,Kaffrine,Sorgho,177.5,4
2014-03-01,Kaolack,Kaolack,Maïs local,180.0,3
2014-03-01,Kaolack,Kaolack,Mil,185.41500000000002,4
2014-03-01,Kaolack,Kaolack,Riz importé (brisé),270.625,4
2014-03-01,Kaolack,Kaolack,Riz local,243.33,1
2014-03-01,Kaolack,Kaolack,Sorgho,185.625,4
2014-03-01,Kedougou,Kédougou,Maïs local,200.0,3
2014-03-01,Kedougou,Kédougou,Mil,300.0,2
2014-03-01,Kedougou,Kédougou,Riz importé (brisé),300.0,3
2014-03-01,Kedougou,Kédougou,Sorgho,275.0,3
2014-03-01,Kolda,Kolda,Maïs local,193.75,2
2014-03-01,Kolda,Kolda,Mil,212.5,3
2014-03-01,Kolda,Kolda,Riz importé (brisé),275.0,3
2014-03-01,Kolda,Kolda,Sorgho,200.0,3
2014-03-01,Louga,Louga,Maïs importé,225.0,1
2014-03-01,Louga,Louga,Maïs local,206.875,2
2014-03-01,Louga,Louga,Mil,232.5,2
2014-03-01,Louga,Louga,Riz importé (brisé),265.625,2
2014-03-01,Louga,Louga,Riz local,235.0,2
2014-03-01,Matam,Matam,Maïs importé,204.16500000000002,2
2014-03-01,Matam,Matam,Maïs local,212.5,2
2014-03-01,Matam,Matam,Mil,250.0,4
2014-03-01,Matam,Matam,Riz importé (brisé),275.0,4
2014-03-01,Matam,Matam,Riz local,275.0,3
2014-03-01,Matam,Matam,Sorgho,250.0,4
2014-03-01,Saint Louis,Saint-Louis,Maïs importé,240.0,1
2014-03-01,Saint Louis,Saint-Louis,Maïs local,225.0,2
2014-03-01,Saint Louis,Saint-Louis,Mil,235.0,2
2014-03-01,Saint Louis,Saint-Louis,Riz importé (brisé),260.0,2
2014-03-01,Saint Louis,Saint-Louis,Riz local,235.0,2
2014-03-01,Saint Louis,Saint-Louis,Sorgho,250.0,2
2014-03-01,Sedhiou,Sédhiou,Maïs local,262.5,1
2014-03-01,Sedhiou,Sédhiou,Mil,250.0,1
2014-03-01,Sedhiou,Sédhiou,Riz importé (brisé),270.0,1
2014-03-01,Sedhiou,Sédhiou,Sorgho,255.0,1
2014-03-01,Tambacounda,Tambacounda,Maïs local,162.5,4
2014-03-01,Tambacounda,Tambacounda,Mil,187.5,4
2014-03-01,Tambacounda,Tambacounda,Riz importé (brisé),275.0,4
2014-03-01,Tambacounda,Tambacounda,Sorgho,150.0,3
2014-03-01,Thies,Thiès,Maïs importé,238.75,4
2014-03-01,Thies,Thiès,Maïs local,225.0,4
2014-03-01,Thies,Thiès,Mil,226.67,4
2014-03-01,Thies,Thiès,Riz importé (brisé),265.0,4
2014-03-01,Thies,Thiès,Riz local,260.0,1
2014-03-01,Thies,Thiès,Sorgho,227.5,2
2014-03-01,Ziguinchor,Ziguinchor,Maïs local,277.5,2
2014-03-01,Ziguinchor,Ziguinchor,Mil,278.0,3
2014-03-01,Ziguinchor,Ziguinchor,Riz importé (brisé),290.0,2
2014-03-01,Ziguinchor,Ziguinchor,Sorgho,300.0,2
2014-04-01,Dakar,Dakar,Maïs local,207.5,4
2014-04-01,Dakar,Dakar,Mil,217.5,5
2014-04-01,Dakar,Dakar,Riz importé (brisé),265.0,4
2014-04-01,Dakar,Dakar,Sorgho,225.0,4
2014-04-01,Diourbel,Diourbel,Maïs local,197.92,3
2014-04-01,Diourbel,Diourbel,Mil,189.5,3
2014-04-01,Diourbel,Diourbel,Riz importé (brisé),270.0,3
2014-04-01,Diourbel,Diourbel,Riz local,248.44,3
2014-04-01,Diourbel,Diourbel,Sorgho,194.17,2
2014-04-01,Fatick,Fatick,Maïs local,220.0,5
2014-04-01,Fatick,Fatick,Mil,235.0,5
2014-04-01,Fatick,Fatick,Riz importé (brisé),270.0,5
2014-04-01,Fatick,Fatick,Sorgho,235.0,5
2014-04-01,Kaffrine,Kaffrine,Maïs local,165.0,4
2014-04-01,Kaffrine,Kaffrine,Mil,185.0,4
2014-04-01,Kaffrine,Kaffrine,Riz importé (brisé),270.0,4
2014-04-01,Kaffrine,Kaffrine,Sorgho,185.0,4
2014-04-01,Kaolack,Kaolack,Maïs local,185.0,4
2014-04-01,Kaolack,Kaolack,Mil,196.25,4
2014-04-01,Kaolack,Kaolack,Riz importé (brisé),270.0,4
2014-04-01,Kaolack,Kaolack,Riz local,250.0,1
2014-04-01,Kaolack,Kaolack,Sorgho,205.0,4
2014-04-01,Kedougou,Kédougou,Maïs local,185.0,3
2014-04-01,Kedougou,Kédougou,Mil,300.0,2
2014-04-01,Kedougou,Kédougou,Riz importé (brisé),300.0,3
2014-04-01,Kedougou,Kédougou,Sorgho,275.0,3
2014-04-01,Kolda,Kolda,Maïs local,207.5,1
2014-04-01,Kolda,Kolda,Mil,212.5,1
2014-04-01,Kolda,Kolda,Riz importé (brisé),275.0,1
2014-04-01,Kolda,Kolda,Sorgho,190.0,1
2014-04-01,Louga,Louga,Maïs local,208.75,2
2014-04-01,Louga,Louga,Mil,237.5,2
2014-04-01,Louga,Louga,Riz importé (brisé),263.75,2
2014-04-01,Louga,Louga,Riz local,233.75,2
2014-04-01,Matam,Matam,Maïs local,200.0,1
2014-04-01,Matam,Matam,Mil,275.0,3
2014-04-01,Matam,Matam,Riz importé (brisé),275.0,3
2014-04-01,Matam,Matam,Riz local,300.0,2
2014-04-01,Matam,Matam,Sorgho,250.0,3
2014-04-01,Saint Louis,Saint-Louis,Maïs local,222.5,2
2014-04-01,Saint Louis,Saint-Louis,Mil,232.5,2
2014-04-01,Saint Louis,Saint-Louis,Riz importé (brisé),260.0,2
2014-04-01,Saint Louis,Saint-Louis,Riz local,240.0,2
2014-04-01,Sedhiou,Sédhiou,Maïs local,300.0,1
2014-04-01,Sedhiou,Sédhiou,Mil,250.0,1
2014-04-01,Sedhiou,Sédhiou,Riz importé (brisé),360.0,1
2014-04-01,Sedhiou,Sédhiou,Riz local,270.0,1
2014-04-01,Sedhiou,Sédhiou,Sorgho,210.0,1
2014-04-01,Tambacounda,Tambacounda,Maïs local,162.5,4
2014-04-01,Tambacounda,Tambacounda,Mil,187.5,4
2014-04-01,Tambacounda,Tambacounda,Riz importé (brisé),275.0,4
2014-04-01,Tambacounda,Tambacounda,Sorgho,150.0,3
2014-04-01,Thies,Thiès,Maïs local,228.33,2
2014-04-01,Thies,Thiès,Mil,226.33,2
2014-04-01,Thies,Thiès,Riz importé (brisé),263.46,2
2014-04-01,Thies,Thiès,Riz local,260.0,2
2014-04-01,Thies,Thiès,Sorgho,228.75,2
2014-04-01,Ziguinchor,Ziguinchor,Maïs local,275.0,2
2014-04-01,Ziguinchor,Ziguinchor,Mil,250.0,3
2014-04-01,Ziguinchor,Ziguinchor,Riz importé (brisé),300.0,2
2014-04-01,Ziguinchor,Ziguinchor,Sorgho,300.0,2
2014-05-01,Dakar,Dakar,Maïs local,228.75,4
2014-05-01,Dakar,Dakar,Mil,250.0,5
2014-05-01,Dakar,Dakar,Riz importé (brisé),285.0,4
2014-05-01,Dakar,Dakar,Riz local,285.0,1
2014-05-01,Dakar,Dakar,Sorgho,237.5,4
2014-05-01,Diourbel,Diourbel,Maïs importé,197.0,3
2014-05-01,Diourbel,Diourbel,Maïs local,177.5,3
2014-05-01,Diourbel,Diourbel,Mil,202.25,4
2014-05-01,Diourbel,Diourbel,Riz importé (brisé),270.0,4
2014-05-01,Diourbel,Diourbel,Riz local,240.0,3
2014-05-01,Diourbel,Diourbel,Sorgho,194.0,2
2014-05-01,Fatick,Fatick,Maïs importé,213.33499999999998,2
2014-05-01,Fatick,Fatick,Maïs local,222.5,6
2014-05-01,Fatick,Fatick,Mil,225.0,6
2014-05-01,Fatick,Fatick,Riz importé (brisé),270.0,6
2014-05-01,Fatick,Fatick,Sorgho,235.0,5
2014-05-01,Kaffrine,Kaffrine,Maïs local,180.0,3
2014-05-01,Kaffrine,Kaffrine,Mil,200.0,3
2014-05-01,Kaffrine,Kaffrine,Riz importé (brisé),270.0,3
2014-05-01,Kaffrine,Kaffrine,Sorgho,195.0,3
2014-05-01,Kaolack,Kaolack,Maïs importé,175.0,3
2014-05-01,Kaolack,Kaolack,Maïs local,184.375,4
2014-05-01,Kaolack,Kaolack,Mil,200.0,4
2014-05-01,Kaolack,Kaolack,Riz importé (brisé),267.5,4
2014-05-01,Kaolack,Kaolack,Riz local,250.0,1
2014-05-01,Kaolack,Kaolack,Sorgho,208.33,3
2014-05-01,Kedougou,Kédougou,Maïs local,185.0,3
2014-05-01,Kedougou,Kédougou,Mil,300.0,1
2014-05-01,Kedougou,Kédougou,Riz importé (brisé),300.0,3
2014-05-01,Kedougou,Kédougou,Sorgho,275.0,3
2014-05-01,Kolda,Kolda,Maïs local,212.5,2
2014-05-01,Kolda,Kolda,Mil,231.25,2
2014-05-01,Kolda,Kolda,Riz importé (brisé),275.0,2
2014-05-01,Kolda,Kolda,Sorgho,225.0,2
2014-05-01,Louga,Louga,Maïs importé,235.0,3
2014-05-01,Louga,Louga,Maïs local,221.67,3
2014-05-01,Louga,Louga,Mil,238.33,3
2014-05-01,Louga,Louga,Riz importé (brisé),275.0,3
2014-05-01,Louga,Louga,Riz local,237.5,3
2014-05-01,Louga,Louga,Sorgho,225.0,2
2014-05-01,Matam,Matam,Maïs importé,200.0,1
2014-05-01,Matam,Matam,Mil,250.0,2
2014-05-01,Matam,Matam,Riz importé (brisé),362.5,2
2014-05-01,Matam,Matam,Riz local,267.5,1
2014-05-01,Matam,Matam,Sorgho,250.0,2
2014-05-01,Saint Louis,Saint-Louis,Maïs importé,250.0,2
2014-05-01,Saint Louis,Saint-Louis,Maïs local,250.0,1
2014-05-01,Saint Louis,Saint-Louis,Mil,240.0,2
2014-05-01,Saint Louis,Saint-Louis,Riz importé (brisé),266.66499999999996,2
2014-05-01,Saint Louis,Saint-Louis,Riz local,266.66499999999996,2
2014-05-01,Sedhiou,Sédhiou,Maïs local,300.0,1
2014-05-01,Sedhiou,Sédhiou,Mil,275.0,1
2014-05-01,Sedhiou,Sédhiou,Riz importé (brisé),270.0,1
2014-05-01,Sedhiou,Sédhiou,Sorgho,210.0,1
2014-05-01,Tambacounda,Tambacounda,Maïs local,162.5,4
2014-05-01,Tambacounda,Tambacounda,Mil,187.5,4
2014-05-01,Tambacounda,Tambacounda,Riz importé (brisé),275.0,4
2014-05-01,Tambacounda,Tambacounda,Sorgho,150.0,3
2014-05-01,Thies,Thiès,Maïs importé,241.54,2
2014-05-01,Thies,Thiès,Maïs local,228.33,2
2014-05-01,Thies,Thiès,Mil,226.33,2
2014-05-01,Thies,Thiès,Riz importé (brisé),263.46,2
2014-05-01,Thies,Thiès,Riz local,260.0,2
2014-05-01,Thies,Thiès,Sorgho,228.75,2
2014-05-01,Ziguinchor,Ziguinchor,Maïs local,250.0,2
2014-05-01,Ziguinchor,Ziguinchor,Mil,250.0,3
2014-05-01,Ziguinchor,Ziguinchor,Riz importé (brisé),290.0,2
2014-05-01,Ziguinchor,Ziguinchor,Sorgho,287.5,2
2014-06-01,Dakar,Dakar,Maïs importé,250.0,1
2014-06-01,Dakar,Dakar,Maïs local,250.0,3
2014-06-01,Dakar,Dakar,Mil,266.5,4
2014-06-01,Dakar,Dakar,Riz importé (brisé),267.5,4
2014-06-01,Dakar,Dakar,Riz local,270.0,1
2014-06-01,Dakar,Dakar,Riz ordinaire 1re qual.,387.5,2
2014-06-01,Dakar,Dakar,Riz ordinaire 2e qual.,265.0,3
2014-06-01,Dakar,Dakar,Sorgho,250.0,3
2014-06-01,Diourbel,Diourbel,Maïs importé,192.5,2
2014-06-01,Diourbel,Diourbel,Maïs local,177.5,2
2014-06-01,Diourbel,Diourbel,Mil,205.0,2
2014-06-01,Diourbel,Diourbel,Riz importé (brisé),270.0,2
2014-06-01,Diourbel,Diourbel,Riz local,237.5,2
2014-06-01,Diourbel,Diourbel,Riz ordinaire 2e qual.,270.0,2
2014-06-01,Diourbel,Diourbel,Sorgho,195.0,2
2014-06-01,Fatick,Fatick,Maïs importé,210.0,1
2014-06-01,Fatick,Fatick,Maïs local,220.0,5
2014-06-01,Fatick,Fatick,Mil,225.0,5
2014-06-01,Fatick,Fatick,Riz importé (brisé),270.0,5
2014-06-01,Fatick,Fatick,Riz ordinaire 1re qual.,440.0,1
2014-06-01,Fatick,Fatick,Riz ordinaire 2e qual.,270.0,5
2014-06-01,Fatick,Fatick,Sorgho,235.0,5
2014-06-01,Kaffrine,Kaffrine,Maïs local,151.25,4
2014-06-01,Kaffrine,Kaffrine,Mil,200.0,4
2014-06-01,Kaffrine,Kaffrine,Riz importé (brisé),270.0,4
2014-06-01,Kaffrine,Kaffrine,Riz ordinaire 1re qual.,440.0,4
2014-06-01,Kaffrine,Kaffrine,Riz ordinaire 2e qual.,270.0,4
2014-06-01,Kaffrine,Kaffrine,Sorgho,195.0,4
2014-06-01,Kaolack,Kaolack,Maïs importé,170.0,2
2014-06-01,Kaolack,Kaolack,Maïs local,175.0,4
2014-06-01,Kaolack,Kaolack,Mil,185.41500000000002,4
2014-06-01,Kaolack,Kaolack,Riz importé (brisé),270.0,4
2014-06-01,Kaolack,Kaolack,Riz local,250.0,1
2014-06-01,Kaolack,Kaolack,Riz ordinaire 1re qual.,450.0,1
2014-06-01,Kaolack,Kaolack,Riz ordinaire 2e qual.,270.0,4
2014-06-01,Kaolack,Kaolack,Sorgho,203.75,4
2014-06-01,Kedougou,Kédougou,Maïs local,200.0,2
2014-06-01,Kedougou,Kédougou,Mil,300.0,1
2014-06-01,Kedougou,Kédougou,Riz importé (brisé),290.0,2
2014-06-01,Kedougou,Kédougou,Riz ordinaire 1re qual.,465.0,2
2014-06-01,Kedougou,Kédougou,Riz ordinaire 2e qual.,290.0,2
2014-06-01,Kedougou,Kédougou,Sorgho,300.0,2
2014-06-01,Kolda,Kolda,Maïs local,212.5,2
2014-06-01,Kolda,Kolda,Mil,237.5,2
2014-06-01,Kolda,Kolda,Riz importé (brisé),275.0,2
2014-06-01,Kolda,Kolda,Riz local,300.0,1
2014-06-01,Kolda,Kolda,Riz ordinaire 1re qual.,465.0,2
2014-06-01,Kolda,Kolda,Riz ordinaire 2e qual.,275.0,2
2014-06-01,Kolda,Kolda,Sorgho,225.0,2
2014-06-01,Louga,Louga,Maïs local,240.83,2
2014-06-01,Louga,Louga,Mil,251.67000000000002,2
2014-06-01,Louga,Louga,Riz importé (brisé),275.0,2
2014-06-01,Louga,Louga,Riz local,250.0,1
2014-06-01,Louga,Louga,Riz ordinaire 1re qual.,375.0,1
2014-06-01,Louga,Louga,Riz ordinaire 2e qual.,275.0,2
2014-06-01,Louga,Louga,Sorgho,243.33,1
2014-06-01,Matam,Matam,Maïs local,200.0,1
2014-06-01,Matam,Matam,Mil,261.5,2
2014-06-01,Matam,Matam,Riz importé (brisé),362.5,2
2014-06-01,Matam,Matam,Riz ordinaire 2e qual.,275.0,1
2014-06-01,Matam,Matam,Sorgho,249.0,2
2014-06-01,Saint Louis,Saint-Louis,Maïs importé,300.0,2
2014-06-01,Saint Louis,Saint-Louis,Maïs local,247.915,2
2014-06-01,Saint Louis,Saint-Louis,Mil,240.83499999999998,2
2014-06-01,Saint Louis,Saint-Louis,Riz importé (brisé),375.0,2
2014-06-01,Saint Louis,Saint-Louis,Riz local,267.915,2
2014-06-01,Saint Louis,Saint-Louis,Riz ordinaire 2e qual.,450.0,2
2014-06-01,Saint Louis,Saint-Louis,Sorgho,262.5,2
2014-06-01,Sedhiou,Sédhiou,Maïs local,300.0,1
2014-06-01,Sedhiou,Sédhiou,Mil,233.33,1
2014-06-01,Sedhiou,Sédhiou,Riz importé (brisé),270.0,1
2014-06-01,Sedhiou,Sédhiou,Riz ordinaire 1re qual.,450.0,1
2014-06-01,Sedhiou,Sédhiou,Riz ordinaire 2e qual.,270.0,1
2014-06-01,Sedhiou,Sédhiou,Sorgho,210.0,1
2014-06-01,Tambacounda,Tambacounda,Maïs local,165.625,4
2014-06-01,Tambacounda,Tambacounda,Mil,187.5,4
2014-06-01,Tambacounda,Tambacounda,Riz importé (brisé),275.0,4
2014-06-01,Tambacounda,Tambacounda,Riz ordinaire 1re qual.,450.0,4
2014-06-01,Tambacounda,Tambacounda,Riz ordinaire 2e qual.,275.0,4
2014-06-01,Tambacounda,Tambacounda,Sorgho,150.0,3
2014-06-01,Thies,Thiès,Maïs importé,237.5,2
2014-06-01,Thies,Thiès,Maïs local,227.08499999999998,2
2014-06-01,Thies,Thiès,Mil,236.66500000000002,2
2014-06-01,Thies,Thiès,Riz importé (brisé),256.66499999999996,2
2014-06-01,Thies,Thiès,Riz local,276.67,1
2014-06-01,Thies,Thiès,Riz ordinaire 1re qual.,350.0,1
2014-06-01,Thies,Thiès,Riz ordinaire 2e qual.,256.66499999999996,2
2014-06-01,Thies,Thiès,Sorgho,216.66500000000002,2
2014-06-01,Ziguinchor,Ziguinchor,Maïs local,250.0,1
2014-06-01,Ziguinchor,Ziguinchor,Mil,250.0,2
2014-06-01,Ziguinchor,Ziguinchor,Riz importé (brisé),280.0,1
2014-06-01,Ziguinchor,Ziguinchor,Riz ordinaire 2e qual.,280.0,1
2014-06-01,Ziguinchor,Ziguinchor,Sorgho,275.0,1
2014-07-01,Dakar,Dakar,Maïs importé,229.16500000000002,2
2014-07-01,Dakar,Dakar,Maïs local,237.5,2
2014-07-01,Dakar,Dakar,Mil,257.0,3
2014-07-01,Dakar,Dakar,Riz importé (brisé),260.0,3
2014-07-01,Dakar,Dakar,Sorgho,266.5,2
2014-07-01,Diourbel,Diourbel,Maïs importé,192.5,2
2014-07-01,Diourbel,Diourbel,Maïs local,177.5,2
2014-07-01,Diourbel,Diourbel,Mil,200.0,1
2014-07-01,Diourbel,Diourbel,Riz importé (brisé),270.0,2
2014-07-01,Diourbel,Diourbel,Riz local,237.5,2
2014-07-01,Diourbel,Diourbel,Sorgho,195.0,2
2014-07-01,Fatick,Fatick,Maïs importé,210.0,1
2014-07-01,Fatick,Fatick,Maïs local,235.0,5
2014-07-01,Fatick,Fatick,Mil,205.0,5
2014-07-01,Fatick,Fatick,Riz importé (brisé),270.0,5
2014-07-01,Fatick,Fatick,Sorgho,250.0,5
2014-07-01,Kaffrine,Kaffrine,Maïs local,152.5,4
2014-07-01,Kaffrine,Kaffrine,Mil,190.0,3
2014-07-01,Kaffrine,Kaffrine,Riz importé (brisé),270.0,4
2014-07-01,Kaffrine,Kaffrine,Sorgho,191.25,4
2014-07-01,Kaolack,Kaolack,Maïs importé,178.75,1
2014-07-01,Kaolack,Kaolack,Maïs local,176.04000000000002,4
2014-07-01,Kaolack,Kaolack,Mil,193.33499999999998,4
2014-07-01,Kaolack,Kaolack,Riz importé (brisé),270.0,3
2014-07-01,Kaolack,Kaolack,Riz local,250.0,1
2014-07-01,Kaolack,Kaolack,Sorgho,206.67,3
2014-07-01,Kedougou,Kédougou,Maïs local,200.0,3
2014-07-01,Kedougou,Kédougou,Mil,325.0,1
2014-07-01,Kedougou,Kédougou,Riz importé (brisé),300.0,3
2014-07-01,Kedougou,Kédougou,Sorgho,300.0,3
2014-07-01,Kolda,Kolda,Maïs local,237.5,3
2014-07-01,Kolda,Kolda,Mil,237.5,3
2014-07-01,Kolda,Kolda,Riz importé (brisé),275.0,3
2014-07-01,Kolda,Kolda,Riz local,300.0,1
2014-07-01,Kolda,Kolda,Sorgho,228.125,2
2014-07-01,Louga,Louga,Maïs local,241.25,2
2014-07-01,Louga,Louga,Mil,265.0,2
2014-07-01,Louga,Louga,Riz importé (brisé),275.0,2
2014-07-01,Louga,Louga,Riz local,262.5,2
2014-07-01,Louga,Louga,Sorgho,247.5,2
2014-07-01,Matam,Matam,Maïs local,225.0,2
2014-07-01,Matam,Matam,Mil,275.0,3
2014-07-01,Matam,Matam,Riz importé (brisé),275.0,3
2014-07-01,Matam,Matam,Riz local,350.0,1
2014-07-01,Matam,Matam,Sorgho,250.0,3
2014-07-01,Saint Louis,Saint-Louis,Maïs importé,250.0,1
2014-07-01,Saint Louis,Saint-Louis,Maïs local,225.0,2
2014-07-01,Saint Louis,Saint-Louis,Mil,248.125,2
2014-07-01,Saint Louis,Saint-Louis,Riz importé (brisé),300.0,2
2014-07-01,Saint Louis,Saint-Louis,Riz local,247.5,2
2014-07-01,Saint Louis,Saint-Louis,Sorgho,210.0,1
2014-07-01,Sedhiou,Sédhiou,Maïs local,293.75,1
2014-07-01,Sedhiou,Sédhiou,Mil,293.75,1
2014-07-01,Sedhiou,Sédhiou,Riz importé (brisé),270.0,1
2014-07-01,Sedhiou,Sédhiou,Sorgho,210.0,1
2014-07-01,Tambacounda,Tambacounda,Maïs local,168.75,4
2014-07-01,Tambacounda,Tambacounda,Mil,197.91500000000002,4
2014-07-01,Tambacounda,Tambacounda,Riz importé (brisé),275.0,3
2014-07-01,Tambacounda,Tambacounda,Sorgho,181.25,4
2014-07-01,Thies,Thiès,Maïs importé,225.0,1
2014-07-01,Thies,Thiès,Maïs local,215.0,1
2014-07-01,Thies,Thiès,Mil,225.0,1
2014-07-01,Thies,Thiès,Riz importé (brisé),250.0,1
2014-07-01,Thies,Thiès,Riz local,275.0,1
2014-07-01,Thies,Thiès,Sorgho,225.0,1
2014-07-01,Ziguinchor,Ziguinchor,Maïs local,262.5,2
2014-07-01,Ziguinchor,Ziguinchor,Mil,250.0,3
2014-07-01,Ziguinchor,Ziguinchor,Riz importé (brisé),288.75,2
2014-07-01,Ziguinchor,Ziguinchor,Sorgho,287.5,2
2014-08-01,Dakar,Dakar,Maïs local,250.0,2
2014-08-01,Dakar,Dakar,Mil,250.0,3
2014-08-01,Dakar,Dakar,Riz importé (brisé),312.5,3
2014-08-01,Dakar,Dakar,Riz local,280.0,2
2014-08-01,Dakar,Dakar,Sorgho,250.0,2
2014-08-01,Diourbel,Diourbel,Maïs importé,233.33,3
2014-08-01,Diourbel,Diourbel,Maïs local,220.0,3
2014-08-01,Diourbel,Diourbel,Mil,223.33,3
2014-08-01,Diourbel,Diourbel,Riz importé (brisé),275.0,4
2014-08-01,Diourbel,Diourbel,Riz local,245.0,4
2014-08-01,Diourbel,Diourbel,Sorgho,218.33499999999998,2
2014-08-01,Fatick,Fatick,Maïs importé,236.25,2
2014-08-01,Fatick,Fatick,Maïs local,248.33499999999998,6
2014-08-01,Fatick,Fatick,Mil,224.16500000000002,6
2014-08-01,Fatick,Fatick,Riz importé (brisé),270.0,6
2014-08-01,Fatick,Fatick,Riz local,270.0,6
2014-08-01,Fatick,Fatick,Sorgho,225.0,5
2014-08-01,Kaffrine,Kaffrine,Maïs local,176.67,4
2014-08-01,Kaffrine,Kaffrine,Mil,203.33,4
2014-08-01,Kaffrine,Kaffrine,Riz importé (brisé),270.0,4
2014-08-01,Kaffrine,Kaffrine,Riz local,270.0,4
2014-08-01,Kaffrine,Kaffrine,Sorgho,200.0,4
2014-08-01,Kaolack,Kaolack,Maïs importé,175.0,2
2014-08-01,Kaolack,Kaolack,Maïs local,198.33,3
2014-08-01,Kaolack,Kaolack,Mil,208.33499999999998,4
2014-08-01,Kaolack,Kaolack,Riz importé (brisé),270.0,3
2014-08-01,Kaolack,Kaolack,Riz local,270.0,4
2014-08-01,Kaolack,Kaolack,Sorgho,225.0,2
2014-08-01,Kedougou,Kédougou,Maïs importé,200.0,1
2014-08-01,Kedougou,Kédougou,Maïs local,198.75,3
2014-08-01,Kedougou,Kédougou,Mil,325.0,1
2014-08-01,Kedougou,Kédougou,Riz importé (brisé),300.0,3
2014-08-01,Kedougou,Kédougou,Riz local,300.0,3
2014-08-01,Kedougou,Kédougou,Sorgho,300.0,3
2014-08-01,Kolda,Kolda,Maïs local,225.0,2
2014-08-01,Kolda,Kolda,Mil,262.5,2
2014-08-01,Kolda,Kolda,Riz importé (brisé),275.0,2
2014-08-01,Kolda,Kolda,Riz local,300.0,2
2014-08-01,Kolda,Kolda,Sorgho,225.0,2
2014-08-01,Louga,Louga,Maïs importé,256.67,1
2014-08-01,Louga,Louga,Maïs local,246.67,1
2014-08-01,Louga,Louga,Mil,263.33500000000004,2
2014-08-01,Louga,Louga,Riz importé (brisé),275.0,2
2014-08-01,Louga,Louga,Riz local,235.41500000000002,2
2014-08-01,Louga,Louga,Sorgho,253.33499999999998,2
2014-08-01,Matam,Matam,Maïs importé,200.0,1
2014-08-01,Matam,Matam,Mil,250.0,2
2014-08-01,Matam,Matam,Riz importé (brisé),362.5,2
2014-08-01,Matam,Matam,Riz local,312.5,1
2014-08-01,Matam,Matam,Sorgho,250.0,2
2014-08-01,Saint Louis,Saint-Louis,Maïs importé,250.0,2
2014-08-01,Saint Louis,Saint-Louis,Maïs local,205.625,2
2014-08-01,Saint Louis,Saint-Louis,Mil,245.5,2
2014-08-01,Saint Louis,Saint-Louis,Riz importé (brisé),300.0,2
2014-08-01,Saint Louis,Saint-Louis,Riz local,247.5,2
2014-08-01,Sedhiou,Sédhiou,Maïs local,300.0,1
2014-08-01,Sedhiou,Sédhiou,Mil,300.0,1
2014-08-01,Sedhiou,Sédhiou,Riz importé (brisé),270.0,1
2014-08-01,Sedhiou,Sédhiou,Riz local,270.0,1
2014-08-01,Sedhiou,Sédhiou,Sorgho,300.0,1
2014-08-01,Tambacounda,Tambacounda,Maïs local,175.0,4
2014-08-01,Tambacounda,Tambacounda,Mil,212.5,4
2014-08-01,Tambacounda,Tambacounda,Riz importé (brisé),275.0,3
2014-08-01,Tambacounda,Tambacounda,Riz local,275.0,4
2014-08-01,Tambacounda,Tambacounda,Sorgho,187.5,4
2014-08-01,Thies,Thiès,Maïs importé,225.0,3
2014-08-01,Thies,Thiès,Maïs local,225.0,3
2014-08-01,Thies,Thiès,Mil,250.0,3
2014-08-01,Thies,Thiès,Riz importé (brisé),260.0,3
2014-08-01,Thies,Thiès,Riz local,260.0,3
2014-08-01,Thies,Thiès,Sorgho,240.0,2
2014-08-01,Ziguinchor,Ziguinchor,Maïs local,270.83500000000004,2
2014-08-01,Ziguinchor,Ziguinchor,Mil,275.0,3
2014-08-01,Ziguinchor,Ziguinchor,Riz importé (brisé),300.0,3
2014-08-01,Ziguinchor,Ziguinchor,Riz local,290.0,2
2014-08-01,Ziguinchor,Ziguinchor,Sorgho,295.83500000000004,2
2014-09-01,Dakar,Dakar,Maïs local,250.0,1
2014-09-01,Dakar,Dakar,Mil,250.0,3
2014-09-01,Dakar,Dakar,Riz importé (brisé),275.0,3
2014-09-01,Dakar,Dakar,Sorgho,262.5,2
2014-09-01,Diourbel,Diourbel,Maïs importé,241.25,2
2014-09-01,Diourbel,Diourbel,Maïs local,233.75,3
2014-09-01,Diourbel,Diourbel,Mil,227.5,4
2014-09-01,Diourbel,Diourbel,Riz importé (brisé),275.0,4
2014-09-01,Diourbel,Diourbel,Riz local,240.0,3
2014-09-01,Diourbel,Diourbel,Sorgho,217.70999999999998,2
2014-09-01,Fatick,Fatick,Maïs importé,215.0,1
2014-09-01,Fatick,Fatick,Maïs local,225.0,6
2014-09-01,Fatick,Fatick,Mil,263.125,6
2014-09-01,Fatick,Fatick,Riz importé (brisé),270.0,5
2014-09-01,Fatick,Fatick,Riz local,250.0,1
2014-09-01,Fatick,Fatick,Sorgho,225.0,5
2014-09-01,Kaffrine,Kaffrine,Maïs local,165.75,4
2014-09-01,Kaffrine,Kaffrine,Mil,207.5,4
2014-09-01,Kaffrine,Kaffrine,Riz importé (brisé),270.0,4
2014-09-01,Kaffrine,Kaffrine,Sorgho,204.0,4
2014-09-01,Kaolack,Kaolack,Maïs importé,176.67,1
2014-09-01,Kaolack,Kaolack,Maïs local,185.0,4
2014-09-01,Kaolack,Kaolack,Mil,199.375,4
2014-09-01,Kaolack,Kaolack,Riz importé (brisé),270.625,4
2014-09-01,Kaolack,Kaolack,Riz local,250.0,1
2014-09-01,Kaolack,Kaolack,Sorgho,231.25,2
2014-09-01,Kedougou,Kédougou,Maïs importé,210.0,1
2014-09-01,Kedougou,Kédougou,Maïs local,206.25,2
2014-09-01,Kedougou,Kédougou,Mil,312.5,2
2014-09-01,Kedougou,Kédougou,Riz importé (brisé),290.0,2
2014-09-01,Kedougou,Kédougou,Sorgho,300.0,2
2014-09-01,Kolda,Kolda,Maïs local,225.0,3
2014-09-01,Kolda,Kolda,Mil,250.0,3
2014-09-01,Kolda,Kolda,Riz importé (brisé),275.0,2
2014-09-01,Kolda,Kolda,Riz local,325.0,1
2014-09-01,Kolda,Kolda,Sorgho,221.875,2
2014-09-01,Louga,Louga,Maïs importé,260.0,2
2014-09-01,Louga,Louga,Maïs local,250.0,1
2014-09-01,Louga,Louga,Mil,275.0,4
2014-09-01,Louga,Louga,Riz importé (brisé),275.0,4
2014-09-01,Louga,Louga,Riz local,245.0,3
2014-09-01,Louga,Louga,Sorgho,265.0,3
2014-09-01,Matam,Matam,Maïs importé,235.41500000000002,2
2014-09-01,Matam,Matam,Mil,300.0,3
2014-09-01,Matam,Matam,Riz importé (brisé),275.0,3
2014-09-01,Matam,Matam,Riz local,304.16499999999996,2
2014-09-01,Matam,Matam,Sorgho,290.0,3
2014-09-01,Saint Louis,Saint-Louis,Maïs importé,232.91500000000002,2
2014-09-01,Saint Louis,Saint-Louis,Maïs local,200.0,2
2014-09-01,Saint Louis,Saint-Louis,Mil,236.66500000000002,2
2014-09-01,Saint Louis,Saint-Louis,Riz importé (brisé),296.875,2
2014-09-01,Saint Louis,Saint-Louis,Riz local,246.45999999999998,2
2014-09-01,Sedhiou,Sédhiou,Maïs local,287.5,1
2014-09-01,Sedhiou,Sédhiou,Mil,293.75,1
2014-09-01,Sedhiou,Sédhiou,Riz importé (brisé),270.0,1
2014-09-01,Sedhiou,Sédhiou,Sorgho,255.0,1
2014-09-01,Tambacounda,Tambacounda,Maïs local,187.5,4
2014-09-01,Tambacounda,Tambacounda,Mil,237.5,4
2014-09-01,Tambacounda,Tambacounda,Riz importé (brisé),275.0,3
2014-09-01,Tambacounda,Tambacounda,Sorgho,225.0,3
2014-09-01,Thies,Thiès,Maïs importé,208.75,2
2014-09-01,Thies,Thiès,Maïs local,231.25,2
2014-09-01,Thies,Thiès,Mil,246.25,2
2014-09-01,Thies,Thiès,Riz importé (brisé),266.875,2
2014-09-01,Thies,Thiès,Riz local,275.0,2
2014-09-01,Thies,Thiès,Sorgho,245.0,1
2014-09-01,Ziguinchor,Ziguinchor,Maïs local,250.0,2
2014-09-01,Ziguinchor,Ziguinchor,Mil,250.0,3
2014-09-01,Ziguinchor,Ziguinchor,Riz importé (brisé),300.0,3
2014-09-01,Ziguinchor,Ziguinchor,Sorgho,291.66499999999996,2
2014-10-01,Dakar,Dakar,Maïs local,256.25,2
2014-10-01,Dakar,Dakar,Mil,269.0,3
2014-10-01,Dakar,Dakar,Riz importé (brisé),256.25,3
2014-10-01,Dakar,Dakar,Sorgho,248.625,2
2014-10-01,Diourbel,Diourbel,Maïs importé,241.25,2
2014-10-01,Diourbel,Diourbel,Maïs local,233.75,3
2014-10-01,Diourbel,Diourbel,Mil,225.0,3
2014-10-01,Diourbel,Diourbel,Riz importé (brisé),275.0,3
2014-10-01,Diourbel,Diourbel,Riz local,240.0,3
2014-10-01,Diourbel,Diourbel,Sorgho,217.70999999999998,2
2014-10-01,Fatick,Fatick,Maïs importé,225.0,1
2014-10-01,Fatick,Fatick,Maïs local,222.91500000000002,6
2014-10-01,Fatick,Fatick,Mil,234.375,6
2014-10-01,Fatick,Fatick,Riz importé (brisé),270.0,6
2014-10-01,Fatick,Fatick,Riz local,250.0,1
2014-10-01,Fatick,Fatick,Sorgho,225.0,5
2014-10-01,Kaffrine,Kaffrine,Maïs local,171.25,4
2014-10-01,Kaffrine,Kaffrine,Mil,202.5,4
2014-10-01,Kaffrine,Kaffrine,Riz importé (brisé),270.0,4
2014-10-01,Kaffrine,Kaffrine,Sorgho,202.5,4
2014-10-01,Kaolack,Kaolack,Maïs importé,175.0,1
2014-10-01,Kaolack,Kaolack,Maïs local,192.5,4
2014-10-01,Kaolack,Kaolack,Mil,200.0,3
2014-10-01,Kaolack,Kaolack,Riz importé (brisé),270.0,4
2014-10-01,Kaolack,Kaolack,Sorgho,189.16500000000002,2
2014-10-01,Kedougou,Kédougou,Maïs importé,240.0,1
2014-10-01,Kedougou,Kédougou,Maïs local,200.0,3
2014-10-01,Kedougou,Kédougou,Mil,300.0,1
2014-10-01,Kedougou,Kédougou,Riz importé (brisé),300.0,3
2014-10-01,Kedougou,Kédougou,Sorgho,300.0,3
2014-10-01,Kolda,Kolda,Maïs local,206.25,2
2014-10-01,Kolda,Kolda,Mil,243.75,2
2014-10-01,Kolda,Kolda,Riz importé (brisé),275.0,2
2014-10-01,Kolda,Kolda,Sorgho,225.0,1
2014-10-01,Louga,Louga,Maïs importé,225.0,3
2014-10-01,Louga,Louga,Maïs local,250.0,3
2014-10-01,Louga,Louga,Mil,260.0,3
2014-10-01,Louga,Louga,Riz importé (brisé),265.0,3
2014-10-01,Louga,Louga,Riz local,231.66500000000002,2
2014-10-01,Louga,Louga,Sorgho,250.0,3
2014-10-01,Matam,Matam,Maïs local,235.41500000000002,2
2014-10-01,Matam,Matam,Mil,300.0,3
2014-10-01,Matam,Matam,Riz importé (brisé),275.0,3
2014-10-01,Matam,Matam,Riz local,304.16499999999996,2
2014-10-01,Matam,Matam,Sorgho,290.0,3
2014-10-01,Saint Louis,Saint-Louis,Maïs importé,250.0,1
2014-10-01,Saint Louis,Saint-Louis,Maïs local,220.0,2
2014-10-01,Saint Louis,Saint-Louis,Mil,239.375,2
2014-10-01,Saint Louis,Saint-Louis,Riz importé (brisé),262.5,2
2014-10-01,Saint Louis,Saint-Louis,Riz local,235.0,2
2014-10-01,Sedhiou,Sédhiou,Maïs local,300.0,1
2014-10-01,Sedhiou,Sédhiou,Mil,275.0,1
2014-10-01,Sedhiou,Sédhiou,Riz importé (brisé),270.0,1
2014-10-01,Sedhiou,Sédhiou,Sorgho,300.0,1
2014-10-01,Tambacounda,Tambacounda,Maïs local,237.5,2
2014-10-01,Tambacounda,Tambacounda,Mil,250.0,2
2014-10-01,Tambacounda,Tambacounda,Riz importé (brisé),275.0,1
2014-10-01,Tambacounda,Tambacounda,Sorgho,250.0,1
2014-10-01,Thies,Thiès,Maïs importé,233.75,2
2014-10-01,Thies,Thiès,Maïs local,250.0,2
2014-10-01,Thies,Thiès,Mil,240.625,2
2014-10-01,Thies,Thiès,Riz importé (brisé),268.125,2
2014-10-01,Thies,Thiès,Riz local,260.0,2
2014-10-01,Thies,Thiès,Sorgho,230.0,1
2014-10-01,Ziguinchor,Ziguinchor,Maïs local,250.0,2
2014-10-01,Ziguinchor,Ziguinchor,Mil,271.0,3
2014-10-01,Ziguinchor,Ziguinchor,Riz importé (brisé),300.0,3
2014-10-01,Ziguinchor,Ziguinchor,Sorgho,300.0,1
2014-11-01,Dakar,Dakar,Maïs importé,200.0,1
2014-11-01,Dakar,Dakar,Maïs local,225.0,2
2014-11-01,Dakar,Dakar,Mil,225.0,3
2014-11-01,Dakar,Dakar,Riz importé (brisé),230.0,3
2014-11-01,Dakar,Dakar,Sorgho,204.0,2
2014-11-01,Diourbel,Diourbel,Maïs importé,241.25,2
2014-11-01,Diourbel,Diourbel,Maïs local,229.375,2
2014-11-01,Diourbel,Diourbel,Mil,223.125,2
2014-11-01,Diourbel,Diourbel,Riz importé (brisé),275.0,2
2014-11-01,Diourbel,Diourbel,Riz local,237.5,2
2014-11-01,Diourbel,Diourbel,Sorgho,217.70999999999998,2
2014-11-01,Fatick,Fatick,Maïs local,217.5,4
2014-11-01,Fatick,Fatick,Mil,226.25,5
2014-11-01,Fatick,Fatick,Riz importé (brisé),270.0,4
2014-11-01,Fatick,Fatick,Riz local,250.0,1
2014-11-01,Fatick,Fatick,Sorgho,215.0,3
2014-11-01,Kaffrine,Kaffrine,Maïs local,174.375,4
2014-11-01,Kaffrine,Kaffrine,Mil,190.0,3
2014-11-01,Kaffrine,Kaffrine,Riz importé (brisé),270.0,4
2014-11-01,Kaffrine,Kaffrine,Sorgho,187.5,4
2014-11-01,Kaolack,Kaolack,Maïs importé,166.67,1
2014-11-01,Kaolack,Kaolack,Maïs local,167.5,4
2014-11-01,Kaolack,Kaolack,Mil,180.0,2
2014-11-01,Kaolack,Kaolack,Riz importé (brisé),270.0,4
2014-11-01,Kaolack,Kaolack,Riz local,250.0,1
2014-11-01,Kedougou,Kédougou,Maïs importé,232.5,1
2014-11-01,Kedougou,Kédougou,Maïs local,200.0,3
2014-11-01,Kedougou,Kédougou,Riz importé (brisé),300.0,3
2014-11-01,Kedougou,Kédougou,Sorgho,300.0,3
2014-11-01,Kolda,Kolda,Maïs local,195.83,2
2014-11-01,Kolda,Kolda,Mil,237.5,2
2014-11-01,Kolda,Kolda,Riz importé (brisé),275.0,2
2014-11-01,Kolda,Kolda,Sorgho,225.0,1
2014-11-01,Louga,Louga,Maïs importé,225.0,2
2014-11-01,Louga,Louga,Maïs local,255.0,2
2014-11-01,Louga,Louga,Mil,267.5,2
2014-11-01,Louga,Louga,Riz importé (brisé),265.0,2
2014-11-01,Louga,Louga,Riz local,235.0,2
2014-11-01,Louga,Louga,Sorgho,255.0,2
2014-11-01,Matam,Matam,Maïs local,217.5,2
2014-11-01,Matam,Matam,Mil,264.75,4
2014-11-01,Matam,Matam,Riz importé (brisé),275.0,4
2014-11-01,Matam,Matam,Riz local,290.83500000000004,2
2014-11-01,Matam,Matam,Sorgho,271.0,4
2014-11-01,Saint Louis,Saint-Louis,Maïs importé,246.875,2
2014-11-01,Saint Louis,Saint-Louis,Maïs local,198.33499999999998,2
2014-11-01,Saint Louis,Saint-Louis,Mil,239.375,2
2014-11-01,Saint Louis,Saint-Louis,Riz importé (brisé),253.125,2
2014-11-01,Saint Louis,Saint-Louis,Riz local,256.25,2
2014-11-01,Sedhiou,Sédhiou,Maïs local,266.67,1
2014-11-01,Sedhiou,Sédhiou,Mil,300.0,1
2014-11-01,Sedhiou,Sédhiou,Riz importé (brisé),270.0,1
2014-11-01,Sedhiou,Sédhiou,Sorgho,328.33,1
2014-11-01,Tambacounda,Tambacounda,Maïs local,175.0,4
2014-11-01,Tambacounda,Tambacounda,Mil,187.5,4
2014-11-01,Tambacounda,Tambacounda,Riz importé (brisé),275.0,4
2014-11-01,Tambacounda,Tambacounda,Sorgho,225.0,4
2014-11-01,Thies,Thiès,Maïs importé,205.625,2
2014-11-01,Thies,Thiès,Maïs local,237.5,3
2014-11-01,Thies,Thiès,Mil,206.25,3
2014-11-01,Thies,Thiès,Riz importé (brisé),265.0,3
2014-11-01,Thies,Thiès,Riz local,262.5,2
2014-11-01,Thies,Thiès,Sorgho,215.0,1
2014-11-01,Ziguinchor,Ziguinchor,Maïs local,250.0,2
2014-11-01,Ziguinchor,Ziguinchor,Mil,250.0,3
2014-11-01,Ziguinchor,Ziguinchor,Riz importé (brisé),300.0,3
2014-12-01,Dakar,Dakar,Maïs local,250.0,2
2014-12-01,Dakar,Dakar,Mil,200.0,2
2014-12-01,Dakar,Dakar,Riz importé (brisé),230.0,3
2014-12-01,Dakar,Dakar,Sorgho,185.0,3
2014-12-01,Diourbel,Diourbel,Maïs importé,241.25,2
2014-12-01,Diourbel,Diourbel,Maïs local,233.75,3
2014-12-01,Diourbel,Diourbel,Mil,227.5,4
2014-12-01,Diourbel,Diourbel,Riz importé (brisé),275.0,4
2014-12-01,Diourbel,Diourbel,Riz local,240.0,3
2014-12-01,Diourbel,Diourbel,Sorgho,217.70999999999998,2
2014-12-01,Fatick,Fatick,Maïs importé,203.33499999999998,4
2014-12-01,Fatick,Fatick,Maïs local,215.0,6
2014-12-01,Fatick,Fatick,Mil,205.0,6
2014-12-01,Fatick,Fatick,Riz importé (brisé),270.0,6
2014-12-01,Fatick,Fatick,Riz local,250.0,1
2014-12-01,Fatick,Fatick,Sorgho,206.66500000000002,6
2014-12-01,Kaffrine,Kaffrine,Maïs local,156.25,4
2014-12-01,Kaffrine,Kaffrine,Mil,177.91500000000002,2
2014-12-01,Kaffrine,Kaffrine,Riz importé (brisé),270.0,4
2014-12-01,Kaffrine,Kaffrine,Sorgho,177.5,4
2014-12-01,Kaolack,Kaolack,Maïs local,152.0,4
2014-12-01,Kaolack,Kaolack,Mil,180.0,3
2014-12-01,Kaolack,Kaolack,Riz importé (brisé),270.0,4
2014-12-01,Kaolack,Kaolack,Riz local,250.0,1
2014-12-01,Kaolack,Kaolack,Sorgho,188.33499999999998,2
2014-12-01,Kedougou,Kédougou,Maïs importé,250.0,1
2014-12-01,Kedougou,Kédougou,Maïs local,200.0,2
2014-12-01,Kedougou,Kédougou,Mil,300.0,1
2014-12-01,Kedougou,Kédougou,Riz importé (brisé),300.0,2
2014-12-01,Kedougou,Kédougou,Sorgho,300.0,3
2014-12-01,Kolda,Kolda,Maïs local,200.0,1
2014-12-01,Kolda,Kolda,Mil,250.0,1
2014-12-01,Kolda,Kolda,Riz importé (brisé),275.0,2
2014-12-01,Kolda,Kolda,Riz local,325.0,1
2014-12-01,Kolda,Kolda,Sorgho,231.25,2
2014-12-01,Louga,Louga,Maïs importé,225.0,2
2014-12-01,Louga,Louga,Maïs local,258.33,2
2014-12-01,Louga,Louga,Mil,274.16499999999996,2
2014-12-01,Louga,Louga,Riz importé (brisé),265.0,2
2014-12-01,Louga,Louga,Riz local,236.66500000000002,2
2014-12-01,Louga,Louga,Sorgho,258.33,2
2014-12-01,Matam,Matam,Maïs importé,250.0,1
2014-12-01,Matam,Matam,Mil,250.0,2
2014-12-01,Matam,Matam,Riz importé (brisé),362.5,2
2014-12-01,Matam,Matam,Riz local,300.0,1
2014-12-01,Matam,Matam,Sorgho,250.0,2
2014-12-01,Saint Louis,Saint-Louis,Maïs importé,237.70999999999998,2
2014-12-01,Saint Louis,Saint-Louis,Maïs local,199.16500000000002,2
2014-12-01,Saint Louis,Saint-Louis,Mil,238.47,2
2014-12-01,Saint Louis,Saint-Louis,Riz importé (brisé),276.39,2
2014-12-01,Saint Louis,Saint-Louis,Riz local,251.25,2
2014-12-01,Sedhiou,Sédhiou,Maïs local,287.5,1
2014-12-01,Sedhiou,Sédhiou,Mil,281.25,1
2014-12-01,Sedhiou,Sédhiou,Riz importé (brisé),270.0,1
2014-12-01,Sedhiou,Sédhiou,Sorgho,220.0,1
2014-12-01,Tambacounda,Tambacounda,Maïs local,200.0,4
2014-12-01,Tambacounda,Tambacounda,Mil,187.5,4
2014-12-01,Tambacounda,Tambacounda,Riz importé (brisé),275.0,3
2014-12-01,Tambacounda,Tambacounda,Sorgho,225.0,4
2014-12-01,Thies,Thiès,Maïs importé,185.0,2
2014-12-01,Thies,Thiès,Maïs local,175.0,2
2014-12-01,Thies,Thiès,Mil,195.0,2
2014-12-01,Thies,Thiès,Riz importé (brisé),265.0,2
2014-12-01,Thies,Thiès,Riz local,262.5,2
2014-12-01,Thies,Thiès,Sorgho,215.0,1
2014-12-01,Ziguinchor,Ziguinchor,Maïs local,250.0,2
2014-12-01,Ziguinchor,Ziguinchor,Mil,250.0,3
2014-12-01,Ziguinchor,Ziguinchor,Riz importé (brisé),300.0,3
2015-01-01,Dakar,Dakar,Maïs local,241.66500000000002,2
2015-01-01,Dakar,Dakar,Mil,208.33,3
2015-01-01,Dakar,Dakar,Riz importé (brisé),243.33,3
2015-01-01,Dakar,Dakar,Riz local,271.25,2
2015-01-01,Dakar,Dakar,Sorgho,225.0,3
2015-01-01,Diourbel,Diourbel,Maïs importé,187.5,4
2015-01-01,Diourbel,Diourbel,Maïs local,180.0,2
2015-01-01,Diourbel,Diourbel,Mil,167.5,4
2015-01-01,Diourbel,Diourbel,Riz importé (brisé),270.0,4
2015-01-01,Diourbel,Diourbel,Riz local,240.0,3
2015-01-01,Diourbel,Diourbel,Sorgho,237.5,2
2015-01-01,Fatick,Fatick,Maïs importé,200.0,3
2015-01-01,Fatick,Fatick,Maïs local,185.0,5
2015-01-01,Fatick,Fatick,Mil,198.33499999999998,6
2015-01-01,Fatick,Fatick,Riz importé (brisé),270.0,5
2015-01-01,Fatick,Fatick,Riz local,250.0,1
2015-01-01,Fatick,Fatick,Sorgho,205.0,5
2015-01-01,Kaffrine,Kaffrine,Maïs local,156.04000000000002,4
2015-01-01,Kaffrine,Kaffrine,Mil,175.0,4
2015-01-01,Kaffrine,Kaffrine,Riz importé (brisé),270.0,3
2015-01-01,Kaffrine,Kaffrine,Sorgho,178.33499999999998,4
2015-01-01,Kaolack,Kaolack,Maïs local,162.75,4
2015-01-01,Kaolack,Kaolack,Mil,160.625,4
2015-01-01,Kaolack,Kaolack,Riz importé (brisé),270.0,4
2015-01-01,Kaolack,Kaolack,Riz local,250.0,1
2015-01-01,Kaolack,Kaolack,Sorgho,189.0,3
2015-01-01,Kedougou,Kédougou,Maïs importé,225.0,1
2015-01-01,Kedougou,Kédougou,Maïs local,200.0,1
2015-01-01,Kedougou,Kédougou,Mil,293.75,2
2015-01-01,Kedougou,Kédougou,Riz importé (brisé),290.0,2
2015-01-01,Kedougou,Kédougou,Sorgho,293.75,2
2015-01-01,Kolda,Kolda,Maïs local,200.0,3
2015-01-01,Kolda,Kolda,Mil,225.0,3
2015-01-01,Kolda,Kolda,Riz importé (brisé),275.0,3
2015-01-01,Kolda,Kolda,Sorgho,212.5,2
2015-01-01,Louga,Louga,Maïs importé,208.33499999999998,4
2015-01-01,Louga,Louga,Maïs local,225.0,4
2015-01-01,Louga,Louga,Mil,241.67,3
2015-01-01,Louga,Louga,Riz importé (brisé),265.0,4
2015-01-01,Louga,Louga,Riz local,229.16500000000002,4
2015-01-01,Louga,Louga,Sorgho,226.66500000000002,4
2015-01-01,Matam,Matam,Maïs importé,200.0,1
2015-01-01,Matam,Matam,Maïs local,190.0,1
2015-01-01,Matam,Matam,Mil,250.0,3
2015-01-01,Matam,Matam,Riz importé (brisé),275.0,3
2015-01-01,Matam,Matam,Riz local,253.75,2
2015-01-01,Matam,Matam,Sorgho,242.0,3
2015-01-01,Saint Louis,Saint-Louis,Maïs importé,250.0,2
2015-01-01,Saint Louis,Saint-Louis,Maïs local,195.0,2
2015-01-01,Saint Louis,Saint-Louis,Mil,226.25,2
2015-01-01,Saint Louis,Saint-Louis,Riz importé (brisé),258.75,2
2015-01-01,Saint Louis,Saint-Louis,Riz local,226.66500000000002,2
2015-01-01,Sedhiou,Sédhiou,Maïs local,225.0,1
2015-01-01,Sedhiou,Sédhiou,Mil,250.0,1
2015-01-01,Sedhiou,Sédhiou,Riz importé (brisé),270.0,1
2015-01-01,Sedhiou,Sédhiou,Sorgho,220.0,1
2015-01-01,Tambacounda,Tambacounda,Maïs local,175.0,4
2015-01-01,Tambacounda,Tambacounda,Mil,187.5,4
2015-01-01,Tambacounda,Tambacounda,Riz importé (brisé),275.0,4
2015-01-01,Tambacounda,Tambacounda,Riz local,500.0,1
2015-01-01,Tambacounda,Tambacounda,Sorgho,175.0,3
2015-01-01,Thies,Thiès,Maïs importé,175.0,2
2015-01-01,Thies,Thiès,Maïs local,198.33,2
2015-01-01,Thies,Thiès,Mil,183.33,2
2015-01-01,Thies,Thiès,Riz importé (brisé),265.0,2
2015-01-01,Thies,Thiès,Riz local,265.0,1
2015-01-01,Thies,Thiès,Sorgho,196.67,1
2015-01-01,Ziguinchor,Ziguinchor,Maïs local,250.0,2
2015-01-01,Ziguinchor,Ziguinchor,Mil,250.0,3
2015-01-01,Ziguinchor,Ziguinchor,Riz importé (brisé),300.0,3
2015-01-01,Ziguinchor,Ziguinchor,Sorgho,275.0,2
2015-02-01,Dakar,Dakar,Maïs importé,237.5,2
2015-02-01,Dakar,Dakar,Mil,247.0,3
2015-02-01,Dakar,Dakar,Riz importé (brisé),230.0,3
2015-02-01,Diourbel,Diourbel,Maïs importé,190.0,4
2015-02-01,Diourbel,Diourbel,Maïs local,170.0,3
2015-02-01,Diourbel,Diourbel,Mil,166.25,4
2015-02-01,Diourbel,Diourbel,Riz importé (brisé),271.25,4
2015-02-01,Diourbel,Diourbel,Riz local,240.0,3
2015-02-01,Diourbel,Diourbel,Sorgho,232.5,2
2015-02-01,Fatick,Fatick,Maïs importé,205.0,2
2015-02-01,Fatick,Fatick,Maïs local,190.0,5
2015-02-01,Fatick,Fatick,Mil,197.5,6
2015-02-01,Fatick,Fatick,Riz importé (brisé),270.0,6
2015-02-01,Fatick,Fatick,Riz local,245.0,1
2015-02-01,Fatick,Fatick,Sorgho,207.5,5
2015-02-01,Kaffrine,Kaffrine,Maïs local,150.0,4
2015-02-01,Kaffrine,Kaffrine,Mil,155.0,4
2015-02-01,Kaffrine,Kaffrine,Riz importé (brisé),275.0,3
2015-02-01,Kaffrine,Kaffrine,Sorgho,176.45999999999998,4
2015-02-01,Kaolack,Kaolack,Maïs local,156.67,3
2015-02-01,Kaolack,Kaolack,Mil,154.58499999999998,4
2015-02-01,Kaolack,Kaolack,Riz importé (brisé),271.67,3
2015-02-01,Kaolack,Kaolack,Sorgho,200.0,3
2015-02-01,Kedougou,Kédougou,Maïs importé,200.0,1
2015-02-01,Kedougou,Kédougou,Maïs local,200.0,3
2015-02-01,Kedougou,Kédougou,Mil,300.0,3
2015-02-01,Kedougou,Kédougou,Riz importé (brisé),300.0,3
2015-02-01,Kedougou,Kédougou,Sorgho,300.0,3
2015-02-01,Kolda,Kolda,Maïs local,208.33499999999998,2
2015-02-01,Kolda,Kolda,Mil,216.67,3
2015-02-01,Kolda,Kolda,Riz importé (brisé),275.0,3
2015-02-01,Kolda,Kolda,Sorgho,225.0,3
2015-02-01,Louga,Louga,Maïs importé,195.0,2
2015-02-01,Louga,Louga,Maïs local,210.0,2
2015-02-01,Louga,Louga,Mil,220.83499999999998,2
2015-02-01,Louga,Louga,Riz importé (brisé),268.33,2
2015-02-01,Louga,Louga,Riz local,235.0,2
2015-02-01,Louga,Louga,Sorgho,211.25,2
2015-02-01,Matam,Matam,Maïs importé,225.0,2
2015-02-01,Matam,Matam,Mil,255.0,3
2015-02-01,Matam,Matam,Riz importé (brisé),275.0,3
2015-02-01,Matam,Matam,Riz local,300.0,1
2015-02-01,Matam,Matam,Sorgho,250.0,3
2015-02-01,Saint Louis,Saint-Louis,Maïs importé,250.0,2
2015-02-01,Saint Louis,Saint-Louis,Maïs local,195.0,2
2015-02-01,Saint Louis,Saint-Louis,Mil,212.5,2
2015-02-01,Saint Louis,Saint-Louis,Riz importé (brisé),267.5,2
2015-02-01,Saint Louis,Saint-Louis,Riz local,226.25,2
2015-02-01,Sedhiou,Sédhiou,Maïs local,250.0,1
2015-02-01,Sedhiou,Sédhiou,Mil,212.5,1
2015-02-01,Sedhiou,Sédhiou,Riz importé (brisé),270.0,1
2015-02-01,Sedhiou,Sédhiou,Sorgho,220.0,1
2015-02-01,Tambacounda,Tambacounda,Maïs local,162.5,4
2015-02-01,Tambacounda,Tambacounda,Mil,187.5,4
2015-02-01,Tambacounda,Tambacounda,Riz importé (brisé),275.0,4
2015-02-01,Tambacounda,Tambacounda,Sorgho,187.5,4
2015-02-01,Thies,Thiès,Maïs importé,181.66500000000002,2
2015-02-01,Thies,Thiès,Maïs local,197.5,2
2015-02-01,Thies,Thiès,Mil,193.33499999999998,2
2015-02-01,Thies,Thiès,Riz importé (brisé),265.0,2
2015-02-01,Thies,Thiès,Riz local,265.0,1
2015-02-01,Thies,Thiès,Sorgho,200.0,1
2015-02-01,Ziguinchor,Ziguinchor,Maïs local,250.0,2
2015-02-01,Ziguinchor,Ziguinchor,Mil,250.0,3
2015-02-01,Ziguinchor,Ziguinchor,Riz importé (brisé),300.0,3
2015-02-01,Ziguinchor,Ziguinchor,Sorgho,275.0,2
2015-03-01,Dakar,Dakar,Maïs importé,220.0,4
2015-03-01,Dakar,Dakar,Maïs local,210.0,4
2015-03-01,Dakar,Dakar,Mil,250.0,5
2015-03-01,Dakar,Dakar,Riz importé (brisé),270.0,5
2015-03-01,Dakar,Dakar,Sorgho,245.0,4
2015-03-01,Diourbel,Diourbel,Maïs importé,201.25,4
2015-03-01,Diourbel,Diourbel,Maïs local,172.5,3
2015-03-01,Diourbel,Diourbel,Mil,173.75,4
2015-03-01,Diourbel,Diourbel,Riz importé (brisé),273.75,4
2015-03-01,Diourbel,Diourbel,Riz local,240.0,3
2015-03-01,Diourbel,Diourbel,Sorgho,223.75,2
2015-03-01,Fatick,Fatick,Maïs importé,225.0,1
2015-03-01,Fatick,Fatick,Maïs local,200.0,5
2015-03-01,Fatick,Fatick,Mil,175.0,5
2015-03-01,Fatick,Fatick,Riz importé (brisé),281.67,5
2015-03-01,Fatick,Fatick,Sorgho,225.0,3
2015-03-01,Kaffrine,Kaffrine,Maïs local,158.285,4
2015-03-01,Kaffrine,Kaffrine,Mil,175.35500000000002,4
2015-03-01,Kaffrine,Kaffrine,Riz importé (brisé),281.43,4
2015-03-01,Kaffrine,Kaffrine,Sorgho,193.285,4
2015-03-01,Kaolack,Kaolack,Maïs importé,163.33,1
2015-03-01,Kaolack,Kaolack,Maïs local,162.5,2
2015-03-01,Kaolack,Kaolack,Mil,169.5,4
2015-03-01,Kaolack,Kaolack,Riz importé (brisé),270.0,3
2015-03-01,Kaolack,Kaolack,Riz local,250.0,1
2015-03-01,Kaolack,Kaolack,Sorgho,218.5,4
2015-03-01,Kedougou,Kédougou,Maïs importé,225.0,1
2015-03-01,Kedougou,Kédougou,Maïs local,200.0,3
2015-03-01,Kedougou,Kédougou,Mil,300.0,2
2015-03-01,Kedougou,Kédougou,Riz importé (brisé),300.0,3
2015-03-01,Kedougou,Kédougou,Sorgho,300.0,3
2015-03-01,Kolda,Kolda,Maïs local,200.0,3
2015-03-01,Kolda,Kolda,Mil,250.0,3
2015-03-01,Kolda,Kolda,Riz importé (brisé),275.0,3
2015-03-01,Kolda,Kolda,Sorgho,200.0,3
2015-03-01,Louga,Louga,Maïs importé,214.16500000000002,4
2015-03-01,Louga,Louga,Maïs local,222.5,4
2015-03-01,Louga,Louga,Mil,221.67,3
2015-03-01,Louga,Louga,Riz importé (brisé),270.83500000000004,4
2015-03-01,Louga,Louga,Riz local,231.25,4
2015-03-01,Louga,Louga,Sorgho,221.25,2
2015-03-01,Matam,Matam,Mil,255.0,1
2015-03-01,Matam,Matam,Riz importé (brisé),350.0,1
2015-03-01,Matam,Matam,Sorgho,245.0,1
2015-03-01,Saint Louis,Saint-Louis,Maïs importé,250.0,2
2015-03-01,Saint Louis,Saint-Louis,Maïs local,195.0,2
2015-03-01,Saint Louis,Saint-Louis,Mil,202.75,2
2015-03-01,Saint Louis,Saint-Louis,Riz importé (brisé),267.5,2
2015-03-01,Saint Louis,Saint-Louis,Riz local,215.625,2
2015-03-01,Sedhiou,Sédhiou,Maïs local,233.0,1
2015-03-01,Sedhiou,Sédhiou,Mil,250.0,1
2015-03-01,Sedhiou,Sédhiou,Riz importé (brisé),270.0,1
2015-03-01,Sedhiou,Sédhiou,Sorgho,247.0,1
2015-03-01,Tambacounda,Tambacounda,Maïs local,162.5,4
2015-03-01,Tambacounda,Tambacounda,Mil,187.5,4
2015-03-01,Tambacounda,Tambacounda,Riz importé (brisé),275.0,4
2015-03-01,Tambacounda,Tambacounda,Sorgho,187.5,4
2015-03-01,Thies,Thiès,Maïs importé,212.5,2
2015-03-01,Thies,Thiès,Maïs local,212.5,2
2015-03-01,Thies,Thiès,Mil,205.0,2
2015-03-01,Thies,Thiès,Riz importé (brisé),265.0,2
2015-03-01,Thies,Thiès,Riz local,259.5,2
2015-03-01,Thies,Thiès,Sorgho,200.0,1
2015-03-01,Ziguinchor,Ziguinchor,Maïs local,250.0,2
2015-03-01,Ziguinchor,Ziguinchor,Mil,250.0,3
2015-03-01,Ziguinchor,Ziguinchor,Riz importé (brisé),280.0,3
2015-03-01,Ziguinchor,Ziguinchor,Riz local,265.0,1
2015-03-01,Ziguinchor,Ziguinchor,Sorgho,275.0,2
2015-04-01,Dakar,Dakar,Maïs importé,220.0,4
2015-04-01,Dakar,Dakar,Maïs local,213.75,4
2015-04-01,Dakar,Dakar,Mil,243.75,5
2015-04-01,Dakar,Dakar,Riz importé (brisé),270.0,5
2015-04-01,Dakar,Dakar,Sorgho,249.0,4
2015-04-01,Diourbel,Diourbel,Mil,208.0,1
2015-04-01,Diourbel,Diourbel,Riz importé (brisé),325.0,1
2015-04-01,Fatick,Fatick,Maïs local,185.0,3
2015-04-01,Fatick,Fatick,Mil,180.0,4
2015-04-01,Fatick,Fatick,Riz importé (brisé),255.0,4
2015-04-01,Fatick,Fatick,Sorgho,200.0,3
2015-04-01,Kaffrine,Kaffrine,Maïs local,163.33499999999998,4
2015-04-01,Kaffrine,Kaffrine,Mil,176.67,3
2015-04-01,Kaffrine,Kaffrine,Riz importé (brisé),300.0,4
2015-04-01,Kaffrine,Kaffrine,Sorgho,197.5,4
2015-04-01,Kaolack,Kaolack,Maïs importé,169.0,1
2015-04-01,Kaolack,Kaolack,Maïs local,175.0,4
2015-04-01,Kaolack,Kaolack,Mil,172.5,4
2015-04-01,Kaolack,Kaolack,Riz importé (brisé),270.0,2
2015-04-01,Kaolack,Kaolack,Riz local,250.0,1
2015-04-01,Kaolack,Kaolack,Sorgho,225.0,3
2015-04-01,Kedougou,Kédougou,Maïs importé,245.83499999999998,2
2015-04-01,Kedougou,Kédougou,Maïs local,220.83499999999998,2
2015-04-01,Kedougou,Kédougou,Mil,300.0,2
2015-04-01,Kedougou,Kédougou,Riz importé (brisé),290.0,2
2015-04-01,Kedougou,Kédougou,Sorgho,287.5,2
2015-04-01,Kolda,Kolda,Maïs local,193.75,2
2015-04-01,Kolda,Kolda,Mil,206.25,3
2015-04-01,Kolda,Kolda,Riz importé (brisé),275.0,3
2015-04-01,Kolda,Kolda,Riz local,300.0,1
2015-04-01,Kolda,Kolda,Sorgho,200.0,3
2015-04-01,Louga,Louga,Maïs importé,210.0,2
2015-04-01,Louga,Louga,Maïs local,207.91500000000002,2
2015-04-01,Louga,Louga,Mil,219.58499999999998,2
2015-04-01,Louga,Louga,Riz importé (brisé),272.91499999999996,2
2015-04-01,Louga,Louga,Riz local,237.08499999999998,2
2015-04-01,Louga,Louga,Sorgho,250.0,1
2015-04-01,Matam,Matam,Maïs importé,216.67,3
2015-04-01,Matam,Matam,Mil,258.5,4
2015-04-01,Matam,Matam,Riz importé (brisé),270.0,4
2015-04-01,Matam,Matam,Riz local,275.0,3
2015-04-01,Matam,Matam,Sorgho,250.0,4
2015-04-01,Saint Louis,Saint-Louis,Maïs importé,250.0,2
2015-04-01,Saint Louis,Saint-Louis,Maïs local,195.0,2
2015-04-01,Saint Louis,Saint-Louis,Mil,210.83499999999998,2
2015-04-01,Saint Louis,Saint-Louis,Riz importé (brisé),280.0,2
2015-04-01,Saint Louis,Saint-Louis,Riz local,230.0,2
2015-04-01,Sedhiou,Sédhiou,Maïs local,287.5,1
2015-04-01,Sedhiou,Sédhiou,Mil,287.5,1
2015-04-01,Sedhiou,Sédhiou,Riz importé (brisé),270.0,1
2015-04-01,Sedhiou,Sédhiou,Riz local,275.0,1
2015-04-01,Sedhiou,Sédhiou,Sorgho,300.0,1
2015-04-01,Tambacounda,Tambacounda,Maïs local,162.5,4
2015-04-01,Tambacounda,Tambacounda,Mil,187.5,4
2015-04-01,Tambacounda,Tambacounda,Riz importé (brisé),275.0,4
2015-04-01,Tambacounda,Tambacounda,Sorgho,187.5,4
2015-04-01,Thies,Thiès,Maïs importé,206.25,3
2015-04-01,Thies,Thiès,Maïs local,203.125,2
2015-04-01,Thies,Thiès,Mil,200.0,3
2015-04-01,Thies,Thiès,Riz importé (brisé),265.0,3
2015-04-01,Thies,Thiès,Riz local,266.67,1
2015-04-01,Thies,Thiès,Sorgho,204.17,1
2015-04-01,Ziguinchor,Ziguinchor,Maïs local,250.0,2
2015-04-01,Ziguinchor,Ziguinchor,Mil,250.0,3
2015-04-01,Ziguinchor,Ziguinchor,Riz importé (brisé),270.0,2
2015-04-01,Ziguinchor,Ziguinchor,Riz local,265.0,1
2015-04-01,Ziguinchor,Ziguinchor,Sorgho,275.0,2
2015-05-01,Dakar,Dakar,Maïs local,218.0,4
2015-05-01,Dakar,Dakar,Mil,238.0,5
2015-05-01,Dakar,Dakar,Riz importé (brisé),270.0,4
2015-05-01,Dakar,Dakar,Sorgho,245.0,3
2015-05-01,Diourbel,Diourbel,Maïs local,225.0,3
2015-05-01,Diourbel,Diourbel,Mil,220.0,4
2015-05-01,Diourbel,Diourbel,Riz importé (brisé),275.0,4
2015-05-01,Diourbel,Diourbel,Riz local,230.0,3
2015-05-01,Diourbel,Diourbel,Sorgho,225.0,1
2015-05-01,Fatick,Fatick,Maïs local,200.0,4
2015-05-01,Fatick,Fatick,Mil,200.0,6
2015-05-01,Fatick,Fatick,Riz importé (brisé),270.0,5
2015-05-01,Fatick,Fatick,Riz local,300.0,1
2015-05-01,Fatick,Fatick,Sorgho,205.0,4
2015-05-01,Kaffrine,Kaffrine,Maïs local,158.5,4
2015-05-01,Kaffrine,Kaffrine,Mil,175.0,4
2015-05-01,Kaffrine,Kaffrine,Riz importé (brisé),300.0,4
2015-05-01,Kaffrine,Kaffrine,Riz local,300.0,3
2015-05-01,Kaffrine,Kaffrine,Sorgho,180.0,3
2015-05-01,Kaolack,Kaolack,Maïs local,165.0,4
2015-05-01,Kaolack,Kaolack,Mil,168.5,4
2015-05-01,Kaolack,Kaolack,Riz importé (brisé),270.0,4
2015-05-01,Kaolack,Kaolack,Riz local,247.0,1
2015-05-01,Kaolack,Kaolack,Sorgho,190.0,2
2015-05-01,Kedougou,Kédougou,Maïs local,208.0,3
2015-05-01,Kedougou,Kédougou,Mil,300.0,1
2015-05-01,Kedougou,Kédougou,Riz importé (brisé),300.0,3
2015-05-01,Kedougou,Kédougou,Sorgho,300.0,1
2015-05-01,Kolda,Kolda,Maïs local,225.0,2
2015-05-01,Kolda,Kolda,Mil,200.0,3
2015-05-01,Kolda,Kolda,Riz importé (brisé),275.0,2
2015-05-01,Kolda,Kolda,Riz local,300.0,1
2015-05-01,Kolda,Kolda,Sorgho,200.0,3
2015-05-01,Louga,Louga,Maïs local,198.5,2
2015-05-01,Louga,Louga,Mil,216.5,2
2015-05-01,Louga,Louga,Riz importé (brisé),266.5,2
2015-05-01,Louga,Louga,Riz local,247.5,2
2015-05-01,Louga,Louga,Sorgho,275.0,1
2015-05-01,Matam,Matam,Mil,255.0,4
2015-05-01,Matam,Matam,Riz importé (brisé),290.0,4
2015-05-01,Matam,Matam,Riz local,280.0,3
2015-05-01,Matam,Matam,Sorgho,247.5,4
2015-05-01,Saint Louis,Saint-Louis,Maïs local,201.5,2
2015-05-01,Saint Louis,Saint-Louis,Mil,225.0,2
2015-05-01,Saint Louis,Saint-Louis,Riz importé (brisé),290.5,2
2015-05-01,Saint Louis,Saint-Louis,Riz local,276.0,2
2015-05-01,Sedhiou,Sédhiou,Maïs local,275.0,1
2015-05-01,Sedhiou,Sédhiou,Mil,269.0,1
2015-05-01,Sedhiou,Sédhiou,Riz importé (brisé),270.0,1
2015-05-01,Sedhiou,Sédhiou,Riz local,272.0,1
2015-05-01,Sedhiou,Sédhiou,Sorgho,300.0,1
2015-05-01,Tambacounda,Tambacounda,Maïs local,162.5,4
2015-05-01,Tambacounda,Tambacounda,Mil,187.5,4
2015-05-01,Tambacounda,Tambacounda,Riz importé (brisé),275.0,4
2015-05-01,Tambacounda,Tambacounda,Sorgho,175.0,3
2015-05-01,Thies,Thiès,Maïs local,210.0,2
2015-05-01,Thies,Thiès,Mil,215.0,3
2015-05-01,Thies,Thiès,Riz importé (brisé),265.0,3
2015-05-01,Thies,Thiès,Riz local,300.0,1
2015-05-01,Thies,Thiès,Sorgho,225.0,2
2015-05-01,Ziguinchor,Ziguinchor,Maïs local,250.0,2
2015-05-01,Ziguinchor,Ziguinchor,Mil,275.0,3
2015-05-01,Ziguinchor,Ziguinchor,Riz importé (brisé),290.0,2
2015-05-01,Ziguinchor,Ziguinchor,Sorgho,287.5,2
2015-06-01,Dakar,Dakar,Maïs importé,220.0,4
2015-06-01,Dakar,Dakar,Maïs local,210.0,4
2015-06-01,Dakar,Dakar,Mil,250.0,5
2015-06-01,Dakar,Dakar,Riz importé (brisé),270.0,4
2015-06-01,Dakar,Dakar,Sorgho,250.0,5
2015-06-01,Diourbel,Diourbel,Riz importé (brisé),325.0,1
2015-06-01,Fatick,Fatick,Maïs importé,225.0,1
2015-06-01,Fatick,Fatick,Maïs local,155.0,1
2015-06-01,Fatick,Fatick,Mil,225.0,3
2015-06-01,Fatick,Fatick,Riz importé (brisé),272.5,2
2015-06-01,Fatick,Fatick,Riz local,180.0,1
2015-06-01,Fatick,Fatick,Sorgho,250.0,1
2015-06-01,Kaffrine,Kaffrine,Maïs local,155.0,4
2015-06-01,Kaffrine,Kaffrine,Mil,160.0,4
2015-06-01,Kaffrine,Kaffrine,Riz importé (brisé),275.0,4
2015-06-01,Kaffrine,Kaffrine,Sorgho,180.0,3
2015-06-01,Kaolack,Kaolack,Maïs importé,165.0,1
2015-06-01,Kaolack,Kaolack,Maïs local,164.16500000000002,4
2015-06-01,Kaolack,Kaolack,Mil,166.66500000000002,4
2015-06-01,Kaolack,Kaolack,Riz importé (brisé),270.0,4
2015-06-01,Kaolack,Kaolack,Riz local,250.0,1
2015-06-01,Kaolack,Kaolack,Sorgho,207.5,2
2015-06-01,Kedougou,Kédougou,Maïs importé,225.0,1
2015-06-01,Kedougou,Kédougou,Maïs local,237.5,2
2015-06-01,Kedougou,Kédougou,Mil,300.0,1
2015-06-01,Kedougou,Kédougou,Riz importé (brisé),300.0,3
2015-06-01,Kedougou,Kédougou,Sorgho,300.0,2
2015-06-01,Kolda,Kolda,Maïs local,182.5,2
2015-06-01,Kolda,Kolda,Mil,205.0,3
2015-06-01,Kolda,Kolda,Riz importé (brisé),275.0,3
2015-06-01,Kolda,Kolda,Riz local,312.5,2
2015-06-01,Kolda,Kolda,Sorgho,200.0,3
2015-06-01,Louga,Louga,Mil,217.0,1
2015-06-01,Louga,Louga,Riz importé (brisé),360.0,1
2015-06-01,Matam,Matam,Maïs importé,207.5,2
2015-06-01,Matam,Matam,Mil,250.0,3
2015-06-01,Matam,Matam,Riz importé (brisé),300.0,3
2015-06-01,Matam,Matam,Riz local,290.0,2
2015-06-01,Matam,Matam,Sorgho,247.0,3
2015-06-01,Saint Louis,Saint-Louis,Maïs importé,237.5,2
2015-06-01,Saint Louis,Saint-Louis,Maïs local,207.5,2
2015-06-01,Saint Louis,Saint-Louis,Mil,225.0,2
2015-06-01,Saint Louis,Saint-Louis,Riz importé (brisé),293.75,2
2015-06-01,Saint Louis,Saint-Louis,Riz local,285.0,2
2015-06-01,Saint Louis,Saint-Louis,Sorgho,250.0,1
2015-06-01,Sedhiou,Sédhiou,Maïs local,275.0,1
2015-06-01,Sedhiou,Sédhiou,Mil,250.0,1
2015-06-01,Sedhiou,Sédhiou,Riz importé (brisé),360.0,1
2015-06-01,Sedhiou,Sédhiou,Riz local,270.0,1
2015-06-01,Sedhiou,Sédhiou,Sorgho,300.0,1
2015-06-01,Tambacounda,Tambacounda,Maïs local,169.16500000000002,4
2015-06-01,Tambacounda,Tambacounda,Mil,185.0,4
2015-06-01,Tambacounda,Tambacounda,Riz importé (brisé),275.0,4
2015-06-01,Tambacounda,Tambacounda,Sorgho,175.0,3
2015-06-01,Thies,Thiès,Maïs importé,200.0,3
2015-06-01,Thies,Thiès,Maïs local,196.66500000000002,2
2015-06-01,Thies,Thiès,Mil,215.0,3
2015-06-01,Thies,Thiès,Riz importé (brisé),265.0,3
2015-06-01,Thies,Thiès,Riz local,280.0,2
2015-06-01,Thies,Thiès,Sorgho,220.0,2
2015-06-01,Ziguinchor,Ziguinchor,Maïs local,275.0,2
2015-06-01,Ziguinchor,Ziguinchor,Mil,275.0,3
2015-06-01,Ziguinchor,Ziguinchor,Riz importé (brisé),293.33,3
2015-06-01,Ziguinchor,Ziguinchor,Sorgho,295.83500000000004,2
2015-07-01,Dakar,Dakar,Maïs importé,220.0,4
2015-07-01,Dakar,Dakar,Maïs local,212.0,3
2015-07-01,Dakar,Dakar,Mil,249.0,4
2015-07-01,Dakar,Dakar,Riz importé (brisé),272.0,5
2015-07-01,Dakar,Dakar,Sorgho,249.5,4
2015-07-01,Diourbel,Diourbel,Maïs importé,231.0,4
2015-07-01,Diourbel,Diourbel,Maïs local,220.0,3
2015-07-01,Diourbel,Diourbel,Mil,205.0,3
2015-07-01,Diourbel,Diourbel,Riz importé (brisé),275.0,4
2015-07-01,Diourbel,Diourbel,Riz local,230.0,3
2015-07-01,Diourbel,Diourbel,Sorgho,217.5,2
2015-07-01,Fatick,Fatick,Maïs importé,212.0,1
2015-07-01,Fatick,Fatick,Maïs local,200.0,5
2015-07-01,Fatick,Fatick,Mil,197.5,6
2015-07-01,Fatick,Fatick,Riz importé (brisé),270.0,6
2015-07-01,Fatick,Fatick,Riz local,250.0,1
2015-07-01,Fatick,Fatick,Sorgho,230.0,4
2015-07-01,Kaffrine,Kaffrine,Maïs importé,275.0,1
2015-07-01,Kaffrine,Kaffrine,Maïs local,161.0,4
2015-07-01,Kaffrine,Kaffrine,Mil,178.0,3
2015-07-01,Kaffrine,Kaffrine,Riz importé (brisé),275.0,3
2015-07-01,Kaffrine,Kaffrine,Sorgho,208.0,4
2015-07-01,Kaolack,Kaolack,Maïs importé,172.0,1
2015-07-01,Kaolack,Kaolack,Maïs local,171.5,4
2015-07-01,Kaolack,Kaolack,Mil,166.0,4
2015-07-01,Kaolack,Kaolack,Riz importé (brisé),270.0,3
2015-07-01,Kaolack,Kaolack,Riz local,250.0,1
2015-07-01,Kaolack,Kaolack,Sorgho,227.0,1
2015-07-01,Kedougou,Kédougou,Maïs importé,225.0,1
2015-07-01,Kedougou,Kédougou,Maïs local,225.0,3
2015-07-01,Kedougou,Kédougou,Mil,300.0,2
2015-07-01,Kedougou,Kédougou,Riz importé (brisé),300.0,3
2015-07-01,Kedougou,Kédougou,Sorgho,300.0,2
2015-07-01,Kolda,Kolda,Maïs local,200.0,3
2015-07-01,Kolda,Kolda,Mil,200.0,3
2015-07-01,Kolda,Kolda,Riz importé (brisé),275.0,3
2015-07-01,Kolda,Kolda,Riz local,312.5,2
2015-07-01,Kolda,Kolda,Sorgho,200.0,3
2015-07-01,Louga,Louga,Maïs importé,200.0,2
2015-07-01,Louga,Louga,Maïs local,219.5,2
2015-07-01,Louga,Louga,Mil,231.0,2
2015-07-01,Louga,Louga,Riz importé (brisé),264.0,2
2015-07-01,Louga,Louga,Riz local,248.0,2
2015-07-01,Matam,Matam,Maïs importé,230.0,2
2015-07-01,Matam,Matam,Mil,247.0,3
2015-07-01,Matam,Matam,Riz importé (brisé),300.0,3
2015-07-01,Matam,Matam,Riz local,300.0,2
2015-07-01,Matam,Matam,Sorgho,237.0,3
2015-07-01,Saint Louis,Saint-Louis,Maïs importé,237.5,2
2015-07-01,Saint Louis,Saint-Louis,Maïs local,245.0,2
2015-07-01,Saint Louis,Saint-Louis,Mil,225.0,2
2015-07-01,Saint Louis,Saint-Louis,Riz importé (brisé),287.5,2
2015-07-01,Saint Louis,Saint-Louis,Riz local,300.0,2
2015-07-01,Saint Louis,Saint-Louis,Sorgho,300.0,1
2015-07-01,Sedhiou,Sédhiou,Maïs local,300.0,1
2015-07-01,Sedhiou,Sédhiou,Mil,287.0,1
2015-07-01,Sedhiou,Sédhiou,Riz importé (brisé),270.0,1
2015-07-01,Sedhiou,Sédhiou,Sorgho,300.0,1
2015-07-01,Tambacounda,Tambacounda,Maïs local,162.5,4
2015-07-01,Tambacounda,Tambacounda,Mil,187.5,4
2015-07-01,Tambacounda,Tambacounda,Riz importé (brisé),275.0,3
2015-07-01,Tambacounda,Tambacounda,Sorgho,175.0,3
2015-07-01,Thies,Thiès,Maïs importé,192.0,3
2015-07-01,Thies,Thiès,Maïs local,196.0,2
2015-07-01,Thies,Thiès,Mil,212.0,3
2015-07-01,Thies,Thiès,Riz importé (brisé),270.0,3
2015-07-01,Thies,Thiès,Riz local,275.0,3
2015-07-01,Thies,Thiès,Sorgho,221.0,3
2015-07-01,Ziguinchor,Ziguinchor,Maïs local,275.0,2
2015-07-01,Ziguinchor,Ziguinchor,Mil,275.0,3
2015-07-01,Ziguinchor,Ziguinchor,Riz importé (brisé),270.0,3
2015-07-01,Ziguinchor,Ziguinchor,Sorgho,275.0,2
2015-08-01,Dakar,Dakar,Maïs importé,235.0,4
2015-08-01,Dakar,Dakar,Maïs local,241.5,4
2015-08-01,Dakar,Dakar,Mil,248.0,5
2015-08-01,Dakar,Dakar,Riz importé (brisé),275.0,5
2015-08-01,Dakar,Dakar,Sorgho,275.0,5
2015-08-01,Diourbel,Diourbel,Maïs importé,231.0,4
2015-08-01,Diourbel,Diourbel,Maïs local,220.0,3
2015-08-01,Diourbel,Diourbel,Mil,208.5,4
2015-08-01,Diourbel,Diourbel,Riz importé (brisé),275.0,4
2015-08-01,Diourbel,Diourbel,Riz local,230.0,3
2015-08-01,Diourbel,Diourbel,Sorgho,217.5,2
2015-08-01,Fatick,Fatick,Maïs importé,250.0,1
2015-08-01,Fatick,Fatick,Maïs local,200.0,3
2015-08-01,Fatick,Fatick,Mil,175.0,5
2015-08-01,Fatick,Fatick,Riz importé (brisé),275.0,5
2015-08-01,Fatick,Fatick,Sorgho,250.0,3
2015-08-01,Kaffrine,Kaffrine,Maïs local,165.0,4
2015-08-01,Kaffrine,Kaffrine,Mil,170.0,4
2015-08-01,Kaffrine,Kaffrine,Riz importé (brisé),275.0,4
2015-08-01,Kaffrine,Kaffrine,Sorgho,189.0,4
2015-08-01,Kaolack,Kaolack,Maïs importé,171.0,1
2015-08-01,Kaolack,Kaolack,Maïs local,166.0,4
2015-08-01,Kaolack,Kaolack,Mil,159.0,4
2015-08-01,Kaolack,Kaolack,Riz importé (brisé),270.0,4
2015-08-01,Kaolack,Kaolack,Riz local,250.0,1
2015-08-01,Kaolack,Kaolack,Sorgho,221.0,1
2015-08-01,Kedougou,Kédougou,Maïs importé,225.0,1
2015-08-01,Kedougou,Kédougou,Maïs local,225.0,3
2015-08-01,Kedougou,Kédougou,Riz importé (brisé),300.0,3
2015-08-01,Kedougou,Kédougou,Sorgho,325.0,2
2015-08-01,Kolda,Kolda,Maïs local,200.0,3
2015-08-01,Kolda,Kolda,Mil,212.0,3
2015-08-01,Kolda,Kolda,Riz importé (brisé),275.0,3
2015-08-01,Kolda,Kolda,Riz local,311.0,2
2015-08-01,Kolda,Kolda,Sorgho,225.0,2
2015-08-01,Louga,Louga,Maïs importé,195.5,2
2015-08-01,Louga,Louga,Maïs local,200.0,2
2015-08-01,Louga,Louga,Mil,220.0,2
2015-08-01,Louga,Louga,Riz importé (brisé),257.0,2
2015-08-01,Louga,Louga,Riz local,240.0,2
2015-08-01,Matam,Matam,Maïs importé,225.0,3
2015-08-01,Matam,Matam,Mil,259.0,4
2015-08-01,Matam,Matam,Riz importé (brisé),300.0,4
2015-08-01,Matam,Matam,Riz local,275.0,3
2015-08-01,Matam,Matam,Sorgho,250.0,3
2015-08-01,Saint Louis,Saint-Louis,Maïs importé,262.5,2
2015-08-01,Saint Louis,Saint-Louis,Maïs local,283.0,2
2015-08-01,Saint Louis,Saint-Louis,Mil,275.0,2
2015-08-01,Saint Louis,Saint-Louis,Riz importé (brisé),275.0,2
2015-08-01,Saint Louis,Saint-Louis,Riz local,262.5,2
2015-08-01,Saint Louis,Saint-Louis,Sorgho,325.0,2
2015-08-01,Sedhiou,Sédhiou,Maïs local,300.0,1
2015-08-01,Sedhiou,Sédhiou,Mil,266.0,1
2015-08-01,Sedhiou,Sédhiou,Riz importé (brisé),270.0,1
2015-08-01,Sedhiou,Sédhiou,Sorgho,266.0,1
2015-08-01,Tambacounda,Tambacounda,Maïs local,170.5,4
2015-08-01,Tambacounda,Tambacounda,Mil,187.5,4
2015-08-01,Tambacounda,Tambacounda,Riz importé (brisé),275.0,4
2015-08-01,Tambacounda,Tambacounda,Sorgho,175.0,2
2015-08-01,Thies,Thiès,Maïs importé,191.0,3
2015-08-01,Thies,Thiès,Maïs local,200.0,1
2015-08-01,Thies,Thiès,Mil,200.0,3
2015-08-01,Thies,Thiès,Riz importé (brisé),265.0,3
2015-08-01,Thies,Thiès,Riz local,263.5,2
2015-08-01,Thies,Thiès,Sorgho,225.0,3
2015-08-01,Ziguinchor,Ziguinchor,Maïs local,262.5,2
2015-08-01,Ziguinchor,Ziguinchor,Mil,250.0,3
2015-08-01,Ziguinchor,Ziguinchor,Riz importé (brisé),290.0,2
2015-08-01,Ziguinchor,Ziguinchor,Sorgho,287.5,2
2015-09-01,Dakar,Dakar,Maïs importé,250.0,4
2015-09-01,Dakar,Dakar,Maïs local,250.0,4
2015-09-01,Dakar,Dakar,Mil,250.0,5
2015-09-01,Dakar,Dakar,Riz importé (brisé),275.0,5
2015-09-01,Dakar,Dakar,Sorgho,300.0,4
2015-09-01,Diourbel,Diourbel,Maïs importé,235.0,3
2015-09-01,Diourbel,Diourbel,Maïs local,222.5,2
2015-09-01,Diourbel,Diourbel,Mil,218.5,2
2015-09-01,Diourbel,Diourbel,Riz importé (brisé),275.0,3
2015-09-01,Diourbel,Diourbel,Riz local,230.0,2
2015-09-01,Diourbel,Diourbel,Sorgho,220.0,1
2015-09-01,Fatick,Fatick,Maïs importé,200.0,3
2015-09-01,Fatick,Fatick,Maïs local,192.5,2
2015-09-01,Fatick,Fatick,Mil,175.0,5
2015-09-01,Fatick,Fatick,Riz importé (brisé),275.0,5
2015-09-01,Fatick,Fatick,Sorgho,230.0,4
2015-09-01,Kaffrine,Kaffrine,Maïs local,155.0,4
2015-09-01,Kaffrine,Kaffrine,Mil,150.0,3
2015-09-01,Kaffrine,Kaffrine,Riz importé (brisé),300.0,4
2015-09-01,Kaffrine,Kaffrine,Riz local,275.0,4
2015-09-01,Kaffrine,Kaffrine,Sorgho,200.0,4
2015-09-01,Kaolack,Kaolack,Maïs importé,170.0,1
2015-09-01,Kaolack,Kaolack,Maïs local,162.5,4
2015-09-01,Kaolack,Kaolack,Mil,133.5,4
2015-09-01,Kaolack,Kaolack,Riz importé (brisé),272.0,4
2015-09-01,Kaolack,Kaolack,Riz local,283.0,1
2015-09-01,Kaolack,Kaolack,Sorgho,200.0,3
2015-09-01,Kedougou,Kédougou,Maïs importé,208.0,1
2015-09-01,Kedougou,Kédougou,Maïs local,225.0,3
2015-09-01,Kedougou,Kédougou,Mil,313.0,1
2015-09-01,Kedougou,Kédougou,Riz importé (brisé),300.0,3
2015-09-01,Kedougou,Kédougou,Sorgho,308.0,2
2015-09-01,Kolda,Kolda,Maïs local,200.0,3
2015-09-01,Kolda,Kolda,Mil,200.0,3
2015-09-01,Kolda,Kolda,Riz importé (brisé),275.0,3
2015-09-01,Kolda,Kolda,Sorgho,225.0,2
2015-09-01,Louga,Louga,Maïs importé,190.0,3
2015-09-01,Louga,Louga,Maïs local,200.0,4
2015-09-01,Louga,Louga,Mil,200.0,4
2015-09-01,Louga,Louga,Riz importé (brisé),240.0,4
2015-09-01,Louga,Louga,Riz local,220.0,4
2015-09-01,Matam,Matam,Maïs importé,241.0,3
2015-09-01,Matam,Matam,Mil,250.0,4
2015-09-01,Matam,Matam,Riz importé (brisé),300.0,4
2015-09-01,Matam,Matam,Riz local,275.0,3
2015-09-01,Matam,Matam,Sorgho,247.5,4
2015-09-01,Saint Louis,Saint-Louis,Maïs importé,250.0,2
2015-09-01,Saint Louis,Saint-Louis,Maïs local,205.0,2
2015-09-01,Saint Louis,Saint-Louis,Mil,212.5,2
2015-09-01,Saint Louis,Saint-Louis,Riz importé (brisé),265.5,2
2015-09-01,Saint Louis,Saint-Louis,Riz local,245.0,2
2015-09-01,Sedhiou,Sédhiou,Maïs local,300.0,1
2015-09-01,Sedhiou,Sédhiou,Mil,275.0,1
2015-09-01,Sedhiou,Sédhiou,Riz importé (brisé),270.0,1
2015-09-01,Sedhiou,Sédhiou,Sorgho,300.0,1
2015-09-01,Tambacounda,Tambacounda,Maïs local,175.0,4
2015-09-01,Tambacounda,Tambacounda,Mil,183.0,4
2015-09-01,Tambacounda,Tambacounda,Riz importé (brisé),275.0,4
2015-09-01,Tambacounda,Tambacounda,Sorgho,183.0,3
2015-09-01,Thies,Thiès,Maïs importé,196.0,3
2015-09-01,Thies,Thiès,Mil,180.0,3
2015-09-01,Thies,Thiès,Riz importé (brisé),265.0,3
2015-09-01,Thies,Thiès,Riz local,260.0,2
2015-09-01,Thies,Thiès,Sorgho,203.0,1
2015-09-01,Ziguinchor,Ziguinchor,Maïs local,262.5,2
2015-09-01,Ziguinchor,Ziguinchor,Mil,250.0,3
2015-09-01,Ziguinchor,Ziguinchor,Riz importé (brisé),290.0,2
2015-09-01,Ziguinchor,Ziguinchor,Sorgho,287.5,2
2015-10-01,Dakar,Dakar,Maïs importé,250.0,4
2015-10-01,Dakar,Dakar,Maïs local,250.0,4
2015-10-01,Dakar,Dakar,Mil,255.0,5
2015-10-01,Dakar,Dakar,Riz importé (brisé),275.0,5
2015-10-01,Dakar,Dakar,Sorgho,300.0,4
2015-10-01,Diourbel,Diourbel,Maïs importé,247.5,2
2015-10-01,Diourbel,Diourbel,Maïs local,227.5,2
2015-10-01,Diourbel,Diourbel,Mil,237.5,2
2015-10-01,Diourbel,Diourbel,Riz importé (brisé),275.0,2
2015-10-01,Diourbel,Diourbel,Sorgho,227.5,2
2015-10-01,Fatick,Fatick,Maïs importé,225.0,1
2015-10-01,Fatick,Fatick,Maïs local,170.0,4
2015-10-01,Fatick,Fatick,Mil,150.0,5
2015-10-01,Fatick,Fatick,Riz importé (brisé),270.0,4
2015-10-01,Fatick,Fatick,Riz local,275.0,1
2015-10-01,Fatick,Fatick,Sorgho,195.0,2
2015-10-01,Kaolack,Kaolack,Maïs importé,180.0,1
2015-10-01,Kaolack,Kaolack,Maïs local,166.5,4
2015-10-01,Kaolack,Kaolack,Mil,138.0,2
2015-10-01,Kaolack,Kaolack,Riz importé (brisé),270.5,4
2015-10-01,Kaolack,Kaolack,Riz local,265.0,2
2015-10-01,Kaolack,Kaolack,Sorgho,170.0,3
2015-10-01,Kedougou,Kédougou,Maïs importé,225.0,1
2015-10-01,Kedougou,Kédougou,Maïs local,225.0,3
2015-10-01,Kedougou,Kédougou,Mil,250.0,1
2015-10-01,Kedougou,Kédougou,Riz importé (brisé),300.0,3
2015-10-01,Kolda,Kolda,Maïs local,187.0,3
2015-10-01,Kolda,Kolda,Mil,195.0,3
2015-10-01,Kolda,Kolda,Riz importé (brisé),275.0,3
2015-10-01,Kolda,Kolda,Riz local,320.0,1
2015-10-01,Kolda,Kolda,Sorgho,212.5,2
2015-10-01,Louga,Louga,Maïs importé,190.0,4
2015-10-01,Louga,Louga,Maïs local,195.0,3
2015-10-01,Louga,Louga,Mil,200.0,4
2015-10-01,Louga,Louga,Riz importé (brisé),237.5,4
2015-10-01,Louga,Louga,Riz local,220.0,4
2015-10-01,Matam,Matam,Mil,250.0,1
2015-10-01,Matam,Matam,Riz importé (brisé),394.0,1
2015-10-01,Matam,Matam,Sorgho,245.0,1
2015-10-01,Saint Louis,Saint-Louis,Maïs importé,250.0,1
2015-10-01,Saint Louis,Saint-Louis,Maïs local,185.0,1
2015-10-01,Saint Louis,Saint-Louis,Mil,216.0,2
2015-10-01,Saint Louis,Saint-Louis,Riz importé (brisé),315.0,2
2015-10-01,Saint Louis,Saint-Louis,Riz local,250.0,1
2015-10-01,Sedhiou,Sédhiou,Maïs local,300.0,1
2015-10-01,Sedhiou,Sédhiou,Mil,258.0,1
2015-10-01,Sedhiou,Sédhiou,Riz importé (brisé),270.0,1
2015-10-01,Sedhiou,Sédhiou,Sorgho,258.0,1
2015-10-01,Tambacounda,Tambacounda,Maïs local,162.5,4
2015-10-01,Tambacounda,Tambacounda,Mil,162.5,4
2015-10-01,Tambacounda,Tambacounda,Riz importé (brisé),275.0,4
2015-10-01,Tambacounda,Tambacounda,Sorgho,218.5,4
2015-10-01,Thies,Thiès,Maïs importé,195.0,3
2015-10-01,Thies,Thiès,Mil,175.0,3
2015-10-01,Thies,Thiès,Riz importé (brisé),265.0,3
2015-10-01,Thies,Thiès,Riz local,252.0,3
2015-10-01,Thies,Thiès,Sorgho,200.0,1
2015-10-01,Ziguinchor,Ziguinchor,Maïs local,237.5,2
2015-10-01,Ziguinchor,Ziguinchor,Mil,250.0,3
2015-10-01,Ziguinchor,Ziguinchor,Riz importé (brisé),290.0,2
2015-10-01,Ziguinchor,Ziguinchor,Sorgho,287.5,2
2015-11-01,Dakar,Dakar,Mil,250.0,1
2015-11-01,Dakar,Dakar,Riz importé (brisé),350.0,1
2015-11-01,Dakar,Dakar,Sorgho,300.0,1
2015-11-01,Diourbel,Diourbel,Mil,198.0,1
2015-11-01,Diourbel,Diourbel,Riz importé (brisé),363.0,1
2015-11-01,Fatick,Fatick,Mil,175.0,1
2015-11-01,Kaolack,Kaolack,Mil,130.0,1
2015-11-01,Kaolack,Kaolack,Riz importé (brisé),400.0,1
2015-11-01,Kolda,Kolda,Riz importé (brisé),421.0,1
2015-11-01,Louga,Louga,Mil,195.0,1
2015-11-01,Matam,Matam,Mil,242.0,1
2015-11-01,Matam,Matam,Riz importé (brisé),388.0,1
2015-11-01,Matam,Matam,Sorgho,242.0,1
2015-11-01,Saint Louis,Saint-Louis,Mil,199.0,1
2015-11-01,Saint Louis,Saint-Louis,Riz importé (brisé),384.0,1
2015-11-01,Tambacounda,Tambacounda,Mil,169.0,1
2015-11-01,Tambacounda,Tambacounda,Riz importé (brisé),450.0,1
2015-11-01,Thies,Thiès,Mil,156.0,1
2015-11-01,Thies,Thiès,Riz importé (brisé),363.0,1
2015-11-01,Ziguinchor,Ziguinchor,Mil,250.0,1
2015-11-01,Ziguinchor,Ziguinchor,Riz importé (brisé),475.0,1
2015-12-01,Dakar,Dakar,Maïs importé,224.0,4
2015-12-01,Dakar,Dakar,Maïs local,224.0,4
2015-12-01,Dakar,Dakar,Mil,216.75,4
2015-12-01,Dakar,Dakar,Riz importé (brisé),270.0,5
2015-12-01,Dakar,Dakar,Sorgho,240.5,4
2015-12-01,Diourbel,Diourbel,Mil,198.0,1
2015-12-01,Diourbel,Diourbel,Riz importé (brisé),362.5,1
2015-12-01,Fatick,Fatick,Maïs importé,200.0,2
2015-12-01,Fatick,Fatick,Maïs local,167.5,2
2015-12-01,Fatick,Fatick,Mil,175.0,5
2015-12-01,Fatick,Fatick,Riz importé (brisé),270.0,5
2015-12-01,Fatick,Fatick,Sorgho,172.0,3
2015-12-01,Kaffrine,Kaffrine,Maïs local,160.0,4
2015-12-01,Kaffrine,Kaffrine,Mil,143.0,3
2015-12-01,Kaffrine,Kaffrine,Riz importé (brisé),275.0,4
2015-12-01,Kaffrine,Kaffrine,Sorgho,173.5,4
2015-12-01,Kaolack,Kaolack,Maïs importé,166.0,1
2015-12-01,Kaolack,Kaolack,Maïs local,156.5,4
2015-12-01,Kaolack,Kaolack,Mil,140.0,3
2015-12-01,Kaolack,Kaolack,Riz importé (brisé),270.5,4
2015-12-01,Kaolack,Kaolack,Riz local,275.0,2
2015-12-01,Kaolack,Kaolack,Sorgho,215.5,2
2015-12-01,Kedougou,Kédougou,Maïs local,210.0,2
2015-12-01,Kedougou,Kédougou,Mil,250.0,1
2015-12-01,Kedougou,Kédougou,Riz importé (brisé),300.0,2
2015-12-01,Kolda,Kolda,Maïs local,166.0,3
2015-12-01,Kolda,Kolda,Mil,225.0,1
2015-12-01,Kolda,Kolda,Riz importé (brisé),275.0,3
2015-12-01,Kolda,Kolda,Riz local,325.0,1
2015-12-01,Kolda,Kolda,Sorgho,216.5,2
2015-12-01,Louga,Louga,Maïs importé,208.0,3
2015-12-01,Louga,Louga,Maïs local,232.0,3
2015-12-01,Louga,Louga,Mil,246.0,3
2015-12-01,Louga,Louga,Riz importé (brisé),265.0,3
2015-12-01,Louga,Louga,Riz local,231.0,3
2015-12-01,Louga,Louga,Sorgho,232.0,3
2015-12-01,Matam,Matam,Maïs importé,250.0,2
2015-12-01,Matam,Matam,Maïs local,125.0,1
2015-12-01,Matam,Matam,Mil,246.0,4
2015-12-01,Matam,Matam,Riz importé (brisé),300.0,4
2015-12-01,Matam,Matam,Riz local,275.0,3
2015-12-01,Matam,Matam,Sorgho,223.5,4
2015-12-01,Saint Louis,Saint-Louis,Maïs importé,250.0,2
2015-12-01,Saint Louis,Saint-Louis,Maïs local,185.0,2
2015-12-01,Saint Louis,Saint-Louis,Mil,190.0,2
2015-12-01,Saint Louis,Saint-Louis,Riz importé (brisé),250.0,2
2015-12-01,Saint Louis,Saint-Louis,Riz local,235.0,2
2015-12-01,Sedhiou,Sédhiou,Maïs local,237.0,1
2015-12-01,Sedhiou,Sédhiou,Mil,187.0,1
2015-12-01,Sedhiou,Sédhiou,Riz importé (brisé),280.0,1
2015-12-01,Tambacounda,Tambacounda,Maïs local,162.5,4
2015-12-01,Tambacounda,Tambacounda,Mil,162.5,4
2015-12-01,Tambacounda,Tambacounda,Riz importé (brisé),275.0,4
2015-12-01,Tambacounda,Tambacounda,Riz local,250.0,1
2015-12-01,Tambacounda,Tambacounda,Sorgho,162.5,4
2015-12-01,Thies,Thiès,Maïs importé,250.0,1
2015-12-01,Thies,Thiès,Maïs local,200.0,1
2015-12-01,Thies,Thiès,Mil,150.0,3
2015-12-01,Thies,Thiès,Riz importé (brisé),265.0,3
2015-12-01,Thies,Thiès,Riz local,250.0,2
2015-12-01,Ziguinchor,Ziguinchor,Mil,250.0,1
2015-12-01,Ziguinchor,Ziguinchor,Riz importé (brisé),475.0,1
2016-01-01,Dakar,Dakar,Maïs importé,220.0,4
2016-01-01,Dakar,Dakar,Maïs local,225.0,4
2016-01-01,Dakar,Dakar,Mil,225.0,5
2016-01-01,Dakar,Dakar,Riz importé (brisé),270.0,5
2016-01-01,Dakar,Dakar,Sorgho,225.0,5
2016-01-01,Diourbel,Diourbel,Maïs importé,200.0,3
2016-01-01,Diourbel,Diourbel,Maïs local,200.0,2
2016-01-01,Diourbel,Diourbel,Mil,160.0,3
2016-01-01,Diourbel,Diourbel,Riz importé (brisé),250.0,3
2016-01-01,Diourbel,Diourbel,Riz local,300.0,3
2016-01-01,Diourbel,Diourbel,Sorgho,225.0,3
2016-01-01,Fatick,Fatick,Maïs local,200.0,5
2016-01-01,Fatick,Fatick,Mil,165.0,7
2016-01-01,Fatick,Fatick,Riz importé (brisé),270.0,7
2016-01-01,Fatick,Fatick,Riz local,275.0,1
2016-01-01,Fatick,Fatick,Sorgho,177.5,6
2016-01-01,Kaffrine,Kaffrine,Maïs local,156.5,4
2016-01-01,Kaffrine,Kaffrine,Mil,143.0,4
2016-01-01,Kaffrine,Kaffrine,Riz importé (brisé),275.0,3
2016-01-01,Kaffrine,Kaffrine,Sorgho,166.5,4
2016-01-01,Kaolack,Kaolack,Maïs importé,163.0,1
2016-01-01,Kaolack,Kaolack,Maïs local,153.0,4
2016-01-01,Kaolack,Kaolack,Mil,142.0,4
2016-01-01,Kaolack,Kaolack,Riz importé (brisé),262.0,4
2016-01-01,Kaolack,Kaolack,Riz local,288.0,1
2016-01-01,Kaolack,Kaolack,Sorgho,185.0,4
2016-01-01,Kedougou,Kédougou,Maïs importé,225.0,1
2016-01-01,Kedougou,Kédougou,Maïs local,225.0,2
2016-01-01,Kedougou,Kédougou,Mil,250.0,1
2016-01-01,Kedougou,Kédougou,Riz importé (brisé),290.0,2
2016-01-01,Kolda,Kolda,Maïs local,168.5,2
2016-01-01,Kolda,Kolda,Mil,200.0,3
2016-01-01,Kolda,Kolda,Riz importé (brisé),275.0,3
2016-01-01,Kolda,Kolda,Riz local,375.0,1
2016-01-01,Kolda,Kolda,Sorgho,225.0,2
2016-01-01,Louga,Louga,Maïs importé,190.0,4
2016-01-01,Louga,Louga,Maïs local,197.5,4
2016-01-01,Louga,Louga,Mil,200.0,4
2016-01-01,Louga,Louga,Riz importé (brisé),237.5,4
2016-01-01,Louga,Louga,Riz local,222.5,4
2016-01-01,Louga,Louga,Sorgho,235.0,1
2016-01-01,Matam,Matam,Maïs importé,250.0,2
2016-01-01,Matam,Matam,Maïs local,125.0,1
2016-01-01,Matam,Matam,Mil,237.5,4
2016-01-01,Matam,Matam,Riz importé (brisé),300.0,4
2016-01-01,Matam,Matam,Riz local,275.0,3
2016-01-01,Matam,Matam,Sorgho,219.0,4
2016-01-01,Saint Louis,Saint-Louis,Maïs importé,225.0,2
2016-01-01,Saint Louis,Saint-Louis,Maïs local,180.0,2
2016-01-01,Saint Louis,Saint-Louis,Mil,187.5,2
2016-01-01,Saint Louis,Saint-Louis,Riz importé (brisé),250.0,2
2016-01-01,Saint Louis,Saint-Louis,Riz local,250.0,2
2016-01-01,Sedhiou,Sédhiou,Maïs local,200.0,1
2016-01-01,Sedhiou,Sédhiou,Riz importé (brisé),280.0,1
2016-01-01,Sedhiou,Sédhiou,Sorgho,200.0,1
2016-01-01,Tambacounda,Tambacounda,Maïs local,162.5,4
2016-01-01,Tambacounda,Tambacounda,Mil,162.5,4
2016-01-01,Tambacounda,Tambacounda,Riz importé (brisé),275.0,4
2016-01-01,Tambacounda,Tambacounda,Sorgho,162.5,4
2016-01-01,Thies,Thiès,Maïs importé,195.0,4
2016-01-01,Thies,Thiès,Maïs local,187.5,2
2016-01-01,Thies,Thiès,Mil,155.0,4
2016-01-01,Thies,Thiès,Riz importé (brisé),265.0,4
2016-01-01,Thies,Thiès,Riz local,250.0,3
2016-01-01,Thies,Thiès,Sorgho,205.0,2
2016-01-01,Ziguinchor,Ziguinchor,Maïs local,250.0,2
2016-01-01,Ziguinchor,Ziguinchor,Mil,250.0,3
2016-01-01,Ziguinchor,Ziguinchor,Riz importé (brisé),282.0,3
2016-01-01,Ziguinchor,Ziguinchor,Sorgho,275.0,2
2016-02-01,Dakar,Dakar,Maïs importé,216.5,4
2016-02-01,Dakar,Dakar,Maïs local,225.0,4
2016-02-01,Dakar,Dakar,Mil,220.0,5
2016-02-01,Dakar,Dakar,Riz importé (brisé),270.0,5
2016-02-01,Dakar,Dakar,Sorgho,225.0,5
2016-02-01,Diourbel,Diourbel,Maïs importé,182.5,2
2016-02-01,Diourbel,Diourbel,Maïs local,212.5,2
2016-02-01,Diourbel,Diourbel,Mil,160.0,3
2016-02-01,Diourbel,Diourbel,Riz importé (brisé),250.0,3
2016-02-01,Diourbel,Diourbel,Riz local,275.0,3
2016-02-01,Diourbel,Diourbel,Sorgho,225.0,3
2016-02-01,Fatick,Fatick,Maïs local,185.0,4
2016-02-01,Fatick,Fatick,Mil,150.0,5
2016-02-01,Fatick,Fatick,Riz importé (brisé),270.0,5
2016-02-01,Fatick,Fatick,Riz local,272.5,2
2016-02-01,Fatick,Fatick,Sorgho,165.0,4
2016-02-01,Kaffrine,Kaffrine,Maïs local,160.0,4
2016-02-01,Kaffrine,Kaffrine,Mil,141.0,3
2016-02-01,Kaffrine,Kaffrine,Riz importé (brisé),300.0,4
2016-02-01,Kaffrine,Kaffrine,Riz local,275.0,4
2016-02-01,Kaffrine,Kaffrine,Sorgho,170.5,4
2016-02-01,Kaolack,Kaolack,Maïs importé,170.0,1
2016-02-01,Kaolack,Kaolack,Maïs local,166.5,2
2016-02-01,Kaolack,Kaolack,Mil,134.0,4
2016-02-01,Kaolack,Kaolack,Riz importé (brisé),266.0,3
2016-02-01,Kaolack,Kaolack,Riz local,290.0,1
2016-02-01,Kaolack,Kaolack,Sorgho,195.0,2
2016-02-01,Kedougou,Kédougou,Maïs local,200.0,3
2016-02-01,Kedougou,Kédougou,Mil,200.0,3
2016-02-01,Kedougou,Kédougou,Riz importé (brisé),300.0,3
2016-02-01,Kedougou,Kédougou,Sorgho,300.0,1
2016-02-01,Kolda,Kolda,Maïs local,175.0,2
2016-02-01,Kolda,Kolda,Mil,200.0,3
2016-02-01,Kolda,Kolda,Riz importé (brisé),275.0,3
2016-02-01,Kolda,Kolda,Riz local,400.0,1
2016-02-01,Kolda,Kolda,Sorgho,231.0,2
2016-02-01,Louga,Louga,Maïs importé,225.0,4
2016-02-01,Louga,Louga,Maïs local,180.0,4
2016-02-01,Louga,Louga,Mil,180.0,4
2016-02-01,Louga,Louga,Riz importé (brisé),270.0,4
2016-02-01,Louga,Louga,Riz local,250.0,3
2016-02-01,Louga,Louga,Sorgho,192.5,2
2016-02-01,Matam,Matam,Maïs importé,225.0,1
2016-02-01,Matam,Matam,Maïs local,202.0,3
2016-02-01,Matam,Matam,Mil,225.0,4
2016-02-01,Matam,Matam,Riz importé (brisé),300.0,4
2016-02-01,Matam,Matam,Sorgho,213.0,4
2016-02-01,Saint Louis,Saint-Louis,Maïs importé,206.5,2
2016-02-01,Saint Louis,Saint-Louis,Maïs local,205.0,1
2016-02-01,Saint Louis,Saint-Louis,Mil,201.5,2
2016-02-01,Saint Louis,Saint-Louis,Riz importé (brisé),263.5,2
2016-02-01,Saint Louis,Saint-Louis,Riz local,250.5,2
2016-02-01,Saint Louis,Saint-Louis,Sorgho,225.0,2
2016-02-01,Sedhiou,Sédhiou,Maïs local,193.0,1
2016-02-01,Sedhiou,Sédhiou,Mil,193.0,1
2016-02-01,Sedhiou,Sédhiou,Riz importé (brisé),280.0,1
2016-02-01,Sedhiou,Sédhiou,Sorgho,200.0,1
2016-02-01,Tambacounda,Tambacounda,Maïs local,174.5,4
2016-02-01,Tambacounda,Tambacounda,Mil,174.5,4
2016-02-01,Tambacounda,Tambacounda,Riz importé (brisé),275.0,4
2016-02-01,Tambacounda,Tambacounda,Sorgho,162.0,3
2016-02-01,Thies,Thiès,Maïs importé,212.5,4
2016-02-01,Thies,Thiès,Maïs local,200.0,4
2016-02-01,Thies,Thiès,Mil,152.5,4
2016-02-01,Thies,Thiès,Riz importé (brisé),260.0,4
2016-02-01,Thies,Thiès,Riz local,230.0,3
2016-02-01,Thies,Thiès,Sorgho,197.5,2
2016-02-01,Ziguinchor,Ziguinchor,Maïs local,250.0,2
2016-02-01,Ziguinchor,Ziguinchor,Mil,250.0,3
2016-02-01,Ziguinchor,Ziguinchor,Riz importé (brisé),285.0,3
2016-02-01,Ziguinchor,Ziguinchor,Sorgho,275.0,2
2016-03-01,Dakar,Dakar,Maïs importé,220.0,4
2016-03-01,Dakar,Dakar,Maïs local,225.0,4
2016-03-01,Dakar,Dakar,Mil,220.0,5
2016-03-01,Dakar,Dakar,Riz importé (brisé),270.0,5
2016-03-01,Dakar,Dakar,Sorgho,238.0,5
2016-03-01,Diourbel,Diourbel,Maïs importé,175.0,3
2016-03-01,Diourbel,Diourbel,Maïs local,175.0,3
2016-03-01,Diourbel,Diourbel,Mil,160.0,4
2016-03-01,Diourbel,Diourbel,Riz importé (brisé),265.0,4
2016-03-01,Diourbel,Diourbel,Riz local,260.0,4
2016-03-01,Diourbel,Diourbel,Sorgho,210.0,2
2016-03-01,Fatick,Fatick,Maïs importé,200.0,2
2016-03-01,Fatick,Fatick,Maïs local,187.5,4
2016-03-01,Fatick,Fatick,Mil,150.0,6
2016-03-01,Fatick,Fatick,Riz importé (brisé),270.0,6
2016-03-01,Fatick,Fatick,Riz local,250.0,2
2016-03-01,Fatick,Fatick,Sorgho,225.0,4
2016-03-01,Kaffrine,Kaffrine,Maïs local,161.0,4
2016-03-01,Kaffrine,Kaffrine,Mil,145.0,4
2016-03-01,Kaffrine,Kaffrine,Riz importé (brisé),282.5,4
2016-03-01,Kaffrine,Kaffrine,Sorgho,183.5,4
2016-03-01,Kaolack,Kaolack,Maïs importé,168.0,1
2016-03-01,Kaolack,Kaolack,Maïs local,170.0,3
2016-03-01,Kaolack,Kaolack,Mil,140.5,4
2016-03-01,Kaolack,Kaolack,Riz importé (brisé),262.5,2
2016-03-01,Kaolack,Kaolack,Riz local,290.0,1
2016-03-01,Kaolack,Kaolack,Sorgho,211.5,2
2016-03-01,Kedougou,Kédougou,Maïs local,175.0,3
2016-03-01,Kedougou,Kédougou,Mil,200.0,1
2016-03-01,Kedougou,Kédougou,Riz importé (brisé),300.0,3
2016-03-01,Kedougou,Kédougou,Sorgho,300.0,1
2016-03-01,Kolda,Kolda,Maïs local,191.0,3
2016-03-01,Kolda,Kolda,Mil,200.0,3
2016-03-01,Kolda,Kolda,Riz importé (brisé),275.0,3
2016-03-01,Kolda,Kolda,Sorgho,212.0,3
2016-03-01,Louga,Louga,Maïs importé,204.5,4
2016-03-01,Louga,Louga,Maïs local,185.5,4
2016-03-01,Louga,Louga,Mil,181.0,3
2016-03-01,Louga,Louga,Riz importé (brisé),270.0,4
2016-03-01,Louga,Louga,Riz local,250.0,4
2016-03-01,Matam,Matam,Maïs importé,225.0,2
2016-03-01,Matam,Matam,Maïs local,213.0,2
2016-03-01,Matam,Matam,Mil,223.5,4
2016-03-01,Matam,Matam,Riz importé (brisé),262.5,4
2016-03-01,Matam,Matam,Sorgho,227.5,4
2016-03-01,Saint Louis,Saint-Louis,Maïs importé,206.0,2
2016-03-01,Saint Louis,Saint-Louis,Maïs local,220.0,1
2016-03-01,Saint Louis,Saint-Louis,Mil,225.0,2
2016-03-01,Saint Louis,Saint-Louis,Riz importé (brisé),257.5,2
2016-03-01,Saint Louis,Saint-Louis,Riz local,268.5,2
2016-03-01,Saint Louis,Saint-Louis,Sorgho,250.0,1
2016-03-01,Sedhiou,Sédhiou,Maïs local,193.0,1
2016-03-01,Sedhiou,Sédhiou,Mil,175.0,1
2016-03-01,Sedhiou,Sédhiou,Riz importé (brisé),280.0,1
2016-03-01,Sedhiou,Sédhiou,Sorgho,300.0,1
2016-03-01,Tambacounda,Tambacounda,Maïs local,175.0,4
2016-03-01,Tambacounda,Tambacounda,Mil,175.0,4
2016-03-01,Tambacounda,Tambacounda,Riz importé (brisé),275.0,4
2016-03-01,Tambacounda,Tambacounda,Sorgho,175.0,3
2016-03-01,Thies,Thiès,Maïs importé,213.0,4
2016-03-01,Thies,Thiès,Maïs local,200.0,3
2016-03-01,Thies,Thiès,Mil,149.0,4
2016-03-01,Thies,Thiès,Riz importé (brisé),260.5,4
2016-03-01,Thies,Thiès,Riz local,243.0,4
2016-03-01,Thies,Thiès,Sorgho,210.0,1
2016-03-01,Ziguinchor,Ziguinchor,Maïs local,250.0,2
2016-03-01,Ziguinchor,Ziguinchor,Mil,250.0,2
2016-03-01,Ziguinchor,Ziguinchor,Riz importé (brisé),282.5,2
2016-03-01,Ziguinchor,Ziguinchor,Sorgho,275.0,2
2016-04-01,Dakar,Dakar,Maïs importé,220.0,3
2016-04-01,Dakar,Dakar,Maïs local,225.0,3
2016-04-01,Dakar,Dakar,Mil,220.0,5
2016-04-01,Dakar,Dakar,Riz importé (brisé),270.0,5
2016-04-01,Dakar,Dakar,Sorgho,238.0,5
2016-04-01,Diourbel,Diourbel,Maïs importé,225.0,1
2016-04-01,Diourbel,Diourbel,Maïs local,210.0,1
2016-04-01,Diourbel,Diourbel,Mil,160.0,3
2016-04-01,Diourbel,Diourbel,Riz importé (brisé),267.5,2
2016-04-01,Diourbel,Diourbel,Riz local,242.5,2
2016-04-01,Diourbel,Diourbel,Sorgho,175.0,1
2016-04-01,Fatick,Fatick,Maïs local,175.0,1
2016-04-01,Fatick,Fatick,Mil,176.0,2
2016-04-01,Fatick,Fatick,Riz importé (brisé),265.0,2
2016-04-01,Fatick,Fatick,Sorgho,210.0,2
2016-04-01,Kaffrine,Kaffrine,Maïs local,168.5,4
2016-04-01,Kaffrine,Kaffrine,Mil,150.0,3
2016-04-01,Kaffrine,Kaffrine,Riz importé (brisé),260.0,4
2016-04-01,Kaffrine,Kaffrine,Sorgho,184.0,4
2016-04-01,Kaolack,Kaolack,Maïs importé,170.0,1
2016-04-01,Kaolack,Kaolack,Maïs local,180.5,4
2016-04-01,Kaolack,Kaolack,Mil,148.5,4
2016-04-01,Kaolack,Kaolack,Riz importé (brisé),265.0,3
2016-04-01,Kaolack,Kaolack,Riz local,280.0,1
2016-04-01,Kaolack,Kaolack,Sorgho,227.0,1
2016-04-01,Kedougou,Kédougou,Maïs local,193.5,2
2016-04-01,Kedougou,Kédougou,Mil,200.0,1
2016-04-01,Kedougou,Kédougou,Riz importé (brisé),290.0,2
2016-04-01,Kedougou,Kédougou,Sorgho,300.0,1
2016-04-01,Kolda,Kolda,Maïs local,200.0,3
2016-04-01,Kolda,Kolda,Mil,200.0,3
2016-04-01,Kolda,Kolda,Riz importé (brisé),275.0,3
2016-04-01,Kolda,Kolda,Riz local,350.0,2
2016-04-01,Kolda,Kolda,Sorgho,232.5,2
2016-04-01,Louga,Louga,Maïs importé,200.0,2
2016-04-01,Louga,Louga,Maïs local,190.0,2
2016-04-01,Louga,Louga,Mil,185.0,2
2016-04-01,Louga,Louga,Riz importé (brisé),272.5,2
2016-04-01,Louga,Louga,Riz local,258.0,2
2016-04-01,Matam,Matam,Maïs importé,225.0,1
2016-04-01,Matam,Matam,Maïs local,212.5,2
2016-04-01,Matam,Matam,Mil,225.0,3
2016-04-01,Matam,Matam,Riz importé (brisé),266.0,3
2016-04-01,Matam,Matam,Sorgho,226.0,3
2016-04-01,Saint Louis,Saint-Louis,Maïs importé,216.5,2
2016-04-01,Saint Louis,Saint-Louis,Maïs local,225.0,1
2016-04-01,Saint Louis,Saint-Louis,Mil,208.0,2
2016-04-01,Saint Louis,Saint-Louis,Riz importé (brisé),259.0,2
2016-04-01,Saint Louis,Saint-Louis,Riz local,269.5,2
2016-04-01,Saint Louis,Saint-Louis,Sorgho,250.0,1
2016-04-01,Sedhiou,Sédhiou,Maïs local,200.0,1
2016-04-01,Sedhiou,Sédhiou,Mil,175.0,1
2016-04-01,Sedhiou,Sédhiou,Riz importé (brisé),280.0,1
2016-04-01,Tambacounda,Tambacounda,Maïs local,168.5,4
2016-04-01,Tambacounda,Tambacounda,Mil,156.0,4
2016-04-01,Tambacounda,Tambacounda,Riz importé (brisé),275.0,4
2016-04-01,Tambacounda,Tambacounda,Sorgho,162.0,3
2016-04-01,Thies,Thiès,Maïs importé,203.5,4
2016-04-01,Thies,Thiès,Maïs local,200.0,4
2016-04-01,Thies,Thiès,Mil,171.0,4
2016-04-01,Thies,Thiès,Riz importé (brisé),263.5,4
2016-04-01,Thies,Thiès,Riz local,250.0,4
2016-04-01,Thies,Thiès,Sorgho,200.0,4
2016-04-01,Ziguinchor,Ziguinchor,Maïs local,250.0,2
2016-04-01,Ziguinchor,Ziguinchor,Mil,250.0,3
2016-04-01,Ziguinchor,Ziguinchor,Riz importé (brisé),285.0,3
2016-04-01,Ziguinchor,Ziguinchor,Sorgho,275.0,2
2016-05-01,Dakar,Dakar,Maïs importé,220.0,3
2016-05-01,Dakar,Dakar,Maïs local,225.0,4
2016-05-01,Dakar,Dakar,Mil,220.0,5
2016-05-01,Dakar,Dakar,Riz importé (brisé),270.0,5
2016-05-01,Dakar,Dakar,Sorgho,244.0,4
2016-05-01,Diourbel,Diourbel,Maïs importé,191.0,4
2016-05-01,Diourbel,Diourbel,Maïs local,165.0,2
2016-05-01,Diourbel,Diourbel,Mil,175.0,4
2016-05-01,Diourbel,Diourbel,Riz importé (brisé),275.0,4
2016-05-01,Diourbel,Diourbel,Riz local,261.0,4
2016-05-01,Diourbel,Diourbel,Sorgho,200.0,3
2016-05-01,Fatick,Fatick,Maïs importé,212.5,2
2016-05-01,Fatick,Fatick,Maïs local,190.0,5
2016-05-01,Fatick,Fatick,Mil,160.0,5
2016-05-01,Fatick,Fatick,Riz importé (brisé),260.0,5
2016-05-01,Fatick,Fatick,Riz local,260.0,1
2016-05-01,Fatick,Fatick,Sorgho,202.5,4
2016-05-01,Kaffrine,Kaffrine,Maïs local,173.0,4
2016-05-01,Kaffrine,Kaffrine,Mil,154.0,3
2016-05-01,Kaffrine,Kaffrine,Riz importé (brisé),263.0,4
2016-05-01,Kaffrine,Kaffrine,Sorgho,201.0,4
2016-05-01,Kaolack,Kaolack,Maïs importé,170.0,1
2016-05-01,Kaolack,Kaolack,Maïs local,179.0,4
2016-05-01,Kaolack,Kaolack,Mil,147.5,4
2016-05-01,Kaolack,Kaolack,Riz importé (brisé),261.0,3
2016-05-01,Kaolack,Kaolack,Riz local,286.0,1
2016-05-01,Kaolack,Kaolack,Sorgho,226.0,1
2016-05-01,Kedougou,Kédougou,Maïs local,225.0,3
2016-05-01,Kedougou,Kédougou,Mil,275.0,2
2016-05-01,Kedougou,Kédougou,Riz importé (brisé),300.0,3
2016-05-01,Kedougou,Kédougou,Sorgho,250.0,3
2016-05-01,Kolda,Kolda,Maïs local,200.0,2
2016-05-01,Kolda,Kolda,Mil,200.0,3
2016-05-01,Kolda,Kolda,Riz importé (brisé),275.0,3
2016-05-01,Kolda,Kolda,Riz local,400.0,1
2016-05-01,Kolda,Kolda,Sorgho,210.0,2
2016-05-01,Louga,Louga,Maïs importé,237.5,2
2016-05-01,Louga,Louga,Maïs local,193.5,2
2016-05-01,Louga,Louga,Mil,185.5,2
2016-05-01,Louga,Louga,Riz importé (brisé),275.0,2
2016-05-01,Louga,Louga,Riz local,300.0,1
2016-05-01,Louga,Louga,Sorgho,250.0,1
2016-05-01,Matam,Matam,Maïs local,225.0,3
2016-05-01,Matam,Matam,Mil,225.5,4
2016-05-01,Matam,Matam,Riz importé (brisé),256.5,4
2016-05-01,Matam,Matam,Riz local,257.5,2
2016-05-01,Matam,Matam,Sorgho,227.5,4
2016-05-01,Saint Louis,Saint-Louis,Maïs importé,228.0,2
2016-05-01,Saint Louis,Saint-Louis,Maïs local,225.0,1
2016-05-01,Saint Louis,Saint-Louis,Mil,212.5,2
2016-05-01,Saint Louis,Saint-Louis,Riz importé (brisé),262.5,2
2016-05-01,Saint Louis,Saint-Louis,Riz local,371.5,2
2016-05-01,Saint Louis,Saint-Louis,Sorgho,250.0,1
2016-05-01,Sedhiou,Sédhiou,Maïs local,200.0,1
2016-05-01,Sedhiou,Sédhiou,Mil,175.0,1
2016-05-01,Sedhiou,Sédhiou,Riz importé (brisé),280.0,1
2016-05-01,Tambacounda,Tambacounda,Maïs local,150.0,4
2016-05-01,Tambacounda,Tambacounda,Mil,140.0,4
2016-05-01,Tambacounda,Tambacounda,Riz importé (brisé),275.0,4
2016-05-01,Tambacounda,Tambacounda,Sorgho,162.5,4
2016-05-01,Thies,Thiès,Maïs importé,225.0,4
2016-05-01,Thies,Thiès,Maïs local,237.5,2
2016-05-01,Thies,Thiès,Mil,209.0,4
2016-05-01,Thies,Thiès,Riz importé (brisé),265.0,4
2016-05-01,Thies,Thiès,Riz local,260.0,4
2016-05-01,Thies,Thiès,Sorgho,250.0,1
2016-05-01,Ziguinchor,Ziguinchor,Maïs local,250.0,2
2016-05-01,Ziguinchor,Ziguinchor,Mil,225.0,2
2016-05-01,Ziguinchor,Ziguinchor,Riz importé (brisé),280.0,2
2016-05-01,Ziguinchor,Ziguinchor,Sorgho,287.5,2
2016-06-01,Dakar,Dakar,Maïs importé,220.0,4
2016-06-01,Dakar,Dakar,Maïs local,225.0,4
2016-06-01,Dakar,Dakar,Mil,220.0,5
2016-06-01,Dakar,Dakar,Riz importé (brisé),270.0,5
2016-06-01,Dakar,Dakar,Sorgho,244.0,4
2016-06-01,Diourbel,Diourbel,Maïs importé,185.0,3
2016-06-01,Diourbel,Diourbel,Mil,172.5,2
2016-06-01,Diourbel,Diourbel,Riz importé (brisé),275.0,3
2016-06-01,Diourbel,Diourbel,Riz local,275.0,3
2016-06-01,Diourbel,Diourbel,Sorgho,190.0,3
2016-06-01,Fatick,Fatick,Maïs local,185.0,5
2016-06-01,Fatick,Fatick,Mil,160.0,6
2016-06-01,Fatick,Fatick,Riz importé (brisé),260.0,5
2016-06-01,Fatick,Fatick,Riz local,250.0,1
2016-06-01,Fatick,Fatick,Sorgho,215.0,4
2016-06-01,Kaffrine,Kaffrine,Maïs local,165.0,3
2016-06-01,Kaffrine,Kaffrine,Mil,155.0,3
2016-06-01,Kaffrine,Kaffrine,Riz importé (brisé),275.0,3
2016-06-01,Kaffrine,Kaffrine,Sorgho,205.0,3
2016-06-01,Kaolack,Kaolack,Maïs importé,173.0,1
2016-06-01,Kaolack,Kaolack,Maïs local,181.5,4
2016-06-01,Kaolack,Kaolack,Mil,149.0,4
2016-06-01,Kaolack,Kaolack,Riz importé (brisé),264.0,4
2016-06-01,Kaolack,Kaolack,Riz local,277.0,1
2016-06-01,Kaolack,Kaolack,Sorgho,228.0,1
2016-06-01,Kedougou,Kédougou,Maïs local,293.0,3
2016-06-01,Kedougou,Kédougou,Mil,275.0,3
2016-06-01,Kedougou,Kédougou,Riz importé (brisé),280.0,3
2016-06-01,Kedougou,Kédougou,Sorgho,300.0,1
2016-06-01,Kolda,Kolda,Maïs local,212.0,3
2016-06-01,Kolda,Kolda,Mil,200.0,3
2016-06-01,Kolda,Kolda,Riz importé (brisé),275.0,3
2016-06-01,Kolda,Kolda,Sorgho,212.5,2
2016-06-01,Louga,Louga,Maïs importé,225.0,4
2016-06-01,Louga,Louga,Maïs local,193.0,3
2016-06-01,Louga,Louga,Mil,190.0,4
2016-06-01,Louga,Louga,Riz importé (brisé),275.0,4
2016-06-01,Matam,Matam,Maïs local,241.0,3
2016-06-01,Matam,Matam,Mil,241.5,4
2016-06-01,Matam,Matam,Riz importé (brisé),275.0,4
2016-06-01,Matam,Matam,Riz local,260.0,2
2016-06-01,Matam,Matam,Sorgho,241.5,4
2016-06-01,Saint Louis,Saint-Louis,Maïs importé,237.5,2
2016-06-01,Saint Louis,Saint-Louis,Maïs local,185.0,1
2016-06-01,Saint Louis,Saint-Louis,Mil,225.0,2
2016-06-01,Saint Louis,Saint-Louis,Riz importé (brisé),262.5,2
2016-06-01,Saint Louis,Saint-Louis,Riz local,287.5,2
2016-06-01,Saint Louis,Saint-Louis,Sorgho,250.0,1
2016-06-01,Sedhiou,Sédhiou,Maïs local,225.0,1
2016-06-01,Sedhiou,Sédhiou,Mil,200.0,1
2016-06-01,Sedhiou,Sédhiou,Riz importé (brisé),280.0,1
2016-06-01,Tambacounda,Tambacounda,Maïs local,150.0,4
2016-06-01,Tambacounda,Tambacounda,Mil,140.0,4
2016-06-01,Tambacounda,Tambacounda,Riz importé (brisé),275.0,3
2016-06-01,Tambacounda,Tambacounda,Sorgho,162.5,4
2016-06-01,Thies,Thiès,Maïs importé,247.5,4
2016-06-01,Thies,Thiès,Maïs local,270.0,1
2016-06-01,Thies,Thiès,Mil,247.5,4
2016-06-01,Thies,Thiès,Riz importé (brisé),265.0,4
2016-06-01,Thies,Thiès,Riz local,260.0,4
2016-06-01,Thies,Thiès,Sorgho,300.0,1
2016-06-01,Ziguinchor,Ziguinchor,Maïs local,250.0,2
2016-06-01,Ziguinchor,Ziguinchor,Mil,237.0,2
2016-06-01,Ziguinchor,Ziguinchor,Riz importé (brisé),282.0,2
2016-06-01,Ziguinchor,Ziguinchor,Sorgho,290.5,2
2016-07-01,Dakar,Dakar,Maïs importé,220.0,4
2016-07-01,Dakar,Dakar,Maïs local,225.0,4
2016-07-01,Dakar,Dakar,Mil,250.0,5
2016-07-01,Dakar,Dakar,Riz importé (brisé),270.0,5
2016-07-01,Dakar,Dakar,Sorgho,250.0,5
2016-07-01,Diourbel,Diourbel,Maïs importé,212.5,4
2016-07-01,Diourbel,Diourbel,Mil,170.0,3
2016-07-01,Diourbel,Diourbel,Riz importé (brisé),267.5,4
2016-07-01,Diourbel,Diourbel,Riz local,300.0,2
2016-07-01,Diourbel,Diourbel,Sorgho,212.5,4
2016-07-01,Fatick,Fatick,Maïs local,175.0,3
2016-07-01,Fatick,Fatick,Mil,171.25,4
2016-07-01,Fatick,Fatick,Riz importé (brisé),270.0,4
2016-07-01,Fatick,Fatick,Sorgho,225.0,2
2016-07-01,Kaffrine,Kaffrine,Maïs local,182.25,4
2016-07-01,Kaffrine,Kaffrine,Mil,167.75,4
2016-07-01,Kaffrine,Kaffrine,Riz importé (brisé),270.0,4
2016-07-01,Kaffrine,Kaffrine,Sorgho,202.125,4
2016-07-01,Kaolack,Kaolack,Maïs importé,185.0,1
2016-07-01,Kaolack,Kaolack,Maïs local,198.125,4
2016-07-01,Kaolack,Kaolack,Mil,160.375,4
2016-07-01,Kaolack,Kaolack,Riz importé (brisé),265.5,4
2016-07-01,Kaolack,Kaolack,Riz local,290.0,1
2016-07-01,Kolda,Kolda,Maïs local,200.0,3
2016-07-01,Kolda,Kolda,Mil,200.0,3
2016-07-01,Kolda,Kolda,Riz importé (brisé),275.0,3
2016-07-01,Kolda,Kolda,Riz local,400.0,1
2016-07-01,Kolda,Kolda,Sorgho,227.5,2
2016-07-01,Louga,Louga,Maïs importé,225.0,2
2016-07-01,Louga,Louga,Mil,190.0,2
2016-07-01,Louga,Louga,Riz importé (brisé),262.5,2
2016-07-01,Matam,Matam,Maïs local,220.0,3
2016-07-01,Matam,Matam,Mil,225.0,4
2016-07-01,Matam,Matam,Riz importé (brisé),275.0,4
2016-07-01,Matam,Matam,Riz local,270.0,2
2016-07-01,Matam,Matam,Sorgho,221.0,4
2016-07-01,Saint Louis,Saint-Louis,Maïs importé,217.70999999999998,2
2016-07-01,Saint Louis,Saint-Louis,Maïs local,196.875,2
2016-07-01,Saint Louis,Saint-Louis,Mil,210.83499999999998,2
2016-07-01,Saint Louis,Saint-Louis,Riz importé (brisé),261.46000000000004,2
2016-07-01,Saint Louis,Saint-Louis,Riz local,276.03999999999996,2
2016-07-01,Saint Louis,Saint-Louis,Sorgho,207.5,2
2016-07-01,Sedhiou,Sédhiou,Maïs local,225.0,1
2016-07-01,Sedhiou,Sédhiou,Mil,200.0,1
2016-07-01,Sedhiou,Sédhiou,Riz importé (brisé),280.0,1
2016-07-01,Tambacounda,Tambacounda,Mil,150.0,1
2016-07-01,Tambacounda,Tambacounda,Riz importé (brisé),450.0,1
2016-07-01,Thies,Thiès,Maïs importé,246.875,4
2016-07-01,Thies,Thiès,Maïs local,262.5,1
2016-07-01,Thies,Thiès,Mil,265.625,4
2016-07-01,Thies,Thiès,Riz importé (brisé),265.0,4
2016-07-01,Thies,Thiès,Riz local,260.0,4
2016-07-01,Thies,Thiès,Sorgho,268.75,1
2016-07-01,Ziguinchor,Ziguinchor,Maïs local,250.0,2
2016-07-01,Ziguinchor,Ziguinchor,Mil,250.0,3
2016-07-01,Ziguinchor,Ziguinchor,Riz importé (brisé),285.0,3
2016-07-01,Ziguinchor,Ziguinchor,Sorgho,300.0,2
2016-08-01,Dakar,Dakar,Maïs importé,220.0,4
2016-08-01,Dakar,Dakar,Maïs local,225.0,4
2016-08-01,Dakar,Dakar,Mil,250.0,5
2016-08-01,Dakar,Dakar,Riz importé (brisé),270.0,5
2016-08-01,Dakar,Dakar,Sorgho,250.0,5
2016-08-01,Diourbel,Diourbel,Maïs importé,225.0,3
2016-08-01,Diourbel,Diourbel,Mil,175.0,3
2016-08-01,Diourbel,Diourbel,Riz importé (brisé),260.0,3
2016-08-01,Diourbel,Diourbel,Riz local,265.0,2
2016-08-01,Diourbel,Diourbel,Sorgho,225.0,2
2016-08-01,Fatick,Fatick,Maïs importé,250.0,2
2016-08-01,Fatick,Fatick,Maïs local,225.0,1
2016-08-01,Fatick,Fatick,Mil,175.0,4
2016-08-01,Fatick,Fatick,Riz importé (brisé),270.0,4
2016-08-01,Fatick,Fatick,Sorgho,250.0,3
2016-08-01,Kaffrine,Kaffrine,Maïs local,200.0,4
2016-08-01,Kaffrine,Kaffrine,Mil,175.0,4
2016-08-01,Kaffrine,Kaffrine,Riz importé (brisé),270.0,4
2016-08-01,Kaffrine,Kaffrine,Sorgho,198.0,4
2016-08-01,Kaolack,Kaolack,Maïs importé,185.0,3
2016-08-01,Kaolack,Kaolack,Maïs local,200.5,4
2016-08-01,Kaolack,Kaolack,Mil,161.0,4
2016-08-01,Kaolack,Kaolack,Riz importé (brisé),263.0,3
2016-08-01,Kaolack,Kaolack,Riz local,281.0,1
2016-08-01,Kaolack,Kaolack,Sorgho,228.0,1
2016-08-01,Kedougou,Kédougou,Maïs importé,250.0,1
2016-08-01,Kedougou,Kédougou,Maïs local,262.5,2
2016-08-01,Kedougou,Kédougou,Riz importé (brisé),307.5,2
2016-08-01,Kedougou,Kédougou,Sorgho,310.0,2
2016-08-01,Kolda,Kolda,Maïs local,200.0,3
2016-08-01,Kolda,Kolda,Mil,200.0,3
2016-08-01,Kolda,Kolda,Riz importé (brisé),275.0,3
2016-08-01,Kolda,Kolda,Sorgho,225.0,1
2016-08-01,Louga,Louga,Maïs importé,225.0,1
2016-08-01,Louga,Louga,Maïs local,203.0,2
2016-08-01,Louga,Louga,Mil,200.0,2
2016-08-01,Louga,Louga,Riz importé (brisé),275.0,2
2016-08-01,Louga,Louga,Riz local,251.5,2
2016-08-01,Matam,Matam,Maïs local,225.0,2
2016-08-01,Matam,Matam,Mil,235.0,3
2016-08-01,Matam,Matam,Riz importé (brisé),271.0,3
2016-08-01,Matam,Matam,Sorgho,225.0,3
2016-08-01,Saint Louis,Saint-Louis,Maïs importé,212.5,2
2016-08-01,Saint Louis,Saint-Louis,Maïs local,202.5,2
2016-08-01,Saint Louis,Saint-Louis,Mil,207.5,2
2016-08-01,Saint Louis,Saint-Louis,Riz importé (brisé),275.0,2
2016-08-01,Saint Louis,Saint-Louis,Riz local,275.0,2
2016-08-01,Saint Louis,Saint-Louis,Sorgho,195.0,2
2016-08-01,Sedhiou,Sédhiou,Maïs local,225.0,1
2016-08-01,Sedhiou,Sédhiou,Mil,208.0,1
2016-08-01,Sedhiou,Sédhiou,Riz importé (brisé),280.0,1
2016-08-01,Tambacounda,Tambacounda,Maïs local,150.0,4
2016-08-01,Tambacounda,Tambacounda,Mil,140.0,4
2016-08-01,Tambacounda,Tambacounda,Riz importé (brisé),275.0,2
2016-08-01,Tambacounda,Tambacounda,Sorgho,175.0,3
2016-08-01,Thies,Thiès,Maïs importé,304.0,4
2016-08-01,Thies,Thiès,Maïs local,337.5,2
2016-08-01,Thies,Thiès,Mil,325.0,4
2016-08-01,Thies,Thiès,Riz importé (brisé),265.0,4
2016-08-01,Thies,Thiès,Riz local,260.0,4
2016-08-01,Ziguinchor,Ziguinchor,Maïs local,250.0,2
2016-08-01,Ziguinchor,Ziguinchor,Mil,250.0,2
2016-08-01,Ziguinchor,Ziguinchor,Riz importé (brisé),280.0,2
2016-08-01,Ziguinchor,Ziguinchor,Sorgho,275.0,2
2016-09-01,Dakar,Dakar,Maïs importé,225.0,4
2016-09-01,Dakar,Dakar,Maïs local,250.0,3
2016-09-01,Dakar,Dakar,Mil,250.0,5
2016-09-01,Dakar,Dakar,Riz importé (brisé),300.0,5
2016-09-01,Dakar,Dakar,Sorgho,250.0,5
2016-09-01,Diourbel,Diourbel,Maïs importé,205.0,2
2016-09-01,Diourbel,Diourbel,Mil,190.0,2
2016-09-01,Diourbel,Diourbel,Riz importé (brisé),287.5,2
2016-09-01,Diourbel,Diourbel,Riz local,287.5,2
2016-09-01,Diourbel,Diourbel,Sorgho,215.0,2
2016-09-01,Fatick,Fatick,Maïs importé,225.0,3
2016-09-01,Fatick,Fatick,Maïs local,202.0,3
2016-09-01,Fatick,Fatick,Mil,193.5,6
2016-09-01,Fatick,Fatick,Riz importé (brisé),270.0,6
2016-09-01,Fatick,Fatick,Riz local,260.0,3
2016-09-01,Fatick,Fatick,Sorgho,250.0,3
2016-09-01,Kaffrine,Kaffrine,Maïs local,206.0,4
2016-09-01,Kaffrine,Kaffrine,Mil,179.0,4
2016-09-01,Kaffrine,Kaffrine,Riz importé (brisé),270.0,4
2016-09-01,Kaffrine,Kaffrine,Sorgho,192.0,4
2016-09-01,Kaolack,Kaolack,Maïs importé,193.5,2
2016-09-01,Kaolack,Kaolack,Maïs local,212.0,3
2016-09-01,Kaolack,Kaolack,Mil,178.5,4
2016-09-01,Kaolack,Kaolack,Riz importé (brisé),265.0,4
2016-09-01,Kaolack,Kaolack,Riz local,273.0,1
2016-09-01,Kedougou,Kédougou,Maïs local,287.5,2
2016-09-01,Kedougou,Kédougou,Mil,250.0,3
2016-09-01,Kedougou,Kédougou,Riz importé (brisé),300.0,3
2016-09-01,Kedougou,Kédougou,Sorgho,297.0,1
2016-09-01,Kolda,Kolda,Maïs local,200.0,3
2016-09-01,Kolda,Kolda,Mil,200.0,3
2016-09-01,Kolda,Kolda,Riz importé (brisé),275.0,3
2016-09-01,Kolda,Kolda,Sorgho,225.0,1
2016-09-01,Louga,Louga,Maïs importé,237.0,1
2016-09-01,Louga,Louga,Maïs local,210.0,1
2016-09-01,Louga,Louga,Mil,208.5,2
2016-09-01,Louga,Louga,Riz importé (brisé),275.0,2
2016-09-01,Louga,Louga,Riz local,250.0,2
2016-09-01,Matam,Matam,Maïs local,225.0,2
2016-09-01,Matam,Matam,Mil,237.0,3
2016-09-01,Matam,Matam,Riz importé (brisé),272.0,3
2016-09-01,Matam,Matam,Riz local,270.0,1
2016-09-01,Matam,Matam,Sorgho,225.0,3
2016-09-01,Saint Louis,Saint-Louis,Maïs importé,232.5,2
2016-09-01,Saint Louis,Saint-Louis,Maïs local,225.0,1
2016-09-01,Saint Louis,Saint-Louis,Mil,250.0,2
2016-09-01,Saint Louis,Saint-Louis,Riz importé (brisé),250.0,2
2016-09-01,Saint Louis,Saint-Louis,Riz local,270.0,2
2016-09-01,Saint Louis,Saint-Louis,Sorgho,250.0,1
2016-09-01,Sedhiou,Sédhiou,Maïs local,258.0,1
2016-09-01,Sedhiou,Sédhiou,Mil,241.0,1
2016-09-01,Sedhiou,Sédhiou,Riz importé (brisé),280.0,1
2016-09-01,Tambacounda,Tambacounda,Maïs local,162.5,4
2016-09-01,Tambacounda,Tambacounda,Mil,162.5,4
2016-09-01,Tambacounda,Tambacounda,Riz importé (brisé),275.0,4
2016-09-01,Tambacounda,Tambacounda,Sorgho,187.5,4
2016-09-01,Thies,Thiès,Maïs importé,275.0,4
2016-09-01,Thies,Thiès,Maïs local,275.0,2
2016-09-01,Thies,Thiès,Mil,275.0,4
2016-09-01,Thies,Thiès,Riz importé (brisé),265.0,4
2016-09-01,Thies,Thiès,Riz local,258.0,4
2016-09-01,Ziguinchor,Ziguinchor,Maïs local,262.5,2
2016-09-01,Ziguinchor,Ziguinchor,Mil,262.0,2
2016-09-01,Ziguinchor,Ziguinchor,Riz importé (brisé),287.0,2
2016-09-01,Ziguinchor,Ziguinchor,Sorgho,281.0,2
2016-10-01,Dakar,Dakar,Maïs importé,225.0,4
2016-10-01,Dakar,Dakar,Maïs local,250.0,3
2016-10-01,Dakar,Dakar,Mil,250.0,5
2016-10-01,Dakar,Dakar,Riz importé (brisé),300.0,5
2016-10-01,Dakar,Dakar,Sorgho,250.0,5
2016-10-01,Diourbel,Diourbel,Maïs importé,250.0,1
2016-10-01,Diourbel,Diourbel,Mil,225.0,1
2016-10-01,Diourbel,Diourbel,Riz importé (brisé),275.0,1
2016-10-01,Diourbel,Diourbel,Riz local,275.0,1
2016-10-01,Diourbel,Diourbel,Sorgho,225.0,1
2016-10-01,Fatick,Fatick,Maïs importé,225.0,3
2016-10-01,Fatick,Fatick,Maïs local,250.0,1
2016-10-01,Fatick,Fatick,Mil,210.0,5
2016-10-01,Fatick,Fatick,Riz importé (brisé),270.0,5
2016-10-01,Fatick,Fatick,Sorgho,225.0,3
2016-10-01,Kaffrine,Kaffrine,Maïs local,250.0,3
2016-10-01,Kaffrine,Kaffrine,Mil,217.0,3
2016-10-01,Kaffrine,Kaffrine,Riz importé (brisé),270.0,3
2016-10-01,Kaffrine,Kaffrine,Sorgho,200.0,3
2016-10-01,Kaolack,Kaolack,Maïs importé,197.5,4
2016-10-01,Kaolack,Kaolack,Maïs local,185.0,4
2016-10-01,Kaolack,Kaolack,Mil,188.0,3
2016-10-01,Kaolack,Kaolack,Riz importé (brisé),266.0,3
2016-10-01,Kaolack,Kaolack,Riz local,260.0,1
2016-10-01,Kaolack,Kaolack,Sorgho,225.0,1
2016-10-01,Kedougou,Kédougou,Maïs local,300.0,1
2016-10-01,Kedougou,Kédougou,Mil,275.0,3
2016-10-01,Kedougou,Kédougou,Riz importé (brisé),300.0,3
2016-10-01,Kedougou,Kédougou,Sorgho,275.0,1
2016-10-01,Kolda,Kolda,Maïs local,226.5,2
2016-10-01,Kolda,Kolda,Mil,235.0,2
2016-10-01,Kolda,Kolda,Riz importé (brisé),275.0,2
2016-10-01,Kolda,Kolda,Sorgho,237.5,2
2016-10-01,Louga,Louga,Maïs importé,235.0,2
2016-10-01,Louga,Louga,Maïs local,210.0,1
2016-10-01,Louga,Louga,Mil,216.0,2
2016-10-01,Louga,Louga,Riz importé (brisé),275.0,2
2016-10-01,Louga,Louga,Riz local,250.0,2
2016-10-01,Matam,Matam,Maïs local,225.0,3
2016-10-01,Matam,Matam,Mil,246.0,4
2016-10-01,Matam,Matam,Riz importé (brisé),274.0,4
2016-10-01,Matam,Matam,Riz local,285.0,1
2016-10-01,Matam,Matam,Sorgho,225.0,4
2016-10-01,Saint Louis,Saint-Louis,Maïs importé,232.5,2
2016-10-01,Saint Louis,Saint-Louis,Maïs local,231.0,1
2016-10-01,Saint Louis,Saint-Louis,Mil,253.0,2
2016-10-01,Saint Louis,Saint-Louis,Riz importé (brisé),247.5,2
2016-10-01,Saint Louis,Saint-Louis,Riz local,247.5,2
2016-10-01,Saint Louis,Saint-Louis,Sorgho,250.0,1
2016-10-01,Sedhiou,Sédhiou,Maïs local,275.0,1
2016-10-01,Sedhiou,Sédhiou,Mil,207.0,1
2016-10-01,Sedhiou,Sédhiou,Riz importé (brisé),280.0,1
2016-10-01,Tambacounda,Tambacounda,Maïs local,156.0,4
2016-10-01,Tambacounda,Tambacounda,Mil,162.5,4
2016-10-01,Tambacounda,Tambacounda,Riz importé (brisé),275.0,4
2016-10-01,Tambacounda,Tambacounda,Sorgho,187.5,4
2016-10-01,Thies,Thiès,Maïs importé,272.5,4
2016-10-01,Thies,Thiès,Maïs local,250.0,3
2016-10-01,Thies,Thiès,Mil,225.0,4
2016-10-01,Thies,Thiès,Riz importé (brisé),265.0,4
2016-10-01,Thies,Thiès,Riz local,260.0,4
2016-10-01,Ziguinchor,Ziguinchor,Maïs local,275.0,2
2016-10-01,Ziguinchor,Ziguinchor,Mil,250.0,3
2016-10-01,Ziguinchor,Ziguinchor,Riz importé (brisé),285.0,2
2016-10-01,Ziguinchor,Ziguinchor,Sorgho,275.0,2
2016-11-01,Dakar,Dakar,Maïs importé,225.0,4
2016-11-01,Dakar,Dakar,Maïs local,250.0,3
2016-11-01,Dakar,Dakar,Mil,250.0,5
2016-11-01,Dakar,Dakar,Riz importé (brisé),300.0,5
2016-11-01,Dakar,Dakar,Sorgho,250.0,5
2016-11-01,Diourbel,Diourbel,Maïs importé,250.0,1
2016-11-01,Diourbel,Diourbel,Mil,225.0,1
2016-11-01,Diourbel,Diourbel,Riz importé (brisé),275.0,1
2016-11-01,Diourbel,Diourbel,Riz local,275.0,1
2016-11-01,Diourbel,Diourbel,Sorgho,225.0,1
2016-11-01,Fatick,Fatick,Maïs importé,225.0,3
2016-11-01,Fatick,Fatick,Maïs local,250.0,1
2016-11-01,Fatick,Fatick,Mil,210.0,5
2016-11-01,Fatick,Fatick,Riz importé (brisé),270.0,5
2016-11-01,Fatick,Fatick,Sorgho,225.0,3
2016-11-01,Kaffrine,Kaffrine,Maïs local,250.0,4
2016-11-01,Kaffrine,Kaffrine,Mil,218.0,3
2016-11-01,Kaffrine,Kaffrine,Riz importé (brisé),270.0,4
2016-11-01,Kaffrine,Kaffrine,Sorgho,201.5,4
2016-11-01,Kaolack,Kaolack,Maïs importé,197.5,4
2016-11-01,Kaolack,Kaolack,Maïs local,185.0,4
2016-11-01,Kaolack,Kaolack,Mil,188.5,4
2016-11-01,Kaolack,Kaolack,Riz importé (brisé),266.0,3
2016-11-01,Kaolack,Kaolack,Riz local,260.0,1
2016-11-01,Kaolack,Kaolack,Sorgho,225.0,1
2016-11-01,Kedougou,Kédougou,Maïs local,300.0,1
2016-11-01,Kedougou,Kédougou,Mil,275.0,3
2016-11-01,Kedougou,Kédougou,Riz importé (brisé),300.0,3
2016-11-01,Kedougou,Kédougou,Sorgho,275.0,1
2016-11-01,Kolda,Kolda,Maïs local,227.5,2
2016-11-01,Kolda,Kolda,Mil,258.0,1
2016-11-01,Kolda,Kolda,Riz importé (brisé),275.0,2
2016-11-01,Kolda,Kolda,Sorgho,237.5,2
2016-11-01,Louga,Louga,Maïs importé,235.0,2
2016-11-01,Louga,Louga,Maïs local,210.0,1
2016-11-01,Louga,Louga,Mil,216.5,2
2016-11-01,Louga,Louga,Riz importé (brisé),275.0,2
2016-11-01,Louga,Louga,Riz local,250.0,2
2016-11-01,Matam,Matam,Maïs local,225.0,3
2016-11-01,Matam,Matam,Mil,250.0,4
2016-11-01,Matam,Matam,Riz importé (brisé),274.0,4
2016-11-01,Matam,Matam,Riz local,285.0,1
2016-11-01,Matam,Matam,Sorgho,225.0,4
2016-11-01,Saint Louis,Saint-Louis,Maïs importé,232.5,2
2016-11-01,Saint Louis,Saint-Louis,Maïs local,231.0,1
2016-11-01,Saint Louis,Saint-Louis,Mil,253.0,2
2016-11-01,Saint Louis,Saint-Louis,Riz importé (brisé),247.5,2
2016-11-01,Saint Louis,Saint-Louis,Riz local,247.5,2
2016-11-01,Saint Louis,Saint-Louis,Sorgho,250.0,1
2016-11-01,Sedhiou,Sédhiou,Maïs local,275.0,1
2016-11-01,Sedhiou,Sédhiou,Mil,208.0,1
2016-11-01,Sedhiou,Sédhiou,Riz importé (brisé),280.0,1
2016-11-01,Tambacounda,Tambacounda,Maïs local,156.5,4
2016-11-01,Tambacounda,Tambacounda,Mil,162.5,4
2016-11-01,Tambacounda,Tambacounda,Riz importé (brisé),275.0,4
2016-11-01,Tambacounda,Tambacounda,Sorgho,187.5,4
2016-11-01,Thies,Thiès,Maïs importé,272.5,4
2016-11-01,Thies,Thiès,Maïs local,250.0,3
2016-11-01,Thies,Thiès,Mil,225.0,4
2016-11-01,Thies,Thiès,Riz importé (brisé),265.0,4
2016-11-01,Thies,Thiès,Riz local,260.0,4
2016-11-01,Ziguinchor,Ziguinchor,Maïs local,275.0,2
2016-11-01,Ziguinchor,Ziguinchor,Mil,250.0,3
2016-11-01,Ziguinchor,Ziguinchor,Riz importé (brisé),285.0,2
2016-11-01,Ziguinchor,Ziguinchor,Sorgho,275.0,2
2016-12-01,Dakar,Dakar,Maïs importé,225.0,3
2016-12-01,Dakar,Dakar,Maïs local,235.0,4
2016-12-01,Dakar,Dakar,Mil,225.0,5
2016-12-01,Dakar,Dakar,Riz importé (brisé),300.0,5
2016-12-01,Dakar,Dakar,Sorgho,223.0,5
2016-12-01,Diourbel,Diourbel,Maïs importé,217.5,4
2016-12-01,Diourbel,Diourbel,Maïs local,200.0,1
2016-12-01,Diourbel,Diourbel,Mil,200.0,4
2016-12-01,Diourbel,Diourbel,Riz importé (brisé),275.0,4
2016-12-01,Diourbel,Diourbel,Riz local,250.0,4
2016-12-01,Diourbel,Diourbel,Sorgho,200.0,4
2016-12-01,Fatick,Fatick,Maïs importé,225.0,4
2016-12-01,Fatick,Fatick,Maïs local,200.0,3
2016-12-01,Fatick,Fatick,Mil,200.0,7
2016-12-01,Fatick,Fatick,Riz importé (brisé),270.0,5
2016-12-01,Fatick,Fatick,Riz local,275.0,1
2016-12-01,Fatick,Fatick,Sorgho,225.0,5
2016-12-01,Kaffrine,Kaffrine,Maïs local,204.0,4
2016-12-01,Kaffrine,Kaffrine,Mil,201.0,4
2016-12-01,Kaffrine,Kaffrine,Riz importé (brisé),270.0,4
2016-12-01,Kaffrine,Kaffrine,Sorgho,202.0,4
2016-12-01,Kaolack,Kaolack,Maïs importé,173.0,1
2016-12-01,Kaolack,Kaolack,Maïs local,176.0,4
2016-12-01,Kaolack,Kaolack,Mil,190.0,3
2016-12-01,Kaolack,Kaolack,Riz importé (brisé),263.0,4
2016-12-01,Kaolack,Kaolack,Riz local,260.0,1
2016-12-01,Kaolack,Kaolack,Sorgho,224.0,1
2016-12-01,Kedougou,Kédougou,Maïs local,300.0,3
2016-12-01,Kedougou,Kédougou,Mil,292.0,3
2016-12-01,Kedougou,Kédougou,Riz importé (brisé),325.0,2
2016-12-01,Kedougou,Kédougou,Sorgho,300.0,3
2016-12-01,Kolda,Kolda,Maïs local,225.0,2
2016-12-01,Kolda,Kolda,Mil,241.5,2
2016-12-01,Kolda,Kolda,Riz importé (brisé),275.0,3
2016-12-01,Kolda,Kolda,Riz local,272.5,2
2016-12-01,Kolda,Kolda,Sorgho,237.5,2
2016-12-01,Louga,Louga,Maïs importé,250.0,4
2016-12-01,Louga,Louga,Maïs local,200.0,4
2016-12-01,Louga,Louga,Mil,205.0,4
2016-12-01,Louga,Louga,Riz importé (brisé),293.0,4
2016-12-01,Louga,Louga,Riz local,247.0,4
2016-12-01,Matam,Matam,Maïs importé,200.0,2
2016-12-01,Matam,Matam,Maïs local,200.0,2
2016-12-01,Matam,Matam,Mil,250.0,3
2016-12-01,Matam,Matam,Riz importé (brisé),275.0,2
2016-12-01,Matam,Matam,Riz local,255.0,2
2016-12-01,Matam,Matam,Sorgho,213.0,3
2016-12-01,Saint Louis,Saint-Louis,Maïs importé,225.0,2
2016-12-01,Saint Louis,Saint-Louis,Maïs local,250.0,1
2016-12-01,Saint Louis,Saint-Louis,Mil,247.5,2
2016-12-01,Saint Louis,Saint-Louis,Riz importé (brisé),265.0,2
2016-12-01,Saint Louis,Saint-Louis,Riz local,252.5,2
2016-12-01,Saint Louis,Saint-Louis,Sorgho,250.0,1
2016-12-01,Sedhiou,Sédhiou,Maïs local,225.0,1
2016-12-01,Sedhiou,Sédhiou,Mil,203.0,1
2016-12-01,Sedhiou,Sédhiou,Riz importé (brisé),280.0,1
2016-12-01,Tambacounda,Tambacounda,Maïs local,162.5,4
2016-12-01,Tambacounda,Tambacounda,Mil,188.5,4
2016-12-01,Tambacounda,Tambacounda,Riz importé (brisé),275.0,4
2016-12-01,Tambacounda,Tambacounda,Sorgho,188.5,4
2016-12-01,Thies,Thiès,Maïs importé,234.5,4
2016-12-01,Thies,Thiès,Maïs local,206.5,4
2016-12-01,Thies,Thiès,Mil,198.5,4
2016-12-01,Thies,Thiès,Riz importé (brisé),265.0,4
2016-12-01,Thies,Thiès,Riz local,251.5,4
2016-12-01,Ziguinchor,Ziguinchor,Maïs local,275.0,2
2016-12-01,Ziguinchor,Ziguinchor,Mil,250.0,3
2016-12-01,Ziguinchor,Ziguinchor,Riz importé (brisé),285.0,2
2016-12-01,Ziguinchor,Ziguinchor,Sorgho,275.0,2
2017-01-01,Dakar,Dakar,Maïs importé,225.0,4
2017-01-01,Dakar,Dakar,Maïs local,235.0,4
2017-01-01,Dakar,Dakar,Mil,225.0,5
2017-01-01,Dakar,Dakar,Riz importé (brisé),300.0,5
2017-01-01,Dakar,Dakar,Sorgho,223.0,5
2017-01-01,Diourbel,Diourbel,Maïs importé,217.5,4
2017-01-01,Diourbel,Diourbel,Maïs local,212.5,2
2017-01-01,Diourbel,Diourbel,Mil,200.0,4
2017-01-01,Diourbel,Diourbel,Riz importé (brisé),275.0,4
2017-01-01,Diourbel,Diourbel,Riz local,262.5,4
2017-01-01,Diourbel,Diourbel,Sorgho,200.0,3
2017-01-01,Fatick,Fatick,Maïs importé,225.0,3
2017-01-01,Fatick,Fatick,Maïs local,200.0,4
2017-01-01,Fatick,Fatick,Mil,200.0,7
2017-01-01,Fatick,Fatick,Riz importé (brisé),270.0,7
2017-01-01,Fatick,Fatick,Riz local,267.5,2
2017-01-01,Fatick,Fatick,Sorgho,213.0,5
2017-01-01,Kaffrine,Kaffrine,Maïs local,225.0,4
2017-01-01,Kaffrine,Kaffrine,Mil,206.0,4
2017-01-01,Kaffrine,Kaffrine,Riz importé (brisé),285.0,4
2017-01-01,Kaffrine,Kaffrine,Sorgho,215.5,4
2017-01-01,Kaolack,Kaolack,Maïs local,178.0,3
2017-01-01,Kaolack,Kaolack,Mil,182.0,4
2017-01-01,Kaolack,Kaolack,Riz importé (brisé),261.0,3
2017-01-01,Kaolack,Kaolack,Riz local,287.0,1
2017-01-01,Kaolack,Kaolack,Sorgho,215.0,1
2017-01-01,Kedougou,Kédougou,Maïs local,250.0,2
2017-01-01,Kedougou,Kédougou,Mil,263.0,1
2017-01-01,Kedougou,Kédougou,Riz importé (brisé),300.0,3
2017-01-01,Kolda,Kolda,Maïs local,225.0,3
2017-01-01,Kolda,Kolda,Mil,231.0,3
2017-01-01,Kolda,Kolda,Riz importé (brisé),275.0,3
2017-01-01,Kolda,Kolda,Riz local,270.0,1
2017-01-01,Kolda,Kolda,Sorgho,237.5,2
2017-01-01,Louga,Louga,Maïs importé,250.0,2
2017-01-01,Louga,Louga,Maïs local,210.0,2
2017-01-01,Louga,Louga,Mil,220.0,2
2017-01-01,Louga,Louga,Riz importé (brisé),300.0,2
2017-01-01,Louga,Louga,Riz local,245.0,2
2017-01-01,Matam,Matam,Maïs importé,183.0,3
2017-01-01,Matam,Matam,Maïs local,200.0,3
2017-01-01,Matam,Matam,Mil,244.5,4
2017-01-01,Matam,Matam,Riz importé (brisé),275.0,4
2017-01-01,Matam,Matam,Riz local,250.0,3
2017-01-01,Matam,Matam,Sorgho,214.0,4
2017-01-01,Saint Louis,Saint-Louis,Maïs importé,237.5,2
2017-01-01,Saint Louis,Saint-Louis,Maïs local,200.0,1
2017-01-01,Saint Louis,Saint-Louis,Mil,258.0,2
2017-01-01,Saint Louis,Saint-Louis,Riz importé (brisé),281.0,2
2017-01-01,Saint Louis,Saint-Louis,Riz local,275.0,2
2017-01-01,Saint Louis,Saint-Louis,Sorgho,250.0,1
2017-01-01,Sedhiou,Sédhiou,Maïs local,225.0,1
2017-01-01,Sedhiou,Sédhiou,Mil,225.0,1
2017-01-01,Sedhiou,Sédhiou,Riz importé (brisé),280.0,1
2017-01-01,Sedhiou,Sédhiou,Sorgho,225.0,1
2017-01-01,Tambacounda,Tambacounda,Maïs local,169.0,3
2017-01-01,Tambacounda,Tambacounda,Mil,176.0,3
2017-01-01,Tambacounda,Tambacounda,Riz importé (brisé),275.0,3
2017-01-01,Tambacounda,Tambacounda,Sorgho,176.0,2
2017-01-01,Thies,Thiès,Maïs importé,212.5,4
2017-01-01,Thies,Thiès,Maïs local,211.5,4
2017-01-01,Thies,Thiès,Mil,191.5,4
2017-01-01,Thies,Thiès,Riz importé (brisé),265.0,4
2017-01-01,Thies,Thiès,Riz local,255.0,4
2017-01-01,Ziguinchor,Ziguinchor,Maïs local,271.0,2
2017-01-01,Ziguinchor,Ziguinchor,Mil,267.0,3
2017-01-01,Ziguinchor,Ziguinchor,Riz importé (brisé),288.5,2
2017-01-01,Ziguinchor,Ziguinchor,Sorgho,271.0,2
2017-02-01,Dakar,Dakar,Maïs importé,225.0,4
2017-02-01,Dakar,Dakar,Maïs local,236.5,4
2017-02-01,Dakar,Dakar,Mil,223.0,5
2017-02-01,Dakar,Dakar,Riz importé (brisé),300.0,5
2017-02-01,Dakar,Dakar,Sorgho,223.0,5
2017-02-01,Diourbel,Diourbel,Maïs importé,180.0,3
2017-02-01,Diourbel,Diourbel,Maïs local,200.0,3
2017-02-01,Diourbel,Diourbel,Mil,192.0,4
2017-02-01,Diourbel,Diourbel,Riz importé (brisé),275.0,4
2017-02-01,Diourbel,Diourbel,Riz local,250.0,3
2017-02-01,Diourbel,Diourbel,Sorgho,195.0,2
2017-02-01,Fatick,Fatick,Maïs importé,212.5,2
2017-02-01,Fatick,Fatick,Maïs local,185.0,3
2017-02-01,Fatick,Fatick,Mil,190.0,6
2017-02-01,Fatick,Fatick,Riz importé (brisé),272.5,6
2017-02-01,Fatick,Fatick,Riz local,270.0,1
2017-02-01,Fatick,Fatick,Sorgho,225.0,3
2017-02-01,Kaffrine,Kaffrine,Maïs local,178.0,4
2017-02-01,Kaffrine,Kaffrine,Mil,185.0,4
2017-02-01,Kaffrine,Kaffrine,Riz importé (brisé),300.0,3
2017-02-01,Kaffrine,Kaffrine,Sorgho,190.0,3
2017-02-01,Kaolack,Kaolack,Maïs importé,183.0,1
2017-02-01,Kaolack,Kaolack,Maïs local,175.0,3
2017-02-01,Kaolack,Kaolack,Mil,175.0,4
2017-02-01,Kaolack,Kaolack,Riz importé (brisé),265.0,3
2017-02-01,Kaolack,Kaolack,Riz local,265.0,1
2017-02-01,Kaolack,Kaolack,Sorgho,210.0,1
2017-02-01,Kedougou,Kédougou,Maïs local,250.0,1
2017-02-01,Kedougou,Kédougou,Mil,250.0,1
2017-02-01,Kedougou,Kédougou,Riz importé (brisé),290.0,2
2017-02-01,Kolda,Kolda,Maïs local,240.0,3
2017-02-01,Kolda,Kolda,Mil,243.0,3
2017-02-01,Kolda,Kolda,Riz importé (brisé),283.0,3
2017-02-01,Kolda,Kolda,Riz local,262.0,1
2017-02-01,Kolda,Kolda,Sorgho,229.0,2
2017-02-01,Louga,Louga,Maïs importé,205.0,2
2017-02-01,Louga,Louga,Maïs local,200.0,2
2017-02-01,Louga,Louga,Mil,218.5,2
2017-02-01,Louga,Louga,Riz importé (brisé),291.5,2
2017-02-01,Louga,Louga,Riz local,245.0,2
2017-02-01,Matam,Matam,Maïs importé,200.0,3
2017-02-01,Matam,Matam,Maïs local,225.0,3
2017-02-01,Matam,Matam,Mil,233.5,4
2017-02-01,Matam,Matam,Riz importé (brisé),277.5,4
2017-02-01,Matam,Matam,Riz local,260.0,3
2017-02-01,Matam,Matam,Sorgho,225.0,4
2017-02-01,Saint Louis,Saint-Louis,Maïs importé,237.5,2
2017-02-01,Saint Louis,Saint-Louis,Maïs local,240.0,2
2017-02-01,Saint Louis,Saint-Louis,Mil,262.5,2
2017-02-01,Saint Louis,Saint-Louis,Riz importé (brisé),287.5,2
2017-02-01,Saint Louis,Saint-Louis,Riz local,287.5,2
2017-02-01,Saint Louis,Saint-Louis,Sorgho,250.0,1
2017-02-01,Sedhiou,Sédhiou,Maïs local,229.0,1
2017-02-01,Sedhiou,Sédhiou,Mil,213.0,1
2017-02-01,Sedhiou,Sédhiou,Riz importé (brisé),280.0,1
2017-02-01,Tambacounda,Tambacounda,Maïs local,187.5,4
2017-02-01,Tambacounda,Tambacounda,Mil,195.0,4
2017-02-01,Tambacounda,Tambacounda,Riz importé (brisé),280.5,4
2017-02-01,Tambacounda,Tambacounda,Sorgho,195.0,3
2017-02-01,Thies,Thiès,Maïs importé,198.5,4
2017-02-01,Thies,Thiès,Maïs local,200.0,2
2017-02-01,Thies,Thiès,Mil,192.0,4
2017-02-01,Thies,Thiès,Riz importé (brisé),265.0,4
2017-02-01,Thies,Thiès,Riz local,255.0,4
2017-02-01,Thies,Thiès,Sorgho,190.0,1
2017-02-01,Ziguinchor,Ziguinchor,Maïs local,275.0,2
2017-02-01,Ziguinchor,Ziguinchor,Mil,275.0,3
2017-02-01,Ziguinchor,Ziguinchor,Riz importé (brisé),285.0,2
2017-02-01,Ziguinchor,Ziguinchor,Sorgho,300.0,2
2017-03-01,Dakar,Dakar,Maïs importé,225.0,4
2017-03-01,Dakar,Dakar,Maïs local,235.0,4
2017-03-01,Dakar,Dakar,Mil,230.0,5
2017-03-01,Dakar,Dakar,Riz importé (brisé),300.0,5
2017-03-01,Dakar,Dakar,Sorgho,232.0,5
2017-03-01,Diourbel,Diourbel,Maïs importé,185.0,2
2017-03-01,Diourbel,Diourbel,Maïs local,200.0,2
2017-03-01,Diourbel,Diourbel,Mil,217.5,2
2017-03-01,Diourbel,Diourbel,Riz importé (brisé),287.5,2
2017-03-01,Diourbel,Diourbel,Riz local,262.5,2
2017-03-01,Diourbel,Diourbel,Sorgho,250.0,1
2017-03-01,Fatick,Fatick,Maïs importé,225.0,2
2017-03-01,Fatick,Fatick,Maïs local,200.0,5
2017-03-01,Fatick,Fatick,Mil,200.0,7
2017-03-01,Fatick,Fatick,Riz importé (brisé),275.0,7
2017-03-01,Fatick,Fatick,Riz local,275.0,1
2017-03-01,Fatick,Fatick,Sorgho,215.0,4
2017-03-01,Kaffrine,Kaffrine,Maïs local,179.0,4
2017-03-01,Kaffrine,Kaffrine,Mil,183.0,3
2017-03-01,Kaffrine,Kaffrine,Riz importé (brisé),300.0,4
2017-03-01,Kaffrine,Kaffrine,Sorgho,192.5,4
2017-03-01,Kaolack,Kaolack,Maïs importé,177.0,1
2017-03-01,Kaolack,Kaolack,Maïs local,181.5,2
2017-03-01,Kaolack,Kaolack,Mil,184.0,4
2017-03-01,Kaolack,Kaolack,Riz importé (brisé),271.0,3
2017-03-01,Kaolack,Kaolack,Riz local,270.0,1
2017-03-01,Kaolack,Kaolack,Sorgho,218.0,1
2017-03-01,Kedougou,Kédougou,Maïs importé,225.0,1
2017-03-01,Kedougou,Kédougou,Maïs local,250.0,3
2017-03-01,Kedougou,Kédougou,Mil,240.5,2
2017-03-01,Kedougou,Kédougou,Riz importé (brisé),300.0,3
2017-03-01,Kolda,Kolda,Maïs importé,213.0,1
2017-03-01,Kolda,Kolda,Maïs local,225.0,3
2017-03-01,Kolda,Kolda,Mil,225.0,3
2017-03-01,Kolda,Kolda,Riz importé (brisé),280.0,3
2017-03-01,Kolda,Kolda,Sorgho,240.0,3
2017-03-01,Louga,Louga,Maïs importé,195.5,2
2017-03-01,Louga,Louga,Maïs local,204.0,2
2017-03-01,Louga,Louga,Mil,221.0,2
2017-03-01,Louga,Louga,Riz importé (brisé),285.0,2
2017-03-01,Louga,Louga,Riz local,251.5,2
2017-03-01,Matam,Matam,Maïs importé,208.0,3
2017-03-01,Matam,Matam,Maïs local,225.0,3
2017-03-01,Matam,Matam,Mil,237.0,4
2017-03-01,Matam,Matam,Riz importé (brisé),277.5,4
2017-03-01,Matam,Matam,Riz local,260.0,3
2017-03-01,Matam,Matam,Sorgho,225.0,4
2017-03-01,Saint Louis,Saint-Louis,Maïs importé,235.0,2
2017-03-01,Saint Louis,Saint-Louis,Maïs local,242.5,2
2017-03-01,Saint Louis,Saint-Louis,Mil,252.5,2
2017-03-01,Saint Louis,Saint-Louis,Riz importé (brisé),283.5,2
2017-03-01,Saint Louis,Saint-Louis,Riz local,299.0,2
2017-03-01,Saint Louis,Saint-Louis,Sorgho,242.5,2
2017-03-01,Sedhiou,Sédhiou,Maïs local,231.0,1
2017-03-01,Sedhiou,Sédhiou,Mil,206.0,1
2017-03-01,Sedhiou,Sédhiou,Riz importé (brisé),280.0,1
2017-03-01,Tambacounda,Tambacounda,Maïs importé,200.0,1
2017-03-01,Tambacounda,Tambacounda,Maïs local,169.0,4
2017-03-01,Tambacounda,Tambacounda,Mil,187.5,4
2017-03-01,Tambacounda,Tambacounda,Riz importé (brisé),285.0,4
2017-03-01,Tambacounda,Tambacounda,Sorgho,175.0,3
2017-03-01,Thies,Thiès,Maïs importé,208.5,4
2017-03-01,Thies,Thiès,Maïs local,225.0,1
2017-03-01,Thies,Thiès,Mil,229.0,3
2017-03-01,Thies,Thiès,Riz importé (brisé),272.5,4
2017-03-01,Thies,Thiès,Riz local,255.0,4
2017-03-01,Thies,Thiès,Sorgho,232.5,2
2017-03-01,Ziguinchor,Ziguinchor,Maïs local,275.0,2
2017-03-01,Ziguinchor,Ziguinchor,Mil,276.0,3
2017-03-01,Ziguinchor,Ziguinchor,Riz importé (brisé),285.0,2
2017-03-01,Ziguinchor,Ziguinchor,Sorgho,300.0,2
2017-04-01,Dakar,Dakar,Maïs importé,225.0,4
2017-04-01,Dakar,Dakar,Maïs local,235.0,4
2017-04-01,Dakar,Dakar,Mil,240.0,5
2017-04-01,Dakar,Dakar,Riz importé (brisé),300.0,5
2017-04-01,Dakar,Dakar,Sorgho,250.0,4
2017-04-01,Diourbel,Diourbel,Maïs importé,186.5,4
2017-04-01,Diourbel,Diourbel,Maïs local,200.0,1
2017-04-01,Diourbel,Diourbel,Mil,210.0,4
2017-04-01,Diourbel,Diourbel,Riz importé (brisé),282.5,4
2017-04-01,Diourbel,Diourbel,Riz local,250.0,4
2017-04-01,Diourbel,Diourbel,Sorgho,230.0,2
2017-04-01,Fatick,Fatick,Maïs importé,212.5,2
2017-04-01,Fatick,Fatick,Maïs local,195.0,3
2017-04-01,Fatick,Fatick,Mil,205.0,6
2017-04-01,Fatick,Fatick,Riz importé (brisé),270.0,6
2017-04-01,Fatick,Fatick,Riz local,294.0,2
2017-04-01,Fatick,Fatick,Sorgho,237.5,2
2017-04-01,Kaffrine,Kaffrine,Maïs local,185.0,4
2017-04-01,Kaffrine,Kaffrine,Mil,185.0,4
2017-04-01,Kaffrine,Kaffrine,Riz importé (brisé),300.0,4
2017-04-01,Kaolack,Kaolack,Maïs importé,175.0,1
2017-04-01,Kaolack,Kaolack,Maïs local,184.5,4
2017-04-01,Kaolack,Kaolack,Mil,189.5,4
2017-04-01,Kaolack,Kaolack,Riz importé (brisé),271.0,3
2017-04-01,Kaolack,Kaolack,Riz local,270.0,1
2017-04-01,Kaolack,Kaolack,Sorgho,223.0,1
2017-04-01,Kolda,Kolda,Maïs importé,225.0,3
2017-04-01,Kolda,Kolda,Maïs local,225.0,2
2017-04-01,Kolda,Kolda,Mil,225.0,3
2017-04-01,Kolda,Kolda,Riz importé (brisé),275.0,3
2017-04-01,Kolda,Kolda,Sorgho,250.0,3
2017-04-01,Louga,Louga,Maïs importé,201.0,2
2017-04-01,Louga,Louga,Maïs local,205.0,2
2017-04-01,Louga,Louga,Mil,225.0,2
2017-04-01,Louga,Louga,Riz importé (brisé),283.5,2
2017-04-01,Louga,Louga,Riz local,262.5,2
2017-04-01,Matam,Matam,Maïs importé,225.0,2
2017-04-01,Matam,Matam,Maïs local,225.0,2
2017-04-01,Matam,Matam,Mil,250.0,3
2017-04-01,Matam,Matam,Riz importé (brisé),275.0,3
2017-04-01,Matam,Matam,Riz local,265.0,2
2017-04-01,Matam,Matam,Sorgho,225.0,3
2017-04-01,Saint Louis,Saint-Louis,Maïs importé,237.5,2
2017-04-01,Saint Louis,Saint-Louis,Maïs local,250.0,1
2017-04-01,Saint Louis,Saint-Louis,Mil,235.0,2
2017-04-01,Saint Louis,Saint-Louis,Riz importé (brisé),285.0,2
2017-04-01,Saint Louis,Saint-Louis,Riz local,300.0,2
2017-04-01,Saint Louis,Saint-Louis,Sorgho,220.0,1
2017-04-01,Sedhiou,Sédhiou,Maïs local,250.0,1
2017-04-01,Sedhiou,Sédhiou,Mil,242.0,1
2017-04-01,Sedhiou,Sédhiou,Riz importé (brisé),280.0,1
2017-04-01,Tambacounda,Tambacounda,Maïs importé,200.0,1
2017-04-01,Tambacounda,Tambacounda,Maïs local,160.0,3
2017-04-01,Tambacounda,Tambacounda,Mil,187.5,4
2017-04-01,Tambacounda,Tambacounda,Riz importé (brisé),287.5,4
2017-04-01,Tambacounda,Tambacounda,Sorgho,190.0,3
2017-04-01,Thies,Thiès,Maïs importé,240.5,4
2017-04-01,Thies,Thiès,Maïs local,237.5,2
2017-04-01,Thies,Thiès,Mil,237.5,4
2017-04-01,Thies,Thiès,Riz importé (brisé),272.5,4
2017-04-01,Thies,Thiès,Riz local,255.0,4
2017-04-01,Thies,Thiès,Sorgho,237.5,2
2017-04-01,Ziguinchor,Ziguinchor,Maïs local,275.0,2
2017-04-01,Ziguinchor,Ziguinchor,Mil,275.0,3
2017-04-01,Ziguinchor,Ziguinchor,Riz importé (brisé),285.0,2
2017-04-01,Ziguinchor,Ziguinchor,Sorgho,300.0,2
2017-05-01,Dakar,Dakar,Maïs importé,225.0,3
2017-05-01,Dakar,Dakar,Maïs local,250.0,3
2017-05-01,Dakar,Dakar,Mil,240.0,5
2017-05-01,Dakar,Dakar,Riz importé (brisé),300.0,5
2017-05-01,Dakar,Dakar,Sorgho,250.0,4
2017-05-01,Diourbel,Diourbel,Maïs importé,200.0,4
2017-05-01,Diourbel,Diourbel,Maïs local,200.0,1
2017-05-01,Diourbel,Diourbel,Mil,225.0,4
2017-05-01,Diourbel,Diourbel,Riz importé (brisé),282.5,4
2017-05-01,Diourbel,Diourbel,Riz local,262.5,4
2017-05-01,Diourbel,Diourbel,Sorgho,225.0,3
2017-05-01,Fatick,Fatick,Maïs local,206.5,4
2017-05-01,Fatick,Fatick,Mil,210.0,5
2017-05-01,Fatick,Fatick,Riz importé (brisé),273.0,5
2017-05-01,Fatick,Fatick,Riz local,275.0,1
2017-05-01,Fatick,Fatick,Sorgho,250.0,3
2017-05-01,Kaffrine,Kaffrine,Maïs local,183.0,4
2017-05-01,Kaffrine,Kaffrine,Mil,194.0,4
2017-05-01,Kaffrine,Kaffrine,Riz importé (brisé),300.0,4
2017-05-01,Kaolack,Kaolack,Maïs importé,180.0,1
2017-05-01,Kaolack,Kaolack,Maïs local,187.5,4
2017-05-01,Kaolack,Kaolack,Mil,192.5,4
2017-05-01,Kaolack,Kaolack,Riz importé (brisé),271.0,4
2017-05-01,Kaolack,Kaolack,Riz local,260.0,1
2017-05-01,Kaolack,Kaolack,Sorgho,265.0,1
2017-05-01,Kedougou,Kédougou,Maïs importé,200.0,1
2017-05-01,Kedougou,Kédougou,Maïs local,283.0,3
2017-05-01,Kedougou,Kédougou,Mil,267.0,3
2017-05-01,Kedougou,Kédougou,Riz importé (brisé),290.0,3
2017-05-01,Kedougou,Kédougou,Sorgho,300.0,1
2017-05-01,Kolda,Kolda,Maïs importé,225.0,2
2017-05-01,Kolda,Kolda,Maïs local,225.0,2
2017-05-01,Kolda,Kolda,Mil,225.0,3
2017-05-01,Kolda,Kolda,Riz importé (brisé),275.0,3
2017-05-01,Kolda,Kolda,Riz local,270.0,1
2017-05-01,Kolda,Kolda,Sorgho,250.0,3
2017-05-01,Louga,Louga,Maïs importé,206.5,2
2017-05-01,Louga,Louga,Maïs local,205.0,2
2017-05-01,Louga,Louga,Mil,230.5,2
2017-05-01,Louga,Louga,Riz importé (brisé),292.5,2
2017-05-01,Matam,Matam,Maïs importé,225.0,2
2017-05-01,Matam,Matam,Maïs local,225.0,3
2017-05-01,Matam,Matam,Mil,250.0,4
2017-05-01,Matam,Matam,Riz importé (brisé),275.0,4
2017-05-01,Matam,Matam,Riz local,270.0,3
2017-05-01,Matam,Matam,Sorgho,225.0,4
2017-05-01,Saint Louis,Saint-Louis,Maïs importé,241.5,2
2017-05-01,Saint Louis,Saint-Louis,Maïs local,241.5,2
2017-05-01,Saint Louis,Saint-Louis,Mil,240.0,2
2017-05-01,Saint Louis,Saint-Louis,Riz importé (brisé),285.0,2
2017-05-01,Saint Louis,Saint-Louis,Riz local,312.5,2
2017-05-01,Saint Louis,Saint-Louis,Sorgho,250.0,1
2017-05-01,Sedhiou,Sédhiou,Maïs local,250.0,1
2017-05-01,Sedhiou,Sédhiou,Mil,250.0,1
2017-05-01,Sedhiou,Sédhiou,Riz importé (brisé),280.0,1
2017-05-01,Tambacounda,Tambacounda,Maïs local,200.0,3
2017-05-01,Tambacounda,Tambacounda,Mil,191.5,4
2017-05-01,Tambacounda,Tambacounda,Riz importé (brisé),294.0,4
2017-05-01,Tambacounda,Tambacounda,Sorgho,195.0,3
2017-05-01,Thies,Thiès,Maïs importé,225.0,4
2017-05-01,Thies,Thiès,Maïs local,200.0,3
2017-05-01,Thies,Thiès,Mil,237.5,4
2017-05-01,Thies,Thiès,Riz importé (brisé),272.5,4
2017-05-01,Thies,Thiès,Riz local,242.5,4
2017-05-01,Thies,Thiès,Sorgho,225.0,1
2017-05-01,Ziguinchor,Ziguinchor,Maïs local,275.0,2
2017-05-01,Ziguinchor,Ziguinchor,Mil,275.0,3
2017-05-01,Ziguinchor,Ziguinchor,Riz importé (brisé),285.0,2
2017-05-01,Ziguinchor,Ziguinchor,Sorgho,300.0,2
2017-06-01,Dakar,Dakar,Maïs importé,225.0,4
2017-06-01,Dakar,Dakar,Maïs local,250.0,3
2017-06-01,Dakar,Dakar,Mil,240.0,5
2017-06-01,Dakar,Dakar,Riz importé (brisé),300.0,5
2017-06-01,Dakar,Dakar,Sorgho,250.0,4
2017-06-01,Diourbel,Diourbel,Maïs importé,219.0,4
2017-06-01,Diourbel,Diourbel,Maïs local,200.0,1
2017-06-01,Diourbel,Diourbel,Mil,210.0,3
2017-06-01,Diourbel,Diourbel,Riz importé (brisé),272.5,4
2017-06-01,Diourbel,Diourbel,Riz local,262.5,4
2017-06-01,Diourbel,Diourbel,Sorgho,249.0,2
2017-06-01,Fatick,Fatick,Maïs importé,225.0,1
2017-06-01,Fatick,Fatick,Maïs local,193.0,1
2017-06-01,Fatick,Fatick,Mil,212.5,4
2017-06-01,Fatick,Fatick,Riz importé (brisé),300.0,3
2017-06-01,Fatick,Fatick,Riz local,250.0,1
2017-06-01,Fatick,Fatick,Sorgho,202.5,2
2017-06-01,Kaffrine,Kaffrine,Maïs local,200.5,4
2017-06-01,Kaffrine,Kaffrine,Mil,200.0,4
2017-06-01,Kaffrine,Kaffrine,Riz importé (brisé),300.0,4
2017-06-01,Kaolack,Kaolack,Maïs importé,180.0,1
2017-06-01,Kaolack,Kaolack,Maïs local,184.5,4
2017-06-01,Kaolack,Kaolack,Mil,203.5,4
2017-06-01,Kaolack,Kaolack,Riz importé (brisé),264.5,4
2017-06-01,Kaolack,Kaolack,Riz local,280.0,1
2017-06-01,Kaolack,Kaolack,Sorgho,250.0,1
2017-06-01,Kedougou,Kédougou,Maïs local,300.0,3
2017-06-01,Kedougou,Kédougou,Mil,300.0,3
2017-06-01,Kedougou,Kédougou,Riz importé (brisé),300.0,3
2017-06-01,Kedougou,Kédougou,Sorgho,300.0,1
2017-06-01,Kolda,Kolda,Maïs importé,250.0,3
2017-06-01,Kolda,Kolda,Maïs local,248.0,3
2017-06-01,Kolda,Kolda,Mil,248.0,3
2017-06-01,Kolda,Kolda,Riz importé (brisé),280.0,3
2017-06-01,Kolda,Kolda,Sorgho,250.0,3
2017-06-01,Louga,Louga,Maïs importé,192.5,2
2017-06-01,Louga,Louga,Maïs local,200.0,1
2017-06-01,Louga,Louga,Mil,246.0,2
2017-06-01,Louga,Louga,Riz importé (brisé),291.5,2
2017-06-01,Matam,Matam,Maïs importé,225.0,1
2017-06-01,Matam,Matam,Maïs local,225.0,2
2017-06-01,Matam,Matam,Mil,250.0,3
2017-06-01,Matam,Matam,Riz importé (brisé),275.0,3
2017-06-01,Matam,Matam,Riz local,265.0,2
2017-06-01,Matam,Matam,Sorgho,225.0,3
2017-06-01,Saint Louis,Saint-Louis,Maïs importé,250.0,2
2017-06-01,Saint Louis,Saint-Louis,Maïs local,250.0,2
2017-06-01,Saint Louis,Saint-Louis,Mil,257.5,2
2017-06-01,Saint Louis,Saint-Louis,Riz importé (brisé),285.0,2
2017-06-01,Saint Louis,Saint-Louis,Riz local,315.0,2
2017-06-01,Saint Louis,Saint-Louis,Sorgho,250.0,1
2017-06-01,Sedhiou,Sédhiou,Maïs local,250.0,1
2017-06-01,Sedhiou,Sédhiou,Mil,250.0,1
2017-06-01,Sedhiou,Sédhiou,Riz importé (brisé),280.0,1
2017-06-01,Tambacounda,Tambacounda,Maïs local,200.0,3
2017-06-01,Tambacounda,Tambacounda,Mil,187.5,4
2017-06-01,Tambacounda,Tambacounda,Riz importé (brisé),300.0,4
2017-06-01,Tambacounda,Tambacounda,Sorgho,212.5,4
2017-06-01,Thies,Thiès,Maïs importé,237.5,4
2017-06-01,Thies,Thiès,Maïs local,225.0,4
2017-06-01,Thies,Thiès,Mil,237.5,4
2017-06-01,Thies,Thiès,Riz importé (brisé),275.0,4
2017-06-01,Thies,Thiès,Riz local,249.0,4
2017-06-01,Thies,Thiès,Sorgho,231.5,2
2017-06-01,Ziguinchor,Ziguinchor,Maïs local,275.0,2
2017-06-01,Ziguinchor,Ziguinchor,Mil,275.0,3
2017-06-01,Ziguinchor,Ziguinchor,Riz importé (brisé),285.0,2
2017-06-01,Ziguinchor,Ziguinchor,Riz local,360.0,1
2017-06-01,Ziguinchor,Ziguinchor,Sorgho,300.0,2
2017-07-01,Dakar,Dakar,Maïs importé,228.5,4
2017-07-01,Dakar,Dakar,Maïs local,243.0,3
2017-07-01,Dakar,Dakar,Mil,247.0,4
2017-07-01,Dakar,Dakar,Riz importé (brisé),300.0,5
2017-07-01,Dakar,Dakar,Sorgho,250.0,5
2017-07-01,Diourbel,Diourbel,Maïs importé,195.0,2
2017-07-01,Diourbel,Diourbel,Mil,237.5,2
2017-07-01,Diourbel,Diourbel,Riz importé (brisé),300.0,2
2017-07-01,Diourbel,Diourbel,Riz local,267.5,2
2017-07-01,Diourbel,Diourbel,Sorgho,300.0,1
2017-07-01,Fatick,Fatick,Maïs importé,225.0,4
2017-07-01,Fatick,Fatick,Maïs local,200.0,4
2017-07-01,Fatick,Fatick,Mil,225.0,7
2017-07-01,Fatick,Fatick,Riz importé (brisé),275.0,7
2017-07-01,Fatick,Fatick,Riz local,250.0,1
2017-07-01,Fatick,Fatick,Sorgho,275.0,2
2017-07-01,Kaffrine,Kaffrine,Maïs local,204.0,4
2017-07-01,Kaffrine,Kaffrine,Mil,210.0,4
2017-07-01,Kaffrine,Kaffrine,Riz importé (brisé),300.0,4
2017-07-01,Kaolack,Kaolack,Maïs importé,225.5,2
2017-07-01,Kaolack,Kaolack,Maïs local,187.5,4
2017-07-01,Kaolack,Kaolack,Mil,208.0,4
2017-07-01,Kaolack,Kaolack,Riz importé (brisé),283.0,2
2017-07-01,Kaolack,Kaolack,Riz local,268.0,1
2017-07-01,Kaolack,Kaolack,Sorgho,238.5,2
2017-07-01,Kedougou,Kédougou,Maïs local,275.0,3
2017-07-01,Kedougou,Kédougou,Mil,300.0,3
2017-07-01,Kedougou,Kédougou,Riz importé (brisé),300.0,3
2017-07-01,Kedougou,Kédougou,Sorgho,300.0,1
2017-07-01,Kolda,Kolda,Maïs importé,250.0,3
2017-07-01,Kolda,Kolda,Maïs local,250.0,3
2017-07-01,Kolda,Kolda,Mil,250.0,3
2017-07-01,Kolda,Kolda,Riz importé (brisé),300.0,3
2017-07-01,Kolda,Kolda,Sorgho,250.0,3
2017-07-01,Louga,Louga,Maïs importé,188.0,2
2017-07-01,Louga,Louga,Maïs local,202.5,2
2017-07-01,Louga,Louga,Mil,263.0,2
2017-07-01,Louga,Louga,Riz importé (brisé),290.5,2
2017-07-01,Louga,Louga,Riz local,250.0,1
2017-07-01,Matam,Matam,Maïs importé,225.0,2
2017-07-01,Matam,Matam,Maïs local,225.0,3
2017-07-01,Matam,Matam,Mil,261.0,4
2017-07-01,Matam,Matam,Riz importé (brisé),275.0,4
2017-07-01,Matam,Matam,Riz local,270.0,3
2017-07-01,Matam,Matam,Sorgho,225.0,4
2017-07-01,Saint Louis,Saint-Louis,Maïs importé,250.0,2
2017-07-01,Saint Louis,Saint-Louis,Maïs local,250.0,2
2017-07-01,Saint Louis,Saint-Louis,Mil,276.5,2
2017-07-01,Saint Louis,Saint-Louis,Riz importé (brisé),285.0,2
2017-07-01,Saint Louis,Saint-Louis,Riz local,290.5,2
2017-07-01,Saint Louis,Saint-Louis,Sorgho,250.0,1
2017-07-01,Sedhiou,Sédhiou,Maïs local,275.0,1
2017-07-01,Sedhiou,Sédhiou,Mil,275.0,1
2017-07-01,Sedhiou,Sédhiou,Riz importé (brisé),290.0,1
2017-07-01,Tambacounda,Tambacounda,Maïs local,179.5,4
2017-07-01,Tambacounda,Tambacounda,Mil,212.5,4
2017-07-01,Tambacounda,Tambacounda,Riz importé (brisé),297.0,3
2017-07-01,Tambacounda,Tambacounda,Sorgho,225.0,4
2017-07-01,Thies,Thiès,Maïs importé,225.0,4
2017-07-01,Thies,Thiès,Maïs local,250.0,1
2017-07-01,Thies,Thiès,Mil,251.5,4
2017-07-01,Thies,Thiès,Riz importé (brisé),272.5,4
2017-07-01,Thies,Thiès,Riz local,256.5,4
2017-07-01,Thies,Thiès,Sorgho,250.0,2
2017-07-01,Ziguinchor,Ziguinchor,Maïs local,275.0,2
2017-07-01,Ziguinchor,Ziguinchor,Mil,275.0,3
2017-07-01,Ziguinchor,Ziguinchor,Riz importé (brisé),285.0,2
2017-07-01,Ziguinchor,Ziguinchor,Riz local,300.0,1
2017-07-01,Ziguinchor,Ziguinchor,Sorgho,300.0,2
2017-08-01,Dakar,Dakar,Maïs importé,200.0,4
2017-08-01,Dakar,Dakar,Maïs local,220.0,4
2017-08-01,Dakar,Dakar,Mil,250.0,5
2017-08-01,Dakar,Dakar,Riz importé (brisé),300.0,5
2017-08-01,Dakar,Dakar,Sorgho,258.0,5
2017-08-01,Diourbel,Diourbel,Maïs importé,217.5,4
2017-08-01,Diourbel,Diourbel,Mil,242.5,4
2017-08-01,Diourbel,Diourbel,Riz importé (brisé),275.0,4
2017-08-01,Diourbel,Diourbel,Riz local,260.0,3
2017-08-01,Diourbel,Diourbel,Sorgho,235.0,1
2017-08-01,Fatick,Fatick,Maïs importé,225.0,3
2017-08-01,Fatick,Fatick,Maïs local,225.0,4
2017-08-01,Fatick,Fatick,Mil,227.5,6
2017-08-01,Fatick,Fatick,Riz importé (brisé),275.0,6
2017-08-01,Fatick,Fatick,Riz local,287.5,2
2017-08-01,Fatick,Fatick,Sorgho,250.0,3
2017-08-01,Kaffrine,Kaffrine,Maïs local,200.0,4
2017-08-01,Kaffrine,Kaffrine,Mil,220.0,4
2017-08-01,Kaffrine,Kaffrine,Riz importé (brisé),300.0,4
2017-08-01,Kaolack,Kaolack,Maïs importé,170.0,1
2017-08-01,Kaolack,Kaolack,Maïs local,177.0,4
2017-08-01,Kaolack,Kaolack,Mil,221.5,4
2017-08-01,Kaolack,Kaolack,Riz importé (brisé),271.0,3
2017-08-01,Kaolack,Kaolack,Riz local,287.0,1
2017-08-01,Kaolack,Kaolack,Sorgho,250.0,1
2017-08-01,Kedougou,Kédougou,Maïs local,225.0,3
2017-08-01,Kedougou,Kédougou,Mil,300.0,3
2017-08-01,Kedougou,Kédougou,Riz importé (brisé),300.0,3
2017-08-01,Kedougou,Kédougou,Sorgho,300.0,3
2017-08-01,Kolda,Kolda,Maïs importé,250.0,3
2017-08-01,Kolda,Kolda,Maïs local,250.0,3
2017-08-01,Kolda,Kolda,Mil,250.0,3
2017-08-01,Kolda,Kolda,Riz importé (brisé),300.0,3
2017-08-01,Kolda,Kolda,Riz local,287.5,2
2017-08-01,Kolda,Kolda,Sorgho,294.0,2
2017-08-01,Louga,Louga,Maïs importé,187.0,2
2017-08-01,Louga,Louga,Mil,260.0,3
2017-08-01,Louga,Louga,Riz importé (brisé),280.0,3
2017-08-01,Louga,Louga,Riz local,249.0,2
2017-08-01,Matam,Matam,Maïs importé,225.0,3
2017-08-01,Matam,Matam,Maïs local,225.0,3
2017-08-01,Matam,Matam,Mil,277.0,4
2017-08-01,Matam,Matam,Riz importé (brisé),275.0,4
2017-08-01,Matam,Matam,Riz local,280.0,3
2017-08-01,Matam,Matam,Sorgho,238.0,4
2017-08-01,Saint Louis,Saint-Louis,Maïs importé,240.5,2
2017-08-01,Saint Louis,Saint-Louis,Maïs local,250.0,2
2017-08-01,Saint Louis,Saint-Louis,Mil,290.0,2
2017-08-01,Saint Louis,Saint-Louis,Riz importé (brisé),285.0,2
2017-08-01,Saint Louis,Saint-Louis,Riz local,285.0,2
2017-08-01,Saint Louis,Saint-Louis,Sorgho,300.0,1
2017-08-01,Sedhiou,Sédhiou,Maïs local,275.0,1
2017-08-01,Sedhiou,Sédhiou,Mil,275.0,1
2017-08-01,Sedhiou,Sédhiou,Riz importé (brisé),300.0,1
2017-08-01,Tambacounda,Tambacounda,Maïs local,212.5,4
2017-08-01,Tambacounda,Tambacounda,Mil,220.5,4
2017-08-01,Tambacounda,Tambacounda,Riz importé (brisé),278.0,3
2017-08-01,Tambacounda,Tambacounda,Sorgho,225.0,3
2017-08-01,Thies,Thiès,Maïs importé,225.0,4
2017-08-01,Thies,Thiès,Maïs local,250.0,1
2017-08-01,Thies,Thiès,Mil,250.0,4
2017-08-01,Thies,Thiès,Riz importé (brisé),272.5,4
2017-08-01,Thies,Thiès,Riz local,260.0,4
2017-08-01,Thies,Thiès,Sorgho,250.0,2
2017-08-01,Ziguinchor,Ziguinchor,Maïs local,275.0,2
2017-08-01,Ziguinchor,Ziguinchor,Mil,275.0,3
2017-08-01,Ziguinchor,Ziguinchor,Riz importé (brisé),285.0,2
2017-08-01,Ziguinchor,Ziguinchor,Riz local,300.0,1
2017-08-01,Ziguinchor,Ziguinchor,Sorgho,300.0,2
2017-09-01,Dakar,Dakar,Maïs importé,227.5,4
2017-09-01,Dakar,Dakar,Maïs local,250.0,4
2017-09-01,Dakar,Dakar,Mil,273.0,5
2017-09-01,Dakar,Dakar,Riz importé (brisé),300.0,5
2017-09-01,Dakar,Dakar,Sorgho,290.0,4
2017-09-01,Diourbel,Diourbel,Maïs importé,207.5,4
2017-09-01,Diourbel,Diourbel,Mil,237.5,4
2017-09-01,Diourbel,Diourbel,Riz importé (brisé),275.0,4
2017-09-01,Diourbel,Diourbel,Riz local,260.0,4
2017-09-01,Diourbel,Diourbel,Sorgho,225.0,3
2017-09-01,Fatick,Fatick,Maïs importé,200.0,3
2017-09-01,Fatick,Fatick,Maïs local,225.0,3
2017-09-01,Fatick,Fatick,Mil,275.0,5
2017-09-01,Fatick,Fatick,Riz importé (brisé),270.0,5
2017-09-01,Fatick,Fatick,Riz local,250.0,1
2017-09-01,Fatick,Fatick,Sorgho,262.5,2
2017-09-01,Kaffrine,Kaffrine,Maïs local,214.0,4
2017-09-01,Kaffrine,Kaffrine,Mil,235.5,4
2017-09-01,Kaffrine,Kaffrine,Riz importé (brisé),300.0,4
2017-09-01,Kaolack,Kaolack,Maïs importé,179.0,2
2017-09-01,Kaolack,Kaolack,Maïs local,188.0,4
2017-09-01,Kaolack,Kaolack,Mil,258.0,3
2017-09-01,Kaolack,Kaolack,Riz importé (brisé),273.5,4
2017-09-01,Kaolack,Kaolack,Riz local,290.0,1
2017-09-01,Kedougou,Kédougou,Maïs local,250.0,3
2017-09-01,Kedougou,Kédougou,Mil,300.0,3
2017-09-01,Kedougou,Kédougou,Riz importé (brisé),300.0,3
2017-09-01,Kedougou,Kédougou,Sorgho,300.0,2
2017-09-01,Kolda,Kolda,Maïs importé,250.0,2
2017-09-01,Kolda,Kolda,Maïs local,250.0,3
2017-09-01,Kolda,Kolda,Mil,275.0,2
2017-09-01,Kolda,Kolda,Riz importé (brisé),300.0,3
2017-09-01,Kolda,Kolda,Riz local,275.0,1
2017-09-01,Kolda,Kolda,Sorgho,300.0,2
2017-09-01,Louga,Louga,Maïs importé,192.0,2
2017-09-01,Louga,Louga,Mil,310.0,2
2017-09-01,Louga,Louga,Riz importé (brisé),285.0,2
2017-09-01,Louga,Louga,Riz local,248.5,2
2017-09-01,Matam,Matam,Maïs importé,242.0,3
2017-09-01,Matam,Matam,Maïs local,250.0,2
2017-09-01,Matam,Matam,Mil,306.5,4
2017-09-01,Matam,Matam,Riz importé (brisé),275.0,4
2017-09-01,Matam,Matam,Riz local,265.0,3
2017-09-01,Matam,Matam,Sorgho,255.0,4
2017-09-01,Saint Louis,Saint-Louis,Maïs importé,247.0,2
2017-09-01,Saint Louis,Saint-Louis,Mil,321.0,2
2017-09-01,Saint Louis,Saint-Louis,Riz importé (brisé),285.0,2
2017-09-01,Saint Louis,Saint-Louis,Riz local,287.5,2
2017-09-01,Saint Louis,Saint-Louis,Sorgho,325.0,1
2017-09-01,Sedhiou,Sédhiou,Maïs local,275.0,1
2017-09-01,Sedhiou,Sédhiou,Mil,280.0,1
2017-09-01,Sedhiou,Sédhiou,Riz importé (brisé),300.0,1
2017-09-01,Tambacounda,Tambacounda,Maïs local,216.5,4
2017-09-01,Tambacounda,Tambacounda,Mil,254.5,4
2017-09-01,Tambacounda,Tambacounda,Riz importé (brisé),296.0,4
2017-09-01,Tambacounda,Tambacounda,Sorgho,266.5,4
2017-09-01,Thies,Thiès,Maïs importé,225.0,4
2017-09-01,Thies,Thiès,Maïs local,242.5,4
2017-09-01,Thies,Thiès,Mil,273.0,4
2017-09-01,Thies,Thiès,Riz importé (brisé),272.5,4
2017-09-01,Thies,Thiès,Riz local,260.0,4
2017-09-01,Thies,Thiès,Sorgho,259.0,2
2017-09-01,Ziguinchor,Ziguinchor,Maïs local,275.0,2
2017-09-01,Ziguinchor,Ziguinchor,Mil,275.0,3
2017-09-01,Ziguinchor,Ziguinchor,Riz importé (brisé),285.0,2
2017-09-01,Ziguinchor,Ziguinchor,Sorgho,300.0,2
2017-10-01,Dakar,Dakar,Maïs importé,210.0,4
2017-10-01,Dakar,Dakar,Maïs local,250.0,4
2017-10-01,Dakar,Dakar,Mil,275.0,5
2017-10-01,Dakar,Dakar,Riz importé (brisé),300.0,5
2017-10-01,Dakar,Dakar,Sorgho,300.0,4
2017-10-01,Diourbel,Diourbel,Maïs importé,207.5,4
2017-10-01,Diourbel,Diourbel,Mil,250.0,3
2017-10-01,Diourbel,Diourbel,Riz importé (brisé),275.0,4
2017-10-01,Diourbel,Diourbel,Riz local,260.0,4
2017-10-01,Diourbel,Diourbel,Sorgho,225.0,3
2017-10-01,Fatick,Fatick,Maïs importé,200.0,4
2017-10-01,Fatick,Fatick,Maïs local,200.0,3
2017-10-01,Fatick,Fatick,Mil,275.0,5
2017-10-01,Fatick,Fatick,Riz importé (brisé),290.0,5
2017-10-01,Fatick,Fatick,Riz local,250.0,1
2017-10-01,Fatick,Fatick,Sorgho,287.5,2
2017-10-01,Kaffrine,Kaffrine,Maïs local,200.0,4
2017-10-01,Kaffrine,Kaffrine,Mil,250.0,3
2017-10-01,Kaffrine,Kaffrine,Riz importé (brisé),245.0,4
2017-10-01,Kaolack,Kaolack,Maïs importé,173.0,2
2017-10-01,Kaolack,Kaolack,Maïs local,180.5,4
2017-10-01,Kaolack,Kaolack,Mil,242.0,3
2017-10-01,Kaolack,Kaolack,Riz importé (brisé),277.0,4
2017-10-01,Kaolack,Kaolack,Riz local,281.0,1
2017-10-01,Kaolack,Kaolack,Sorgho,272.0,1
2017-10-01,Kedougou,Kédougou,Maïs local,250.0,3
2017-10-01,Kedougou,Kédougou,Mil,300.0,3
2017-10-01,Kedougou,Kédougou,Riz importé (brisé),300.0,3
2017-10-01,Kedougou,Kédougou,Sorgho,300.0,2
2017-10-01,Kolda,Kolda,Maïs importé,250.0,2
2017-10-01,Kolda,Kolda,Maïs local,250.0,3
2017-10-01,Kolda,Kolda,Mil,300.0,2
2017-10-01,Kolda,Kolda,Riz importé (brisé),300.0,3
2017-10-01,Kolda,Kolda,Riz local,275.0,1
2017-10-01,Kolda,Kolda,Sorgho,275.0,2
2017-10-01,Louga,Louga,Maïs importé,195.0,2
2017-10-01,Louga,Louga,Mil,328.0,2
2017-10-01,Louga,Louga,Riz importé (brisé),285.0,2
2017-10-01,Louga,Louga,Riz local,260.0,2
2017-10-01,Matam,Matam,Maïs importé,233.0,3
2017-10-01,Matam,Matam,Maïs local,250.0,2
2017-10-01,Matam,Matam,Mil,350.0,4
2017-10-01,Matam,Matam,Riz importé (brisé),275.0,4
2017-10-01,Matam,Matam,Riz local,270.0,3
2017-10-01,Matam,Matam,Sorgho,255.0,4
2017-10-01,Saint Louis,Saint-Louis,Maïs importé,263.0,2
2017-10-01,Saint Louis,Saint-Louis,Mil,330.0,2
2017-10-01,Saint Louis,Saint-Louis,Riz importé (brisé),285.0,2
2017-10-01,Saint Louis,Saint-Louis,Riz local,312.5,2
2017-10-01,Sedhiou,Sédhiou,Maïs local,225.0,1
2017-10-01,Sedhiou,Sédhiou,Mil,278.0,1
2017-10-01,Sedhiou,Sédhiou,Riz importé (brisé),300.0,1
2017-10-01,Tambacounda,Tambacounda,Maïs local,175.0,4
2017-10-01,Tambacounda,Tambacounda,Mil,212.5,4
2017-10-01,Tambacounda,Tambacounda,Riz importé (brisé),300.0,4
2017-10-01,Tambacounda,Tambacounda,Sorgho,241.5,4
2017-10-01,Thies,Thiès,Maïs importé,225.0,4
2017-10-01,Thies,Thiès,Maïs local,240.0,4
2017-10-01,Thies,Thiès,Mil,290.0,4
2017-10-01,Thies,Thiès,Riz importé (brisé),272.5,4
2017-10-01,Thies,Thiès,Riz local,260.0,4
2017-10-01,Thies,Thiès,Sorgho,267.5,2
2017-10-01,Ziguinchor,Ziguinchor,Maïs local,275.0,2
2017-10-01,Ziguinchor,Ziguinchor,Mil,275.0,3
2017-10-01,Ziguinchor,Ziguinchor,Riz importé (brisé),285.0,2
2017-10-01,Ziguinchor,Ziguinchor,Sorgho,300.0,2
2017-11-01,Dakar,Dakar,Maïs importé,200.0,3
2017-11-01,Dakar,Dakar,Maïs local,260.0,4
2017-11-01,Dakar,Dakar,Mil,275.0,5
2017-11-01,Dakar,Dakar,Riz importé (brisé),300.0,5
2017-11-01,Dakar,Dakar,Sorgho,300.0,4
2017-11-01,Diourbel,Diourbel,Maïs importé,187.5,2
2017-11-01,Diourbel,Diourbel,Maïs local,187.5,2
2017-11-01,Diourbel,Diourbel,Mil,225.0,2
2017-11-01,Diourbel,Diourbel,Riz importé (brisé),287.5,2
2017-11-01,Diourbel,Diourbel,Riz local,275.0,2
2017-11-01,Fatick,Fatick,Maïs importé,237.5,4
2017-11-01,Fatick,Fatick,Maïs local,200.0,3
2017-11-01,Fatick,Fatick,Mil,200.0,6
2017-11-01,Fatick,Fatick,Riz importé (brisé),300.0,6
2017-11-01,Fatick,Fatick,Riz local,250.0,1
2017-11-01,Fatick,Fatick,Sorgho,225.0,3
2017-11-01,Kaffrine,Kaffrine,Maïs local,130.0,3
2017-11-01,Kaffrine,Kaffrine,Mil,165.0,3
2017-11-01,Kaffrine,Kaffrine,Riz importé (brisé),300.0,3
2017-11-01,Kaolack,Kaolack,Maïs importé,170.0,1
2017-11-01,Kaolack,Kaolack,Maïs local,143.5,4
2017-11-01,Kaolack,Kaolack,Mil,176.0,4
2017-11-01,Kaolack,Kaolack,Riz importé (brisé),274.0,4
2017-11-01,Kaolack,Kaolack,Riz local,300.0,1
2017-11-01,Kedougou,Kédougou,Maïs local,213.0,3
2017-11-01,Kedougou,Kédougou,Mil,300.0,3
2017-11-01,Kedougou,Kédougou,Riz importé (brisé),300.0,3
2017-11-01,Kedougou,Kédougou,Sorgho,300.0,3
2017-11-01,Kolda,Kolda,Maïs local,225.0,3
2017-11-01,Kolda,Kolda,Mil,250.0,3
2017-11-01,Kolda,Kolda,Riz importé (brisé),300.0,3
2017-11-01,Kolda,Kolda,Riz local,320.0,1
2017-11-01,Kolda,Kolda,Sorgho,275.0,2
2017-11-01,Louga,Louga,Maïs importé,186.5,2
2017-11-01,Louga,Louga,Maïs local,184.0,2
2017-11-01,Louga,Louga,Mil,242.0,2
2017-11-01,Louga,Louga,Riz importé (brisé),285.0,2
2017-11-01,Louga,Louga,Riz local,267.5,2
2017-11-01,Matam,Matam,Maïs importé,242.0,3
2017-11-01,Matam,Matam,Maïs local,250.0,2
2017-11-01,Matam,Matam,Mil,353.5,4
2017-11-01,Matam,Matam,Riz importé (brisé),275.0,4
2017-11-01,Matam,Matam,Riz local,270.0,3
2017-11-01,Matam,Matam,Sorgho,257.5,4
2017-11-01,Saint Louis,Saint-Louis,Maïs importé,265.5,2
2017-11-01,Saint Louis,Saint-Louis,Maïs local,250.0,1
2017-11-01,Saint Louis,Saint-Louis,Mil,275.0,2
2017-11-01,Saint Louis,Saint-Louis,Riz importé (brisé),285.0,2
2017-11-01,Saint Louis,Saint-Louis,Riz local,312.5,2
2017-11-01,Saint Louis,Saint-Louis,Sorgho,250.0,1
2017-11-01,Sedhiou,Sédhiou,Maïs local,225.0,1
2017-11-01,Sedhiou,Sédhiou,Mil,225.0,1
2017-11-01,Sedhiou,Sédhiou,Riz importé (brisé),300.0,1
2017-11-01,Tambacounda,Tambacounda,Maïs local,162.5,4
2017-11-01,Tambacounda,Tambacounda,Mil,193.5,4
2017-11-01,Tambacounda,Tambacounda,Riz importé (brisé),300.0,4
2017-11-01,Tambacounda,Tambacounda,Sorgho,190.5,4
2017-11-01,Thies,Thiès,Maïs importé,225.0,4
2017-11-01,Thies,Thiès,Maïs local,237.5,4
2017-11-01,Thies,Thiès,Mil,275.0,4
2017-11-01,Thies,Thiès,Riz importé (brisé),272.5,4
2017-11-01,Thies,Thiès,Riz local,260.0,4
2017-11-01,Thies,Thiès,Sorgho,262.5,2
2017-11-01,Ziguinchor,Ziguinchor,Maïs local,275.0,2
2017-11-01,Ziguinchor,Ziguinchor,Mil,300.0,3
2017-11-01,Ziguinchor,Ziguinchor,Riz importé (brisé),285.0,2
2017-11-01,Ziguinchor,Ziguinchor,Sorgho,300.0,2
2017-12-01,Dakar,Dakar,Maïs importé,210.0,4
2017-12-01,Dakar,Dakar,Maïs local,260.0,4
2017-12-01,Dakar,Dakar,Mil,275.0,4
2017-12-01,Dakar,Dakar,Riz importé (brisé),300.0,5
2017-12-01,Dakar,Dakar,Sorgho,300.0,5
2017-12-01,Diourbel,Diourbel,Maïs importé,200.0,3
2017-12-01,Diourbel,Diourbel,Maïs local,200.0,3
2017-12-01,Diourbel,Diourbel,Mil,225.0,3
2017-12-01,Diourbel,Diourbel,Riz importé (brisé),275.0,3
2017-12-01,Diourbel,Diourbel,Riz local,275.0,2
2017-12-01,Diourbel,Diourbel,Sorgho,250.0,2
2017-12-01,Fatick,Fatick,Maïs importé,237.5,2
2017-12-01,Fatick,Fatick,Maïs local,185.0,5
2017-12-01,Fatick,Fatick,Mil,190.0,5
2017-12-01,Fatick,Fatick,Riz importé (brisé),290.0,4
2017-12-01,Fatick,Fatick,Riz local,250.0,1
2017-12-01,Fatick,Fatick,Sorgho,275.0,2
2017-12-01,Kaffrine,Kaffrine,Maïs local,140.0,3
2017-12-01,Kaffrine,Kaffrine,Mil,161.0,3
2017-12-01,Kaffrine,Kaffrine,Riz importé (brisé),325.0,4
2017-12-01,Kaolack,Kaolack,Maïs local,157.5,4
2017-12-01,Kaolack,Kaolack,Mil,179.5,2
2017-12-01,Kaolack,Kaolack,Riz importé (brisé),274.5,4
2017-12-01,Kaolack,Kaolack,Riz local,292.0,1
2017-12-01,Kaolack,Kaolack,Sorgho,190.0,2
2017-12-01,Kedougou,Kédougou,Maïs local,283.0,3
2017-12-01,Kedougou,Kédougou,Mil,300.0,3
2017-12-01,Kedougou,Kédougou,Riz importé (brisé),325.0,3
2017-12-01,Kedougou,Kédougou,Sorgho,300.0,1
2017-12-01,Kolda,Kolda,Maïs importé,300.0,1
2017-12-01,Kolda,Kolda,Maïs local,200.0,3
2017-12-01,Kolda,Kolda,Mil,245.0,2
2017-12-01,Kolda,Kolda,Riz importé (brisé),300.0,2
2017-12-01,Kolda,Kolda,Sorgho,221.0,2
2017-12-01,Louga,Louga,Maïs importé,191.0,2
2017-12-01,Louga,Louga,Maïs local,175.0,1
2017-12-01,Louga,Louga,Mil,242.5,2
2017-12-01,Louga,Louga,Riz importé (brisé),282.5,2
2017-12-01,Louga,Louga,Riz local,267.5,2
2017-12-01,Matam,Matam,Maïs importé,300.0,3
2017-12-01,Matam,Matam,Maïs local,325.0,2
2017-12-01,Matam,Matam,Mil,325.0,4
2017-12-01,Matam,Matam,Riz importé (brisé),275.0,4
2017-12-01,Matam,Matam,Riz local,270.0,3
2017-12-01,Matam,Matam,Sorgho,310.5,4
2017-12-01,Saint Louis,Saint-Louis,Maïs importé,250.0,2
2017-12-01,Saint Louis,Saint-Louis,Maïs local,250.0,1
2017-12-01,Saint Louis,Saint-Louis,Mil,255.0,2
2017-12-01,Saint Louis,Saint-Louis,Riz importé (brisé),285.0,2
2017-12-01,Saint Louis,Saint-Louis,Riz local,312.5,2
2017-12-01,Saint Louis,Saint-Louis,Sorgho,250.0,1
2017-12-01,Sedhiou,Sédhiou,Maïs local,231.0,1
2017-12-01,Sedhiou,Sédhiou,Mil,231.0,1
2017-12-01,Sedhiou,Sédhiou,Riz importé (brisé),300.0,1
2017-12-01,Tambacounda,Tambacounda,Maïs local,162.5,4
2017-12-01,Tambacounda,Tambacounda,Mil,187.5,4
2017-12-01,Tambacounda,Tambacounda,Riz importé (brisé),298.5,4
2017-12-01,Tambacounda,Tambacounda,Sorgho,187.5,4
2017-12-01,Thies,Thiès,Maïs importé,219.5,4
2017-12-01,Thies,Thiès,Maïs local,225.0,3
2017-12-01,Thies,Thiès,Mil,207.5,4
2017-12-01,Thies,Thiès,Riz importé (brisé),275.0,4
2017-12-01,Thies,Thiès,Riz local,260.0,4
2017-12-01,Thies,Thiès,Sorgho,239.5,2
2017-12-01,Ziguinchor,Ziguinchor,Maïs local,275.0,2
2017-12-01,Ziguinchor,Ziguinchor,Mil,300.0,3
2017-12-01,Ziguinchor,Ziguinchor,Riz importé (brisé),285.0,2
2017-12-01,Ziguinchor,Ziguinchor,Sorgho,300.0,2
2018-01-01,Dakar,Dakar,Maïs importé,223.0,4
2018-01-01,Dakar,Dakar,Maïs local,225.0,4
2018-01-01,Dakar,Dakar,Mil,250.0,5
2018-01-01,Dakar,Dakar,Riz importé (brisé),290.0,5
2018-01-01,Dakar,Dakar,Sorgho,250.0,4
2018-01-01,Diourbel,Diourbel,Maïs importé,195.0,2
2018-01-01,Diourbel,Diourbel,Maïs local,195.0,4
2018-01-01,Diourbel,Diourbel,Mil,187.5,4
2018-01-01,Diourbel,Diourbel,Riz importé (brisé),300.0,4
2018-01-01,Diourbel,Diourbel,Riz local,275.0,4
2018-01-01,Diourbel,Diourbel,Sorgho,210.0,3
2018-01-01,Fatick,Fatick,Maïs importé,200.0,2
2018-01-01,Fatick,Fatick,Maïs local,200.0,3
2018-01-01,Fatick,Fatick,Mil,165.0,3
2018-01-01,Fatick,Fatick,Riz importé (brisé),297.5,2
2018-01-01,Fatick,Fatick,Sorgho,229.0,2
2018-01-01,Kaffrine,Kaffrine,Maïs local,150.0,4
2018-01-01,Kaffrine,Kaffrine,Mil,160.0,4
2018-01-01,Kaffrine,Kaffrine,Riz importé (brisé),313.0,3
2018-01-01,Kaolack,Kaolack,Maïs local,145.0,3
2018-01-01,Kaolack,Kaolack,Mil,147.0,4
2018-01-01,Kaolack,Kaolack,Riz importé (brisé),274.0,4
2018-01-01,Kaolack,Kaolack,Riz local,300.0,1
2018-01-01,Kaolack,Kaolack,Sorgho,204.0,4
2018-01-01,Kedougou,Kédougou,Maïs local,225.0,3
2018-01-01,Kedougou,Kédougou,Mil,300.0,3
2018-01-01,Kedougou,Kédougou,Riz importé (brisé),325.0,3
2018-01-01,Kedougou,Kédougou,Sorgho,300.0,1
2018-01-01,Kolda,Kolda,Maïs local,225.0,1
2018-01-01,Kolda,Kolda,Mil,225.0,1
2018-01-01,Kolda,Kolda,Riz importé (brisé),300.0,1
2018-01-01,Kolda,Kolda,Riz local,275.0,1
2018-01-01,Kolda,Kolda,Sorgho,250.0,1
2018-01-01,Louga,Louga,Maïs importé,190.0,2
2018-01-01,Louga,Louga,Maïs local,194.0,2
2018-01-01,Louga,Louga,Mil,202.5,2
2018-01-01,Louga,Louga,Riz importé (brisé),280.0,2
2018-01-01,Louga,Louga,Riz local,261.5,2
2018-01-01,Matam,Matam,Maïs importé,250.0,3
2018-01-01,Matam,Matam,Maïs local,300.0,2
2018-01-01,Matam,Matam,Mil,273.5,4
2018-01-01,Matam,Matam,Riz importé (brisé),275.0,4
2018-01-01,Matam,Matam,Riz local,280.0,3
2018-01-01,Matam,Matam,Sorgho,291.0,4
2018-01-01,Saint Louis,Saint-Louis,Maïs importé,240.0,2
2018-01-01,Saint Louis,Saint-Louis,Maïs local,250.0,1
2018-01-01,Saint Louis,Saint-Louis,Mil,251.5,2
2018-01-01,Saint Louis,Saint-Louis,Riz importé (brisé),285.0,2
2018-01-01,Saint Louis,Saint-Louis,Riz local,307.5,2
2018-01-01,Sedhiou,Sédhiou,Maïs local,233.0,1
2018-01-01,Sedhiou,Sédhiou,Mil,233.0,1
2018-01-01,Sedhiou,Sédhiou,Riz importé (brisé),300.0,1
2018-01-01,Tambacounda,Tambacounda,Maïs local,172.5,4
2018-01-01,Tambacounda,Tambacounda,Mil,187.5,4
2018-01-01,Tambacounda,Tambacounda,Riz importé (brisé),296.0,3
2018-01-01,Tambacounda,Tambacounda,Sorgho,195.0,3
2018-01-01,Thies,Thiès,Maïs importé,212.5,4
2018-01-01,Thies,Thiès,Mil,209.5,4
2018-01-01,Thies,Thiès,Riz importé (brisé),275.0,4
2018-01-01,Thies,Thiès,Riz local,261.5,4
2018-01-01,Thies,Thiès,Sorgho,250.0,2
2018-01-01,Ziguinchor,Ziguinchor,Maïs local,250.0,1
2018-01-01,Ziguinchor,Ziguinchor,Mil,256.5,2
2018-01-01,Ziguinchor,Ziguinchor,Riz importé (brisé),300.0,1
2018-01-01,Ziguinchor,Ziguinchor,Riz local,300.0,1
2018-01-01,Ziguinchor,Ziguinchor,Sorgho,275.0,1
2018-02-01,Dakar,Dakar,Maïs importé,255.0,2
2018-02-01,Dakar,Dakar,Maïs local,250.0,2
2018-02-01,Dakar,Dakar,Mil,257.0,3
2018-02-01,Dakar,Dakar,Riz importé (brisé),290.0,3
2018-02-01,Dakar,Dakar,Sorgho,275.0,3
2018-02-01,Diourbel,Diourbel,Maïs importé,205.0,4
2018-02-01,Diourbel,Diourbel,Maïs local,185.0,3
2018-02-01,Diourbel,Diourbel,Mil,177.5,4
2018-02-01,Diourbel,Diourbel,Riz importé (brisé),287.5,4
2018-02-01,Diourbel,Diourbel,Riz local,260.0,3
2018-02-01,Diourbel,Diourbel,Sorgho,225.0,4
2018-02-01,Fatick,Fatick,Maïs importé,200.0,4
2018-02-01,Fatick,Fatick,Maïs local,225.0,6
2018-02-01,Fatick,Fatick,Mil,193.5,6
2018-02-01,Fatick,Fatick,Riz importé (brisé),270.0,6
2018-02-01,Fatick,Fatick,Sorgho,220.0,5
2018-02-01,Kaffrine,Kaffrine,Maïs local,150.0,2
2018-02-01,Kaffrine,Kaffrine,Mil,160.0,2
2018-02-01,Kaffrine,Kaffrine,Riz importé (brisé),300.0,1
2018-02-01,Kaolack,Kaolack,Maïs local,150.0,3
2018-02-01,Kaolack,Kaolack,Mil,147.5,4
2018-02-01,Kaolack,Kaolack,Riz importé (brisé),275.0,3
2018-02-01,Kaolack,Kaolack,Riz local,292.0,1
2018-02-01,Kaolack,Kaolack,Sorgho,212.0,3
2018-02-01,Kolda,Kolda,Maïs local,212.5,2
2018-02-01,Kolda,Kolda,Mil,212.5,2
2018-02-01,Kolda,Kolda,Riz importé (brisé),300.0,2
2018-02-01,Kolda,Kolda,Riz local,300.0,1
2018-02-01,Kolda,Kolda,Sorgho,250.0,1
2018-02-01,Louga,Louga,Maïs importé,193.5,4
2018-02-01,Louga,Louga,Maïs local,192.5,4
2018-02-01,Louga,Louga,Mil,198.5,4
2018-02-01,Louga,Louga,Riz importé (brisé),277.5,4
2018-02-01,Louga,Louga,Riz local,250.0,4
2018-02-01,Matam,Matam,Maïs importé,250.0,3
2018-02-01,Matam,Matam,Maïs local,250.0,2
2018-02-01,Matam,Matam,Mil,243.5,4
2018-02-01,Matam,Matam,Riz importé (brisé),275.0,3
2018-02-01,Matam,Matam,Riz local,270.0,3
2018-02-01,Matam,Matam,Sorgho,288.0,4
2018-02-01,Saint Louis,Saint-Louis,Maïs importé,237.0,2
2018-02-01,Saint Louis,Saint-Louis,Maïs local,250.0,1
2018-02-01,Saint Louis,Saint-Louis,Mil,242.5,2
2018-02-01,Saint Louis,Saint-Louis,Riz importé (brisé),285.0,2
2018-02-01,Saint Louis,Saint-Louis,Riz local,287.5,2
2018-02-01,Saint Louis,Saint-Louis,Sorgho,240.0,1
2018-02-01,Sedhiou,Sédhiou,Maïs local,225.0,1
2018-02-01,Sedhiou,Sédhiou,Mil,208.0,1
2018-02-01,Sedhiou,Sédhiou,Riz importé (brisé),300.0,1
2018-02-01,Tambacounda,Tambacounda,Maïs local,183.5,4
2018-02-01,Tambacounda,Tambacounda,Mil,187.5,4
2018-02-01,Tambacounda,Tambacounda,Riz importé (brisé),288.5,4
2018-02-01,Tambacounda,Tambacounda,Sorgho,185.0,3
2018-02-01,Thies,Thiès,Maïs importé,212.5,4
2018-02-01,Thies,Thiès,Mil,187.5,4
2018-02-01,Thies,Thiès,Riz importé (brisé),275.0,4
2018-02-01,Thies,Thiès,Riz local,260.0,3
2018-02-01,Thies,Thiès,Sorgho,250.0,2
2018-02-01,Ziguinchor,Ziguinchor,Maïs local,250.0,1
2018-02-01,Ziguinchor,Ziguinchor,Mil,225.0,2
2018-02-01,Ziguinchor,Ziguinchor,Riz importé (brisé),300.0,1
2018-02-01,Ziguinchor,Ziguinchor,Riz local,400.0,1
2018-02-01,Ziguinchor,Ziguinchor,Sorgho,300.0,1
2018-03-01,Dakar,Dakar,Maïs importé,250.0,1
2018-03-01,Dakar,Dakar,Mil,250.0,2
2018-03-01,Dakar,Dakar,Riz importé (brisé),345.0,2
2018-03-01,Dakar,Dakar,Sorgho,280.0,1
2018-03-01,Diourbel,Diourbel,Maïs importé,205.0,4
2018-03-01,Diourbel,Diourbel,Maïs local,202.5,2
2018-03-01,Diourbel,Diourbel,Mil,180.0,4
2018-03-01,Diourbel,Diourbel,Riz importé (brisé),275.0,4
2018-03-01,Diourbel,Diourbel,Riz local,250.0,3
2018-03-01,Diourbel,Diourbel,Sorgho,240.0,3
2018-03-01,Fatick,Fatick,Maïs importé,200.0,3
2018-03-01,Fatick,Fatick,Maïs local,225.0,5
2018-03-01,Fatick,Fatick,Mil,190.0,6
2018-03-01,Fatick,Fatick,Riz importé (brisé),270.0,6
2018-03-01,Fatick,Fatick,Sorgho,210.0,6
2018-03-01,Kaffrine,Kaffrine,Maïs local,150.0,4
2018-03-01,Kaffrine,Kaffrine,Mil,150.0,4
2018-03-01,Kaffrine,Kaffrine,Riz importé (brisé),300.0,4
2018-03-01,Kaffrine,Kaffrine,Sorgho,175.0,3
2018-03-01,Kaolack,Kaolack,Maïs local,157.5,4
2018-03-01,Kaolack,Kaolack,Mil,146.0,4
2018-03-01,Kaolack,Kaolack,Riz importé (brisé),275.0,3
2018-03-01,Kaolack,Kaolack,Riz local,300.0,1
2018-03-01,Kaolack,Kaolack,Sorgho,227.0,4
2018-03-01,Kedougou,Kédougou,Maïs local,200.0,3
2018-03-01,Kedougou,Kédougou,Mil,315.0,3
2018-03-01,Kedougou,Kédougou,Riz importé (brisé),325.0,3
2018-03-01,Kedougou,Kédougou,Sorgho,300.0,1
2018-03-01,Kolda,Kolda,Maïs importé,225.0,1
2018-03-01,Kolda,Kolda,Maïs local,225.0,2
2018-03-01,Kolda,Kolda,Mil,225.0,2
2018-03-01,Kolda,Kolda,Riz importé (brisé),300.0,2
2018-03-01,Kolda,Kolda,Sorgho,250.0,1
2018-03-01,Louga,Louga,Maïs importé,186.0,2
2018-03-01,Louga,Louga,Maïs local,196.5,2
2018-03-01,Louga,Louga,Mil,185.0,2
2018-03-01,Louga,Louga,Riz importé (brisé),280.0,2
2018-03-01,Louga,Louga,Riz local,265.0,2
2018-03-01,Matam,Matam,Maïs importé,235.5,2
2018-03-01,Matam,Matam,Maïs local,266.5,2
2018-03-01,Matam,Matam,Mil,230.0,3
2018-03-01,Matam,Matam,Riz importé (brisé),300.0,2
2018-03-01,Matam,Matam,Riz local,283.5,2
2018-03-01,Matam,Matam,Sorgho,260.0,3
2018-03-01,Saint Louis,Saint-Louis,Maïs importé,225.0,2
2018-03-01,Saint Louis,Saint-Louis,Maïs local,222.5,2
2018-03-01,Saint Louis,Saint-Louis,Mil,237.5,2
2018-03-01,Saint Louis,Saint-Louis,Riz importé (brisé),285.0,2
2018-03-01,Saint Louis,Saint-Louis,Riz local,287.5,2
2018-03-01,Sedhiou,Sédhiou,Maïs local,225.0,1
2018-03-01,Sedhiou,Sédhiou,Mil,200.0,1
2018-03-01,Sedhiou,Sédhiou,Riz importé (brisé),300.0,1
2018-03-01,Tambacounda,Tambacounda,Maïs local,166.5,4
2018-03-01,Tambacounda,Tambacounda,Mil,187.5,4
2018-03-01,Tambacounda,Tambacounda,Riz importé (brisé),290.0,4
2018-03-01,Tambacounda,Tambacounda,Sorgho,190.0,3
2018-03-01,Thies,Thiès,Maïs importé,221.5,4
2018-03-01,Thies,Thiès,Mil,200.0,3
2018-03-01,Thies,Thiès,Riz importé (brisé),281.0,4
2018-03-01,Thies,Thiès,Riz local,260.0,3
2018-03-01,Thies,Thiès,Sorgho,250.0,2
2018-03-01,Ziguinchor,Ziguinchor,Maïs local,287.5,2
2018-03-01,Ziguinchor,Ziguinchor,Mil,267.0,3
2018-03-01,Ziguinchor,Ziguinchor,Riz importé (brisé),300.0,2
2018-03-01,Ziguinchor,Ziguinchor,Sorgho,325.0,2
2018-04-01,Dakar,Dakar,Maïs importé,225.0,3
2018-04-01,Dakar,Dakar,Maïs local,200.0,3
2018-04-01,Dakar,Dakar,Mil,245.0,4
2018-04-01,Dakar,Dakar,Riz importé (brisé),289.0,4
2018-04-01,Dakar,Dakar,Riz local,313.0,2
2018-04-01,Dakar,Dakar,Sorgho,293.0,4
2018-04-01,Diourbel,Diourbel,Maïs importé,207.5,4
2018-04-01,Diourbel,Diourbel,Maïs local,200.0,1
2018-04-01,Diourbel,Diourbel,Mil,180.0,4
2018-04-01,Diourbel,Diourbel,Riz importé (brisé),275.0,4
2018-04-01,Diourbel,Diourbel,Riz local,275.0,2
2018-04-01,Diourbel,Diourbel,Sorgho,230.0,2
2018-04-01,Fatick,Fatick,Maïs importé,200.0,3
2018-04-01,Fatick,Fatick,Maïs local,215.0,5
2018-04-01,Fatick,Fatick,Mil,190.0,6
2018-04-01,Fatick,Fatick,Riz importé (brisé),272.5,6
2018-04-01,Fatick,Fatick,Sorgho,217.5,6
2018-04-01,Kaffrine,Kaffrine,Maïs local,164.5,4
2018-04-01,Kaffrine,Kaffrine,Mil,149.0,4
2018-04-01,Kaffrine,Kaffrine,Riz importé (brisé),300.0,4
2018-04-01,Kaffrine,Kaffrine,Sorgho,208.0,4
2018-04-01,Kaolack,Kaolack,Maïs local,163.0,4
2018-04-01,Kaolack,Kaolack,Mil,143.5,4
2018-04-01,Kaolack,Kaolack,Riz importé (brisé),275.0,4
2018-04-01,Kaolack,Kaolack,Riz local,350.0,1
2018-04-01,Kaolack,Kaolack,Sorgho,250.0,4
2018-04-01,Kedougou,Kédougou,Maïs local,200.0,3
2018-04-01,Kedougou,Kédougou,Mil,315.0,3
2018-04-01,Kedougou,Kédougou,Riz importé (brisé),325.0,3
2018-04-01,Kedougou,Kédougou,Sorgho,300.0,1
2018-04-01,Kolda,Kolda,Maïs local,225.0,2
2018-04-01,Kolda,Kolda,Mil,210.5,2
2018-04-01,Kolda,Kolda,Riz importé (brisé),300.0,2
2018-04-01,Kolda,Kolda,Riz local,275.0,1
2018-04-01,Kolda,Kolda,Sorgho,238.0,1
2018-04-01,Louga,Louga,Maïs importé,186.0,2
2018-04-01,Louga,Louga,Maïs local,196.5,2
2018-04-01,Louga,Louga,Mil,185.0,2
2018-04-01,Louga,Louga,Riz importé (brisé),280.0,2
2018-04-01,Louga,Louga,Riz local,265.0,2
2018-04-01,Matam,Matam,Maïs importé,233.0,3
2018-04-01,Matam,Matam,Maïs local,238.0,3
2018-04-01,Matam,Matam,Mil,238.0,4
2018-04-01,Matam,Matam,Riz importé (brisé),300.0,3
2018-04-01,Matam,Matam,Riz local,300.0,3
2018-04-01,Matam,Matam,Sorgho,265.5,4
2018-04-01,Saint Louis,Saint-Louis,Maïs importé,225.0,2
2018-04-01,Saint Louis,Saint-Louis,Maïs local,225.0,2
2018-04-01,Saint Louis,Saint-Louis,Mil,231.5,2
2018-04-01,Saint Louis,Saint-Louis,Riz importé (brisé),285.0,2
2018-04-01,Saint Louis,Saint-Louis,Riz local,291.5,2
2018-04-01,Sedhiou,Sédhiou,Maïs local,225.0,1
2018-04-01,Sedhiou,Sédhiou,Mil,185.0,1
2018-04-01,Sedhiou,Sédhiou,Riz importé (brisé),300.0,1
2018-04-01,Tambacounda,Tambacounda,Maïs local,166.5,4
2018-04-01,Tambacounda,Tambacounda,Mil,177.5,4
2018-04-01,Tambacounda,Tambacounda,Riz importé (brisé),288.0,4
2018-04-01,Tambacounda,Tambacounda,Sorgho,223.0,4
2018-04-01,Thies,Thiès,Maïs importé,212.5,4
2018-04-01,Thies,Thiès,Maïs local,200.0,1
2018-04-01,Thies,Thiès,Mil,193.5,4
2018-04-01,Thies,Thiès,Riz importé (brisé),275.0,4
2018-04-01,Thies,Thiès,Riz local,260.0,3
2018-04-01,Thies,Thiès,Sorgho,250.0,1
2018-04-01,Ziguinchor,Ziguinchor,Maïs local,262.5,2
2018-04-01,Ziguinchor,Ziguinchor,Mil,260.0,3
2018-04-01,Ziguinchor,Ziguinchor,Riz importé (brisé),300.0,2
2018-04-01,Ziguinchor,Ziguinchor,Sorgho,312.5,2
2018-05-01,Dakar,Dakar,Maïs importé,225.0,3
2018-05-01,Dakar,Dakar,Maïs local,250.0,1
2018-05-01,Dakar,Dakar,Mil,225.0,4
2018-05-01,Dakar,Dakar,Riz importé (brisé),300.0,4
2018-05-01,Dakar,Dakar,Riz local,325.0,1
2018-05-01,Dakar,Dakar,Sorgho,290.0,3
2018-05-01,Diourbel,Diourbel,Maïs importé,197.5,2
2018-05-01,Diourbel,Diourbel,Maïs local,185.0,1
2018-05-01,Diourbel,Diourbel,Mil,187.5,2
2018-05-01,Diourbel,Diourbel,Riz importé (brisé),287.5,2
2018-05-01,Diourbel,Diourbel,Riz local,287.5,2
2018-05-01,Diourbel,Diourbel,Sorgho,280.0,2
2018-05-01,Fatick,Fatick,Maïs importé,200.0,3
2018-05-01,Fatick,Fatick,Maïs local,222.5,4
2018-05-01,Fatick,Fatick,Mil,197.5,6
2018-05-01,Fatick,Fatick,Riz importé (brisé),270.0,6
2018-05-01,Fatick,Fatick,Riz local,250.0,1
2018-05-01,Fatick,Fatick,Sorgho,240.0,5
2018-05-01,Kaffrine,Kaffrine,Maïs local,155.0,4
2018-05-01,Kaffrine,Kaffrine,Mil,153.0,3
2018-05-01,Kaffrine,Kaffrine,Riz importé (brisé),300.0,4
2018-05-01,Kaffrine,Kaffrine,Sorgho,225.0,4
2018-05-01,Kaolack,Kaolack,Maïs local,157.0,4
2018-05-01,Kaolack,Kaolack,Mil,152.0,4
2018-05-01,Kaolack,Kaolack,Riz importé (brisé),275.0,4
2018-05-01,Kaolack,Kaolack,Riz local,295.0,1
2018-05-01,Kaolack,Kaolack,Sorgho,247.0,3
2018-05-01,Kedougou,Kédougou,Maïs local,200.0,1
2018-05-01,Kedougou,Kédougou,Mil,300.0,1
2018-05-01,Kedougou,Kédougou,Riz importé (brisé),300.0,1
2018-05-01,Kedougou,Kédougou,Sorgho,300.0,1
2018-05-01,Kolda,Kolda,Maïs local,225.0,2
2018-05-01,Kolda,Kolda,Mil,209.5,2
2018-05-01,Kolda,Kolda,Riz importé (brisé),300.0,2
2018-05-01,Kolda,Kolda,Riz local,273.0,1
2018-05-01,Kolda,Kolda,Sorgho,250.0,1
2018-05-01,Louga,Louga,Maïs importé,200.0,2
2018-05-01,Louga,Louga,Maïs local,190.0,2
2018-05-01,Louga,Louga,Mil,190.0,2
2018-05-01,Louga,Louga,Riz importé (brisé),272.5,2
2018-05-01,Louga,Louga,Riz local,245.0,2
2018-05-01,Louga,Louga,Sorgho,200.0,1
2018-05-01,Matam,Matam,Maïs importé,225.0,2
2018-05-01,Matam,Matam,Maïs local,237.5,2
2018-05-01,Matam,Matam,Mil,231.0,3
2018-05-01,Matam,Matam,Riz importé (brisé),300.0,3
2018-05-01,Matam,Matam,Riz local,290.0,2
2018-05-01,Matam,Matam,Sorgho,300.0,3
2018-05-01,Saint Louis,Saint-Louis,Maïs importé,225.0,2
2018-05-01,Saint Louis,Saint-Louis,Mil,235.0,2
2018-05-01,Saint Louis,Saint-Louis,Riz importé (brisé),285.0,2
2018-05-01,Saint Louis,Saint-Louis,Riz local,300.0,2
2018-05-01,Sedhiou,Sédhiou,Maïs local,225.0,1
2018-05-01,Sedhiou,Sédhiou,Mil,200.0,1
2018-05-01,Sedhiou,Sédhiou,Riz importé (brisé),300.0,1
2018-05-01,Tambacounda,Tambacounda,Maïs local,185.0,3
2018-05-01,Tambacounda,Tambacounda,Mil,187.5,4
2018-05-01,Tambacounda,Tambacounda,Riz importé (brisé),295.0,4
2018-05-01,Tambacounda,Tambacounda,Sorgho,237.5,4
2018-05-01,Thies,Thiès,Maïs importé,212.5,4
2018-05-01,Thies,Thiès,Maïs local,225.0,1
2018-05-01,Thies,Thiès,Mil,187.5,4
2018-05-01,Thies,Thiès,Riz importé (brisé),275.0,4
2018-05-01,Thies,Thiès,Riz local,260.0,4
2018-05-01,Thies,Thiès,Sorgho,227.5,2
2018-05-01,Ziguinchor,Ziguinchor,Maïs local,275.0,2
2018-05-01,Ziguinchor,Ziguinchor,Mil,258.0,3
2018-05-01,Ziguinchor,Ziguinchor,Riz importé (brisé),300.0,2
2018-05-01,Ziguinchor,Ziguinchor,Sorgho,294.0,2
2018-06-01,Dakar,Dakar,Maïs importé,219.0,2
2018-06-01,Dakar,Dakar,Maïs local,235.0,2
2018-06-01,Dakar,Dakar,Mil,235.0,3
2018-06-01,Dakar,Dakar,Riz importé (brisé),290.0,3
2018-06-01,Dakar,Dakar,Riz local,344.0,2
2018-06-01,Dakar,Dakar,Sorgho,288.0,3
2018-06-01,Diourbel,Diourbel,Maïs importé,187.5,2
2018-06-01,Diourbel,Diourbel,Maïs local,190.0,1
2018-06-01,Diourbel,Diourbel,Mil,197.5,2
2018-06-01,Diourbel,Diourbel,Riz importé (brisé),280.0,2
2018-06-01,Diourbel,Diourbel,Riz local,262.5,2
2018-06-01,Diourbel,Diourbel,Sorgho,280.0,2
2018-06-01,Fatick,Fatick,Maïs importé,210.0,5
2018-06-01,Fatick,Fatick,Maïs local,248.0,5
2018-06-01,Fatick,Fatick,Mil,204.0,6
2018-06-01,Fatick,Fatick,Riz importé (brisé),270.0,6
2018-06-01,Fatick,Fatick,Riz local,275.0,1
2018-06-01,Fatick,Fatick,Sorgho,250.0,5
2018-06-01,Kaffrine,Kaffrine,Maïs local,168.0,4
2018-06-01,Kaffrine,Kaffrine,Mil,168.0,4
2018-06-01,Kaffrine,Kaffrine,Riz importé (brisé),300.0,4
2018-06-01,Kaffrine,Kaffrine,Sorgho,250.0,4
2018-06-01,Kaolack,Kaolack,Maïs local,164.0,4
2018-06-01,Kaolack,Kaolack,Mil,158.0,4
2018-06-01,Kaolack,Kaolack,Riz importé (brisé),275.0,4
2018-06-01,Kaolack,Kaolack,Riz local,300.0,1
2018-06-01,Kaolack,Kaolack,Sorgho,263.0,3
2018-06-01,Kedougou,Kédougou,Maïs local,275.0,3
2018-06-01,Kedougou,Kédougou,Mil,307.5,2
2018-06-01,Kedougou,Kédougou,Riz importé (brisé),315.0,3
2018-06-01,Kedougou,Kédougou,Sorgho,315.0,1
2018-06-01,Kolda,Kolda,Maïs local,225.0,2
2018-06-01,Kolda,Kolda,Mil,212.5,2
2018-06-01,Kolda,Kolda,Riz importé (brisé),300.0,2
2018-06-01,Kolda,Kolda,Riz local,275.0,1
2018-06-01,Kolda,Kolda,Sorgho,250.0,1
2018-06-01,Louga,Louga,Maïs importé,192.0,2
2018-06-01,Louga,Louga,Maïs local,203.0,2
2018-06-01,Louga,Louga,Mil,203.0,2
2018-06-01,Louga,Louga,Riz importé (brisé),272.5,2
2018-06-01,Louga,Louga,Riz local,245.0,2
2018-06-01,Matam,Matam,Maïs importé,250.0,3
2018-06-01,Matam,Matam,Maïs local,250.0,3
2018-06-01,Matam,Matam,Mil,247.0,4
2018-06-01,Matam,Matam,Riz importé (brisé),300.0,4
2018-06-01,Matam,Matam,Riz local,300.0,3
2018-06-01,Matam,Matam,Sorgho,258.5,4
2018-06-01,Saint Louis,Saint-Louis,Maïs importé,250.0,1
2018-06-01,Saint Louis,Saint-Louis,Maïs local,241.5,2
2018-06-01,Saint Louis,Saint-Louis,Mil,240.5,2
2018-06-01,Saint Louis,Saint-Louis,Riz importé (brisé),287.0,2
2018-06-01,Saint Louis,Saint-Louis,Riz local,296.5,2
2018-06-01,Sedhiou,Sédhiou,Maïs local,250.0,1
2018-06-01,Sedhiou,Sédhiou,Mil,213.0,1
2018-06-01,Sedhiou,Sédhiou,Riz importé (brisé),300.0,1
2018-06-01,Tambacounda,Tambacounda,Maïs local,187.5,2
2018-06-01,Tambacounda,Tambacounda,Mil,175.0,3
2018-06-01,Tambacounda,Tambacounda,Riz importé (brisé),300.0,3
2018-06-01,Tambacounda,Tambacounda,Sorgho,217.0,3
2018-06-01,Thies,Thiès,Maïs importé,219.0,4
2018-06-01,Thies,Thiès,Maïs local,231.5,2
2018-06-01,Thies,Thiès,Mil,207.5,4
2018-06-01,Thies,Thiès,Riz importé (brisé),275.0,4
2018-06-01,Thies,Thiès,Riz local,263.5,4
2018-06-01,Thies,Thiès,Sorgho,212.5,2
2018-06-01,Ziguinchor,Ziguinchor,Maïs local,250.0,2
2018-06-01,Ziguinchor,Ziguinchor,Mil,233.0,3
2018-06-01,Ziguinchor,Ziguinchor,Riz importé (brisé),300.0,2
2018-06-01,Ziguinchor,Ziguinchor,Riz local,280.0,1
2018-06-01,Ziguinchor,Ziguinchor,Sorgho,306.5,2
2018-07-01,Dakar,Dakar,Maïs importé,262.5,2
2018-07-01,Dakar,Dakar,Maïs local,250.0,1
2018-07-01,Dakar,Dakar,Mil,231.5,2
2018-07-01,Dakar,Dakar,Riz importé (brisé),300.0,3
2018-07-01,Dakar,Dakar,Riz local,350.0,2
2018-07-01,Diourbel,Diourbel,Maïs importé,212.5,4
2018-07-01,Diourbel,Diourbel,Mil,200.0,3
2018-07-01,Diourbel,Diourbel,Riz importé (brisé),300.0,4
2018-07-01,Diourbel,Diourbel,Riz local,265.0,2
2018-07-01,Diourbel,Diourbel,Sorgho,300.0,3
2018-07-01,Fatick,Fatick,Maïs importé,220.0,5
2018-07-01,Fatick,Fatick,Maïs local,275.0,5
2018-07-01,Fatick,Fatick,Mil,210.0,6
2018-07-01,Fatick,Fatick,Riz importé (brisé),270.0,6
2018-07-01,Fatick,Fatick,Riz local,275.0,1
2018-07-01,Fatick,Fatick,Sorgho,550.0,4
2018-07-01,Kaffrine,Kaffrine,Maïs local,183.5,4
2018-07-01,Kaffrine,Kaffrine,Mil,173.0,4
2018-07-01,Kaffrine,Kaffrine,Riz importé (brisé),300.0,4
2018-07-01,Kaffrine,Kaffrine,Sorgho,291.5,4
2018-07-01,Kaolack,Kaolack,Maïs local,168.0,4
2018-07-01,Kaolack,Kaolack,Mil,159.5,4
2018-07-01,Kaolack,Kaolack,Riz importé (brisé),275.0,4
2018-07-01,Kaolack,Kaolack,Riz local,300.0,1
2018-07-01,Kaolack,Kaolack,Sorgho,250.0,4
2018-07-01,Kedougou,Kédougou,Maïs local,275.0,3
2018-07-01,Kedougou,Kédougou,Mil,312.5,2
2018-07-01,Kedougou,Kédougou,Riz importé (brisé),325.0,3
2018-07-01,Kedougou,Kédougou,Sorgho,300.0,1
2018-07-01,Kolda,Kolda,Maïs importé,225.0,1
2018-07-01,Kolda,Kolda,Maïs local,244.0,2
2018-07-01,Kolda,Kolda,Mil,219.0,2
2018-07-01,Kolda,Kolda,Riz importé (brisé),300.0,2
2018-07-01,Kolda,Kolda,Sorgho,275.0,1
2018-07-01,Louga,Louga,Maïs importé,193.0,2
2018-07-01,Louga,Louga,Maïs local,207.0,2
2018-07-01,Louga,Louga,Mil,203.0,2
2018-07-01,Louga,Louga,Riz importé (brisé),272.5,2
2018-07-01,Louga,Louga,Riz local,246.5,2
2018-07-01,Matam,Matam,Maïs importé,250.0,3
2018-07-01,Matam,Matam,Maïs local,275.0,3
2018-07-01,Matam,Matam,Mil,247.0,4
2018-07-01,Matam,Matam,Riz importé (brisé),300.0,4
2018-07-01,Matam,Matam,Riz local,300.0,3
2018-07-01,Matam,Matam,Sorgho,343.0,4
2018-07-01,Saint Louis,Saint-Louis,Maïs importé,250.0,2
2018-07-01,Saint Louis,Saint-Louis,Maïs local,250.0,2
2018-07-01,Saint Louis,Saint-Louis,Mil,240.5,2
2018-07-01,Saint Louis,Saint-Louis,Riz importé (brisé),287.5,2
2018-07-01,Saint Louis,Saint-Louis,Riz local,273.0,2
2018-07-01,Sedhiou,Sédhiou,Maïs local,250.0,1
2018-07-01,Sedhiou,Sédhiou,Mil,200.0,1
2018-07-01,Sedhiou,Sédhiou,Riz importé (brisé),300.0,1
2018-07-01,Tambacounda,Tambacounda,Maïs local,187.5,4
2018-07-01,Tambacounda,Tambacounda,Mil,187.5,4
2018-07-01,Tambacounda,Tambacounda,Riz importé (brisé),299.0,4
2018-07-01,Tambacounda,Tambacounda,Sorgho,220.0,2
2018-07-01,Thies,Thiès,Maïs importé,232.0,4
2018-07-01,Thies,Thiès,Maïs local,237.5,2
2018-07-01,Thies,Thiès,Mil,204.0,4
2018-07-01,Thies,Thiès,Riz importé (brisé),275.0,4
2018-07-01,Thies,Thiès,Riz local,265.0,4
2018-07-01,Thies,Thiès,Sorgho,221.0,2
2018-07-01,Ziguinchor,Ziguinchor,Maïs local,250.0,2
2018-07-01,Ziguinchor,Ziguinchor,Mil,242.0,3
2018-07-01,Ziguinchor,Ziguinchor,Riz importé (brisé),300.0,2
2018-07-01,Ziguinchor,Ziguinchor,Riz local,300.0,1
2018-07-01,Ziguinchor,Ziguinchor,Sorgho,312.5,2
2018-08-01,Dakar,Dakar,Maïs importé,237.5,2
2018-08-01,Dakar,Dakar,Maïs local,240.0,2
2018-08-01,Dakar,Dakar,Mil,250.0,2
2018-08-01,Dakar,Dakar,Riz importé (brisé),300.0,3
2018-08-01,Dakar,Dakar,Riz local,350.0,2
2018-08-01,Diourbel,Diourbel,Maïs importé,217.5,4
2018-08-01,Diourbel,Diourbel,Maïs local,190.0,1
2018-08-01,Diourbel,Diourbel,Mil,225.0,4
2018-08-01,Diourbel,Diourbel,Riz importé (brisé),275.0,4
2018-08-01,Diourbel,Diourbel,Riz local,250.0,3
2018-08-01,Diourbel,Diourbel,Sorgho,315.0,2
2018-08-01,Fatick,Fatick,Maïs importé,200.0,3
2018-08-01,Fatick,Fatick,Maïs local,247.5,6
2018-08-01,Fatick,Fatick,Mil,205.0,6
2018-08-01,Fatick,Fatick,Riz importé (brisé),270.0,5
2018-08-01,Fatick,Fatick,Riz local,275.0,1
2018-08-01,Fatick,Fatick,Sorgho,404.0,4
2018-08-01,Kaffrine,Kaffrine,Maïs local,169.0,4
2018-08-01,Kaffrine,Kaffrine,Mil,169.0,4
2018-08-01,Kaffrine,Kaffrine,Riz importé (brisé),300.0,4
2018-08-01,Kaffrine,Kaffrine,Sorgho,300.0,4
2018-08-01,Kaolack,Kaolack,Maïs importé,177.0,1
2018-08-01,Kaolack,Kaolack,Maïs local,177.0,4
2018-08-01,Kaolack,Kaolack,Mil,174.0,4
2018-08-01,Kaolack,Kaolack,Riz importé (brisé),276.0,4
2018-08-01,Kaolack,Kaolack,Riz local,310.0,1
2018-08-01,Kaolack,Kaolack,Sorgho,250.0,2
2018-08-01,Kolda,Kolda,Maïs importé,225.0,2
2018-08-01,Kolda,Kolda,Maïs local,250.0,3
2018-08-01,Kolda,Kolda,Mil,225.0,3
2018-08-01,Kolda,Kolda,Riz importé (brisé),300.0,3
2018-08-01,Kolda,Kolda,Riz local,300.0,2
2018-08-01,Kolda,Kolda,Sorgho,266.0,2
2018-08-01,Louga,Louga,Maïs importé,185.0,2
2018-08-01,Louga,Louga,Maïs local,210.0,2
2018-08-01,Louga,Louga,Mil,200.0,2
2018-08-01,Louga,Louga,Riz importé (brisé),272.5,2
2018-08-01,Louga,Louga,Riz local,245.0,2
2018-08-01,Matam,Matam,Maïs importé,250.0,3
2018-08-01,Matam,Matam,Maïs local,260.0,3
2018-08-01,Matam,Matam,Mil,246.0,4
2018-08-01,Matam,Matam,Riz importé (brisé),300.0,4
2018-08-01,Matam,Matam,Riz local,300.0,3
2018-08-01,Matam,Matam,Sorgho,321.0,4
2018-08-01,Saint Louis,Saint-Louis,Maïs importé,250.0,2
2018-08-01,Saint Louis,Saint-Louis,Maïs local,242.5,2
2018-08-01,Saint Louis,Saint-Louis,Mil,242.5,2
2018-08-01,Saint Louis,Saint-Louis,Riz importé (brisé),287.5,2
2018-08-01,Saint Louis,Saint-Louis,Riz local,267.5,2
2018-08-01,Sedhiou,Sédhiou,Maïs local,250.0,1
2018-08-01,Sedhiou,Sédhiou,Mil,219.0,1
2018-08-01,Sedhiou,Sédhiou,Riz importé (brisé),300.0,1
2018-08-01,Tambacounda,Tambacounda,Maïs local,192.0,3
2018-08-01,Tambacounda,Tambacounda,Mil,195.0,3
2018-08-01,Tambacounda,Tambacounda,Riz importé (brisé),300.0,3
2018-08-01,Tambacounda,Tambacounda,Sorgho,231.5,2
2018-08-01,Thies,Thiès,Maïs importé,250.0,4
2018-08-01,Thies,Thiès,Mil,229.0,4
2018-08-01,Thies,Thiès,Riz importé (brisé),275.0,4
2018-08-01,Thies,Thiès,Riz local,258.5,4
2018-08-01,Ziguinchor,Ziguinchor,Maïs local,250.0,2
2018-08-01,Ziguinchor,Ziguinchor,Mil,250.0,3
2018-08-01,Ziguinchor,Ziguinchor,Riz importé (brisé),300.0,2
2018-08-01,Ziguinchor,Ziguinchor,Sorgho,300.0,2
2018-09-01,Dakar,Dakar,Maïs importé,237.5,2
2018-09-01,Dakar,Dakar,Maïs local,240.0,2
2018-09-01,Dakar,Dakar,Mil,250.0,3
2018-09-01,Dakar,Dakar,Riz importé (brisé),300.0,3
2018-09-01,Dakar,Dakar,Riz local,350.0,1
2018-09-01,Diourbel,Diourbel,Maïs importé,212.5,4
2018-09-01,Diourbel,Diourbel,Maïs local,190.0,1
2018-09-01,Diourbel,Diourbel,Mil,250.0,3
2018-09-01,Diourbel,Diourbel,Riz importé (brisé),285.0,4
2018-09-01,Diourbel,Diourbel,Riz local,275.0,2
2018-09-01,Diourbel,Diourbel,Sorgho,350.0,3
2018-09-01,Fatick,Fatick,Maïs importé,216.5,4
2018-09-01,Fatick,Fatick,Maïs local,244.0,6
2018-09-01,Fatick,Fatick,Mil,234.0,6
2018-09-01,Fatick,Fatick,Riz importé (brisé),285.0,4
2018-09-01,Fatick,Fatick,Riz local,260.0,1
2018-09-01,Fatick,Fatick,Sorgho,600.0,1
2018-09-01,Kaffrine,Kaffrine,Maïs local,185.0,4
2018-09-01,Kaffrine,Kaffrine,Mil,195.0,3
2018-09-01,Kaffrine,Kaffrine,Riz importé (brisé),300.0,4
2018-09-01,Kaolack,Kaolack,Maïs importé,180.0,1
2018-09-01,Kaolack,Kaolack,Maïs local,173.5,4
2018-09-01,Kaolack,Kaolack,Mil,184.5,4
2018-09-01,Kaolack,Kaolack,Riz importé (brisé),276.5,4
2018-09-01,Kaolack,Kaolack,Riz local,300.0,1
2018-09-01,Kaolack,Kaolack,Sorgho,281.5,2
2018-09-01,Kolda,Kolda,Maïs importé,230.0,3
2018-09-01,Kolda,Kolda,Maïs local,250.0,3
2018-09-01,Kolda,Kolda,Mil,250.0,3
2018-09-01,Kolda,Kolda,Riz importé (brisé),300.0,3
2018-09-01,Kolda,Kolda,Riz local,287.5,2
2018-09-01,Kolda,Kolda,Sorgho,300.0,2
2018-09-01,Louga,Louga,Maïs importé,200.0,2
2018-09-01,Louga,Louga,Maïs local,210.0,2
2018-09-01,Louga,Louga,Mil,270.0,2
2018-09-01,Louga,Louga,Riz importé (brisé),300.0,2
2018-09-01,Louga,Louga,Riz local,245.0,2
2018-09-01,Matam,Matam,Maïs importé,250.0,3
2018-09-01,Matam,Matam,Maïs local,300.0,1
2018-09-01,Matam,Matam,Mil,265.0,4
2018-09-01,Matam,Matam,Riz importé (brisé),300.0,3
2018-09-01,Matam,Matam,Riz local,300.0,3
2018-09-01,Matam,Matam,Sorgho,317.0,3
2018-09-01,Saint Louis,Saint-Louis,Maïs importé,237.5,2
2018-09-01,Saint Louis,Saint-Louis,Maïs local,237.5,2
2018-09-01,Saint Louis,Saint-Louis,Mil,275.0,2
2018-09-01,Saint Louis,Saint-Louis,Riz importé (brisé),287.5,2
2018-09-01,Saint Louis,Saint-Louis,Riz local,281.0,2
2018-09-01,Sedhiou,Sédhiou,Maïs local,250.0,1
2018-09-01,Sedhiou,Sédhiou,Mil,231.0,1
2018-09-01,Sedhiou,Sédhiou,Riz importé (brisé),300.0,1
2018-09-01,Tambacounda,Tambacounda,Maïs local,200.0,3
2018-09-01,Tambacounda,Tambacounda,Mil,196.0,3
2018-09-01,Tambacounda,Tambacounda,Riz importé (brisé),300.0,3
2018-09-01,Tambacounda,Tambacounda,Sorgho,231.5,2
2018-09-01,Thies,Thiès,Maïs importé,250.0,4
2018-09-01,Thies,Thiès,Mil,250.0,4
2018-09-01,Thies,Thiès,Riz importé (brisé),275.0,4
2018-09-01,Thies,Thiès,Riz local,265.0,4
2018-09-01,Ziguinchor,Ziguinchor,Maïs local,250.0,2
2018-09-01,Ziguinchor,Ziguinchor,Mil,250.0,3
2018-09-01,Ziguinchor,Ziguinchor,Riz importé (brisé),300.0,2
2018-09-01,Ziguinchor,Ziguinchor,Sorgho,312.5,2
2018-10-01,Dakar,Dakar,Maïs importé,225.0,2
2018-10-01,Dakar,Dakar,Maïs local,225.0,2
2018-10-01,Dakar,Dakar,Mil,250.0,3
2018-10-01,Dakar,Dakar,Riz importé (brisé),300.0,3
2018-10-01,Dakar,Dakar,Riz local,350.0,2
2018-10-01,Diourbel,Diourbel,Maïs importé,220.0,3
2018-10-01,Diourbel,Diourbel,Maïs local,190.0,1
2018-10-01,Diourbel,Diourbel,Mil,245.0,3
2018-10-01,Diourbel,Diourbel,Riz importé (brisé),290.0,3
2018-10-01,Diourbel,Diourbel,Riz local,275.0,2
2018-10-01,Diourbel,Diourbel,Sorgho,300.0,2
2018-10-01,Fatick,Fatick,Maïs importé,231.5,4
2018-10-01,Fatick,Fatick,Maïs local,257.5,4
2018-10-01,Fatick,Fatick,Mil,222.5,4
2018-10-01,Fatick,Fatick,Riz importé (brisé),270.0,2
2018-10-01,Fatick,Fatick,Sorgho,345.0,2
2018-10-01,Kaolack,Kaolack,Maïs importé,177.0,1
2018-10-01,Kaolack,Kaolack,Maïs local,162.0,4
2018-10-01,Kaolack,Kaolack,Mil,155.0,4
2018-10-01,Kaolack,Kaolack,Riz importé (brisé),275.0,3
2018-10-01,Kaolack,Kaolack,Riz local,256.0,1
2018-10-01,Kaolack,Kaolack,Sorgho,250.0,1
2018-10-01,Kedougou,Kédougou,Maïs local,238.0,3
2018-10-01,Kedougou,Kédougou,Mil,275.0,1
2018-10-01,Kedougou,Kédougou,Riz importé (brisé),300.0,3
2018-10-01,Kedougou,Kédougou,Riz local,350.0,1
2018-10-01,Kedougou,Kédougou,Sorgho,300.0,1
2018-10-01,Kolda,Kolda,Maïs importé,225.0,3
2018-10-01,Kolda,Kolda,Maïs local,225.0,3
2018-10-01,Kolda,Kolda,Mil,238.0,3
2018-10-01,Kolda,Kolda,Riz importé (brisé),300.0,3
2018-10-01,Kolda,Kolda,Riz local,287.5,2
2018-10-01,Kolda,Kolda,Sorgho,300.0,2
2018-10-01,Louga,Louga,Maïs importé,185.0,2
2018-10-01,Louga,Louga,Maïs local,204.0,2
2018-10-01,Louga,Louga,Mil,206.5,2
2018-10-01,Louga,Louga,Riz importé (brisé),300.0,2
2018-10-01,Louga,Louga,Riz local,251.5,2
2018-10-01,Matam,Matam,Maïs importé,250.0,3
2018-10-01,Matam,Matam,Mil,250.0,4
2018-10-01,Matam,Matam,Riz importé (brisé),300.0,3
2018-10-01,Matam,Matam,Riz local,300.0,3
2018-10-01,Matam,Matam,Sorgho,350.0,2
2018-10-01,Saint Louis,Saint-Louis,Maïs importé,237.5,2
2018-10-01,Saint Louis,Saint-Louis,Maïs local,237.5,2
2018-10-01,Saint Louis,Saint-Louis,Mil,262.5,2
2018-10-01,Saint Louis,Saint-Louis,Riz importé (brisé),300.0,2
2018-10-01,Saint Louis,Saint-Louis,Riz local,287.5,2
2018-10-01,Sedhiou,Sédhiou,Maïs local,231.0,1
2018-10-01,Sedhiou,Sédhiou,Mil,213.0,1
2018-10-01,Sedhiou,Sédhiou,Riz importé (brisé),300.0,1
2018-10-01,Tambacounda,Tambacounda,Maïs local,175.0,3
2018-10-01,Tambacounda,Tambacounda,Mil,175.0,3
2018-10-01,Tambacounda,Tambacounda,Riz importé (brisé),300.0,3
2018-10-01,Tambacounda,Tambacounda,Sorgho,219.0,2
2018-10-01,Thies,Thiès,Maïs importé,250.0,4
2018-10-01,Thies,Thiès,Mil,219.0,4
2018-10-01,Thies,Thiès,Riz importé (brisé),275.0,4
2018-10-01,Thies,Thiès,Riz local,265.0,4
2018-10-01,Thies,Thiès,Sorgho,250.0,1
2018-10-01,Ziguinchor,Ziguinchor,Maïs local,250.0,2
2018-10-01,Ziguinchor,Ziguinchor,Mil,242.0,3
2018-10-01,Ziguinchor,Ziguinchor,Riz importé (brisé),300.0,2
2018-10-01,Ziguinchor,Ziguinchor,Riz local,400.0,2
2018-10-01,Ziguinchor,Ziguinchor,Sorgho,300.0,1
2018-11-01,Dakar,Dakar,Maïs local,225.0,2
2018-11-01,Dakar,Dakar,Mil,233.0,3
2018-11-01,Dakar,Dakar,Riz importé (brisé),290.0,3
2018-11-01,Dakar,Dakar,Riz local,350.0,2
2018-11-01,Dakar,Dakar,Sorgho,192.5,2
2018-11-01,Diourbel,Diourbel,Maïs local,180.0,1
2018-11-01,Diourbel,Diourbel,Mil,200.0,4
2018-11-01,Diourbel,Diourbel,Riz importé (brisé),294.0,4
2018-11-01,Diourbel,Diourbel,Riz local,262.5,4
2018-11-01,Diourbel,Diourbel,Sorgho,280.0,4
2018-11-01,Fatick,Fatick,Maïs local,230.0,4
2018-11-01,Fatick,Fatick,Mil,220.0,6
2018-11-01,Fatick,Fatick,Riz importé (brisé),285.0,4
2018-11-01,Fatick,Fatick,Sorgho,237.5,2
2018-11-01,Kaffrine,Kaffrine,Maïs local,154.0,4
2018-11-01,Kaffrine,Kaffrine,Mil,157.5,4
2018-11-01,Kaffrine,Kaffrine,Riz importé (brisé),300.0,4
2018-11-01,Kaffrine,Kaffrine,Sorgho,215.0,2
2018-11-01,Kaolack,Kaolack,Maïs local,155.0,4
2018-11-01,Kaolack,Kaolack,Mil,160.0,3
2018-11-01,Kaolack,Kaolack,Riz importé (brisé),275.0,3
2018-11-01,Kaolack,Kaolack,Riz local,325.0,1
2018-11-01,Kaolack,Kaolack,Sorgho,292.0,1
2018-11-01,Kedougou,Kédougou,Maïs local,225.0,3
2018-11-01,Kedougou,Kédougou,Mil,275.0,1
2018-11-01,Kedougou,Kédougou,Riz importé (brisé),300.0,3
2018-11-01,Kedougou,Kédougou,Sorgho,300.0,1
2018-11-01,Kolda,Kolda,Maïs local,188.0,3
2018-11-01,Kolda,Kolda,Mil,196.5,2
2018-11-01,Kolda,Kolda,Riz importé (brisé),300.0,3
2018-11-01,Kolda,Kolda,Riz local,300.0,2
2018-11-01,Kolda,Kolda,Sorgho,250.0,2
2018-11-01,Louga,Louga,Maïs local,199.0,2
2018-11-01,Louga,Louga,Mil,215.0,2
2018-11-01,Louga,Louga,Riz importé (brisé),300.0,2
2018-11-01,Louga,Louga,Riz local,257.5,2
2018-11-01,Matam,Matam,Mil,252.0,4
2018-11-01,Matam,Matam,Riz importé (brisé),300.0,3
2018-11-01,Matam,Matam,Riz local,300.0,3
2018-11-01,Matam,Matam,Sorgho,325.0,3
2018-11-01,Saint Louis,Saint-Louis,Maïs local,237.5,2
2018-11-01,Saint Louis,Saint-Louis,Mil,250.0,2
2018-11-01,Saint Louis,Saint-Louis,Riz importé (brisé),300.0,2
2018-11-01,Saint Louis,Saint-Louis,Riz local,300.0,2
2018-11-01,Sedhiou,Sédhiou,Maïs local,225.0,1
2018-11-01,Sedhiou,Sédhiou,Mil,180.0,1
2018-11-01,Sedhiou,Sédhiou,Riz importé (brisé),300.0,1
2018-11-01,Tambacounda,Tambacounda,Maïs local,170.5,4
2018-11-01,Tambacounda,Tambacounda,Mil,170.5,4
2018-11-01,Tambacounda,Tambacounda,Riz importé (brisé),300.0,4
2018-11-01,Tambacounda,Tambacounda,Sorgho,200.0,3
2018-11-01,Thies,Thiès,Maïs local,200.0,1
2018-11-01,Thies,Thiès,Mil,200.0,4
2018-11-01,Thies,Thiès,Riz importé (brisé),275.0,4
2018-11-01,Thies,Thiès,Riz local,265.0,4
2018-11-01,Thies,Thiès,Sorgho,207.5,2
2018-11-01,Ziguinchor,Ziguinchor,Maïs local,250.0,1
2018-11-01,Ziguinchor,Ziguinchor,Mil,275.0,2
2018-11-01,Ziguinchor,Ziguinchor,Riz importé (brisé),300.0,1
2018-11-01,Ziguinchor,Ziguinchor,Sorgho,300.0,1
2018-12-01,Dakar,Dakar,Maïs local,225.0,2
2018-12-01,Dakar,Dakar,Mil,238.0,3
2018-12-01,Dakar,Dakar,Riz importé (brisé),300.0,3
2018-12-01,Dakar,Dakar,Riz local,350.0,2
2018-12-01,Diourbel,Diourbel,Maïs local,200.0,3
2018-12-01,Diourbel,Diourbel,Mil,192.5,4
2018-12-01,Diourbel,Diourbel,Riz importé (brisé),287.5,4
2018-12-01,Diourbel,Diourbel,Riz local,262.5,4
2018-12-01,Diourbel,Diourbel,Sorgho,250.0,3
2018-12-01,Fatick,Fatick,Maïs local,222.5,4
2018-12-01,Fatick,Fatick,Mil,212.5,4
2018-12-01,Fatick,Fatick,Riz importé (brisé),270.0,4
2018-12-01,Fatick,Fatick,Sorgho,222.5,4
2018-12-01,Kaffrine,Kaffrine,Maïs local,150.0,4
2018-12-01,Kaffrine,Kaffrine,Mil,160.0,3
2018-12-01,Kaffrine,Kaffrine,Riz importé (brisé),300.0,4
2018-12-01,Kaffrine,Kaffrine,Sorgho,215.0,4
2018-12-01,Kaolack,Kaolack,Maïs local,149.0,4
2018-12-01,Kaolack,Kaolack,Mil,173.0,3
2018-12-01,Kaolack,Kaolack,Riz importé (brisé),297.5,4
2018-12-01,Kaolack,Kaolack,Riz local,300.0,1
2018-12-01,Kaolack,Kaolack,Sorgho,196.5,2
2018-12-01,Kedougou,Kédougou,Maïs local,250.0,3
2018-12-01,Kedougou,Kédougou,Mil,300.0,1
2018-12-01,Kedougou,Kédougou,Riz importé (brisé),300.0,2
2018-12-01,Kedougou,Kédougou,Sorgho,300.0,1
2018-12-01,Kolda,Kolda,Maïs local,181.5,2
2018-12-01,Kolda,Kolda,Mil,184.0,2
2018-12-01,Kolda,Kolda,Riz importé (brisé),300.0,3
2018-12-01,Kolda,Kolda,Riz local,300.0,2
2018-12-01,Kolda,Kolda,Sorgho,212.5,2
2018-12-01,Louga,Louga,Maïs local,202.5,2
2018-12-01,Louga,Louga,Mil,210.0,2
2018-12-01,Louga,Louga,Riz importé (brisé),300.0,2
2018-12-01,Louga,Louga,Riz local,250.0,2
2018-12-01,Matam,Matam,Maïs local,250.0,1
2018-12-01,Matam,Matam,Mil,247.0,4
2018-12-01,Matam,Matam,Riz importé (brisé),300.0,3
2018-12-01,Matam,Matam,Riz local,300.0,3
2018-12-01,Matam,Matam,Sorgho,295.0,4
2018-12-01,Saint Louis,Saint-Louis,Maïs local,237.5,2
2018-12-01,Saint Louis,Saint-Louis,Mil,250.0,2
2018-12-01,Saint Louis,Saint-Louis,Riz importé (brisé),300.0,2
2018-12-01,Saint Louis,Saint-Louis,Riz local,292.5,2
2018-12-01,Sedhiou,Sédhiou,Maïs local,233.0,1
2018-12-01,Sedhiou,Sédhiou,Mil,212.0,1
2018-12-01,Sedhiou,Sédhiou,Riz importé (brisé),300.0,1
2018-12-01,Tambacounda,Tambacounda,Maïs local,194.5,4
2018-12-01,Tambacounda,Tambacounda,Mil,187.5,4
2018-12-01,Tambacounda,Tambacounda,Riz importé (brisé),300.0,4
2018-12-01,Tambacounda,Tambacounda,Sorgho,208.0,3
2018-12-01,Thies,Thiès,Maïs local,200.0,1
2018-12-01,Thies,Thiès,Mil,190.0,4
2018-12-01,Thies,Thiès,Riz importé (brisé),275.0,4
2018-12-01,Thies,Thiès,Riz local,265.0,4
2018-12-01,Thies,Thiès,Sorgho,211.0,2
2018-12-01,Ziguinchor,Ziguinchor,Maïs local,250.0,1
2018-12-01,Ziguinchor,Ziguinchor,Mil,250.0,2
2018-12-01,Ziguinchor,Ziguinchor,Riz importé (brisé),350.0,2
2018-12-01,Ziguinchor,Ziguinchor,Sorgho,300.0,1
2019-01-01,Dakar,Dakar,Maïs local,225.0,2
2019-01-01,Dakar,Dakar,Mil,244.0,3
2019-01-01,Dakar,Dakar,Riz importé (brisé),285.0,3
2019-01-01,Dakar,Dakar,Riz local,323.0,2
2019-01-01,Dakar,Dakar,Sorgho,287.5,2
2019-01-01,Diourbel,Diourbel,Maïs local,192.5,2
2019-01-01,Diourbel,Diourbel,Mil,200.0,4
2019-01-01,Diourbel,Diourbel,Riz importé (brisé),287.5,4
2019-01-01,Diourbel,Diourbel,Riz local,262.5,4
2019-01-01,Diourbel,Diourbel,Sorgho,237.5,2
2019-01-01,Fatick,Fatick,Maïs local,218.0,5
2019-01-01,Fatick,Fatick,Mil,200.0,6
2019-01-01,Fatick,Fatick,Riz importé (brisé),270.0,6
2019-01-01,Fatick,Fatick,Sorgho,217.5,6
2019-01-01,Kaffrine,Kaffrine,Maïs local,170.0,4
2019-01-01,Kaffrine,Kaffrine,Mil,165.0,3
2019-01-01,Kaffrine,Kaffrine,Riz importé (brisé),300.0,3
2019-01-01,Kaffrine,Kaffrine,Sorgho,197.5,4
2019-01-01,Kaolack,Kaolack,Maïs local,161.0,3
2019-01-01,Kaolack,Kaolack,Mil,158.5,4
2019-01-01,Kaolack,Kaolack,Riz importé (brisé),295.0,3
2019-01-01,Kaolack,Kaolack,Riz local,300.0,1
2019-01-01,Kaolack,Kaolack,Sorgho,228.0,1
2019-01-01,Kedougou,Kédougou,Maïs local,275.0,3
2019-01-01,Kedougou,Kédougou,Mil,300.0,3
2019-01-01,Kedougou,Kédougou,Riz importé (brisé),325.0,3
2019-01-01,Kedougou,Kédougou,Sorgho,300.0,1
2019-01-01,Kolda,Kolda,Maïs local,200.0,3
2019-01-01,Kolda,Kolda,Mil,208.0,3
2019-01-01,Kolda,Kolda,Riz importé (brisé),300.0,3
2019-01-01,Kolda,Kolda,Riz local,300.0,1
2019-01-01,Kolda,Kolda,Sorgho,212.5,2
2019-01-01,Louga,Louga,Maïs local,202.5,2
2019-01-01,Louga,Louga,Mil,207.5,2
2019-01-01,Louga,Louga,Riz importé (brisé),300.0,2
2019-01-01,Louga,Louga,Riz local,303.5,2
2019-01-01,Matam,Matam,Maïs local,250.0,3
2019-01-01,Matam,Matam,Mil,247.5,4
2019-01-01,Matam,Matam,Riz importé (brisé),300.0,3
2019-01-01,Matam,Matam,Riz local,300.0,3
2019-01-01,Matam,Matam,Sorgho,285.5,4
2019-01-01,Saint Louis,Saint-Louis,Maïs local,237.5,2
2019-01-01,Saint Louis,Saint-Louis,Mil,250.0,2
2019-01-01,Saint Louis,Saint-Louis,Riz importé (brisé),300.0,2
2019-01-01,Saint Louis,Saint-Louis,Riz local,287.5,2
2019-01-01,Saint Louis,Saint-Louis,Sorgho,250.0,1
2019-01-01,Sedhiou,Sédhiou,Maïs local,250.0,1
2019-01-01,Sedhiou,Sédhiou,Mil,250.0,1
2019-01-01,Sedhiou,Sédhiou,Riz importé (brisé),300.0,1
2019-01-01,Tambacounda,Tambacounda,Maïs local,175.0,3
2019-01-01,Tambacounda,Tambacounda,Mil,175.0,3
2019-01-01,Tambacounda,Tambacounda,Riz importé (brisé),300.0,3
2019-01-01,Tambacounda,Tambacounda,Sorgho,204.0,2
2019-01-01,Thies,Thiès,Maïs local,200.0,1
2019-01-01,Thies,Thiès,Mil,190.0,4
2019-01-01,Thies,Thiès,Riz importé (brisé),275.0,4
2019-01-01,Thies,Thiès,Riz local,266.5,4
2019-01-01,Thies,Thiès,Sorgho,214.0,2
2019-01-01,Ziguinchor,Ziguinchor,Maïs local,262.5,2
2019-01-01,Ziguinchor,Ziguinchor,Mil,250.0,3
2019-01-01,Ziguinchor,Ziguinchor,Riz importé (brisé),300.0,2
2019-01-01,Ziguinchor,Ziguinchor,Sorgho,325.0,2
2019-02-01,Dakar,Dakar,Maïs local,231.0,2
2019-02-01,Dakar,Dakar,Mil,241.0,3
2019-02-01,Dakar,Dakar,Riz importé (brisé),300.0,3
2019-02-01,Dakar,Dakar,Riz local,325.0,1
2019-02-01,Dakar,Dakar,Sorgho,262.5,2
2019-02-01,Diourbel,Diourbel,Maïs local,187.5,2
2019-02-01,Diourbel,Diourbel,Mil,195.0,4
2019-02-01,Diourbel,Diourbel,Riz importé (brisé),285.0,4
2019-02-01,Diourbel,Diourbel,Riz local,255.0,4
2019-02-01,Diourbel,Diourbel,Sorgho,255.0,2
2019-02-01,Fatick,Fatick,Maïs local,210.0,5
2019-02-01,Fatick,Fatick,Mil,195.0,6
2019-02-01,Fatick,Fatick,Riz importé (brisé),270.0,6
2019-02-01,Fatick,Fatick,Sorgho,210.0,6
2019-02-01,Kaffrine,Kaffrine,Maïs local,160.0,4
2019-02-01,Kaffrine,Kaffrine,Mil,165.0,3
2019-02-01,Kaffrine,Kaffrine,Riz importé (brisé),300.0,3
2019-02-01,Kaffrine,Kaffrine,Sorgho,200.0,4
2019-02-01,Kaolack,Kaolack,Maïs local,174.0,1
2019-02-01,Kaolack,Kaolack,Mil,175.0,4
2019-02-01,Kaolack,Kaolack,Riz importé (brisé),300.0,3
2019-02-01,Kaolack,Kaolack,Riz local,300.0,1
2019-02-01,Kaolack,Kaolack,Sorgho,221.0,1
2019-02-01,Kedougou,Kédougou,Maïs local,175.0,3
2019-02-01,Kedougou,Kédougou,Mil,325.0,3
2019-02-01,Kedougou,Kédougou,Riz importé (brisé),300.0,3
2019-02-01,Kedougou,Kédougou,Sorgho,300.0,1
2019-02-01,Kolda,Kolda,Maïs local,200.0,3
2019-02-01,Kolda,Kolda,Mil,213.0,3
2019-02-01,Kolda,Kolda,Riz importé (brisé),300.0,3
2019-02-01,Kolda,Kolda,Riz local,300.0,1
2019-02-01,Kolda,Kolda,Sorgho,219.0,2
2019-02-01,Louga,Louga,Maïs local,203.5,2
2019-02-01,Louga,Louga,Mil,212.5,2
2019-02-01,Louga,Louga,Riz importé (brisé),304.0,2
2019-02-01,Louga,Louga,Riz local,298.5,2
2019-02-01,Matam,Matam,Maïs local,250.0,3
2019-02-01,Matam,Matam,Mil,250.0,4
2019-02-01,Matam,Matam,Riz importé (brisé),294.0,3
2019-02-01,Matam,Matam,Riz local,283.0,3
2019-02-01,Matam,Matam,Sorgho,300.0,4
2019-02-01,Saint Louis,Saint-Louis,Maïs local,237.5,2
2019-02-01,Saint Louis,Saint-Louis,Mil,241.5,2
2019-02-01,Saint Louis,Saint-Louis,Riz importé (brisé),300.0,2
2019-02-01,Saint Louis,Saint-Louis,Riz local,271.0,2
2019-02-01,Saint Louis,Saint-Louis,Sorgho,250.0,1
2019-02-01,Sedhiou,Sédhiou,Maïs local,250.0,1
2019-02-01,Sedhiou,Sédhiou,Mil,250.0,1
2019-02-01,Sedhiou,Sédhiou,Riz importé (brisé),300.0,1
2019-02-01,Tambacounda,Tambacounda,Maïs local,175.0,3
2019-02-01,Tambacounda,Tambacounda,Mil,175.0,3
2019-02-01,Tambacounda,Tambacounda,Riz importé (brisé),300.0,3
2019-02-01,Tambacounda,Tambacounda,Sorgho,212.5,2
2019-02-01,Thies,Thiès,Maïs local,200.0,1
2019-02-01,Thies,Thiès,Mil,190.0,4
2019-02-01,Thies,Thiès,Riz importé (brisé),275.0,4
2019-02-01,Thies,Thiès,Riz local,270.0,3
2019-02-01,Thies,Thiès,Sorgho,212.5,2
2019-02-01,Ziguinchor,Ziguinchor,Maïs local,225.0,2
2019-02-01,Ziguinchor,Ziguinchor,Mil,250.0,3
2019-02-01,Ziguinchor,Ziguinchor,Riz importé (brisé),300.0,2
2019-02-01,Ziguinchor,Ziguinchor,Sorgho,300.0,2
2019-03-01,Dakar,Dakar,Maïs importé,200.0,1
2019-03-01,Dakar,Dakar,Maïs local,190.0,2
2019-03-01,Dakar,Dakar,Mil,238.0,3
2019-03-01,Dakar,Dakar,Riz importé (brisé),300.0,3
2019-03-01,Dakar,Dakar,Riz local,350.0,2
2019-03-01,Diourbel,Diourbel,Maïs importé,212.5,4
2019-03-01,Diourbel,Diourbel,Maïs local,212.5,2
2019-03-01,Diourbel,Diourbel,Mil,205.0,4
2019-03-01,Diourbel,Diourbel,Riz importé (brisé),282.5,4
2019-03-01,Diourbel,Diourbel,Riz local,255.0,4
2019-03-01,Diourbel,Diourbel,Sorgho,225.0,4
2019-03-01,Fatick,Fatick,Maïs importé,225.0,3
2019-03-01,Fatick,Fatick,Maïs local,195.0,3
2019-03-01,Fatick,Fatick,Mil,220.0,5
2019-03-01,Fatick,Fatick,Riz importé (brisé),300.0,4
2019-03-01,Fatick,Fatick,Riz local,250.0,1
2019-03-01,Fatick,Fatick,Sorgho,225.0,4
2019-03-01,Kaffrine,Kaffrine,Maïs local,173.0,4
2019-03-01,Kaffrine,Kaffrine,Mil,180.0,3
2019-03-01,Kaffrine,Kaffrine,Riz importé (brisé),300.0,4
2019-03-01,Kaffrine,Kaffrine,Sorgho,225.0,4
2019-03-01,Kaolack,Kaolack,Maïs local,178.5,4
2019-03-01,Kaolack,Kaolack,Mil,175.5,4
2019-03-01,Kaolack,Kaolack,Riz importé (brisé),300.0,3
2019-03-01,Kaolack,Kaolack,Riz local,300.0,1
2019-03-01,Kaolack,Kaolack,Sorgho,228.0,2
2019-03-01,Kedougou,Kédougou,Maïs importé,250.0,1
2019-03-01,Kedougou,Kédougou,Maïs local,225.0,3
2019-03-01,Kedougou,Kédougou,Mil,250.0,1
2019-03-01,Kedougou,Kédougou,Riz importé (brisé),300.0,3
2019-03-01,Kolda,Kolda,Maïs local,200.0,2
2019-03-01,Kolda,Kolda,Mil,225.0,3
2019-03-01,Kolda,Kolda,Riz importé (brisé),300.0,3
2019-03-01,Kolda,Kolda,Riz local,300.0,1
2019-03-01,Kolda,Kolda,Sorgho,236.5,2
2019-03-01,Louga,Louga,Maïs importé,182.5,2
2019-03-01,Louga,Louga,Maïs local,204.0,2
2019-03-01,Louga,Louga,Mil,212.5,2
2019-03-01,Louga,Louga,Riz importé (brisé),300.0,2
2019-03-01,Louga,Louga,Riz local,300.0,2
2019-03-01,Matam,Matam,Maïs importé,250.0,2
2019-03-01,Matam,Matam,Maïs local,250.0,2
2019-03-01,Matam,Matam,Mil,250.0,3
2019-03-01,Matam,Matam,Riz importé (brisé),300.0,3
2019-03-01,Matam,Matam,Riz local,300.0,2
2019-03-01,Matam,Matam,Sorgho,300.0,3
2019-03-01,Saint Louis,Saint-Louis,Maïs importé,237.5,2
2019-03-01,Saint Louis,Saint-Louis,Maïs local,237.5,2
2019-03-01,Saint Louis,Saint-Louis,Mil,243.0,2
2019-03-01,Saint Louis,Saint-Louis,Riz importé (brisé),300.0,2
2019-03-01,Saint Louis,Saint-Louis,Riz local,281.5,2
2019-03-01,Saint Louis,Saint-Louis,Sorgho,250.0,1
2019-03-01,Sedhiou,Sédhiou,Maïs local,242.0,1
2019-03-01,Sedhiou,Sédhiou,Mil,212.0,1
2019-03-01,Sedhiou,Sédhiou,Riz importé (brisé),300.0,1
2019-03-01,Sedhiou,Sédhiou,Sorgho,300.0,1
2019-03-01,Tambacounda,Tambacounda,Maïs local,195.0,4
2019-03-01,Tambacounda,Tambacounda,Mil,195.0,4
2019-03-01,Tambacounda,Tambacounda,Riz importé (brisé),300.0,4
2019-03-01,Tambacounda,Tambacounda,Sorgho,225.0,1
2019-03-01,Thies,Thiès,Maïs importé,237.5,4
2019-03-01,Thies,Thiès,Maïs local,200.0,1
2019-03-01,Thies,Thiès,Mil,219.0,3
2019-03-01,Thies,Thiès,Riz importé (brisé),275.0,4
2019-03-01,Thies,Thiès,Riz local,270.0,3
2019-03-01,Thies,Thiès,Sorgho,250.0,3
2019-03-01,Ziguinchor,Ziguinchor,Maïs local,250.0,1
2019-03-01,Ziguinchor,Ziguinchor,Mil,250.0,2
2019-03-01,Ziguinchor,Ziguinchor,Riz importé (brisé),300.0,1
2019-03-01,Ziguinchor,Ziguinchor,Sorgho,300.0,1
2019-04-01,Dakar,Dakar,Maïs importé,225.0,2
2019-04-01,Dakar,Dakar,Maïs local,190.0,2
2019-04-01,Dakar,Dakar,Mil,238.0,3
2019-04-01,Dakar,Dakar,Riz importé (brisé),300.0,3
2019-04-01,Dakar,Dakar,Riz local,350.0,2
2019-04-01,Diourbel,Diourbel,Maïs importé,205.0,4
2019-04-01,Diourbel,Diourbel,Maïs local,200.0,3
2019-04-01,Diourbel,Diourbel,Mil,225.0,4
2019-04-01,Diourbel,Diourbel,Riz importé (brisé),275.0,4
2019-04-01,Diourbel,Diourbel,Riz local,255.0,4
2019-04-01,Diourbel,Diourbel,Sorgho,275.0,2
2019-04-01,Fatick,Fatick,Maïs importé,225.0,5
2019-04-01,Fatick,Fatick,Maïs local,210.0,5
2019-04-01,Fatick,Fatick,Mil,222.5,6
2019-04-01,Fatick,Fatick,Riz importé (brisé),300.0,6
2019-04-01,Fatick,Fatick,Riz local,250.0,1
2019-04-01,Fatick,Fatick,Sorgho,225.0,5
2019-04-01,Kaffrine,Kaffrine,Maïs local,175.0,4
2019-04-01,Kaffrine,Kaffrine,Mil,183.0,4
2019-04-01,Kaffrine,Kaffrine,Riz importé (brisé),300.0,3
2019-04-01,Kaolack,Kaolack,Maïs local,178.5,4
2019-04-01,Kaolack,Kaolack,Mil,184.5,4
2019-04-01,Kaolack,Kaolack,Riz importé (brisé),298.0,2
2019-04-01,Kaolack,Kaolack,Riz local,300.0,1
2019-04-01,Kaolack,Kaolack,Sorgho,226.0,1
2019-04-01,Kedougou,Kédougou,Maïs importé,225.0,1
2019-04-01,Kedougou,Kédougou,Maïs local,225.0,3
2019-04-01,Kedougou,Kédougou,Mil,250.0,1
2019-04-01,Kedougou,Kédougou,Riz importé (brisé),300.0,3
2019-04-01,Kolda,Kolda,Maïs importé,200.0,1
2019-04-01,Kolda,Kolda,Maïs local,219.0,3
2019-04-01,Kolda,Kolda,Mil,225.0,3
2019-04-01,Kolda,Kolda,Riz importé (brisé),300.0,3
2019-04-01,Kolda,Kolda,Riz local,300.0,1
2019-04-01,Kolda,Kolda,Sorgho,240.0,2
2019-04-01,Louga,Louga,Maïs importé,191.5,2
2019-04-01,Louga,Louga,Maïs local,210.0,2
2019-04-01,Louga,Louga,Mil,214.0,2
2019-04-01,Louga,Louga,Riz importé (brisé),300.0,2
2019-04-01,Louga,Louga,Riz local,299.0,2
2019-04-01,Matam,Matam,Maïs importé,238.0,3
2019-04-01,Matam,Matam,Maïs local,238.0,3
2019-04-01,Matam,Matam,Mil,236.5,4
2019-04-01,Matam,Matam,Riz importé (brisé),300.0,3
2019-04-01,Matam,Matam,Riz local,280.0,3
2019-04-01,Matam,Matam,Sorgho,300.0,4
2019-04-01,Saint Louis,Saint-Louis,Maïs importé,237.5,2
2019-04-01,Saint Louis,Saint-Louis,Maïs local,250.0,2
2019-04-01,Saint Louis,Saint-Louis,Mil,250.0,2
2019-04-01,Saint Louis,Saint-Louis,Riz importé (brisé),300.0,2
2019-04-01,Saint Louis,Saint-Louis,Riz local,295.0,2
2019-04-01,Saint Louis,Saint-Louis,Sorgho,250.0,1
2019-04-01,Sedhiou,Sédhiou,Maïs local,250.0,1
2019-04-01,Sedhiou,Sédhiou,Mil,250.0,1
2019-04-01,Sedhiou,Sédhiou,Riz importé (brisé),300.0,1
2019-04-01,Tambacounda,Tambacounda,Maïs local,187.5,4
2019-04-01,Tambacounda,Tambacounda,Mil,190.0,4
2019-04-01,Tambacounda,Tambacounda,Riz importé (brisé),300.0,4
2019-04-01,Tambacounda,Tambacounda,Sorgho,200.0,1
2019-04-01,Thies,Thiès,Maïs importé,237.5,4
2019-04-01,Thies,Thiès,Maïs local,200.0,1
2019-04-01,Thies,Thiès,Mil,214.0,4
2019-04-01,Thies,Thiès,Riz importé (brisé),275.0,4
2019-04-01,Thies,Thiès,Riz local,270.0,3
2019-04-01,Thies,Thiès,Sorgho,250.0,3
2019-04-01,Ziguinchor,Ziguinchor,Maïs local,281.5,2
2019-04-01,Ziguinchor,Ziguinchor,Mil,250.0,3
2019-04-01,Ziguinchor,Ziguinchor,Riz importé (brisé),300.0,2
2019-04-01,Ziguinchor,Ziguinchor,Sorgho,287.5,2
2019-05-01,Dakar,Dakar,Maïs importé,225.0,2
2019-05-01,Dakar,Dakar,Maïs local,182.5,2
2019-05-01,Dakar,Dakar,Mil,238.0,3
2019-05-01,Dakar,Dakar,Riz importé (brisé),300.0,3
2019-05-01,Dakar,Dakar,Riz local,350.0,1
2019-05-01,Diourbel,Diourbel,Maïs importé,200.0,4
2019-05-01,Diourbel,Diourbel,Maïs local,180.0,1
2019-05-01,Diourbel,Diourbel,Mil,210.0,4
2019-05-01,Diourbel,Diourbel,Riz importé (brisé),297.5,4
2019-05-01,Diourbel,Diourbel,Riz local,282.5,4
2019-05-01,Diourbel,Diourbel,Sorgho,262.5,2
2019-05-01,Fatick,Fatick,Maïs importé,231.5,2
2019-05-01,Fatick,Fatick,Maïs local,234.5,4
2019-05-01,Fatick,Fatick,Mil,224.0,4
2019-05-01,Fatick,Fatick,Riz importé (brisé),296.5,4
2019-05-01,Fatick,Fatick,Sorgho,305.0,3
2019-05-01,Kaffrine,Kaffrine,Maïs local,173.0,4
2019-05-01,Kaffrine,Kaffrine,Mil,188.0,4
2019-05-01,Kaffrine,Kaffrine,Riz importé (brisé),300.0,4
2019-05-01,Kaolack,Kaolack,Maïs local,169.5,4
2019-05-01,Kaolack,Kaolack,Mil,188.0,4
2019-05-01,Kaolack,Kaolack,Riz importé (brisé),285.0,3
2019-05-01,Kaolack,Kaolack,Riz local,320.0,1
2019-05-01,Kaolack,Kaolack,Sorgho,215.0,3
2019-05-01,Kedougou,Kédougou,Maïs importé,250.0,1
2019-05-01,Kedougou,Kédougou,Maïs local,225.0,2
2019-05-01,Kedougou,Kédougou,Mil,275.0,1
2019-05-01,Kedougou,Kédougou,Riz importé (brisé),290.0,2
2019-05-01,Kolda,Kolda,Maïs importé,200.0,2
2019-05-01,Kolda,Kolda,Maïs local,225.0,3
2019-05-01,Kolda,Kolda,Mil,225.0,3
2019-05-01,Kolda,Kolda,Riz importé (brisé),300.0,3
2019-05-01,Kolda,Kolda,Riz local,300.0,2
2019-05-01,Kolda,Kolda,Sorgho,250.0,3
2019-05-01,Louga,Louga,Maïs importé,197.5,2
2019-05-01,Louga,Louga,Maïs local,217.5,2
2019-05-01,Louga,Louga,Mil,223.0,2
2019-05-01,Louga,Louga,Riz importé (brisé),300.0,2
2019-05-01,Louga,Louga,Riz local,316.5,2
2019-05-01,Matam,Matam,Maïs importé,225.0,3
2019-05-01,Matam,Matam,Maïs local,225.0,3
2019-05-01,Matam,Matam,Mil,225.0,4
2019-05-01,Matam,Matam,Riz importé (brisé),300.0,3
2019-05-01,Matam,Matam,Riz local,260.0,3
2019-05-01,Matam,Matam,Sorgho,300.0,4
2019-05-01,Saint Louis,Saint-Louis,Maïs importé,237.5,2
2019-05-01,Saint Louis,Saint-Louis,Maïs local,250.0,2
2019-05-01,Saint Louis,Saint-Louis,Mil,250.0,2
2019-05-01,Saint Louis,Saint-Louis,Riz importé (brisé),300.0,2
2019-05-01,Saint Louis,Saint-Louis,Riz local,287.5,2
2019-05-01,Saint Louis,Saint-Louis,Sorgho,300.0,1
2019-05-01,Sedhiou,Sédhiou,Maïs local,250.0,1
2019-05-01,Sedhiou,Sédhiou,Mil,250.0,1
2019-05-01,Sedhiou,Sédhiou,Riz importé (brisé),300.0,1
2019-05-01,Sedhiou,Sédhiou,Sorgho,350.0,1
2019-05-01,Tambacounda,Tambacounda,Maïs local,195.0,4
2019-05-01,Tambacounda,Tambacounda,Mil,190.0,4
2019-05-01,Tambacounda,Tambacounda,Riz importé (brisé),300.0,4
2019-05-01,Thies,Thiès,Maïs importé,237.5,4
2019-05-01,Thies,Thiès,Maïs local,200.0,1
2019-05-01,Thies,Thiès,Mil,217.5,4
2019-05-01,Thies,Thiès,Riz importé (brisé),275.0,4
2019-05-01,Thies,Thiès,Riz local,265.0,4
2019-05-01,Thies,Thiès,Sorgho,250.0,3
2019-05-01,Ziguinchor,Ziguinchor,Maïs local,225.0,2
2019-05-01,Ziguinchor,Ziguinchor,Mil,225.0,3
2019-05-01,Ziguinchor,Ziguinchor,Riz importé (brisé),300.0,2
2019-05-01,Ziguinchor,Ziguinchor,Sorgho,275.0,2
2019-06-01,Dakar,Dakar,Maïs importé,212.5,2
2019-06-01,Dakar,Dakar,Maïs local,250.0,1
2019-06-01,Dakar,Dakar,Mil,237.5,2
2019-06-01,Dakar,Dakar,Riz importé (brisé),300.0,2
2019-06-01,Dakar,Dakar,Riz local,350.0,2
2019-06-01,Dakar,Dakar,Sorgho,200.0,1
2019-06-01,Diourbel,Diourbel,Maïs importé,190.0,3
2019-06-01,Diourbel,Diourbel,Maïs local,175.0,1
2019-06-01,Diourbel,Diourbel,Mil,220.0,3
2019-06-01,Diourbel,Diourbel,Riz importé (brisé),300.0,3
2019-06-01,Diourbel,Diourbel,Riz local,260.0,3
2019-06-01,Diourbel,Diourbel,Sorgho,300.0,3
2019-06-01,Fatick,Fatick,Maïs importé,220.0,3
2019-06-01,Fatick,Fatick,Maïs local,237.5,4
2019-06-01,Fatick,Fatick,Mil,225.0,4
2019-06-01,Fatick,Fatick,Riz importé (brisé),300.0,4
2019-06-01,Fatick,Fatick,Sorgho,275.0,4
2019-06-01,Kaffrine,Kaffrine,Maïs local,170.0,1
2019-06-01,Kaffrine,Kaffrine,Mil,195.0,1
2019-06-01,Kaffrine,Kaffrine,Riz importé (brisé),300.0,1
2019-06-01,Kaolack,Kaolack,Maïs importé,175.0,1
2019-06-01,Kaolack,Kaolack,Maïs local,180.5,4
2019-06-01,Kaolack,Kaolack,Mil,190.5,4
2019-06-01,Kaolack,Kaolack,Riz importé (brisé),300.0,3
2019-06-01,Kaolack,Kaolack,Riz local,350.0,1
2019-06-01,Kaolack,Kaolack,Sorgho,255.0,2
2019-06-01,Kedougou,Kédougou,Maïs local,225.0,1
2019-06-01,Kedougou,Kédougou,Mil,220.0,1
2019-06-01,Kedougou,Kédougou,Riz importé (brisé),280.0,1
2019-06-01,Kolda,Kolda,Maïs importé,200.0,2
2019-06-01,Kolda,Kolda,Maïs local,225.0,2
2019-06-01,Kolda,Kolda,Mil,225.0,2
2019-06-01,Kolda,Kolda,Riz importé (brisé),300.0,2
2019-06-01,Kolda,Kolda,Riz local,300.0,1
2019-06-01,Kolda,Kolda,Sorgho,250.0,2
2019-06-01,Louga,Louga,Maïs importé,206.5,2
2019-06-01,Louga,Louga,Maïs local,217.5,2
2019-06-01,Louga,Louga,Mil,230.0,2
2019-06-01,Louga,Louga,Riz importé (brisé),300.0,2
2019-06-01,Louga,Louga,Riz local,312.5,2
2019-06-01,Matam,Matam,Maïs importé,250.0,3
2019-06-01,Matam,Matam,Maïs local,300.0,3
2019-06-01,Matam,Matam,Mil,250.0,3
2019-06-01,Matam,Matam,Riz importé (brisé),300.0,3
2019-06-01,Matam,Matam,Riz local,300.0,3
2019-06-01,Matam,Matam,Sorgho,350.0,3
2019-06-01,Saint Louis,Saint-Louis,Maïs importé,225.0,2
2019-06-01,Saint Louis,Saint-Louis,Maïs local,250.0,2
2019-06-01,Saint Louis,Saint-Louis,Mil,257.5,2
2019-06-01,Saint Louis,Saint-Louis,Riz importé (brisé),300.0,2
2019-06-01,Saint Louis,Saint-Louis,Riz local,287.5,2
2019-06-01,Sedhiou,Sédhiou,Maïs local,250.0,1
2019-06-01,Sedhiou,Sédhiou,Mil,250.0,1
2019-06-01,Sedhiou,Sédhiou,Riz importé (brisé),300.0,1
2019-06-01,Sedhiou,Sédhiou,Sorgho,400.0,1
2019-06-01,Tambacounda,Tambacounda,Maïs local,190.5,4
2019-06-01,Tambacounda,Tambacounda,Mil,189.5,4
2019-06-01,Tambacounda,Tambacounda,Riz importé (brisé),300.0,4
2019-06-01,Thies,Thiès,Maïs importé,237.5,4
2019-06-01,Thies,Thiès,Maïs local,207.0,1
2019-06-01,Thies,Thiès,Mil,232.0,4
2019-06-01,Thies,Thiès,Riz importé (brisé),275.0,4
2019-06-01,Thies,Thiès,Riz local,270.0,3
2019-06-01,Thies,Thiès,Sorgho,250.0,3
2019-06-01,Ziguinchor,Ziguinchor,Maïs local,250.0,1
2019-06-01,Ziguinchor,Ziguinchor,Mil,250.0,1
2019-06-01,Ziguinchor,Ziguinchor,Riz importé (brisé),300.0,1
2019-06-01,Ziguinchor,Ziguinchor,Sorgho,300.0,1
2019-07-01,Dakar,Dakar,Maïs importé,216.0,2
2019-07-01,Dakar,Dakar,Maïs local,244.0,1
2019-07-01,Dakar,Dakar,Mil,236.0,2
2019-07-01,Dakar,Dakar,Riz importé (brisé),300.0,3
2019-07-01,Dakar,Dakar,Riz local,350.0,2
2019-07-01,Dakar,Dakar,Sorgho,208.0,3
2019-07-01,Diourbel,Diourbel,Maïs importé,225.0,3
2019-07-01,Diourbel,Diourbel,Mil,220.0,1
2019-07-01,Diourbel,Diourbel,Riz importé (brisé),300.0,3
2019-07-01,Diourbel,Diourbel,Riz local,275.0,3
2019-07-01,Diourbel,Diourbel,Sorgho,275.0,2
2019-07-01,Fatick,Fatick,Maïs importé,220.0,3
2019-07-01,Fatick,Fatick,Maïs local,225.0,6
2019-07-01,Fatick,Fatick,Mil,222.5,6
2019-07-01,Fatick,Fatick,Riz importé (brisé),300.0,6
2019-07-01,Fatick,Fatick,Riz local,275.0,1
2019-07-01,Fatick,Fatick,Sorgho,250.0,5
2019-07-01,Kaffrine,Kaffrine,Maïs local,175.0,4
2019-07-01,Kaffrine,Kaffrine,Mil,190.0,3
2019-07-01,Kaffrine,Kaffrine,Riz importé (brisé),300.0,4
2019-07-01,Kaolack,Kaolack,Maïs importé,160.0,1
2019-07-01,Kaolack,Kaolack,Maïs local,178.5,4
2019-07-01,Kaolack,Kaolack,Mil,192.0,4
2019-07-01,Kaolack,Kaolack,Riz importé (brisé),298.0,4
2019-07-01,Kaolack,Kaolack,Riz local,350.0,1
2019-07-01,Kaolack,Kaolack,Sorgho,233.5,2
2019-07-01,Kedougou,Kédougou,Maïs local,225.0,3
2019-07-01,Kedougou,Kédougou,Mil,217.0,2
2019-07-01,Kedougou,Kédougou,Riz importé (brisé),295.0,3
2019-07-01,Kolda,Kolda,Maïs importé,200.0,1
2019-07-01,Kolda,Kolda,Maïs local,212.5,2
2019-07-01,Kolda,Kolda,Mil,237.5,2
2019-07-01,Kolda,Kolda,Riz importé (brisé),300.0,2
2019-07-01,Kolda,Kolda,Riz local,300.0,2
2019-07-01,Kolda,Kolda,Sorgho,240.0,2
2019-07-01,Louga,Louga,Maïs importé,209.0,2
2019-07-01,Louga,Louga,Maïs local,216.0,2
2019-07-01,Louga,Louga,Mil,236.5,2
2019-07-01,Louga,Louga,Riz importé (brisé),300.0,2
2019-07-01,Louga,Louga,Riz local,310.0,2
2019-07-01,Matam,Matam,Maïs importé,250.0,3
2019-07-01,Matam,Matam,Maïs local,300.0,3
2019-07-01,Matam,Matam,Mil,250.0,4
2019-07-01,Matam,Matam,Riz importé (brisé),300.0,3
2019-07-01,Matam,Matam,Riz local,300.0,3
2019-07-01,Matam,Matam,Sorgho,350.0,4
2019-07-01,Saint Louis,Saint-Louis,Maïs importé,225.0,2
2019-07-01,Saint Louis,Saint-Louis,Maïs local,237.5,2
2019-07-01,Saint Louis,Saint-Louis,Mil,261.5,2
2019-07-01,Saint Louis,Saint-Louis,Riz importé (brisé),300.0,2
2019-07-01,Saint Louis,Saint-Louis,Riz local,287.5,2
2019-07-01,Tambacounda,Tambacounda,Maïs local,185.0,3
2019-07-01,Tambacounda,Tambacounda,Mil,193.5,4
2019-07-01,Tambacounda,Tambacounda,Riz importé (brisé),300.0,4
2019-07-01,Tambacounda,Tambacounda,Sorgho,225.0,3
2019-07-01,Thies,Thiès,Maïs importé,228.0,4
2019-07-01,Thies,Thiès,Maïs local,225.0,1
2019-07-01,Thies,Thiès,Mil,234.0,4
2019-07-01,Thies,Thiès,Riz importé (brisé),275.0,4
2019-07-01,Thies,Thiès,Riz local,265.0,4
2019-07-01,Thies,Thiès,Sorgho,269.0,3
2019-07-01,Ziguinchor,Ziguinchor,Maïs local,250.0,1
2019-07-01,Ziguinchor,Ziguinchor,Mil,250.0,2
2019-07-01,Ziguinchor,Ziguinchor,Riz importé (brisé),300.0,1
2019-07-01,Ziguinchor,Ziguinchor,Sorgho,300.0,1
2019-08-01,Dakar,Dakar,Maïs importé,212.5,2
2019-08-01,Dakar,Dakar,Maïs local,237.5,2
2019-08-01,Dakar,Dakar,Mil,250.0,2
2019-08-01,Dakar,Dakar,Riz importé (brisé),300.0,3
2019-08-01,Dakar,Dakar,Riz local,350.0,1
2019-08-01,Dakar,Dakar,Sorgho,212.5,2
2019-08-01,Diourbel,Diourbel,Maïs importé,200.0,2
2019-08-01,Diourbel,Diourbel,Maïs local,185.0,1
2019-08-01,Diourbel,Diourbel,Mil,235.0,2
2019-08-01,Diourbel,Diourbel,Riz importé (brisé),287.5,2
2019-08-01,Diourbel,Diourbel,Riz local,287.5,2
2019-08-01,Fatick,Fatick,Maïs importé,250.0,3
2019-08-01,Fatick,Fatick,Maïs local,225.0,5
2019-08-01,Fatick,Fatick,Mil,225.0,5
2019-08-01,Fatick,Fatick,Riz importé (brisé),300.0,4
2019-08-01,Fatick,Fatick,Sorgho,250.0,4
2019-08-01,Kaffrine,Kaffrine,Maïs local,173.0,4
2019-08-01,Kaffrine,Kaffrine,Mil,205.0,3
2019-08-01,Kaffrine,Kaffrine,Riz importé (brisé),300.0,4
2019-08-01,Kaolack,Kaolack,Maïs local,187.0,4
2019-08-01,Kaolack,Kaolack,Mil,224.0,4
2019-08-01,Kaolack,Kaolack,Riz importé (brisé),300.0,3
2019-08-01,Kaolack,Kaolack,Riz local,338.0,1
2019-08-01,Kaolack,Kaolack,Sorgho,212.5,2
2019-08-01,Kedougou,Kédougou,Maïs local,225.0,3
2019-08-01,Kedougou,Kédougou,Mil,250.0,3
2019-08-01,Kedougou,Kédougou,Riz importé (brisé),325.0,3
2019-08-01,Kolda,Kolda,Maïs importé,215.0,2
2019-08-01,Kolda,Kolda,Maïs local,225.0,3
2019-08-01,Kolda,Kolda,Mil,242.0,3
2019-08-01,Kolda,Kolda,Riz importé (brisé),300.0,3
2019-08-01,Kolda,Kolda,Riz local,303.5,2
2019-08-01,Kolda,Kolda,Sorgho,240.0,2
2019-08-01,Louga,Louga,Maïs importé,210.0,2
2019-08-01,Louga,Louga,Maïs local,218.0,2
2019-08-01,Louga,Louga,Mil,266.0,2
2019-08-01,Louga,Louga,Riz importé (brisé),300.0,2
2019-08-01,Louga,Louga,Riz local,312.5,2
2019-08-01,Matam,Matam,Maïs importé,255.0,3
2019-08-01,Matam,Matam,Maïs local,305.0,3
2019-08-01,Matam,Matam,Mil,255.0,4
2019-08-01,Matam,Matam,Riz importé (brisé),300.0,4
2019-08-01,Matam,Matam,Riz local,300.0,3
2019-08-01,Matam,Matam,Sorgho,355.0,4
2019-08-01,Saint Louis,Saint-Louis,Maïs importé,225.0,2
2019-08-01,Saint Louis,Saint-Louis,Maïs local,237.5,2
2019-08-01,Saint Louis,Saint-Louis,Mil,292.0,2
2019-08-01,Saint Louis,Saint-Louis,Riz importé (brisé),300.0,2
2019-08-01,Saint Louis,Saint-Louis,Riz local,287.5,2
2019-08-01,Sedhiou,Sédhiou,Maïs local,250.0,1
2019-08-01,Sedhiou,Sédhiou,Mil,267.0,1
2019-08-01,Sedhiou,Sédhiou,Riz importé (brisé),300.0,1
2019-08-01,Sedhiou,Sédhiou,Sorgho,350.0,1
2019-08-01,Tambacounda,Tambacounda,Maïs local,199.5,4
2019-08-01,Tambacounda,Tambacounda,Mil,230.0,4
2019-08-01,Tambacounda,Tambacounda,Riz importé (brisé),300.0,3
2019-08-01,Tambacounda,Tambacounda,Sorgho,250.0,1
2019-08-01,Thies,Thiès,Maïs importé,225.0,4
2019-08-01,Thies,Thiès,Maïs local,225.0,1
2019-08-01,Thies,Thiès,Mil,258.0,4
2019-08-01,Thies,Thiès,Riz importé (brisé),275.0,4
2019-08-01,Thies,Thiès,Riz local,265.0,4
2019-08-01,Thies,Thiès,Sorgho,275.0,3
2019-08-01,Ziguinchor,Ziguinchor,Maïs local,250.0,2
2019-08-01,Ziguinchor,Ziguinchor,Mil,250.0,3
2019-08-01,Ziguinchor,Ziguinchor,Riz importé (brisé),300.0,3
2019-08-01,Ziguinchor,Ziguinchor,Sorgho,300.0,2
2019-09-01,Dakar,Dakar,Maïs importé,237.5,2
2019-09-01,Dakar,Dakar,Maïs local,200.0,1
2019-09-01,Dakar,Dakar,Mil,283.0,3
2019-09-01,Dakar,Dakar,Riz importé (brisé),300.0,3
2019-09-01,Dakar,Dakar,Riz local,350.0,2
2019-09-01,Dakar,Dakar,Sorgho,225.0,2
2019-09-01,Diourbel,Diourbel,Maïs importé,237.5,4
2019-09-01,Diourbel,Diourbel,Mil,262.5,4
2019-09-01,Diourbel,Diourbel,Riz importé (brisé),300.0,4
2019-09-01,Diourbel,Diourbel,Riz local,300.0,3
2019-09-01,Diourbel,Diourbel,Sorgho,300.0,4
2019-09-01,Fatick,Fatick,Maïs importé,250.0,4
2019-09-01,Fatick,Fatick,Maïs local,225.0,6
2019-09-01,Fatick,Fatick,Mil,225.0,6
2019-09-01,Fatick,Fatick,Riz importé (brisé),300.0,4
2019-09-01,Fatick,Fatick,Sorgho,250.0,4
2019-09-01,Kaffrine,Kaffrine,Maïs local,222.0,4
2019-09-01,Kaffrine,Kaffrine,Mil,250.0,3
2019-09-01,Kaffrine,Kaffrine,Riz importé (brisé),300.0,4
2019-09-01,Kaolack,Kaolack,Maïs local,186.5,4
2019-09-01,Kaolack,Kaolack,Mil,207.0,4
2019-09-01,Kaolack,Kaolack,Riz importé (brisé),300.0,4
2019-09-01,Kaolack,Kaolack,Riz local,350.0,1
2019-09-01,Kaolack,Kaolack,Sorgho,225.0,1
2019-09-01,Kolda,Kolda,Maïs importé,225.0,3
2019-09-01,Kolda,Kolda,Maïs local,225.0,3
2019-09-01,Kolda,Kolda,Mil,250.0,3
2019-09-01,Kolda,Kolda,Riz importé (brisé),300.0,3
2019-09-01,Kolda,Kolda,Riz local,310.0,2
2019-09-01,Kolda,Kolda,Sorgho,240.0,2
2019-09-01,Louga,Louga,Maïs importé,215.0,2
2019-09-01,Louga,Louga,Maïs local,220.0,2
2019-09-01,Louga,Louga,Mil,291.5,2
2019-09-01,Louga,Louga,Riz importé (brisé),300.0,2
2019-09-01,Louga,Louga,Riz local,342.5,2
2019-09-01,Matam,Matam,Maïs importé,250.0,3
2019-09-01,Matam,Matam,Mil,266.0,4
2019-09-01,Matam,Matam,Riz importé (brisé),300.0,4
2019-09-01,Matam,Matam,Riz local,300.0,3
2019-09-01,Matam,Matam,Sorgho,300.0,2
2019-09-01,Saint Louis,Saint-Louis,Maïs importé,225.0,2
2019-09-01,Saint Louis,Saint-Louis,Maïs local,237.5,2
2019-09-01,Saint Louis,Saint-Louis,Mil,287.5,2
2019-09-01,Saint Louis,Saint-Louis,Riz importé (brisé),300.0,2
2019-09-01,Saint Louis,Saint-Louis,Riz local,287.5,2
2019-09-01,Sedhiou,Sédhiou,Maïs local,250.0,1
2019-09-01,Sedhiou,Sédhiou,Mil,300.0,1
2019-09-01,Sedhiou,Sédhiou,Riz importé (brisé),300.0,1
2019-09-01,Sedhiou,Sédhiou,Riz local,350.0,1
2019-09-01,Sedhiou,Sédhiou,Sorgho,300.0,1
2019-09-01,Tambacounda,Tambacounda,Maïs local,187.5,4
2019-09-01,Tambacounda,Tambacounda,Mil,231.5,4
2019-09-01,Tambacounda,Tambacounda,Riz importé (brisé),300.0,4
2019-09-01,Tambacounda,Tambacounda,Sorgho,225.0,1
2019-09-01,Thies,Thiès,Maïs importé,225.0,4
2019-09-01,Thies,Thiès,Maïs local,225.0,1
2019-09-01,Thies,Thiès,Mil,300.0,4
2019-09-01,Thies,Thiès,Riz importé (brisé),275.0,4
2019-09-01,Thies,Thiès,Riz local,265.0,4
2019-09-01,Thies,Thiès,Sorgho,275.0,3
2019-09-01,Ziguinchor,Ziguinchor,Maïs local,250.0,1
2019-09-01,Ziguinchor,Ziguinchor,Mil,263.0,2
2019-09-01,Ziguinchor,Ziguinchor,Riz importé (brisé),375.0,2
2019-09-01,Ziguinchor,Ziguinchor,Sorgho,300.0,1
2019-10-01,Dakar,Dakar,Maïs local,237.5,2
2019-10-01,Dakar,Dakar,Mil,263.0,3
2019-10-01,Dakar,Dakar,Riz importé (brisé),300.0,3
2019-10-01,Dakar,Dakar,Riz local,350.0,2
2019-10-01,Dakar,Dakar,Sorgho,207.5,2
2019-10-01,Diourbel,Diourbel,Maïs importé,225.0,3
2019-10-01,Diourbel,Diourbel,Mil,275.0,3
2019-10-01,Diourbel,Diourbel,Riz importé (brisé),300.0,3
2019-10-01,Diourbel,Diourbel,Riz local,300.0,3
2019-10-01,Diourbel,Diourbel,Sorgho,300.0,3
2019-10-01,Fatick,Fatick,Maïs importé,250.0,5
2019-10-01,Fatick,Fatick,Maïs local,225.0,6
2019-10-01,Fatick,Fatick,Mil,225.0,6
2019-10-01,Fatick,Fatick,Riz importé (brisé),300.0,4
2019-10-01,Fatick,Fatick,Sorgho,250.0,4
2019-10-01,Kaffrine,Kaffrine,Maïs local,200.0,4
2019-10-01,Kaffrine,Kaffrine,Mil,200.0,3
2019-10-01,Kaffrine,Kaffrine,Riz importé (brisé),300.0,4
2019-10-01,Kaolack,Kaolack,Maïs importé,177.08499999999998,2
2019-10-01,Kaolack,Kaolack,Maïs local,186.25,4
2019-10-01,Kaolack,Kaolack,Mil,201.67,3
2019-10-01,Kaolack,Kaolack,Riz importé (brisé),300.0,4
2019-10-01,Kaolack,Kaolack,Riz local,337.5,1
2019-10-01,Kedougou,Kédougou,Maïs local,212.5,2
2019-10-01,Kedougou,Kédougou,Mil,216.875,2
2019-10-01,Kedougou,Kédougou,Riz importé (brisé),290.0,2
2019-10-01,Kolda,Kolda,Maïs importé,200.0,1
2019-10-01,Kolda,Kolda,Maïs local,206.25,2
2019-10-01,Kolda,Kolda,Mil,237.5,2
2019-10-01,Kolda,Kolda,Riz importé (brisé),300.0,2
2019-10-01,Kolda,Kolda,Riz local,300.0,1
2019-10-01,Kolda,Kolda,Sorgho,225.0,2
2019-10-01,Louga,Louga,Maïs importé,190.0,2
2019-10-01,Louga,Louga,Maïs local,210.0,2
2019-10-01,Louga,Louga,Mil,275.0,2
2019-10-01,Louga,Louga,Riz importé (brisé),300.0,2
2019-10-01,Louga,Louga,Riz local,312.5,2
2019-10-01,Matam,Matam,Maïs importé,250.0,3
2019-10-01,Matam,Matam,Maïs local,300.0,2
2019-10-01,Matam,Matam,Mil,250.0,4
2019-10-01,Matam,Matam,Riz importé (brisé),300.0,3
2019-10-01,Matam,Matam,Riz local,300.0,3
2019-10-01,Matam,Matam,Sorgho,300.0,3
2019-10-01,Saint Louis,Saint-Louis,Maïs importé,225.0,1
2019-10-01,Saint Louis,Saint-Louis,Mil,290.5,2
2019-10-01,Saint Louis,Saint-Louis,Riz importé (brisé),350.0,2
2019-10-01,Saint Louis,Saint-Louis,Riz local,275.0,1
2019-10-01,Sedhiou,Sédhiou,Maïs local,250.0,1
2019-10-01,Sedhiou,Sédhiou,Mil,300.0,1
2019-10-01,Sedhiou,Sédhiou,Riz importé (brisé),300.0,1
2019-10-01,Sedhiou,Sédhiou,Riz local,350.0,1
2019-10-01,Sedhiou,Sédhiou,Sorgho,300.0,1
2019-10-01,Tambacounda,Tambacounda,Maïs local,187.5,4
2019-10-01,Tambacounda,Tambacounda,Mil,187.5,4
2019-10-01,Tambacounda,Tambacounda,Riz importé (brisé),300.0,4
2019-10-01,Tambacounda,Tambacounda,Sorgho,225.0,1
2019-10-01,Thies,Thiès,Maïs importé,229.16500000000002,4
2019-10-01,Thies,Thiès,Maïs local,250.0,4
2019-10-01,Thies,Thiès,Mil,296.875,4
2019-10-01,Thies,Thiès,Riz importé (brisé),275.0,4
2019-10-01,Thies,Thiès,Riz local,265.0,4
2019-10-01,Thies,Thiès,Sorgho,275.0,3
2019-10-01,Ziguinchor,Ziguinchor,Maïs local,250.0,1
2019-10-01,Ziguinchor,Ziguinchor,Mil,263.0,3
2019-10-01,Ziguinchor,Ziguinchor,Riz importé (brisé),300.0,3
2019-10-01,Ziguinchor,Ziguinchor,Riz local,400.0,1
2019-10-01,Ziguinchor,Ziguinchor,Sorgho,300.0,1
2019-11-01,Dakar,Dakar,Mil,275.0,1
2019-11-01,Dakar,Dakar,Riz importé (brisé),350.0,1
2019-11-01,Dakar,Dakar,Sorgho,220.0,1
2019-11-01,Diourbel,Diourbel,Maïs importé,207.5,4
2019-11-01,Diourbel,Diourbel,Maïs local,190.0,1
2019-11-01,Diourbel,Diourbel,Mil,227.5,4
2019-11-01,Diourbel,Diourbel,Riz importé (brisé),287.5,4
2019-11-01,Diourbel,Diourbel,Riz local,270.0,4
2019-11-01,Diourbel,Diourbel,Sorgho,225.0,3
2019-11-01,Fatick,Fatick,Maïs importé,250.0,4
2019-11-01,Fatick,Fatick,Maïs local,225.0,4
2019-11-01,Fatick,Fatick,Mil,225.0,5
2019-11-01,Fatick,Fatick,Riz importé (brisé),300.0,3
2019-11-01,Fatick,Fatick,Sorgho,275.0,4
2019-11-01,Kaffrine,Kaffrine,Maïs local,200.0,4
2019-11-01,Kaffrine,Kaffrine,Mil,192.5,3
2019-11-01,Kaffrine,Kaffrine,Riz importé (brisé),300.0,4
2019-11-01,Kaolack,Kaolack,Maïs importé,188.33,1
2019-11-01,Kaolack,Kaolack,Maïs local,196.66500000000002,2
2019-11-01,Kaolack,Kaolack,Mil,212.5,4
2019-11-01,Kaolack,Kaolack,Riz importé (brisé),300.0,3
2019-11-01,Kaolack,Kaolack,Riz local,350.0,1
2019-11-01,Kaolack,Kaolack,Sorgho,225.0,1
2019-11-01,Kedougou,Kédougou,Maïs local,175.0,2
2019-11-01,Kedougou,Kédougou,Mil,310.0,1
2019-11-01,Kedougou,Kédougou,Riz importé (brisé),325.0,2
2019-11-01,Kolda,Kolda,Maïs local,200.0,3
2019-11-01,Kolda,Kolda,Mil,241.67,3
2019-11-01,Kolda,Kolda,Riz importé (brisé),300.0,3
2019-11-01,Kolda,Kolda,Sorgho,219.16500000000002,2
2019-11-01,Louga,Louga,Maïs importé,190.0,2
2019-11-01,Louga,Louga,Maïs local,220.0,2
2019-11-01,Louga,Louga,Mil,260.0,2
2019-11-01,Louga,Louga,Riz importé (brisé),300.0,2
2019-11-01,Louga,Louga,Riz local,312.5,2
2019-11-01,Matam,Matam,Maïs importé,300.0,2
2019-11-01,Matam,Matam,Mil,275.0,3
2019-11-01,Matam,Matam,Riz importé (brisé),300.0,3
2019-11-01,Matam,Matam,Riz local,305.0,2
2019-11-01,Saint Louis,Saint-Louis,Maïs importé,225.0,2
2019-11-01,Saint Louis,Saint-Louis,Maïs local,237.5,2
2019-11-01,Saint Louis,Saint-Louis,Mil,270.625,2
2019-11-01,Saint Louis,Saint-Louis,Riz importé (brisé),300.0,2
2019-11-01,Saint Louis,Saint-Louis,Riz local,275.0,2
2019-11-01,Sedhiou,Sédhiou,Maïs local,250.0,1
2019-11-01,Sedhiou,Sédhiou,Mil,250.0,1
2019-11-01,Sedhiou,Sédhiou,Riz importé (brisé),300.0,1
2019-11-01,Sedhiou,Sédhiou,Sorgho,300.0,1
2019-11-01,Tambacounda,Tambacounda,Maïs local,162.5,4
2019-11-01,Tambacounda,Tambacounda,Mil,187.5,4
2019-11-01,Tambacounda,Tambacounda,Riz importé (brisé),300.0,4
2019-11-01,Tambacounda,Tambacounda,Sorgho,187.5,4
2019-11-01,Thies,Thiès,Mil,260.0,1
2019-11-01,Thies,Thiès,Riz importé (brisé),400.0,1
2019-11-01,Ziguinchor,Ziguinchor,Maïs local,250.0,1
2019-11-01,Ziguinchor,Ziguinchor,Mil,275.0,2
2019-11-01,Ziguinchor,Ziguinchor,Riz importé (brisé),350.0,2
2019-11-01,Ziguinchor,Ziguinchor,Riz local,400.0,1
2019-11-01,Ziguinchor,Ziguinchor,Sorgho,300.0,1
2019-12-01,Dakar,Dakar,Maïs importé,192.5,2
2019-12-01,Dakar,Dakar,Maïs local,218.75,2
2019-12-01,Dakar,Dakar,Mil,250.0,3
2019-12-01,Dakar,Dakar,Riz importé (brisé),300.0,3
2019-12-01,Dakar,Dakar,Riz local,300.0,2
2019-12-01,Dakar,Dakar,Sorgho,192.5,2
2019-12-01,Diourbel,Diourbel,Maïs importé,202.5,4
2019-12-01,Diourbel,Diourbel,Maïs local,177.5,2
2019-12-01,Diourbel,Diourbel,Mil,237.5,4
2019-12-01,Diourbel,Diourbel,Riz importé (brisé),300.0,4
2019-12-01,Diourbel,Diourbel,Riz local,275.0,4
2019-12-01,Diourbel,Diourbel,Sorgho,250.0,2
2019-12-01,Fatick,Fatick,Maïs importé,225.0,5
2019-12-01,Fatick,Fatick,Maïs local,225.0,4
2019-12-01,Fatick,Fatick,Mil,245.0,6
2019-12-01,Fatick,Fatick,Riz importé (brisé),300.0,6
2019-12-01,Fatick,Fatick,Sorgho,250.0,5
2019-12-01,Kaffrine,Kaffrine,Maïs local,190.0,3
2019-12-01,Kaffrine,Kaffrine,Mil,205.0,3
2019-12-01,Kaffrine,Kaffrine,Riz importé (brisé),300.0,4
2019-12-01,Kaolack,Kaolack,Maïs importé,178.75,1
2019-12-01,Kaolack,Kaolack,Maïs local,198.0,4
2019-12-01,Kaolack,Kaolack,Mil,222.5,3
2019-12-01,Kaolack,Kaolack,Riz importé (brisé),300.0,4
2019-12-01,Kaolack,Kaolack,Riz local,300.0,1
2019-12-01,Kaolack,Kaolack,Sorgho,200.0,3
2019-12-01,Kedougou,Kédougou,Maïs local,250.0,3
2019-12-01,Kedougou,Kédougou,Mil,325.0,3
2019-12-01,Kedougou,Kédougou,Riz importé (brisé),317.5,2
2019-12-01,Kolda,Kolda,Maïs local,200.0,3
2019-12-01,Kolda,Kolda,Mil,217.5,2
2019-12-01,Kolda,Kolda,Riz importé (brisé),300.0,3
2019-12-01,Kolda,Kolda,Riz local,320.0,1
2019-12-01,Kolda,Kolda,Sorgho,237.5,2
2019-12-01,Louga,Louga,Maïs importé,181.25,2
2019-12-01,Louga,Louga,Maïs local,208.75,2
2019-12-01,Louga,Louga,Mil,268.75,2
2019-12-01,Louga,Louga,Riz importé (brisé),300.0,2
2019-12-01,Louga,Louga,Riz local,265.625,2
2019-12-01,Matam,Matam,Maïs importé,250.0,3
2019-12-01,Matam,Matam,Mil,281.25,4
2019-12-01,Matam,Matam,Riz importé (brisé),320.83500000000004,4
2019-12-01,Matam,Matam,Riz local,300.0,3
2019-12-01,Matam,Matam,Sorgho,300.0,3
2019-12-01,Saint Louis,Saint-Louis,Maïs importé,225.0,2
2019-12-01,Saint Louis,Saint-Louis,Maïs local,237.5,2
2019-12-01,Saint Louis,Saint-Louis,Mil,306.25,2
2019-12-01,Saint Louis,Saint-Louis,Riz importé (brisé),300.0,2
2019-12-01,Saint Louis,Saint-Louis,Riz local,275.0,2
2019-12-01,Sedhiou,Sédhiou,Maïs local,250.0,1
2019-12-01,Sedhiou,Sédhiou,Mil,275.0,1
2019-12-01,Sedhiou,Sédhiou,Riz importé (brisé),312.5,1
2019-12-01,Sedhiou,Sédhiou,Sorgho,275.0,1
2019-12-01,Tambacounda,Tambacounda,Maïs local,181.25,4
2019-12-01,Tambacounda,Tambacounda,Mil,193.75,4
2019-12-01,Tambacounda,Tambacounda,Riz importé (brisé),312.5,4
2019-12-01,Tambacounda,Tambacounda,Sorgho,187.5,4
2019-12-01,Thies,Thiès,Maïs importé,225.0,4
2019-12-01,Thies,Thiès,Maïs local,225.0,3
2019-12-01,Thies,Thiès,Mil,242.5,4
2019-12-01,Thies,Thiès,Riz importé (brisé),275.0,4
2019-12-01,Thies,Thiès,Riz local,265.0,4
2019-12-01,Thies,Thiès,Sorgho,250.0,3
2019-12-01,Ziguinchor,Ziguinchor,Maïs local,275.0,2
2019-12-01,Ziguinchor,Ziguinchor,Mil,275.0,3
2019-12-01,Ziguinchor,Ziguinchor,Riz importé (brisé),325.0,3
2019-12-01,Ziguinchor,Ziguinchor,Riz local,400.0,1
2019-12-01,Ziguinchor,Ziguinchor,Sorgho,275.0,2
2020-01-01,Dakar,Dakar,Maïs importé,185.0,2
2020-01-01,Dakar,Dakar,Maïs local,185.0,2
2020-01-01,Dakar,Dakar,Mil,275.0,3
2020-01-01,Dakar,Dakar,Riz importé (brisé),300.0,3
2020-01-01,Dakar,Dakar,Riz local,300.0,2
2020-01-01,Dakar,Dakar,Sorgho,190.0,3
2020-01-01,Diourbel,Diourbel,Maïs importé,212.5,4
2020-01-01,Diourbel,Diourbel,Maïs local,200.0,1
2020-01-01,Diourbel,Diourbel,Mil,242.5,4
2020-01-01,Diourbel,Diourbel,Riz importé (brisé),300.0,4
2020-01-01,Diourbel,Diourbel,Riz local,275.0,3
2020-01-01,Diourbel,Diourbel,Sorgho,225.0,3
2020-01-01,Fatick,Fatick,Maïs importé,250.0,5
2020-01-01,Fatick,Fatick,Maïs local,237.5,4
2020-01-01,Fatick,Fatick,Mil,250.0,5
2020-01-01,Fatick,Fatick,Riz importé (brisé),300.0,5
2020-01-01,Fatick,Fatick,Riz local,275.0,1
2020-01-01,Fatick,Fatick,Sorgho,250.0,5
2020-01-01,Kaffrine,Kaffrine,Maïs local,225.0,4
2020-01-01,Kaffrine,Kaffrine,Mil,250.0,3
2020-01-01,Kaffrine,Kaffrine,Riz importé (brisé),315.0,4
2020-01-01,Kaolack,Kaolack,Maïs importé,185.0,3
2020-01-01,Kaolack,Kaolack,Maïs local,190.0,3
2020-01-01,Kaolack,Kaolack,Mil,213.75,4
2020-01-01,Kaolack,Kaolack,Riz importé (brisé),300.0,3
2020-01-01,Kaolack,Kaolack,Riz local,330.0,1
2020-01-01,Kaolack,Kaolack,Sorgho,200.0,3
2020-01-01,Kolda,Kolda,Maïs local,225.0,3
2020-01-01,Kolda,Kolda,Mil,286.25,2
2020-01-01,Kolda,Kolda,Riz importé (brisé),325.0,3
2020-01-01,Kolda,Kolda,Riz local,330.0,1
2020-01-01,Kolda,Kolda,Sorgho,237.5,2
2020-01-01,Louga,Louga,Maïs importé,180.0,2
2020-01-01,Louga,Louga,Maïs local,205.0,2
2020-01-01,Louga,Louga,Mil,265.83500000000004,2
2020-01-01,Louga,Louga,Riz importé (brisé),300.0,2
2020-01-01,Louga,Louga,Riz local,250.0,2
2020-01-01,Matam,Matam,Maïs importé,250.0,3
2020-01-01,Matam,Matam,Maïs local,250.0,1
2020-01-01,Matam,Matam,Mil,306.5,4
2020-01-01,Matam,Matam,Riz importé (brisé),325.0,4
2020-01-01,Matam,Matam,Riz local,300.0,3
2020-01-01,Matam,Matam,Sorgho,300.0,4
2020-01-01,Saint Louis,Saint-Louis,Maïs importé,225.0,2
2020-01-01,Saint Louis,Saint-Louis,Maïs local,237.5,2
2020-01-01,Saint Louis,Saint-Louis,Mil,300.0,2
2020-01-01,Saint Louis,Saint-Louis,Riz importé (brisé),306.25,2
2020-01-01,Saint Louis,Saint-Louis,Riz local,275.0,2
2020-01-01,Sedhiou,Sédhiou,Maïs local,275.0,1
2020-01-01,Sedhiou,Sédhiou,Mil,300.0,1
2020-01-01,Sedhiou,Sédhiou,Riz importé (brisé),325.0,1
2020-01-01,Sedhiou,Sédhiou,Riz local,340.0,1
2020-01-01,Sedhiou,Sédhiou,Sorgho,300.0,1
2020-01-01,Tambacounda,Tambacounda,Maïs local,187.5,4
2020-01-01,Tambacounda,Tambacounda,Mil,200.0,4
2020-01-01,Tambacounda,Tambacounda,Riz importé (brisé),325.0,4
2020-01-01,Tambacounda,Tambacounda,Sorgho,193.75,3
2020-01-01,Thies,Thiès,Maïs importé,216.66500000000002,4
2020-01-01,Thies,Thiès,Maïs local,225.0,3
2020-01-01,Thies,Thiès,Mil,205.83499999999998,4
2020-01-01,Thies,Thiès,Riz importé (brisé),275.0,4
2020-01-01,Thies,Thiès,Riz local,260.0,3
2020-01-01,Thies,Thiès,Sorgho,250.0,3
2020-01-01,Ziguinchor,Ziguinchor,Maïs local,250.0,1
2020-01-01,Ziguinchor,Ziguinchor,Mil,275.0,2
2020-01-01,Ziguinchor,Ziguinchor,Riz importé (brisé),387.5,2
2020-01-01,Ziguinchor,Ziguinchor,Sorgho,300.0,1
2020-02-01,Dakar,Dakar,Maïs importé,225.0,2
2020-02-01,Dakar,Dakar,Maïs local,200.0,2
2020-02-01,Dakar,Dakar,Mil,250.0,3
2020-02-01,Dakar,Dakar,Riz importé (brisé),300.0,3
2020-02-01,Dakar,Dakar,Riz local,350.0,2
2020-02-01,Dakar,Dakar,Sorgho,190.0,1
2020-02-01,Diourbel,Diourbel,Maïs importé,205.0,4
2020-02-01,Diourbel,Diourbel,Mil,232.5,4
2020-02-01,Diourbel,Diourbel,Riz importé (brisé),312.5,4
2020-02-01,Diourbel,Diourbel,Riz local,275.0,4
2020-02-01,Diourbel,Diourbel,Sorgho,225.0,3
2020-02-01,Fatick,Fatick,Maïs importé,237.5,4
2020-02-01,Fatick,Fatick,Maïs local,222.5,6
2020-02-01,Fatick,Fatick,Mil,250.0,6
2020-02-01,Fatick,Fatick,Riz importé (brisé),350.0,6
2020-02-01,Fatick,Fatick,Riz local,275.0,1
2020-02-01,Fatick,Fatick,Sorgho,250.0,5
2020-02-01,Kaffrine,Kaffrine,Maïs local,200.0,4
2020-02-01,Kaffrine,Kaffrine,Mil,200.0,3
2020-02-01,Kaffrine,Kaffrine,Riz importé (brisé),315.0,4
2020-02-01,Kaolack,Kaolack,Maïs importé,178.75,2
2020-02-01,Kaolack,Kaolack,Maïs local,207.5,2
2020-02-01,Kaolack,Kaolack,Mil,212.5,4
2020-02-01,Kaolack,Kaolack,Riz importé (brisé),325.0,3
2020-02-01,Kaolack,Kaolack,Riz local,350.0,1
2020-02-01,Kaolack,Kaolack,Sorgho,200.0,2
2020-02-01,Kedougou,Kédougou,Maïs local,175.0,3
2020-02-01,Kedougou,Kédougou,Mil,312.5,2
2020-02-01,Kedougou,Kédougou,Riz importé (brisé),325.0,3
2020-02-01,Kedougou,Kédougou,Sorgho,300.0,1
2020-02-01,Kolda,Kolda,Maïs local,233.33499999999998,2
2020-02-01,Kolda,Kolda,Mil,275.0,3
2020-02-01,Kolda,Kolda,Riz importé (brisé),325.0,3
2020-02-01,Kolda,Kolda,Riz local,285.335,2
2020-02-01,Kolda,Kolda,Sorgho,241.665,2
2020-02-01,Louga,Louga,Maïs importé,181.25,2
2020-02-01,Louga,Louga,Maïs local,205.0,2
2020-02-01,Louga,Louga,Mil,263.75,2
2020-02-01,Louga,Louga,Riz importé (brisé),350.0,2
2020-02-01,Louga,Louga,Riz local,250.0,2
2020-02-01,Matam,Matam,Maïs importé,250.0,3
2020-02-01,Matam,Matam,Maïs local,300.0,1
2020-02-01,Matam,Matam,Mil,306.5,4
2020-02-01,Matam,Matam,Riz importé (brisé),325.0,4
2020-02-01,Matam,Matam,Riz local,300.0,3
2020-02-01,Matam,Matam,Sorgho,300.0,2
2020-02-01,Saint Louis,Saint-Louis,Maïs importé,225.0,2
2020-02-01,Saint Louis,Saint-Louis,Maïs local,237.5,2
2020-02-01,Saint Louis,Saint-Louis,Mil,300.0,2
2020-02-01,Saint Louis,Saint-Louis,Riz importé (brisé),325.0,2
2020-02-01,Saint Louis,Saint-Louis,Riz local,287.5,2
2020-02-01,Sedhiou,Sédhiou,Maïs local,250.0,1
2020-02-01,Sedhiou,Sédhiou,Mil,300.0,1
2020-02-01,Sedhiou,Sédhiou,Riz importé (brisé),325.0,1
2020-02-01,Sedhiou,Sédhiou,Riz local,340.0,1
2020-02-01,Tambacounda,Tambacounda,Maïs local,177.08499999999998,4
2020-02-01,Tambacounda,Tambacounda,Mil,212.5,4
2020-02-01,Tambacounda,Tambacounda,Riz importé (brisé),325.0,4
2020-02-01,Tambacounda,Tambacounda,Sorgho,187.5,2
2020-02-01,Thies,Thiès,Maïs importé,212.5,4
2020-02-01,Thies,Thiès,Mil,212.5,4
2020-02-01,Thies,Thiès,Riz importé (brisé),275.0,4
2020-02-01,Thies,Thiès,Riz local,260.0,3
2020-02-01,Thies,Thiès,Sorgho,250.0,2
2020-02-01,Ziguinchor,Ziguinchor,Maïs local,275.0,2
2020-02-01,Ziguinchor,Ziguinchor,Mil,275.0,3
2020-02-01,Ziguinchor,Ziguinchor,Riz importé (brisé),325.0,3
2020-02-01,Ziguinchor,Ziguinchor,Sorgho,300.0,2
2020-03-01,Dakar,Dakar,Maïs importé,200.0,1
2020-03-01,Dakar,Dakar,Maïs local,195.0,2
2020-03-01,Dakar,Dakar,Mil,238.0,3
2020-03-01,Dakar,Dakar,Riz importé (brisé),300.0,3
2020-03-01,Dakar,Dakar,Riz local,350.0,1
2020-03-01,Dakar,Dakar,Sorgho,195.0,3
2020-03-01,Diourbel,Diourbel,Maïs importé,200.0,3
2020-03-01,Diourbel,Diourbel,Maïs local,200.0,1
2020-03-01,Diourbel,Diourbel,Mil,225.0,4
2020-03-01,Diourbel,Diourbel,Riz importé (brisé),325.0,4
2020-03-01,Diourbel,Diourbel,Riz local,300.0,4
2020-03-01,Diourbel,Diourbel,Sorgho,250.0,1
2020-03-01,Fatick,Fatick,Maïs importé,225.0,3
2020-03-01,Fatick,Fatick,Maïs local,225.0,5
2020-03-01,Fatick,Fatick,Mil,250.0,5
2020-03-01,Fatick,Fatick,Riz importé (brisé),350.0,5
2020-03-01,Fatick,Fatick,Sorgho,275.0,4
2020-03-01,Kaffrine,Kaffrine,Maïs local,225.0,4
2020-03-01,Kaffrine,Kaffrine,Mil,250.0,3
2020-03-01,Kaffrine,Kaffrine,Riz importé (brisé),307.5,4
2020-03-01,Kaolack,Kaolack,Maïs importé,177.5,3
2020-03-01,Kaolack,Kaolack,Maïs local,193.75,1
2020-03-01,Kaolack,Kaolack,Mil,215.0,3
2020-03-01,Kaolack,Kaolack,Riz importé (brisé),300.0,3
2020-03-01,Kaolack,Kaolack,Riz local,350.0,1
2020-03-01,Kaolack,Kaolack,Sorgho,193.33,1
2020-03-01,Kolda,Kolda,Maïs local,225.0,1
2020-03-01,Kolda,Kolda,Mil,241.67,1
2020-03-01,Kolda,Kolda,Riz importé (brisé),321.67,1
2020-03-01,Kolda,Kolda,Riz local,340.0,1
2020-03-01,Kolda,Kolda,Sorgho,246.67,1
2020-03-01,Louga,Louga,Maïs importé,181.25,2
2020-03-01,Louga,Louga,Maïs local,205.0,2
2020-03-01,Louga,Louga,Mil,255.0,2
2020-03-01,Louga,Louga,Riz importé (brisé),350.0,2
2020-03-01,Louga,Louga,Riz local,250.0,2
2020-03-01,Matam,Matam,Maïs importé,250.0,3
2020-03-01,Matam,Matam,Maïs local,300.0,2
2020-03-01,Matam,Matam,Mil,275.0,4
2020-03-01,Matam,Matam,Riz importé (brisé),325.0,4
2020-03-01,Matam,Matam,Riz local,300.0,3
2020-03-01,Matam,Matam,Sorgho,300.0,3
2020-03-01,Saint Louis,Saint-Louis,Maïs importé,225.0,2
2020-03-01,Saint Louis,Saint-Louis,Maïs local,237.5,2
2020-03-01,Saint Louis,Saint-Louis,Mil,287.5,2
2020-03-01,Saint Louis,Saint-Louis,Riz importé (brisé),325.0,2
2020-03-01,Saint Louis,Saint-Louis,Riz local,287.5,2
2020-03-01,Sedhiou,Sédhiou,Maïs local,210.0,1
2020-03-01,Sedhiou,Sédhiou,Mil,200.0,1
2020-03-01,Sedhiou,Sédhiou,Riz importé (brisé),325.0,1
2020-03-01,Tambacounda,Tambacounda,Maïs local,175.0,4
2020-03-01,Tambacounda,Tambacounda,Mil,203.125,4
2020-03-01,Tambacounda,Tambacounda,Riz importé (brisé),325.0,4
2020-03-01,Tambacounda,Tambacounda,Sorgho,225.0,1
2020-03-01,Thies,Thiès,Mil,239.0,1
2020-03-01,Thies,Thiès,Riz importé (brisé),472.0,1
2020-03-01,Ziguinchor,Ziguinchor,Maïs local,250.0,1
2020-03-01,Ziguinchor,Ziguinchor,Mil,250.0,2
2020-03-01,Ziguinchor,Ziguinchor,Riz importé (brisé),387.5,2
2020-03-01,Ziguinchor,Ziguinchor,Riz local,400.0,1
2020-03-01,Ziguinchor,Ziguinchor,Sorgho,275.0,1
2020-04-01,Dakar,Dakar,Maïs importé,220.83499999999998,2
2020-04-01,Dakar,Dakar,Maïs local,192.5,2
2020-04-01,Dakar,Dakar,Mil,237.5,2
2020-04-01,Dakar,Dakar,Riz importé (brisé),300.0,2
2020-04-01,Dakar,Dakar,Riz local,350.0,1
2020-04-01,Dakar,Dakar,Riz ordinaire 1re qual.,348.33500000000004,2
2020-04-01,Dakar,Dakar,Sorgho,195.0,2
2020-04-01,Diourbel,Diourbel,Arachide décortiquée,650.0,1
2020-04-01,Diourbel,Diourbel,Arachide en coque,400.0,1
2020-04-01,Diourbel,Diourbel,Maïs importé,212.0,3
2020-04-01,Diourbel,Diourbel,Maïs local,200.0,3
2020-04-01,Diourbel,Diourbel,Mil,225.0,3
2020-04-01,Diourbel,Diourbel,Niébé (haricot),600.0,1
2020-04-01,Diourbel,Diourbel,Riz importé (brisé),300.0,3
2020-04-01,Diourbel,Diourbel,Riz local,275.0,3
2020-04-01,Diourbel,Diourbel,Riz ordinaire 1re qual.,437.5,3
2020-04-01,Diourbel,Diourbel,Sorgho,260.41499999999996,2
2020-04-01,Fatick,Fatick,Arachide décortiquée,500.0,3
2020-04-01,Fatick,Fatick,Arachide en coque,300.0,3
2020-04-01,Fatick,Fatick,Maïs importé,220.20999999999998,2
2020-04-01,Fatick,Fatick,Maïs local,216.25,3
2020-04-01,Fatick,Fatick,Mil,231.25,3
2020-04-01,Fatick,Fatick,Niébé (haricot),600.0,3
2020-04-01,Fatick,Fatick,Riz importé (brisé),296.67,3
2020-04-01,Fatick,Fatick,Riz ordinaire 1re qual.,433.33,3
2020-04-01,Fatick,Fatick,Sorgho,220.0,3
2020-04-01,Kaffrine,Kaffrine,Arachide décortiquée,700.0,2
2020-04-01,Kaffrine,Kaffrine,Arachide en coque,255.0,3
2020-04-01,Kaffrine,Kaffrine,Maïs local,188.18,2
2020-04-01,Kaffrine,Kaffrine,Mil,203.33,3
2020-04-01,Kaffrine,Kaffrine,Niébé (haricot),700.0,3
2020-04-01,Kaffrine,Kaffrine,Riz importé (brisé),302.5,3
2020-04-01,Kaffrine,Kaffrine,Riz ordinaire 1re qual.,430.29999999999995,2
2020-04-01,Kaffrine,Kaffrine,Sorgho,225.0,2
2020-04-01,Kaolack,Kaolack,Arachide décortiquée,612.5,1
2020-04-01,Kaolack,Kaolack,Maïs importé,183.44,2
2020-04-01,Kaolack,Kaolack,Maïs local,183.09500000000003,2
2020-04-01,Kaolack,Kaolack,Mil,195.59,2
2020-04-01,Kaolack,Kaolack,Niébé (haricot),800.0,1
2020-04-01,Kaolack,Kaolack,Riz importé (brisé),300.63,2
2020-04-01,Kaolack,Kaolack,Riz local,330.0,1
2020-04-01,Kaolack,Kaolack,Riz ordinaire 1re qual.,450.0,1
2020-04-01,Kaolack,Kaolack,Sorgho,210.62,1
2020-04-01,Kedougou,Kédougou,Arachide décortiquée,600.0,1
2020-04-01,Kedougou,Kédougou,Arachide en coque,225.0,1
2020-04-01,Kedougou,Kédougou,Maïs importé,245.83499999999998,2
2020-04-01,Kedougou,Kédougou,Maïs local,225.0,2
2020-04-01,Kedougou,Kédougou,Mil,275.0,1
2020-04-01,Kedougou,Kédougou,Niébé (haricot),500.0,1
2020-04-01,Kedougou,Kédougou,Riz importé (brisé),296.66499999999996,2
2020-04-01,Kedougou,Kédougou,Riz ordinaire 1re qual.,416.67,1
2020-04-01,Kedougou,Kédougou,Sorgho,300.0,1
2020-04-01,Kolda,Kolda,Arachide décortiquée,600.0,1
2020-04-01,Kolda,Kolda,Maïs importé,200.0,1
2020-04-01,Kolda,Kolda,Maïs local,222.78,1
2020-04-01,Kolda,Kolda,Mil,241.66500000000002,2
2020-04-01,Kolda,Kolda,Niébé (haricot),600.0,1
2020-04-01,Kolda,Kolda,Riz importé (brisé),304.445,2
2020-04-01,Kolda,Kolda,Riz local,305.31,2
2020-04-01,Kolda,Kolda,Riz ordinaire 1re qual.,425.0,2
2020-04-01,Kolda,Kolda,Sorgho,240.0,2
2020-04-01,Louga,Louga,Arachide décortiquée,443.75,1
2020-04-01,Louga,Louga,Maïs importé,187.78,1
2020-04-01,Louga,Louga,Maïs local,208.33,1
2020-04-01,Louga,Louga,Mil,238.33,1
2020-04-01,Louga,Louga,Niébé (haricot),412.5,1
2020-04-01,Louga,Louga,Riz importé (brisé),327.78,1
2020-04-01,Louga,Louga,Riz local,272.22,1
2020-04-01,Louga,Louga,Riz ordinaire 1re qual.,395.56,1
2020-04-01,Matam,Matam,Arachide décortiquée,700.0,1
2020-04-01,Matam,Matam,Arachide en coque,250.0,1
2020-04-01,Matam,Matam,Maïs importé,238.75,2
2020-04-01,Matam,Matam,Maïs local,245.835,2
2020-04-01,Matam,Matam,Mil,242.5,2
2020-04-01,Matam,Matam,Niébé (haricot),650.0,1
2020-04-01,Matam,Matam,Riz importé (brisé),307.5,2
2020-04-01,Matam,Matam,Riz local,278.0,2
2020-04-01,Matam,Matam,Riz ordinaire 1re qual.,450.0,1
2020-04-01,Matam,Matam,Sorgho,300.0,2
2020-04-01,Saint Louis,Saint-Louis,Arachide décortiquée,737.5,2
2020-04-01,Saint Louis,Saint-Louis,Arachide en coque,260.0,1
2020-04-01,Saint Louis,Saint-Louis,Maïs importé,243.47,2
2020-04-01,Saint Louis,Saint-Louis,Maïs local,257.915,2
2020-04-01,Saint Louis,Saint-Louis,Mil,271.39,2
2020-04-01,Saint Louis,Saint-Louis,Niébé (haricot),837.5,2
2020-04-01,Saint Louis,Saint-Louis,Riz importé (brisé),316.25,2
2020-04-01,Saint Louis,Saint-Louis,Riz local,296.805,2
2020-04-01,Saint Louis,Saint-Louis,Riz ordinaire 1re qual.,425.0,2
2020-04-01,Saint Louis,Saint-Louis,Sorgho,280.0,2
2020-04-01,Sedhiou,Sédhiou,Arachide décortiquée,750.0,1
2020-04-01,Sedhiou,Sédhiou,Maïs importé,225.0,1
2020-04-01,Sedhiou,Sédhiou,Maïs local,253.33,1
2020-04-01,Sedhiou,Sédhiou,Mil,250.0,1
2020-04-01,Sedhiou,Sédhiou,Niébé (haricot),800.0,1
2020-04-01,Sedhiou,Sédhiou,Riz importé (brisé),308.75,1
2020-04-01,Sedhiou,Sédhiou,Riz ordinaire 1re qual.,450.0,1
2020-04-01,Tambacounda,Tambacounda,Arachide décortiquée,600.0,2
2020-04-01,Tambacounda,Tambacounda,Arachide en coque,275.0,1
2020-04-01,Tambacounda,Tambacounda,Maïs local,187.5,3
2020-04-01,Tambacounda,Tambacounda,Mil,209.38,3
2020-04-01,Tambacounda,Tambacounda,Niébé (haricot),600.0,1
2020-04-01,Tambacounda,Tambacounda,Riz importé (brisé),325.0,3
2020-04-01,Tambacounda,Tambacounda,Riz ordinaire 1re qual.,487.5,3
2020-04-01,Tambacounda,Tambacounda,Sorgho,218.75,1
2020-04-01,Thies,Thiès,Arachide décortiquée,500.0,1
2020-04-01,Thies,Thiès,Arachide en coque,316.67,1
2020-04-01,Thies,Thiès,Maïs importé,223.655,2
2020-04-01,Thies,Thiès,Maïs local,206.25,1
2020-04-01,Thies,Thiès,Mil,225.05,2
2020-04-01,Thies,Thiès,Niébé (haricot),583.33,1
2020-04-01,Thies,Thiès,Riz importé (brisé),285.48,2
2020-04-01,Thies,Thiès,Riz local,265.91499999999996,2
2020-04-01,Thies,Thiès,Riz ordinaire 1re qual.,400.0,2
2020-04-01,Thies,Thiès,Sorgho,256.25,1
2020-04-01,Ziguinchor,Ziguinchor,Maïs local,279.16499999999996,2
2020-04-01,Ziguinchor,Ziguinchor,Mil,241.665,2
2020-04-01,Ziguinchor,Ziguinchor,Riz importé (brisé),304.16499999999996,2
2020-04-01,Ziguinchor,Ziguinchor,Riz local,400.0,1
2020-04-01,Ziguinchor,Ziguinchor,Riz ordinaire 1re qual.,450.0,1
2020-04-01,Ziguinchor,Ziguinchor,Sorgho,287.5,2
2020-05-01,Dakar,Dakar,Maïs importé,216.67,1
2020-05-01,Dakar,Dakar,Mil,290.83500000000004,2
2020-05-01,Dakar,Dakar,Niébé (haricot),450.0,2
2020-05-01,Dakar,Dakar,Riz importé (brisé),312.5,2
2020-05-01,Dakar,Dakar,Riz local,370.83500000000004,2
2020-05-01,Dakar,Dakar,Sorgho,210.0,1
2020-05-01,Diourbel,Diourbel,Maïs importé,225.0,1
2020-05-01,Diourbel,Diourbel,Mil,275.0,1
2020-05-01,Diourbel,Diourbel,Niébé (haricot),600.0,1
2020-05-01,Diourbel,Diourbel,Riz importé (brisé),325.0,1
2020-05-01,Diourbel,Diourbel,Riz local,360.0,1
2020-05-01,Fatick,Fatick,Maïs importé,257.5,1
2020-05-01,Fatick,Fatick,Maïs local,262.5,1
2020-05-01,Fatick,Fatick,Mil,312.5,1
2020-05-01,Fatick,Fatick,Niébé (haricot),650.0,1
2020-05-01,Fatick,Fatick,Riz importé (brisé),337.5,1
2020-05-01,Fatick,Fatick,Riz ordinaire 1re qual.,500.0,1
2020-05-01,Fatick,Fatick,Sorgho,287.5,1
2020-05-01,Kaffrine,Kaffrine,Maïs local,225.0,1
2020-05-01,Kaffrine,Kaffrine,Mil,225.0,1
2020-05-01,Kaffrine,Kaffrine,Niébé (haricot),816.67,1
2020-05-01,Kaffrine,Kaffrine,Riz importé (brisé),300.0,1
2020-05-01,Kaffrine,Kaffrine,Riz ordinaire 1re qual.,500.0,1
2020-05-01,Kaolack,Kaolack,Maïs importé,173.33,1
2020-05-01,Kaolack,Kaolack,Mil,266.67,1
2020-05-01,Kaolack,Kaolack,Niébé (haricot),725.0,1
2020-05-01,Kaolack,Kaolack,Riz importé (brisé),320.0,1
2020-05-01,Kaolack,Kaolack,Riz local,350.0,1
2020-05-01,Kedougou,Kédougou,Maïs local,275.0,1
2020-05-01,Kedougou,Kédougou,Mil,325.0,1
2020-05-01,Kedougou,Kédougou,Niébé (haricot),500.0,1
2020-05-01,Kedougou,Kédougou,Riz importé (brisé),337.5,1
2020-05-01,Kedougou,Kédougou,Sorgho,325.0,1
2020-05-01,Kolda,Kolda,Maïs local,250.0,1
2020-05-01,Kolda,Kolda,Mil,275.0,1
2020-05-01,Kolda,Kolda,Niébé (haricot),600.0,1
2020-05-01,Kolda,Kolda,Riz importé (brisé),325.0,1
2020-05-01,Kolda,Kolda,Riz local,325.0,1
2020-05-01,Kolda,Kolda,Sorgho,265.0,1
2020-05-01,Louga,Louga,Maïs importé,200.0,1
2020-05-01,Louga,Louga,Maïs local,225.0,1
2020-05-01,Louga,Louga,Mil,275.0,1
2020-05-01,Louga,Louga,Niébé (haricot),412.5,1
2020-05-01,Louga,Louga,Riz importé (brisé),350.0,1
2020-05-01,Louga,Louga,Riz local,275.0,1
2020-05-01,Matam,Matam,Maïs importé,275.0,1
2020-05-01,Matam,Matam,Mil,300.0,1
2020-05-01,Matam,Matam,Niébé (haricot),650.0,1
2020-05-01,Matam,Matam,Riz importé (brisé),325.0,1
2020-05-01,Matam,Matam,Riz local,325.0,1
2020-05-01,Saint Louis,Saint-Louis,Maïs importé,225.0,1
2020-05-01,Saint Louis,Saint-Louis,Maïs local,275.0,1
2020-05-01,Saint Louis,Saint-Louis,Mil,350.0,1
2020-05-01,Saint Louis,Saint-Louis,Niébé (haricot),1000.0,1
2020-05-01,Saint Louis,Saint-Louis,Riz importé (brisé),325.0,1
2020-05-01,Saint Louis,Saint-Louis,Riz local,337.5,1
2020-05-01,Sedhiou,Sédhiou,Maïs local,315.0,1
2020-05-01,Sedhiou,Sédhiou,Mil,325.0,1
2020-05-01,Sedhiou,Sédhiou,Niébé (haricot),800.0,1
2020-05-01,Sedhiou,Sédhiou,Riz importé (brisé),325.0,1
2020-05-01,Tambacounda,Tambacounda,Maïs local,218.75,2
2020-05-01,Tambacounda,Tambacounda,Mil,263.75,2
2020-05-01,Tambacounda,Tambacounda,Niébé (haricot),600.0,1
2020-05-01,Tambacounda,Tambacounda,Riz importé (brisé),350.0,2
2020-05-01,Tambacounda,Tambacounda,Riz ordinaire 1re qual.,500.0,2
2020-05-01,Tambacounda,Tambacounda,Sorgho,203.75,1
2020-05-01,Thies,Thiès,Maïs importé,265.0,1
2020-05-01,Thies,Thiès,Mil,315.0,1
2020-05-01,Thies,Thiès,Niébé (haricot),570.0,1
2020-05-01,Thies,Thiès,Riz importé (brisé),300.0,1
2020-05-01,Thies,Thiès,Riz local,300.0,1
2020-05-01,Thies,Thiès,Sorgho,265.0,1
2020-05-01,Ziguinchor,Ziguinchor,Maïs local,325.0,1
2020-05-01,Ziguinchor,Ziguinchor,Mil,350.0,1
2020-05-01,Ziguinchor,Ziguinchor,Niébé (haricot),825.0,1
2020-05-01,Ziguinchor,Ziguinchor,Riz importé (brisé),350.0,1
2020-06-01,Dakar,Dakar,Maïs importé,220.83499999999998,2
2020-06-01,Dakar,Dakar,Maïs local,216.67,1
2020-06-01,Dakar,Dakar,Mil,279.17,2
2020-06-01,Dakar,Dakar,Niébé (haricot),487.5,2
2020-06-01,Dakar,Dakar,Riz importé (brisé),305.0,2
2020-06-01,Dakar,Dakar,Riz local,354.16499999999996,2
2020-06-01,Dakar,Dakar,Riz ordinaire 1re qual.,345.0,2
2020-06-01,Dakar,Dakar,Sorgho,225.0,1
2020-06-01,Diourbel,Diourbel,Maïs importé,190.0,2
2020-06-01,Diourbel,Diourbel,Mil,267.5,2
2020-06-01,Diourbel,Diourbel,Niébé (haricot),437.5,2
2020-06-01,Diourbel,Diourbel,Riz importé (brisé),312.5,2
2020-06-01,Diourbel,Diourbel,Riz local,337.5,2
2020-06-01,Diourbel,Diourbel,Riz ordinaire 1re qual.,437.5,2
2020-06-01,Diourbel,Diourbel,Sorgho,287.5,2
2020-06-01,Fatick,Fatick,Maïs importé,250.0,5
2020-06-01,Fatick,Fatick,Maïs local,226.25,4
2020-06-01,Fatick,Fatick,Mil,275.0,5
2020-06-01,Fatick,Fatick,Niébé (haricot),750.0,4
2020-06-01,Fatick,Fatick,Riz importé (brisé),333.33,5
2020-06-01,Fatick,Fatick,Riz ordinaire 1re qual.,500.0,5
2020-06-01,Fatick,Fatick,Sorgho,275.0,4
2020-06-01,Kaffrine,Kaffrine,Maïs importé,200.0,2
2020-06-01,Kaffrine,Kaffrine,Maïs local,206.25,2
2020-06-01,Kaffrine,Kaffrine,Mil,250.0,2
2020-06-01,Kaffrine,Kaffrine,Niébé (haricot),725.0,2
2020-06-01,Kaffrine,Kaffrine,Riz importé (brisé),301.875,2
2020-06-01,Kaffrine,Kaffrine,Riz ordinaire 1re qual.,500.0,2
2020-06-01,Kaolack,Kaolack,Maïs importé,185.0,4
2020-06-01,Kaolack,Kaolack,Maïs local,210.0,1
2020-06-01,Kaolack,Kaolack,Mil,241.875,4
2020-06-01,Kaolack,Kaolack,Niébé (haricot),766.67,1
2020-06-01,Kaolack,Kaolack,Riz importé (brisé),327.5,4
2020-06-01,Kaolack,Kaolack,Riz local,325.0,1
2020-06-01,Kaolack,Kaolack,Riz ordinaire 1re qual.,491.66499999999996,2
2020-06-01,Kaolack,Kaolack,Sorgho,220.0,1
2020-06-01,Kedougou,Kédougou,Maïs importé,250.0,1
2020-06-01,Kedougou,Kédougou,Maïs local,245.0,2
2020-06-01,Kedougou,Kédougou,Mil,300.0,1
2020-06-01,Kedougou,Kédougou,Niébé (haricot),500.0,1
2020-06-01,Kedougou,Kédougou,Riz importé (brisé),355.0,2
2020-06-01,Kedougou,Kédougou,Riz ordinaire 1re qual.,507.5,2
2020-06-01,Kedougou,Kédougou,Sorgho,300.0,1
2020-06-01,Kolda,Kolda,Maïs local,241.67,1
2020-06-01,Kolda,Kolda,Mil,250.0,1
2020-06-01,Kolda,Kolda,Niébé (haricot),600.0,1
2020-06-01,Kolda,Kolda,Riz importé (brisé),321.67,1
2020-06-01,Kolda,Kolda,Riz local,323.33,1
2020-06-01,Kolda,Kolda,Riz ordinaire 1re qual.,483.33,1
2020-06-01,Kolda,Kolda,Sorgho,300.0,1
2020-06-01,Louga,Louga,Maïs importé,195.0,1
2020-06-01,Louga,Louga,Maïs local,212.5,1
2020-06-01,Louga,Louga,Mil,287.5,1
2020-06-01,Louga,Louga,Niébé (haricot),433.33,1
2020-06-01,Louga,Louga,Riz importé (brisé),343.75,1
2020-06-01,Louga,Louga,Riz local,256.25,1
2020-06-01,Louga,Louga,Riz ordinaire 1re qual.,412.5,1
2020-06-01,Matam,Matam,Maïs importé,237.5,1
2020-06-01,Matam,Matam,Mil,262.5,1
2020-06-01,Matam,Matam,Niébé (haricot),900.0,1
2020-06-01,Matam,Matam,Riz importé (brisé),325.0,1
2020-06-01,Matam,Matam,Riz local,312.5,1
2020-06-01,Matam,Matam,Riz ordinaire 1re qual.,500.0,1
2020-06-01,Saint Louis,Saint-Louis,Maïs importé,225.0,2
2020-06-01,Saint Louis,Saint-Louis,Maïs local,250.0,2
2020-06-01,Saint Louis,Saint-Louis,Mil,312.5,2
2020-06-01,Saint Louis,Saint-Louis,Niébé (haricot),725.0,2
2020-06-01,Saint Louis,Saint-Louis,Riz importé (brisé),316.66499999999996,2
2020-06-01,Saint Louis,Saint-Louis,Riz local,329.16499999999996,2
2020-06-01,Saint Louis,Saint-Louis,Riz ordinaire 1re qual.,500.0,2
2020-06-01,Sedhiou,Sédhiou,Maïs local,350.0,1
2020-06-01,Sedhiou,Sédhiou,Mil,350.0,1
2020-06-01,Sedhiou,Sédhiou,Niébé (haricot),750.0,1
2020-06-01,Sedhiou,Sédhiou,Riz importé (brisé),300.0,1
2020-06-01,Sedhiou,Sédhiou,Riz ordinaire 1re qual.,455.0,1
2020-06-01,Sedhiou,Sédhiou,Sorgho,350.0,1
2020-06-01,Tambacounda,Tambacounda,Maïs local,208.33499999999998,4
2020-06-01,Tambacounda,Tambacounda,Mil,233.33499999999998,4
2020-06-01,Tambacounda,Tambacounda,Niébé (haricot),600.0,3
2020-06-01,Tambacounda,Tambacounda,Riz importé (brisé),350.0,4
2020-06-01,Tambacounda,Tambacounda,Riz ordinaire 1re qual.,500.0,4
2020-06-01,Tambacounda,Tambacounda,Sorgho,237.5,2
2020-06-01,Thies,Thiès,Maïs importé,237.5,4
2020-06-01,Thies,Thiès,Maïs local,262.5,1
2020-06-01,Thies,Thiès,Mil,270.0,4
2020-06-01,Thies,Thiès,Niébé (haricot),425.0,4
2020-06-01,Thies,Thiès,Riz importé (brisé),281.25,4
2020-06-01,Thies,Thiès,Riz local,260.0,4
2020-06-01,Thies,Thiès,Riz ordinaire 1re qual.,400.0,2
2020-06-01,Thies,Thiès,Sorgho,287.5,3
2020-06-01,Ziguinchor,Ziguinchor,Maïs local,266.66499999999996,2
2020-06-01,Ziguinchor,Ziguinchor,Mil,291.66499999999996,2
2020-06-01,Ziguinchor,Ziguinchor,Niébé (haricot),808.335,2
2020-06-01,Ziguinchor,Ziguinchor,Riz importé (brisé),325.0,2
2020-06-01,Ziguinchor,Ziguinchor,Riz ordinaire 1re qual.,450.0,2
2020-06-01,Ziguinchor,Ziguinchor,Sorgho,316.66499999999996,2
2020-07-01,Dakar,Dakar,Maïs importé,193.33499999999998,2
2020-07-01,Dakar,Dakar,Mil,275.0,2
2020-07-01,Dakar,Dakar,Niébé (haricot),450.0,2
2020-07-01,Dakar,Dakar,Riz importé (brisé),300.0,2
2020-07-01,Dakar,Dakar,Riz local,345.83500000000004,2
2020-07-01,Dakar,Dakar,Riz ordinaire 1re qual.,345.83500000000004,2
2020-07-01,Dakar,Dakar,Sorgho,223.33499999999998,2
2020-07-01,Diourbel,Diourbel,Maïs importé,200.0,3
2020-07-01,Diourbel,Diourbel,Mil,242.5,2
2020-07-01,Diourbel,Diourbel,Niébé (haricot),375.0,1
2020-07-01,Diourbel,Diourbel,Riz importé (brisé),325.0,3
2020-07-01,Diourbel,Diourbel,Riz local,325.0,3
2020-07-01,Diourbel,Diourbel,Riz ordinaire 1re qual.,450.0,3
2020-07-01,Diourbel,Diourbel,Sorgho,275.0,3
2020-07-01,Fatick,Fatick,Maïs importé,250.0,5
2020-07-01,Fatick,Fatick,Maïs local,220.0,3
2020-07-01,Fatick,Fatick,Mil,250.0,5
2020-07-01,Fatick,Fatick,Niébé (haricot),675.0,2
2020-07-01,Fatick,Fatick,Riz importé (brisé),325.0,5
2020-07-01,Fatick,Fatick,Riz ordinaire 1re qual.,500.0,5
2020-07-01,Fatick,Fatick,Sorgho,262.5,4
2020-07-01,Kaffrine,Kaffrine,Maïs importé,200.0,3
2020-07-01,Kaffrine,Kaffrine,Maïs local,175.0,3
2020-07-01,Kaffrine,Kaffrine,Mil,250.0,3
2020-07-01,Kaffrine,Kaffrine,Niébé (haricot),750.0,3
2020-07-01,Kaffrine,Kaffrine,Riz importé (brisé),300.0,3
2020-07-01,Kaffrine,Kaffrine,Riz ordinaire 1re qual.,500.0,3
2020-07-01,Kaolack,Kaolack,Maïs importé,183.33499999999998,4
2020-07-01,Kaolack,Kaolack,Maïs local,215.0,1
2020-07-01,Kaolack,Kaolack,Mil,247.91500000000002,4
2020-07-01,Kaolack,Kaolack,Niébé (haricot),375.0,3
2020-07-01,Kaolack,Kaolack,Riz importé (brisé),320.0,3
2020-07-01,Kaolack,Kaolack,Riz local,305.0,1
2020-07-01,Kaolack,Kaolack,Riz ordinaire 1re qual.,487.5,2
2020-07-01,Kaolack,Kaolack,Sorgho,250.0,1
2020-07-01,Kedougou,Kédougou,Maïs local,250.0,3
2020-07-01,Kedougou,Kédougou,Mil,312.5,2
2020-07-01,Kedougou,Kédougou,Niébé (haricot),550.0,3
2020-07-01,Kedougou,Kédougou,Riz importé (brisé),325.0,3
2020-07-01,Kedougou,Kédougou,Riz local,350.0,1
2020-07-01,Kedougou,Kédougou,Riz ordinaire 1re qual.,445.0,2
2020-07-01,Kedougou,Kédougou,Sorgho,300.0,1
2020-07-01,Kolda,Kolda,Maïs local,250.0,1
2020-07-01,Kolda,Kolda,Mil,262.5,1
2020-07-01,Kolda,Kolda,Niébé (haricot),650.0,1
2020-07-01,Kolda,Kolda,Riz importé (brisé),320.0,1
2020-07-01,Kolda,Kolda,Riz local,346.67,1
2020-07-01,Kolda,Kolda,Riz ordinaire 1re qual.,487.5,1
2020-07-01,Kolda,Kolda,Sorgho,275.0,1
2020-07-01,Louga,Louga,Maïs importé,187.70999999999998,2
2020-07-01,Louga,Louga,Maïs local,198.54000000000002,2
2020-07-01,Louga,Louga,Mil,286.03999999999996,2
2020-07-01,Louga,Louga,Niébé (haricot),450.0,1
2020-07-01,Louga,Louga,Riz importé (brisé),350.0,2
2020-07-01,Louga,Louga,Riz local,303.125,2
2020-07-01,Louga,Louga,Riz ordinaire 1re qual.,400.0,2
2020-07-01,Matam,Matam,Maïs importé,250.0,1
2020-07-01,Matam,Matam,Mil,275.0,1
2020-07-01,Matam,Matam,Niébé (haricot),900.0,1
2020-07-01,Matam,Matam,Riz importé (brisé),325.0,1
2020-07-01,Matam,Matam,Riz local,300.0,1
2020-07-01,Matam,Matam,Riz ordinaire 1re qual.,500.0,1
2020-07-01,Saint Louis,Saint-Louis,Maïs importé,250.0,2
2020-07-01,Saint Louis,Saint-Louis,Maïs local,275.0,2
2020-07-01,Saint Louis,Saint-Louis,Mil,312.5,2
2020-07-01,Saint Louis,Saint-Louis,Niébé (haricot),725.0,2
2020-07-01,Saint Louis,Saint-Louis,Riz importé (brisé),312.5,2
2020-07-01,Saint Louis,Saint-Louis,Riz local,290.625,2
2020-07-01,Saint Louis,Saint-Louis,Riz ordinaire 1re qual.,500.0,2
2020-07-01,Sedhiou,Sédhiou,Maïs local,325.0,1
2020-07-01,Sedhiou,Sédhiou,Mil,350.0,1
2020-07-01,Sedhiou,Sédhiou,Niébé (haricot),800.0,1
2020-07-01,Sedhiou,Sédhiou,Riz importé (brisé),300.0,1
2020-07-01,Sedhiou,Sédhiou,Riz ordinaire 1re qual.,410.0,1
2020-07-01,Sedhiou,Sédhiou,Sorgho,750.0,1
2020-07-01,Tambacounda,Tambacounda,Maïs local,200.0,4
2020-07-01,Tambacounda,Tambacounda,Mil,225.0,3
2020-07-01,Tambacounda,Tambacounda,Niébé (haricot),500.0,1
2020-07-01,Tambacounda,Tambacounda,Riz importé (brisé),350.0,4
2020-07-01,Tambacounda,Tambacounda,Riz ordinaire 1re qual.,500.0,4
2020-07-01,Thies,Thiès,Maïs importé,237.5,4
2020-07-01,Thies,Thiès,Maïs local,250.0,1
2020-07-01,Thies,Thiès,Mil,270.0,4
2020-07-01,Thies,Thiès,Niébé (haricot),425.0,4
2020-07-01,Thies,Thiès,Riz importé (brisé),275.0,4
2020-07-01,Thies,Thiès,Riz local,260.0,4
2020-07-01,Thies,Thiès,Riz ordinaire 1re qual.,400.0,2
2020-07-01,Thies,Thiès,Sorgho,300.0,3
2020-07-01,Ziguinchor,Ziguinchor,Maïs local,293.75,2
2020-07-01,Ziguinchor,Ziguinchor,Mil,300.0,2
2020-07-01,Ziguinchor,Ziguinchor,Niébé (haricot),700.0,1
2020-07-01,Ziguinchor,Ziguinchor,Riz importé (brisé),325.0,2
2020-07-01,Ziguinchor,Ziguinchor,Riz ordinaire 1re qual.,450.0,2
2020-07-01,Ziguinchor,Ziguinchor,Sorgho,337.5,2
2020-08-01,Dakar,Dakar,Maïs importé,200.83499999999998,2
2020-08-01,Dakar,Dakar,Maïs local,225.0,2
2020-08-01,Dakar,Dakar,Mil,287.5,2
2020-08-01,Dakar,Dakar,Niébé (haricot),462.5,2
2020-08-01,Dakar,Dakar,Riz importé (brisé),300.0,2
2020-08-01,Dakar,Dakar,Riz local,350.0,2
2020-08-01,Dakar,Dakar,Riz ordinaire 1re qual.,348.33500000000004,2
2020-08-01,Dakar,Dakar,Sorgho,215.0,2
2020-08-01,Diourbel,Diourbel,Maïs importé,192.5,2
2020-08-01,Diourbel,Diourbel,Mil,290.0,2
2020-08-01,Diourbel,Diourbel,Niébé (haricot),350.0,2
2020-08-01,Diourbel,Diourbel,Riz importé (brisé),312.5,2
2020-08-01,Diourbel,Diourbel,Riz local,350.0,2
2020-08-01,Diourbel,Diourbel,Riz ordinaire 1re qual.,437.5,2
2020-08-01,Fatick,Fatick,Maïs importé,250.0,4
2020-08-01,Fatick,Fatick,Maïs local,225.0,3
2020-08-01,Fatick,Fatick,Mil,250.0,5
2020-08-01,Fatick,Fatick,Niébé (haricot),600.0,4
2020-08-01,Fatick,Fatick,Riz importé (brisé),325.0,4
2020-08-01,Fatick,Fatick,Riz ordinaire 1re qual.,500.0,5
2020-08-01,Fatick,Fatick,Sorgho,268.75,4
2020-08-01,Kaffrine,Kaffrine,Maïs importé,200.0,2
2020-08-01,Kaffrine,Kaffrine,Maïs local,225.0,3
2020-08-01,Kaffrine,Kaffrine,Mil,275.0,3
2020-08-01,Kaffrine,Kaffrine,Niébé (haricot),500.0,3
2020-08-01,Kaffrine,Kaffrine,Riz importé (brisé),315.0,3
2020-08-01,Kaffrine,Kaffrine,Riz ordinaire 1re qual.,500.0,3
2020-08-01,Kaolack,Kaolack,Maïs importé,183.75,3
2020-08-01,Kaolack,Kaolack,Maïs local,190.0,1
2020-08-01,Kaolack,Kaolack,Mil,267.5,4
2020-08-01,Kaolack,Kaolack,Niébé (haricot),525.0,2
2020-08-01,Kaolack,Kaolack,Riz importé (brisé),310.0,4
2020-08-01,Kaolack,Kaolack,Riz ordinaire 1re qual.,487.5,2
2020-08-01,Kedougou,Kédougou,Maïs local,275.0,3
2020-08-01,Kedougou,Kédougou,Mil,312.5,2
2020-08-01,Kedougou,Kédougou,Niébé (haricot),700.0,3
2020-08-01,Kedougou,Kédougou,Riz importé (brisé),325.0,3
2020-08-01,Kedougou,Kédougou,Riz ordinaire 1re qual.,450.0,3
2020-08-01,Kedougou,Kédougou,Sorgho,300.0,1
2020-08-01,Kolda,Kolda,Maïs importé,200.0,1
2020-08-01,Kolda,Kolda,Maïs local,250.0,3
2020-08-01,Kolda,Kolda,Mil,275.0,3
2020-08-01,Kolda,Kolda,Niébé (haricot),700.0,3
2020-08-01,Kolda,Kolda,Riz importé (brisé),320.0,3
2020-08-01,Kolda,Kolda,Riz ordinaire 1re qual.,462.5,2
2020-08-01,Kolda,Kolda,Sorgho,250.0,3
2020-08-01,Louga,Louga,Maïs importé,181.67,2
2020-08-01,Louga,Louga,Maïs local,204.16500000000002,2
2020-08-01,Louga,Louga,Mil,306.66499999999996,2
2020-08-01,Louga,Louga,Niébé (haricot),379.16499999999996,2
2020-08-01,Louga,Louga,Riz importé (brisé),325.0,2
2020-08-01,Louga,Louga,Riz local,290.0,2
2020-08-01,Louga,Louga,Riz ordinaire 1re qual.,387.5,2
2020-08-01,Matam,Matam,Maïs importé,250.0,2
2020-08-01,Matam,Matam,Maïs local,250.0,1
2020-08-01,Matam,Matam,Mil,296.875,2
2020-08-01,Matam,Matam,Niébé (haricot),900.0,3
2020-08-01,Matam,Matam,Riz importé (brisé),325.0,3
2020-08-01,Matam,Matam,Riz local,300.0,3
2020-08-01,Matam,Matam,Riz ordinaire 1re qual.,500.0,1
2020-08-01,Matam,Matam,Sorgho,250.0,3
2020-08-01,Saint Louis,Saint-Louis,Maïs importé,250.0,2
2020-08-01,Saint Louis,Saint-Louis,Maïs local,275.0,2
2020-08-01,Saint Louis,Saint-Louis,Mil,337.5,2
2020-08-01,Saint Louis,Saint-Louis,Niébé (haricot),700.0,2
2020-08-01,Saint Louis,Saint-Louis,Riz importé (brisé),297.5,2
2020-08-01,Saint Louis,Saint-Louis,Riz local,278.125,2
2020-08-01,Saint Louis,Saint-Louis,Riz ordinaire 1re qual.,500.0,2
2020-08-01,Sedhiou,Sédhiou,Maïs local,300.0,1
2020-08-01,Sedhiou,Sédhiou,Mil,350.0,1
2020-08-01,Sedhiou,Sédhiou,Niébé (haricot),800.0,1
2020-08-01,Sedhiou,Sédhiou,Riz importé (brisé),300.0,1
2020-08-01,Sedhiou,Sédhiou,Riz ordinaire 1re qual.,425.0,1
2020-08-01,Sedhiou,Sédhiou,Sorgho,750.0,1
2020-08-01,Tambacounda,Tambacounda,Maïs local,206.25,4
2020-08-01,Tambacounda,Tambacounda,Mil,262.5,4
2020-08-01,Tambacounda,Tambacounda,Niébé (haricot),550.0,4
2020-08-01,Tambacounda,Tambacounda,Riz importé (brisé),350.0,4
2020-08-01,Tambacounda,Tambacounda,Riz ordinaire 1re qual.,500.0,4
2020-08-01,Tambacounda,Tambacounda,Sorgho,262.5,1
2020-08-01,Thies,Thiès,Maïs importé,231.25,4
2020-08-01,Thies,Thiès,Maïs local,250.0,1
2020-08-01,Thies,Thiès,Mil,277.29,4
2020-08-01,Thies,Thiès,Niébé (haricot),412.5,4
2020-08-01,Thies,Thiès,Riz importé (brisé),275.0,4
2020-08-01,Thies,Thiès,Riz local,261.25,4
2020-08-01,Thies,Thiès,Riz ordinaire 1re qual.,400.0,2
2020-08-01,Thies,Thiès,Sorgho,287.5,3
2020-08-01,Ziguinchor,Ziguinchor,Maïs local,286.46000000000004,2
2020-08-01,Ziguinchor,Ziguinchor,Mil,313.53999999999996,2
2020-08-01,Ziguinchor,Ziguinchor,Niébé (haricot),700.0,2
2020-08-01,Ziguinchor,Ziguinchor,Riz importé (brisé),325.0,2
2020-08-01,Ziguinchor,Ziguinchor,Riz ordinaire 1re qual.,450.0,2
2020-08-01,Ziguinchor,Ziguinchor,Sorgho,318.33500000000004,2
2020-09-01,Dakar,Dakar,Maïs importé,206.875,2
2020-09-01,Dakar,Dakar,Maïs local,218.75,2
2020-09-01,Dakar,Dakar,Mil,284.375,2
2020-09-01,Dakar,Dakar,Niébé (haricot),462.5,2
2020-09-01,Dakar,Dakar,Riz importé (brisé),300.0,2
2020-09-01,Dakar,Dakar,Riz local,350.0,2
2020-09-01,Dakar,Dakar,Riz ordinaire 1re qual.,350.0,2
2020-09-01,Dakar,Dakar,Sorgho,225.0,1
2020-09-01,Diourbel,Diourbel,Maïs importé,202.78,4
2020-09-01,Diourbel,Diourbel,Mil,291.67,3
2020-09-01,Diourbel,Diourbel,Niébé (haricot),325.0,4
2020-09-01,Diourbel,Diourbel,Riz importé (brisé),309.72,4
2020-09-01,Diourbel,Diourbel,Riz local,325.0,4
2020-09-01,Diourbel,Diourbel,Riz ordinaire 1re qual.,450.0,3
2020-09-01,Diourbel,Diourbel,Sorgho,250.0,1
2020-09-01,Fatick,Fatick,Maïs importé,250.0,3
2020-09-01,Fatick,Fatick,Maïs local,237.5,2
2020-09-01,Fatick,Fatick,Mil,250.0,3
2020-09-01,Fatick,Fatick,Niébé (haricot),580.0,3
2020-09-01,Fatick,Fatick,Riz importé (brisé),325.0,1
2020-09-01,Fatick,Fatick,Riz ordinaire 1re qual.,500.0,3
2020-09-01,Fatick,Fatick,Sorgho,250.0,3
2020-09-01,Kaffrine,Kaffrine,Maïs importé,200.0,2
2020-09-01,Kaffrine,Kaffrine,Maïs local,240.0,3
2020-09-01,Kaffrine,Kaffrine,Mil,275.0,2
2020-09-01,Kaffrine,Kaffrine,Niébé (haricot),625.0,2
2020-09-01,Kaffrine,Kaffrine,Riz importé (brisé),325.0,3
2020-09-01,Kaffrine,Kaffrine,Riz ordinaire 1re qual.,500.0,3
2020-09-01,Kaolack,Kaolack,Maïs importé,183.33,3
2020-09-01,Kaolack,Kaolack,Mil,245.0,4
2020-09-01,Kaolack,Kaolack,Niébé (haricot),500.0,4
2020-09-01,Kaolack,Kaolack,Riz importé (brisé),311.67,4
2020-09-01,Kaolack,Kaolack,Riz ordinaire 1re qual.,487.5,2
2020-09-01,Kedougou,Kédougou,Maïs local,200.0,3
2020-09-01,Kedougou,Kédougou,Mil,265.625,2
2020-09-01,Kedougou,Kédougou,Niébé (haricot),587.5,3
2020-09-01,Kedougou,Kédougou,Riz importé (brisé),325.0,3
2020-09-01,Kedougou,Kédougou,Riz ordinaire 1re qual.,450.0,3
2020-09-01,Kedougou,Kédougou,Sorgho,256.25,1
2020-09-01,Kolda,Kolda,Maïs local,250.0,3
2020-09-01,Kolda,Kolda,Mil,300.0,3
2020-09-01,Kolda,Kolda,Niébé (haricot),800.0,3
2020-09-01,Kolda,Kolda,Riz importé (brisé),316.67,3
2020-09-01,Kolda,Kolda,Riz ordinaire 1re qual.,500.0,3
2020-09-01,Kolda,Kolda,Sorgho,258.335,2
2020-09-01,Louga,Louga,Maïs importé,184.375,2
2020-09-01,Louga,Louga,Maïs local,203.75,2
2020-09-01,Louga,Louga,Mil,303.75,2
2020-09-01,Louga,Louga,Niébé (haricot),396.0,2
2020-09-01,Louga,Louga,Riz importé (brisé),325.0,2
2020-09-01,Louga,Louga,Riz local,300.0,2
2020-09-01,Louga,Louga,Riz ordinaire 1re qual.,450.0,2
2020-09-01,Matam,Matam,Maïs importé,250.0,3
2020-09-01,Matam,Matam,Maïs local,250.0,1
2020-09-01,Matam,Matam,Mil,300.0,3
2020-09-01,Matam,Matam,Niébé (haricot),900.0,3
2020-09-01,Matam,Matam,Riz importé (brisé),325.0,3
2020-09-01,Matam,Matam,Riz local,300.0,3
2020-09-01,Matam,Matam,Riz ordinaire 1re qual.,500.0,1
2020-09-01,Matam,Matam,Sorgho,266.67,3
2020-09-01,Saint Louis,Saint-Louis,Maïs importé,243.75,2
2020-09-01,Saint Louis,Saint-Louis,Maïs local,275.0,2
2020-09-01,Saint Louis,Saint-Louis,Mil,350.0,2
2020-09-01,Saint Louis,Saint-Louis,Niébé (haricot),700.0,2
2020-09-01,Saint Louis,Saint-Louis,Riz importé (brisé),325.0,2
2020-09-01,Saint Louis,Saint-Louis,Riz local,275.0,2
2020-09-01,Saint Louis,Saint-Louis,Riz ordinaire 1re qual.,500.0,2
2020-09-01,Sedhiou,Sédhiou,Maïs local,300.0,1
2020-09-01,Sedhiou,Sédhiou,Mil,350.0,1
2020-09-01,Sedhiou,Sédhiou,Niébé (haricot),800.0,1
2020-09-01,Sedhiou,Sédhiou,Riz importé (brisé),325.0,1
2020-09-01,Sedhiou,Sédhiou,Riz ordinaire 1re qual.,462.5,1
2020-09-01,Sedhiou,Sédhiou,Sorgho,725.0,1
2020-09-01,Tambacounda,Tambacounda,Maïs local,193.75,4
2020-09-01,Tambacounda,Tambacounda,Mil,237.5,4
2020-09-01,Tambacounda,Tambacounda,Niébé (haricot),566.665,4
2020-09-01,Tambacounda,Tambacounda,Riz importé (brisé),351.875,4
2020-09-01,Tambacounda,Tambacounda,Riz ordinaire 1re qual.,500.0,4
2020-09-01,Tambacounda,Tambacounda,Sorgho,225.0,1
2020-09-01,Thies,Thiès,Maïs importé,212.5,4
2020-09-01,Thies,Thiès,Maïs local,250.0,1
2020-09-01,Thies,Thiès,Mil,290.625,4
2020-09-01,Thies,Thiès,Niébé (haricot),380.0,4
2020-09-01,Thies,Thiès,Riz importé (brisé),288.75,4
2020-09-01,Thies,Thiès,Riz local,278.5,4
2020-09-01,Thies,Thiès,Riz ordinaire 1re qual.,402.5,2
2020-09-01,Thies,Thiès,Sorgho,250.0,3
2020-09-01,Ziguinchor,Ziguinchor,Maïs importé,300.0,1
2020-09-01,Ziguinchor,Ziguinchor,Maïs local,284.375,2
2020-09-01,Ziguinchor,Ziguinchor,Mil,325.0,2
2020-09-01,Ziguinchor,Ziguinchor,Niébé (haricot),730.0,2
2020-09-01,Ziguinchor,Ziguinchor,Riz importé (brisé),325.0,2
2020-09-01,Ziguinchor,Ziguinchor,Riz ordinaire 1re qual.,450.0,2
2020-09-01,Ziguinchor,Ziguinchor,Sorgho,350.0,2
2020-10-01,Dakar,Dakar,Maïs importé,190.0,2
2020-10-01,Dakar,Dakar,Maïs local,195.0,2
2020-10-01,Dakar,Dakar,Mil,325.0,2
2020-10-01,Dakar,Dakar,Niébé (haricot),425.0,2
2020-10-01,Dakar,Dakar,Riz importé (brisé),300.0,2
2020-10-01,Dakar,Dakar,Riz local,350.0,2
2020-10-01,Dakar,Dakar,Riz ordinaire 1re qual.,350.0,2
2020-10-01,Dakar,Dakar,Sorgho,242.5,2
2020-10-01,Diourbel,Diourbel,Maïs importé,200.0,3
2020-10-01,Diourbel,Diourbel,Mil,287.5,3
2020-10-01,Diourbel,Diourbel,Niébé (haricot),320.625,4
2020-10-01,Diourbel,Diourbel,Riz importé (brisé),325.0,3
2020-10-01,Diourbel,Diourbel,Riz local,343.75,2
2020-10-01,Diourbel,Diourbel,Riz ordinaire 1re qual.,450.0,3
2020-10-01,Fatick,Fatick,Maïs importé,247.5,4
2020-10-01,Fatick,Fatick,Maïs local,213.125,2
2020-10-01,Fatick,Fatick,Mil,262.5,5
2020-10-01,Fatick,Fatick,Niébé (haricot),662.5,5
2020-10-01,Fatick,Fatick,Riz importé (brisé),325.0,5
2020-10-01,Fatick,Fatick,Riz ordinaire 1re qual.,500.0,5
2020-10-01,Fatick,Fatick,Sorgho,275.0,4
2020-10-01,Kaffrine,Kaffrine,Maïs local,233.33,3
2020-10-01,Kaffrine,Kaffrine,Mil,283.33,3
2020-10-01,Kaffrine,Kaffrine,Niébé (haricot),316.67,3
2020-10-01,Kaffrine,Kaffrine,Riz importé (brisé),325.0,3
2020-10-01,Kaffrine,Kaffrine,Riz ordinaire 1re qual.,450.0,3
2020-10-01,Kaolack,Kaolack,Maïs importé,200.0,3
2020-10-01,Kaolack,Kaolack,Maïs local,185.0,3
2020-10-01,Kaolack,Kaolack,Mil,272.375,2
2020-10-01,Kaolack,Kaolack,Niébé (haricot),475.0,4
2020-10-01,Kaolack,Kaolack,Riz importé (brisé),315.0,3
2020-10-01,Kaolack,Kaolack,Riz local,305.0,1
2020-10-01,Kaolack,Kaolack,Riz ordinaire 1re qual.,475.0,1
2020-10-01,Kedougou,Kédougou,Maïs local,212.5,3
2020-10-01,Kedougou,Kédougou,Mil,300.0,3
2020-10-01,Kedougou,Kédougou,Niébé (haricot),525.0,3
2020-10-01,Kedougou,Kédougou,Riz importé (brisé),325.0,3
2020-10-01,Kedougou,Kédougou,Riz ordinaire 1re qual.,455.0,3
2020-10-01,Kedougou,Kédougou,Sorgho,300.0,1
2020-10-01,Kolda,Kolda,Maïs local,241.67,3
2020-10-01,Kolda,Kolda,Mil,298.33,3
2020-10-01,Kolda,Kolda,Niébé (haricot),768.75,3
2020-10-01,Kolda,Kolda,Riz importé (brisé),315.0,3
2020-10-01,Kolda,Kolda,Riz ordinaire 1re qual.,500.0,2
2020-10-01,Kolda,Kolda,Sorgho,256.25,2
2020-10-01,Louga,Louga,Maïs importé,183.625,2
2020-10-01,Louga,Louga,Maïs local,201.5,2
2020-10-01,Louga,Louga,Mil,312.625,2
2020-10-01,Louga,Louga,Niébé (haricot),377.5,2
2020-10-01,Louga,Louga,Riz importé (brisé),319.5,2
2020-10-01,Louga,Louga,Riz local,296.125,2
2020-10-01,Louga,Louga,Riz ordinaire 1re qual.,450.0,2
2020-10-01,Matam,Matam,Maïs importé,250.0,2
2020-10-01,Matam,Matam,Mil,300.0,2
2020-10-01,Matam,Matam,Niébé (haricot),800.0,3
2020-10-01,Matam,Matam,Riz importé (brisé),325.0,2
2020-10-01,Matam,Matam,Riz local,300.0,2
2020-10-01,Matam,Matam,Riz ordinaire 1re qual.,500.0,1
2020-10-01,Matam,Matam,Sorgho,300.0,2
2020-10-01,Saint Louis,Saint-Louis,Maïs importé,237.5,2
2020-10-01,Saint Louis,Saint-Louis,Maïs local,275.0,2
2020-10-01,Saint Louis,Saint-Louis,Mil,400.0,3
2020-10-01,Saint Louis,Saint-Louis,Niébé (haricot),712.5,3
2020-10-01,Saint Louis,Saint-Louis,Riz importé (brisé),300.0,3
2020-10-01,Saint Louis,Saint-Louis,Riz local,260.0,3
2020-10-01,Saint Louis,Saint-Louis,Riz ordinaire 1re qual.,500.0,2
2020-10-01,Sedhiou,Sédhiou,Maïs local,237.5,1
2020-10-01,Sedhiou,Sédhiou,Mil,300.0,1
2020-10-01,Sedhiou,Sédhiou,Niébé (haricot),600.0,1
2020-10-01,Sedhiou,Sédhiou,Riz importé (brisé),325.0,1
2020-10-01,Sedhiou,Sédhiou,Riz ordinaire 1re qual.,500.0,1
2020-10-01,Sedhiou,Sédhiou,Sorgho,575.0,1
2020-10-01,Tambacounda,Tambacounda,Maïs local,179.16500000000002,4
2020-10-01,Tambacounda,Tambacounda,Mil,227.08499999999998,4
2020-10-01,Tambacounda,Tambacounda,Niébé (haricot),550.0,3
2020-10-01,Tambacounda,Tambacounda,Riz importé (brisé),357.5,4
2020-10-01,Tambacounda,Tambacounda,Riz ordinaire 1re qual.,500.0,4
2020-10-01,Tambacounda,Tambacounda,Sorgho,250.0,1
2020-10-01,Thies,Thiès,Maïs importé,212.5,4
2020-10-01,Thies,Thiès,Maïs local,250.0,2
2020-10-01,Thies,Thiès,Mil,265.625,4
2020-10-01,Thies,Thiès,Niébé (haricot),437.5,4
2020-10-01,Thies,Thiès,Riz importé (brisé),301.25,4
2020-10-01,Thies,Thiès,Riz local,300.0,4
2020-10-01,Thies,Thiès,Riz ordinaire 1re qual.,405.0,2
2020-10-01,Thies,Thiès,Sorgho,275.0,4
2020-10-01,Ziguinchor,Ziguinchor,Maïs importé,250.0,1
2020-10-01,Ziguinchor,Ziguinchor,Maïs local,275.0,2
2020-10-01,Ziguinchor,Ziguinchor,Mil,304.16499999999996,2
2020-10-01,Ziguinchor,Ziguinchor,Niébé (haricot),700.0,2
2020-10-01,Ziguinchor,Ziguinchor,Riz importé (brisé),325.0,2
2020-10-01,Ziguinchor,Ziguinchor,Riz ordinaire 1re qual.,450.0,2
2020-10-01,Ziguinchor,Ziguinchor,Sorgho,354.16499999999996,2
2020-11-01,Dakar,Dakar,Maïs importé,198.75,2
2020-11-01,Dakar,Dakar,Maïs local,197.5,2
2020-11-01,Dakar,Dakar,Mil,290.0,2
2020-11-01,Dakar,Dakar,Niébé (haricot),446.25,2
2020-11-01,Dakar,Dakar,Riz importé (brisé),300.0,2
2020-11-01,Dakar,Dakar,Riz local,350.0,2
2020-11-01,Dakar,Dakar,Riz ordinaire 1re qual.,350.0,2
2020-11-01,Dakar,Dakar,Sorgho,190.0,1
2020-11-01,Diourbel,Diourbel,Maïs importé,212.5,3
2020-11-01,Diourbel,Diourbel,Mil,260.0,3
2020-11-01,Diourbel,Diourbel,Niébé (haricot),348.33,3
2020-11-01,Diourbel,Diourbel,Riz importé (brisé),312.5,3
2020-11-01,Diourbel,Diourbel,Riz local,308.33,3
2020-11-01,Diourbel,Diourbel,Riz ordinaire 1re qual.,450.0,3
2020-11-01,Diourbel,Diourbel,Sorgho,275.0,2
2020-11-01,Fatick,Fatick,Maïs importé,250.0,5
2020-11-01,Fatick,Fatick,Maïs local,212.5,2
2020-11-01,Fatick,Fatick,Mil,235.0,6
2020-11-01,Fatick,Fatick,Niébé (haricot),700.0,6
2020-11-01,Fatick,Fatick,Riz importé (brisé),325.0,4
2020-11-01,Fatick,Fatick,Riz local,275.0,1
2020-11-01,Fatick,Fatick,Riz ordinaire 1re qual.,500.0,5
2020-11-01,Fatick,Fatick,Sorgho,275.0,4
2020-11-01,Kaffrine,Kaffrine,Maïs local,200.0,3
2020-11-01,Kaffrine,Kaffrine,Mil,212.5,3
2020-11-01,Kaffrine,Kaffrine,Niébé (haricot),450.0,3
2020-11-01,Kaffrine,Kaffrine,Riz importé (brisé),325.0,3
2020-11-01,Kaffrine,Kaffrine,Riz ordinaire 1re qual.,450.0,3
2020-11-01,Kaolack,Kaolack,Maïs importé,200.0,2
2020-11-01,Kaolack,Kaolack,Maïs local,174.375,4
2020-11-01,Kaolack,Kaolack,Mil,225.0,4
2020-11-01,Kaolack,Kaolack,Niébé (haricot),475.0,4
2020-11-01,Kaolack,Kaolack,Riz importé (brisé),310.0,4
2020-11-01,Kaolack,Kaolack,Riz local,300.0,1
2020-11-01,Kaolack,Kaolack,Riz ordinaire 1re qual.,475.0,1
2020-11-01,Kaolack,Kaolack,Sorgho,225.0,1
2020-11-01,Kedougou,Kédougou,Maïs local,206.25,3
2020-11-01,Kedougou,Kédougou,Mil,308.33,3
2020-11-01,Kedougou,Kédougou,Niébé (haricot),591.67,3
2020-11-01,Kedougou,Kédougou,Riz importé (brisé),343.33,3
2020-11-01,Kedougou,Kédougou,Riz ordinaire 1re qual.,475.0,3
2020-11-01,Kedougou,Kédougou,Sorgho,300.0,1
2020-11-01,Kolda,Kolda,Maïs local,225.0,3
2020-11-01,Kolda,Kolda,Mil,250.0,3
2020-11-01,Kolda,Kolda,Niébé (haricot),700.0,3
2020-11-01,Kolda,Kolda,Riz importé (brisé),315.0,3
2020-11-01,Kolda,Kolda,Riz local,380.0,2
2020-11-01,Kolda,Kolda,Riz ordinaire 1re qual.,500.0,3
2020-11-01,Kolda,Kolda,Sorgho,200.0,3
2020-11-01,Louga,Louga,Maïs importé,181.45999999999998,2
2020-11-01,Louga,Louga,Maïs local,206.66500000000002,2
2020-11-01,Louga,Louga,Mil,310.41499999999996,2
2020-11-01,Louga,Louga,Niébé (haricot),366.66499999999996,2
2020-11-01,Louga,Louga,Riz importé (brisé),312.71000000000004,2
2020-11-01,Louga,Louga,Riz local,295.41499999999996,2
2020-11-01,Louga,Louga,Riz ordinaire 1re qual.,450.0,2
2020-11-01,Matam,Matam,Maïs importé,250.0,3
2020-11-01,Matam,Matam,Maïs local,300.0,1
2020-11-01,Matam,Matam,Mil,300.0,3
2020-11-01,Matam,Matam,Niébé (haricot),800.0,3
2020-11-01,Matam,Matam,Riz importé (brisé),325.0,3
2020-11-01,Matam,Matam,Riz local,300.0,3
2020-11-01,Matam,Matam,Riz ordinaire 1re qual.,500.0,1
2020-11-01,Matam,Matam,Sorgho,300.0,3
2020-11-01,Saint Louis,Saint-Louis,Maïs importé,233.33499999999998,2
2020-11-01,Saint Louis,Saint-Louis,Maïs local,266.66499999999996,2
2020-11-01,Saint Louis,Saint-Louis,Mil,308.33,3
2020-11-01,Saint Louis,Saint-Louis,Niébé (haricot),650.0,3
2020-11-01,Saint Louis,Saint-Louis,Riz importé (brisé),320.0,3
2020-11-01,Saint Louis,Saint-Louis,Riz local,275.0,3
2020-11-01,Saint Louis,Saint-Louis,Riz ordinaire 1re qual.,500.0,2
2020-11-01,Sedhiou,Sédhiou,Maïs local,200.0,1
2020-11-01,Sedhiou,Sédhiou,Mil,300.0,1
2020-11-01,Sedhiou,Sédhiou,Niébé (haricot),400.0,1
2020-11-01,Sedhiou,Sédhiou,Riz importé (brisé),320.0,1
2020-11-01,Sedhiou,Sédhiou,Riz ordinaire 1re qual.,500.0,1
2020-11-01,Sedhiou,Sédhiou,Sorgho,500.0,1
2020-11-01,Tambacounda,Tambacounda,Maïs local,172.91500000000002,4
2020-11-01,Tambacounda,Tambacounda,Mil,222.91500000000002,4
2020-11-01,Tambacounda,Tambacounda,Niébé (haricot),450.0,4
2020-11-01,Tambacounda,Tambacounda,Riz importé (brisé),357.5,4
2020-11-01,Tambacounda,Tambacounda,Riz ordinaire 1re qual.,500.0,4
2020-11-01,Tambacounda,Tambacounda,Sorgho,200.0,3
2020-11-01,Thies,Thiès,Maïs importé,221.875,4
2020-11-01,Thies,Thiès,Maïs local,250.0,1
2020-11-01,Thies,Thiès,Mil,261.25,4
2020-11-01,Thies,Thiès,Niébé (haricot),284.375,4
2020-11-01,Thies,Thiès,Riz importé (brisé),308.125,4
2020-11-01,Thies,Thiès,Riz local,300.0,4
2020-11-01,Thies,Thiès,Riz ordinaire 1re qual.,405.0,2
2020-11-01,Thies,Thiès,Sorgho,250.0,3
2020-11-01,Ziguinchor,Ziguinchor,Maïs importé,250.0,1
2020-11-01,Ziguinchor,Ziguinchor,Maïs local,275.0,2
2020-11-01,Ziguinchor,Ziguinchor,Mil,300.0,2
2020-11-01,Ziguinchor,Ziguinchor,Niébé (haricot),600.0,2
2020-11-01,Ziguinchor,Ziguinchor,Riz importé (brisé),325.83500000000004,2
2020-11-01,Ziguinchor,Ziguinchor,Riz ordinaire 1re qual.,450.0,2
2020-11-01,Ziguinchor,Ziguinchor,Sorgho,325.0,2
2020-12-01,Dakar,Dakar,Maïs importé,190.0,2
2020-12-01,Dakar,Dakar,Maïs local,195.0,2
2020-12-01,Dakar,Dakar,Mil,290.0,2
2020-12-01,Dakar,Dakar,Niébé (haricot),450.0,2
2020-12-01,Dakar,Dakar,Riz importé (brisé),300.0,2
2020-12-01,Dakar,Dakar,Riz local,350.0,2
2020-12-01,Dakar,Dakar,Riz ordinaire 1re qual.,350.0,2
2020-12-01,Dakar,Dakar,Sorgho,225.0,2
2020-12-01,Diourbel,Diourbel,Maïs importé,212.5,4
2020-12-01,Diourbel,Diourbel,Maïs local,225.0,1
2020-12-01,Diourbel,Diourbel,Mil,262.5,4
2020-12-01,Diourbel,Diourbel,Niébé (haricot),312.5,4
2020-12-01,Diourbel,Diourbel,Riz importé (brisé),325.0,4
2020-12-01,Diourbel,Diourbel,Riz local,300.0,4
2020-12-01,Diourbel,Diourbel,Riz ordinaire 1re qual.,450.0,3
2020-12-01,Diourbel,Diourbel,Sorgho,225.0,3
2020-12-01,Fatick,Fatick,Maïs importé,250.0,4
2020-12-01,Fatick,Fatick,Maïs local,200.0,3
2020-12-01,Fatick,Fatick,Mil,235.0,6
2020-12-01,Fatick,Fatick,Niébé (haricot),587.5,6
2020-12-01,Fatick,Fatick,Riz importé (brisé),325.0,6
2020-12-01,Fatick,Fatick,Riz ordinaire 1re qual.,500.0,6
2020-12-01,Fatick,Fatick,Sorgho,250.0,5
2020-12-01,Kaffrine,Kaffrine,Maïs local,200.0,4
2020-12-01,Kaffrine,Kaffrine,Mil,200.0,3
2020-12-01,Kaffrine,Kaffrine,Niébé (haricot),466.67,3
2020-12-01,Kaffrine,Kaffrine,Riz importé (brisé),325.0,4
2020-12-01,Kaffrine,Kaffrine,Riz ordinaire 1re qual.,450.0,3
2020-12-01,Kaolack,Kaolack,Maïs importé,180.0,1
2020-12-01,Kaolack,Kaolack,Maïs local,179.125,4
2020-12-01,Kaolack,Kaolack,Mil,221.125,2
2020-12-01,Kaolack,Kaolack,Niébé (haricot),478.125,4
2020-12-01,Kaolack,Kaolack,Riz importé (brisé),313.75,3
2020-12-01,Kaolack,Kaolack,Riz local,300.0,1
2020-12-01,Kaolack,Kaolack,Riz ordinaire 1re qual.,468.75,1
2020-12-01,Kaolack,Kaolack,Sorgho,190.0,3
2020-12-01,Kedougou,Kédougou,Maïs local,180.0,3
2020-12-01,Kedougou,Kédougou,Mil,310.0,3
2020-12-01,Kedougou,Kédougou,Niébé (haricot),550.0,3
2020-12-01,Kedougou,Kédougou,Riz importé (brisé),340.0,3
2020-12-01,Kedougou,Kédougou,Riz ordinaire 1re qual.,475.0,3
2020-12-01,Kedougou,Kédougou,Sorgho,305.0,2
2020-12-01,Kolda,Kolda,Maïs local,187.5,2
2020-12-01,Kolda,Kolda,Mil,256.25,2
2020-12-01,Kolda,Kolda,Niébé (haricot),600.0,2
2020-12-01,Kolda,Kolda,Riz importé (brisé),317.5,2
2020-12-01,Kolda,Kolda,Riz ordinaire 1re qual.,475.0,2
2020-12-01,Kolda,Kolda,Sorgho,212.5,2
2020-12-01,Louga,Louga,Maïs importé,187.5,2
2020-12-01,Louga,Louga,Maïs local,205.5,2
2020-12-01,Louga,Louga,Mil,307.0,2
2020-12-01,Louga,Louga,Niébé (haricot),376.66499999999996,2
2020-12-01,Louga,Louga,Riz importé (brisé),315.25,2
2020-12-01,Louga,Louga,Riz local,296.0,2
2020-12-01,Louga,Louga,Riz ordinaire 1re qual.,450.0,2
2020-12-01,Matam,Matam,Maïs importé,250.0,3
2020-12-01,Matam,Matam,Mil,300.0,3
2020-12-01,Matam,Matam,Niébé (haricot),800.0,3
2020-12-01,Matam,Matam,Riz importé (brisé),325.0,3
2020-12-01,Matam,Matam,Riz local,300.0,3
2020-12-01,Matam,Matam,Riz ordinaire 1re qual.,483.33,1
2020-12-01,Matam,Matam,Sorgho,300.0,3
2020-12-01,Saint Louis,Saint-Louis,Maïs importé,225.0,2
2020-12-01,Saint Louis,Saint-Louis,Maïs local,250.0,2
2020-12-01,Saint Louis,Saint-Louis,Mil,300.0,4
2020-12-01,Saint Louis,Saint-Louis,Niébé (haricot),575.0,4
2020-12-01,Saint Louis,Saint-Louis,Riz importé (brisé),320.0,4
2020-12-01,Saint Louis,Saint-Louis,Riz local,267.5,4
2020-12-01,Saint Louis,Saint-Louis,Riz ordinaire 1re qual.,500.0,2
2020-12-01,Sedhiou,Sédhiou,Maïs local,250.0,1
2020-12-01,Sedhiou,Sédhiou,Mil,300.0,1
2020-12-01,Sedhiou,Sédhiou,Niébé (haricot),400.0,1
2020-12-01,Sedhiou,Sédhiou,Riz importé (brisé),322.5,1
2020-12-01,Sedhiou,Sédhiou,Riz ordinaire 1re qual.,500.0,1
2020-12-01,Sedhiou,Sédhiou,Sorgho,350.0,1
2020-12-01,Tambacounda,Tambacounda,Maïs local,183.33499999999998,4
2020-12-01,Tambacounda,Tambacounda,Mil,231.25,4
2020-12-01,Tambacounda,Tambacounda,Niébé (haricot),450.0,4
2020-12-01,Tambacounda,Tambacounda,Riz importé (brisé),357.5,4
2020-12-01,Tambacounda,Tambacounda,Riz ordinaire 1re qual.,500.0,4
2020-12-01,Tambacounda,Tambacounda,Sorgho,191.66500000000002,2
2020-12-01,Thies,Thiès,Maïs importé,212.5,4
2020-12-01,Thies,Thiès,Maïs local,215.0,2
2020-12-01,Thies,Thiès,Mil,241.66500000000002,4
2020-12-01,Thies,Thiès,Niébé (haricot),283.33500000000004,4
2020-12-01,Thies,Thiès,Riz importé (brisé),317.71000000000004,4
2020-12-01,Thies,Thiès,Riz local,298.75,4
2020-12-01,Thies,Thiès,Riz ordinaire 1re qual.,401.66499999999996,2
2020-12-01,Thies,Thiès,Sorgho,250.0,3
2020-12-01,Ziguinchor,Ziguinchor,Maïs local,275.0,2
2020-12-01,Ziguinchor,Ziguinchor,Mil,300.0,2
2020-12-01,Ziguinchor,Ziguinchor,Niébé (haricot),650.0,2
2020-12-01,Ziguinchor,Ziguinchor,Riz importé (brisé),325.0,2
2020-12-01,Ziguinchor,Ziguinchor,Riz ordinaire 1re qual.,450.0,2
2020-12-01,Ziguinchor,Ziguinchor,Sorgho,362.5,2
2021-01-01,Dakar,Dakar,Maïs importé,200.0,1
2021-01-01,Dakar,Dakar,Maïs local,187.5,2
2021-01-01,Dakar,Dakar,Mil,278.75,2
2021-01-01,Dakar,Dakar,Niébé (haricot),412.5,2
2021-01-01,Dakar,Dakar,Riz importé (brisé),300.0,2
2021-01-01,Dakar,Dakar,Riz local,350.0,2
2021-01-01,Dakar,Dakar,Sorgho,210.0,2
2021-01-01,Diourbel,Diourbel,Maïs importé,215.0,4
2021-01-01,Diourbel,Diourbel,Mil,230.0,4
2021-01-01,Diourbel,Diourbel,Niébé (haricot),362.5,4
2021-01-01,Diourbel,Diourbel,Riz importé (brisé),296.25,4
2021-01-01,Diourbel,Diourbel,Riz local,288.75,4
2021-01-01,Diourbel,Diourbel,Sorgho,206.25,2
2021-01-01,Fatick,Fatick,Maïs importé,225.0,2
2021-01-01,Fatick,Fatick,Maïs local,225.0,4
2021-01-01,Fatick,Fatick,Mil,225.0,5
2021-01-01,Fatick,Fatick,Niébé (haricot),450.0,5
2021-01-01,Fatick,Fatick,Riz importé (brisé),300.0,5
2021-01-01,Fatick,Fatick,Riz local,250.0,1
2021-01-01,Fatick,Fatick,Sorgho,300.0,2
2021-01-01,Kaffrine,Kaffrine,Maïs local,200.0,4
2021-01-01,Kaffrine,Kaffrine,Mil,195.0,4
2021-01-01,Kaffrine,Kaffrine,Niébé (haricot),500.0,3
2021-01-01,Kaffrine,Kaffrine,Riz importé (brisé),325.0,3
2021-01-01,Kaffrine,Kaffrine,Sorgho,212.5,2
2021-01-01,Kaolack,Kaolack,Maïs importé,186.25,1
2021-01-01,Kaolack,Kaolack,Maïs local,197.5,3
2021-01-01,Kaolack,Kaolack,Mil,200.125,4
2021-01-01,Kaolack,Kaolack,Niébé (haricot),487.5,4
2021-01-01,Kaolack,Kaolack,Riz importé (brisé),310.0,3
2021-01-01,Kaolack,Kaolack,Riz local,318.75,1
2021-01-01,Kaolack,Kaolack,Sorgho,233.33,3
2021-01-01,Kedougou,Kédougou,Maïs local,190.0,3
2021-01-01,Kedougou,Kédougou,Mil,315.0,3
2021-01-01,Kedougou,Kédougou,Niébé (haricot),532.33,3
2021-01-01,Kedougou,Kédougou,Riz importé (brisé),350.0,3
2021-01-01,Kedougou,Kédougou,Sorgho,300.0,1
2021-01-01,Kolda,Kolda,Maïs local,218.75,2
2021-01-01,Kolda,Kolda,Mil,255.0,3
2021-01-01,Kolda,Kolda,Niébé (haricot),600.0,3
2021-01-01,Kolda,Kolda,Riz importé (brisé),300.0,3
2021-01-01,Kolda,Kolda,Riz local,362.5,2
2021-01-01,Kolda,Kolda,Sorgho,212.5,3
2021-01-01,Louga,Louga,Maïs importé,185.0,2
2021-01-01,Louga,Louga,Maïs local,205.0,2
2021-01-01,Louga,Louga,Mil,287.5,2
2021-01-01,Louga,Louga,Niébé (haricot),370.0,2
2021-01-01,Louga,Louga,Riz importé (brisé),345.0,2
2021-01-01,Matam,Matam,Maïs importé,275.0,3
2021-01-01,Matam,Matam,Maïs local,300.0,2
2021-01-01,Matam,Matam,Mil,300.0,3
2021-01-01,Matam,Matam,Niébé (haricot),762.5,3
2021-01-01,Matam,Matam,Riz importé (brisé),300.0,3
2021-01-01,Matam,Matam,Riz local,350.0,3
2021-01-01,Matam,Matam,Sorgho,300.0,3
2021-01-01,Saint Louis,Saint-Louis,Maïs importé,231.25,2
2021-01-01,Saint Louis,Saint-Louis,Maïs local,256.25,2
2021-01-01,Saint Louis,Saint-Louis,Mil,300.0,2
2021-01-01,Saint Louis,Saint-Louis,Niébé (haricot),675.0,2
2021-01-01,Saint Louis,Saint-Louis,Riz importé (brisé),297.125,2
2021-01-01,Saint Louis,Saint-Louis,Riz local,281.25,2
2021-01-01,Sedhiou,Sédhiou,Maïs local,220.0,1
2021-01-01,Sedhiou,Sédhiou,Mil,255.0,1
2021-01-01,Sedhiou,Sédhiou,Niébé (haricot),625.0,1
2021-01-01,Sedhiou,Sédhiou,Riz importé (brisé),300.0,1
2021-01-01,Sedhiou,Sédhiou,Riz local,400.0,1
2021-01-01,Sedhiou,Sédhiou,Sorgho,300.0,1
2021-01-01,Tambacounda,Tambacounda,Maïs local,200.0,4
2021-01-01,Tambacounda,Tambacounda,Mil,237.5,4
2021-01-01,Tambacounda,Tambacounda,Niébé (haricot),550.0,4
2021-01-01,Tambacounda,Tambacounda,Riz importé (brisé),350.0,4
2021-01-01,Tambacounda,Tambacounda,Sorgho,200.0,3
2021-01-01,Thies,Thiès,Maïs importé,225.0,4
2021-01-01,Thies,Thiès,Maïs local,250.0,4
2021-01-01,Thies,Thiès,Mil,237.5,4
2021-01-01,Thies,Thiès,Niébé (haricot),300.0,4
2021-01-01,Thies,Thiès,Riz importé (brisé),350.0,4
2021-01-01,Thies,Thiès,Riz local,300.0,3
2021-01-01,Thies,Thiès,Sorgho,250.0,3
2021-01-01,Ziguinchor,Ziguinchor,Maïs local,300.0,1
2021-01-01,Ziguinchor,Ziguinchor,Mil,300.0,1
2021-01-01,Ziguinchor,Ziguinchor,Niébé (haricot),600.0,2
2021-01-01,Ziguinchor,Ziguinchor,Riz importé (brisé),325.0,1
2021-01-01,Ziguinchor,Ziguinchor,Sorgho,350.0,1
2021-02-01,Dakar,Dakar,Maïs importé,200.0,1
2021-02-01,Dakar,Dakar,Maïs local,187.5,2
2021-02-01,Dakar,Dakar,Mil,278.75,2
2021-02-01,Dakar,Dakar,Niébé (haricot),412.5,2
2021-02-01,Dakar,Dakar,Riz importé (brisé),300.0,2
2021-02-01,Dakar,Dakar,Riz local,350.0,1
2021-02-01,Dakar,Dakar,Sorgho,210.0,2
2021-02-01,Diourbel,Diourbel,Maïs importé,215.0,4
2021-02-01,Diourbel,Diourbel,Mil,230.0,4
2021-02-01,Diourbel,Diourbel,Niébé (haricot),362.5,4
2021-02-01,Diourbel,Diourbel,Riz importé (brisé),296.25,4
2021-02-01,Diourbel,Diourbel,Riz local,288.75,4
2021-02-01,Diourbel,Diourbel,Sorgho,206.25,2
2021-02-01,Fatick,Fatick,Maïs importé,225.0,2
2021-02-01,Fatick,Fatick,Maïs local,225.0,4
2021-02-01,Fatick,Fatick,Mil,225.0,5
2021-02-01,Fatick,Fatick,Niébé (haricot),450.0,5
2021-02-01,Fatick,Fatick,Riz importé (brisé),300.0,5
2021-02-01,Fatick,Fatick,Riz local,250.0,1
2021-02-01,Fatick,Fatick,Sorgho,300.0,2
2021-02-01,Kaffrine,Kaffrine,Maïs local,200.0,3
2021-02-01,Kaffrine,Kaffrine,Mil,195.0,3
2021-02-01,Kaffrine,Kaffrine,Niébé (haricot),500.0,3
2021-02-01,Kaffrine,Kaffrine,Riz importé (brisé),325.0,3
2021-02-01,Kaffrine,Kaffrine,Sorgho,212.5,2
2021-02-01,Kaolack,Kaolack,Maïs importé,186.25,1
2021-02-01,Kaolack,Kaolack,Maïs local,197.25,4
2021-02-01,Kaolack,Kaolack,Mil,200.125,4
2021-02-01,Kaolack,Kaolack,Niébé (haricot),487.5,4
2021-02-01,Kaolack,Kaolack,Riz importé (brisé),313.75,2
2021-02-01,Kaolack,Kaolack,Riz local,318.75,1
2021-02-01,Kaolack,Kaolack,Sorgho,233.33,3
2021-02-01,Kedougou,Kédougou,Maïs local,190.0,3
2021-02-01,Kedougou,Kédougou,Mil,315.0,3
2021-02-01,Kedougou,Kédougou,Niébé (haricot),532.33,3
2021-02-01,Kedougou,Kédougou,Riz importé (brisé),350.0,3
2021-02-01,Kedougou,Kédougou,Sorgho,300.0,1
2021-02-01,Kolda,Kolda,Maïs local,218.75,2
2021-02-01,Kolda,Kolda,Mil,255.0,3
2021-02-01,Kolda,Kolda,Niébé (haricot),600.0,3
2021-02-01,Kolda,Kolda,Riz importé (brisé),300.0,3
2021-02-01,Kolda,Kolda,Riz local,362.5,2
2021-02-01,Kolda,Kolda,Sorgho,212.5,3
2021-02-01,Louga,Louga,Maïs importé,185.0,2
2021-02-01,Louga,Louga,Maïs local,205.0,2
2021-02-01,Louga,Louga,Mil,287.5,2
2021-02-01,Louga,Louga,Niébé (haricot),370.0,2
2021-02-01,Louga,Louga,Riz importé (brisé),345.0,2
2021-02-01,Matam,Matam,Maïs importé,275.0,3
2021-02-01,Matam,Matam,Maïs local,300.0,2
2021-02-01,Matam,Matam,Mil,300.0,3
2021-02-01,Matam,Matam,Niébé (haricot),762.5,3
2021-02-01,Matam,Matam,Riz importé (brisé),300.0,3
2021-02-01,Matam,Matam,Riz local,350.0,3
2021-02-01,Matam,Matam,Sorgho,300.0,3
2021-02-01,Saint Louis,Saint-Louis,Maïs importé,231.25,2
2021-02-01,Saint Louis,Saint-Louis,Maïs local,256.25,2
2021-02-01,Saint Louis,Saint-Louis,Mil,300.0,2
2021-02-01,Saint Louis,Saint-Louis,Niébé (haricot),675.0,2
2021-02-01,Saint Louis,Saint-Louis,Riz importé (brisé),297.125,2
2021-02-01,Saint Louis,Saint-Louis,Riz local,281.25,2
2021-02-01,Sedhiou,Sédhiou,Maïs local,220.0,1
2021-02-01,Sedhiou,Sédhiou,Mil,255.0,1
2021-02-01,Sedhiou,Sédhiou,Niébé (haricot),625.0,1
2021-02-01,Sedhiou,Sédhiou,Riz importé (brisé),300.0,1
2021-02-01,Sedhiou,Sédhiou,Riz local,400.0,1
2021-02-01,Sedhiou,Sédhiou,Sorgho,300.0,1
2021-02-01,Tambacounda,Tambacounda,Maïs local,200.0,4
2021-02-01,Tambacounda,Tambacounda,Mil,237.5,4
2021-02-01,Tambacounda,Tambacounda,Niébé (haricot),550.0,4
2021-02-01,Tambacounda,Tambacounda,Riz importé (brisé),350.0,4
2021-02-01,Tambacounda,Tambacounda,Sorgho,200.0,2
2021-02-01,Thies,Thiès,Maïs importé,225.0,4
2021-02-01,Thies,Thiès,Maïs local,250.0,4
2021-02-01,Thies,Thiès,Mil,237.5,4
2021-02-01,Thies,Thiès,Niébé (haricot),300.0,4
2021-02-01,Thies,Thiès,Riz importé (brisé),350.0,4
2021-02-01,Thies,Thiès,Riz local,300.0,3
2021-02-01,Thies,Thiès,Sorgho,250.0,3
2021-02-01,Ziguinchor,Ziguinchor,Maïs local,300.0,1
2021-02-01,Ziguinchor,Ziguinchor,Mil,300.0,1
2021-02-01,Ziguinchor,Ziguinchor,Niébé (haricot),600.0,2
2021-02-01,Ziguinchor,Ziguinchor,Riz importé (brisé),325.0,1
2021-02-01,Ziguinchor,Ziguinchor,Sorgho,350.0,1
2021-03-01,Dakar,Dakar,Maïs importé,250.0,2
2021-03-01,Dakar,Dakar,Maïs local,200.0,1
2021-03-01,Dakar,Dakar,Mil,285.0,2
2021-03-01,Dakar,Dakar,Niébé (haricot),454.16499999999996,2
2021-03-01,Dakar,Dakar,Riz importé (brisé),300.0,2
2021-03-01,Dakar,Dakar,Riz local,350.0,1
2021-03-01,Dakar,Dakar,Sorgho,190.83499999999998,2
2021-03-01,Diourbel,Diourbel,Maïs importé,250.0,4
2021-03-01,Diourbel,Diourbel,Mil,235.0,4
2021-03-01,Diourbel,Diourbel,Niébé (haricot),375.0,4
2021-03-01,Diourbel,Diourbel,Riz importé (brisé),317.5,4
2021-03-01,Diourbel,Diourbel,Riz local,300.0,3
2021-03-01,Diourbel,Diourbel,Sorgho,237.5,2
2021-03-01,Fatick,Fatick,Maïs importé,250.0,3
2021-03-01,Fatick,Fatick,Maïs local,217.5,4
2021-03-01,Fatick,Fatick,Mil,225.0,7
2021-03-01,Fatick,Fatick,Niébé (haricot),600.0,6
2021-03-01,Fatick,Fatick,Riz importé (brisé),300.0,7
2021-03-01,Fatick,Fatick,Sorgho,225.0,5
2021-03-01,Kaffrine,Kaffrine,Maïs local,225.0,3
2021-03-01,Kaffrine,Kaffrine,Mil,225.0,3
2021-03-01,Kaffrine,Kaffrine,Niébé (haricot),550.0,3
2021-03-01,Kaffrine,Kaffrine,Riz importé (brisé),325.0,3
2021-03-01,Kaffrine,Kaffrine,Sorgho,225.0,3
2021-03-01,Kaolack,Kaolack,Maïs importé,220.0,3
2021-03-01,Kaolack,Kaolack,Maïs local,222.5,4
2021-03-01,Kaolack,Kaolack,Mil,224.16500000000002,4
2021-03-01,Kaolack,Kaolack,Niébé (haricot),525.0,4
2021-03-01,Kaolack,Kaolack,Riz importé (brisé),315.0,3
2021-03-01,Kaolack,Kaolack,Riz local,325.0,1
2021-03-01,Kaolack,Kaolack,Sorgho,236.25,3
2021-03-01,Kedougou,Kédougou,Maïs importé,225.0,1
2021-03-01,Kedougou,Kédougou,Maïs local,211.67,3
2021-03-01,Kedougou,Kédougou,Mil,330.0,3
2021-03-01,Kedougou,Kédougou,Niébé (haricot),608.33,3
2021-03-01,Kedougou,Kédougou,Riz importé (brisé),321.67,3
2021-03-01,Kedougou,Kédougou,Sorgho,316.25,2
2021-03-01,Kolda,Kolda,Maïs local,231.25,3
2021-03-01,Kolda,Kolda,Mil,262.5,3
2021-03-01,Kolda,Kolda,Niébé (haricot),600.0,3
2021-03-01,Kolda,Kolda,Riz importé (brisé),300.0,3
2021-03-01,Kolda,Kolda,Riz local,300.0,1
2021-03-01,Kolda,Kolda,Sorgho,250.0,3
2021-03-01,Louga,Louga,Maïs importé,200.0,2
2021-03-01,Louga,Louga,Maïs local,210.0,2
2021-03-01,Louga,Louga,Mil,251.25,2
2021-03-01,Louga,Louga,Niébé (haricot),392.5,2
2021-03-01,Louga,Louga,Riz importé (brisé),316.25,2
2021-03-01,Louga,Louga,Riz local,283.75,2
2021-03-01,Matam,Matam,Maïs importé,250.0,3
2021-03-01,Matam,Matam,Maïs local,300.0,2
2021-03-01,Matam,Matam,Mil,300.0,3
2021-03-01,Matam,Matam,Niébé (haricot),700.0,3
2021-03-01,Matam,Matam,Riz importé (brisé),300.0,3
2021-03-01,Matam,Matam,Riz local,300.0,3
2021-03-01,Matam,Matam,Sorgho,300.0,3
2021-03-01,Saint Louis,Saint-Louis,Maïs importé,225.0,2
2021-03-01,Saint Louis,Saint-Louis,Maïs local,262.5,2
2021-03-01,Saint Louis,Saint-Louis,Mil,300.0,2
2021-03-01,Saint Louis,Saint-Louis,Niébé (haricot),750.0,2
2021-03-01,Saint Louis,Saint-Louis,Riz importé (brisé),297.5,2
2021-03-01,Saint Louis,Saint-Louis,Riz local,312.5,2
2021-03-01,Sedhiou,Sédhiou,Maïs local,300.0,1
2021-03-01,Sedhiou,Sédhiou,Mil,300.0,1
2021-03-01,Sedhiou,Sédhiou,Niébé (haricot),700.0,1
2021-03-01,Sedhiou,Sédhiou,Riz importé (brisé),300.0,1
2021-03-01,Sedhiou,Sédhiou,Riz local,340.0,1
2021-03-01,Sedhiou,Sédhiou,Sorgho,400.0,1
2021-03-01,Tambacounda,Tambacounda,Maïs local,193.75,4
2021-03-01,Tambacounda,Tambacounda,Mil,228.125,4
2021-03-01,Tambacounda,Tambacounda,Niébé (haricot),450.0,4
2021-03-01,Tambacounda,Tambacounda,Riz importé (brisé),350.0,4
2021-03-01,Tambacounda,Tambacounda,Sorgho,208.33499999999998,2
2021-03-01,Thies,Thiès,Maïs importé,250.0,4
2021-03-01,Thies,Thiès,Maïs local,250.0,4
2021-03-01,Thies,Thiès,Mil,262.5,4
2021-03-01,Thies,Thiès,Niébé (haricot),398.75,4
2021-03-01,Thies,Thiès,Riz importé (brisé),300.0,4
2021-03-01,Thies,Thiès,Riz local,275.0,3
2021-03-01,Thies,Thiès,Sorgho,262.5,4
2021-03-01,Ziguinchor,Ziguinchor,Maïs local,281.25,2
2021-03-01,Ziguinchor,Ziguinchor,Mil,281.25,2
2021-03-01,Ziguinchor,Ziguinchor,Niébé (haricot),687.5,2
2021-03-01,Ziguinchor,Ziguinchor,Riz importé (brisé),331.25,2
2021-03-01,Ziguinchor,Ziguinchor,Riz local,400.0,1
2021-03-01,Ziguinchor,Ziguinchor,Sorgho,337.5,2
2021-04-01,Dakar,Dakar,Niébé (haricot),450.0,3
2021-04-01,Diourbel,Diourbel,Maïs importé,256.25,4
2021-04-01,Diourbel,Diourbel,Mil,247.5,4
2021-04-01,Diourbel,Diourbel,Niébé (haricot),350.0,4
2021-04-01,Diourbel,Diourbel,Riz importé (brisé),317.5,4
2021-04-01,Diourbel,Diourbel,Riz local,300.0,3
2021-04-01,Diourbel,Diourbel,Riz ordinaire 1re qual.,450.0,3
2021-04-01,Diourbel,Diourbel,Sorgho,225.0,3
2021-04-01,Fatick,Fatick,Maïs importé,237.5,4
2021-04-01,Fatick,Fatick,Maïs local,212.5,4
2021-04-01,Fatick,Fatick,Mil,230.0,7
2021-04-01,Fatick,Fatick,Niébé (haricot),600.0,5
2021-04-01,Fatick,Fatick,Riz importé (brisé),300.0,7
2021-04-01,Fatick,Fatick,Riz local,250.0,1
2021-04-01,Fatick,Fatick,Riz ordinaire 1re qual.,450.0,7
2021-04-01,Fatick,Fatick,Sorgho,212.5,6
2021-04-01,Kaffrine,Kaffrine,Maïs local,225.0,3
2021-04-01,Kaffrine,Kaffrine,Mil,230.0,3
2021-04-01,Kaffrine,Kaffrine,Niébé (haricot),525.0,3
2021-04-01,Kaffrine,Kaffrine,Riz importé (brisé),325.0,2
2021-04-01,Kaffrine,Kaffrine,Riz ordinaire 1re qual.,450.0,3
2021-04-01,Kaffrine,Kaffrine,Sorgho,225.0,2
2021-04-01,Kaolack,Kaolack,Maïs importé,225.0,3
2021-04-01,Kaolack,Kaolack,Maïs local,221.875,4
2021-04-01,Kaolack,Kaolack,Mil,215.625,4
2021-04-01,Kaolack,Kaolack,Niébé (haricot),571.43,4
2021-04-01,Kaolack,Kaolack,Riz importé (brisé),313.75,4
2021-04-01,Kaolack,Kaolack,Riz local,325.0,1
2021-04-01,Kaolack,Kaolack,Riz ordinaire 1re qual.,475.0,1
2021-04-01,Kaolack,Kaolack,Sorgho,250.0,1
2021-04-01,Kedougou,Kédougou,Maïs importé,250.0,1
2021-04-01,Kedougou,Kédougou,Maïs local,253.33,3
2021-04-01,Kedougou,Kédougou,Mil,333.33,3
2021-04-01,Kedougou,Kédougou,Niébé (haricot),716.67,3
2021-04-01,Kedougou,Kédougou,Riz importé (brisé),325.0,3
2021-04-01,Kedougou,Kédougou,Riz ordinaire 1re qual.,475.0,3
2021-04-01,Kedougou,Kédougou,Sorgho,316.66499999999996,2
2021-04-01,Kolda,Kolda,Maïs importé,230.0,1
2021-04-01,Kolda,Kolda,Maïs local,237.5,3
2021-04-01,Kolda,Kolda,Mil,275.0,3
2021-04-01,Kolda,Kolda,Niébé (haricot),600.0,3
2021-04-01,Kolda,Kolda,Riz importé (brisé),300.0,3
2021-04-01,Kolda,Kolda,Riz local,300.0,1
2021-04-01,Kolda,Kolda,Riz ordinaire 1re qual.,450.0,2
2021-04-01,Kolda,Kolda,Sorgho,250.0,3
2021-04-01,Louga,Louga,Maïs importé,213.75,2
2021-04-01,Louga,Louga,Maïs local,215.0,2
2021-04-01,Louga,Louga,Mil,267.5,2
2021-04-01,Louga,Louga,Niébé (haricot),390.0,2
2021-04-01,Louga,Louga,Riz importé (brisé),338.75,2
2021-04-01,Louga,Louga,Riz local,265.0,2
2021-04-01,Louga,Louga,Riz ordinaire 1re qual.,380.0,2
2021-04-01,Matam,Matam,Maïs importé,250.0,3
2021-04-01,Matam,Matam,Maïs local,275.0,2
2021-04-01,Matam,Matam,Mil,266.67,3
2021-04-01,Matam,Matam,Niébé (haricot),600.0,3
2021-04-01,Matam,Matam,Riz importé (brisé),325.0,3
2021-04-01,Matam,Matam,Riz local,300.0,3
2021-04-01,Matam,Matam,Riz ordinaire 1re qual.,500.0,3
2021-04-01,Matam,Matam,Sorgho,300.0,3
2021-04-01,Saint Louis,Saint-Louis,Maïs importé,225.0,2
2021-04-01,Saint Louis,Saint-Louis,Maïs local,262.5,2
2021-04-01,Saint Louis,Saint-Louis,Mil,300.0,2
2021-04-01,Saint Louis,Saint-Louis,Niébé (haricot),642.855,2
2021-04-01,Saint Louis,Saint-Louis,Riz importé (brisé),297.5,2
2021-04-01,Saint Louis,Saint-Louis,Riz local,312.5,2
2021-04-01,Saint Louis,Saint-Louis,Riz ordinaire 1re qual.,500.0,2
2021-04-01,Sedhiou,Sédhiou,Maïs local,300.0,1
2021-04-01,Sedhiou,Sédhiou,Mil,300.0,1
2021-04-01,Sedhiou,Sédhiou,Niébé (haricot),800.0,1
2021-04-01,Sedhiou,Sédhiou,Riz importé (brisé),300.0,1
2021-04-01,Sedhiou,Sédhiou,Riz ordinaire 1re qual.,450.0,1
2021-04-01,Tambacounda,Tambacounda,Maïs importé,350.0,1
2021-04-01,Tambacounda,Tambacounda,Maïs local,193.75,4
2021-04-01,Tambacounda,Tambacounda,Mil,225.0,4
2021-04-01,Tambacounda,Tambacounda,Niébé (haricot),475.0,4
2021-04-01,Tambacounda,Tambacounda,Riz importé (brisé),350.0,4
2021-04-01,Tambacounda,Tambacounda,Riz ordinaire 1re qual.,500.0,4
2021-04-01,Tambacounda,Tambacounda,Sorgho,187.5,1
2021-04-01,Thies,Thiès,Maïs importé,250.0,4
2021-04-01,Thies,Thiès,Maïs local,250.0,4
2021-04-01,Thies,Thiès,Mil,262.5,4
2021-04-01,Thies,Thiès,Niébé (haricot),412.5,4
2021-04-01,Thies,Thiès,Riz importé (brisé),300.0,4
2021-04-01,Thies,Thiès,Riz local,275.0,3
2021-04-01,Thies,Thiès,Riz ordinaire 1re qual.,400.0,2
2021-04-01,Thies,Thiès,Sorgho,250.0,4
2021-04-01,Ziguinchor,Ziguinchor,Maïs local,300.0,2
2021-04-01,Ziguinchor,Ziguinchor,Mil,281.25,2
2021-04-01,Ziguinchor,Ziguinchor,Niébé (haricot),650.0,2
2021-04-01,Ziguinchor,Ziguinchor,Riz importé (brisé),325.0,2
2021-04-01,Ziguinchor,Ziguinchor,Riz local,340.0,1
2021-04-01,Ziguinchor,Ziguinchor,Riz ordinaire 1re qual.,412.5,2
2021-04-01,Ziguinchor,Ziguinchor,Sorgho,325.0,2
2021-05-01,Dakar,Dakar,Maïs importé,225.0,3
2021-05-01,Dakar,Dakar,Mil,300.0,3
2021-05-01,Dakar,Dakar,Niébé (haricot),500.0,3
2021-05-01,Dakar,Dakar,Riz importé (brisé),300.0,3
2021-05-01,Dakar,Dakar,Riz local,350.0,2
2021-05-01,Dakar,Dakar,Riz ordinaire 1re qual.,350.0,3
2021-05-01,Dakar,Dakar,Sorgho,193.33499999999998,2
2021-05-01,Diourbel,Diourbel,Maïs importé,250.0,4
2021-05-01,Diourbel,Diourbel,Mil,240.0,4
2021-05-01,Diourbel,Diourbel,Niébé (haricot),425.0,4
2021-05-01,Diourbel,Diourbel,Riz importé (brisé),305.0,4
2021-05-01,Diourbel,Diourbel,Riz local,275.0,3
2021-05-01,Diourbel,Diourbel,Riz ordinaire 1re qual.,450.0,3
2021-05-01,Diourbel,Diourbel,Sorgho,300.0,3
2021-05-01,Fatick,Fatick,Maïs importé,250.0,4
2021-05-01,Fatick,Fatick,Maïs local,225.0,2
2021-05-01,Fatick,Fatick,Mil,250.0,5
2021-05-01,Fatick,Fatick,Niébé (haricot),550.0,5
2021-05-01,Fatick,Fatick,Riz importé (brisé),300.0,5
2021-05-01,Fatick,Fatick,Riz ordinaire 1re qual.,450.0,5
2021-05-01,Fatick,Fatick,Sorgho,247.5,4
2021-05-01,Kaffrine,Kaffrine,Maïs local,250.0,3
2021-05-01,Kaffrine,Kaffrine,Mil,300.0,3
2021-05-01,Kaffrine,Kaffrine,Niébé (haricot),550.0,3
2021-05-01,Kaffrine,Kaffrine,Riz importé (brisé),325.0,3
2021-05-01,Kaffrine,Kaffrine,Riz ordinaire 1re qual.,450.0,2
2021-05-01,Kaolack,Kaolack,Maïs importé,240.0,2
2021-05-01,Kaolack,Kaolack,Maïs local,225.0,3
2021-05-01,Kaolack,Kaolack,Mil,215.5,4
2021-05-01,Kaolack,Kaolack,Niébé (haricot),600.0,4
2021-05-01,Kaolack,Kaolack,Riz importé (brisé),322.0,3
2021-05-01,Kaolack,Kaolack,Riz local,325.0,1
2021-05-01,Kaolack,Kaolack,Riz ordinaire 1re qual.,462.5,2
2021-05-01,Kaolack,Kaolack,Sorgho,250.0,1
2021-05-01,Kedougou,Kédougou,Maïs importé,225.0,1
2021-05-01,Kedougou,Kédougou,Maïs local,225.0,3
2021-05-01,Kedougou,Kédougou,Mil,350.0,3
2021-05-01,Kedougou,Kédougou,Niébé (haricot),650.0,3
2021-05-01,Kedougou,Kédougou,Riz importé (brisé),325.0,3
2021-05-01,Kedougou,Kédougou,Riz local,350.0,1
2021-05-01,Kedougou,Kédougou,Riz ordinaire 1re qual.,475.0,3
2021-05-01,Kedougou,Kédougou,Sorgho,325.0,2
2021-05-01,Kolda,Kolda,Maïs local,190.0,1
2021-05-01,Kolda,Kolda,Mil,225.0,1
2021-05-01,Kolda,Kolda,Niébé (haricot),650.0,2
2021-05-01,Kolda,Kolda,Riz importé (brisé),300.0,1
2021-05-01,Kolda,Kolda,Riz local,325.0,1
2021-05-01,Kolda,Kolda,Riz ordinaire 1re qual.,450.0,1
2021-05-01,Kolda,Kolda,Sorgho,200.0,1
2021-05-01,Louga,Louga,Maïs importé,207.5,2
2021-05-01,Louga,Louga,Maïs local,215.0,2
2021-05-01,Louga,Louga,Mil,258.75,2
2021-05-01,Louga,Louga,Niébé (haricot),387.5,2
2021-05-01,Louga,Louga,Riz importé (brisé),312.5,2
2021-05-01,Louga,Louga,Riz local,290.0,2
2021-05-01,Louga,Louga,Riz ordinaire 1re qual.,380.0,2
2021-05-01,Matam,Matam,Maïs importé,250.0,3
2021-05-01,Matam,Matam,Maïs local,300.0,1
2021-05-01,Matam,Matam,Mil,250.0,3
2021-05-01,Matam,Matam,Niébé (haricot),725.0,3
2021-05-01,Matam,Matam,Riz importé (brisé),325.0,3
2021-05-01,Matam,Matam,Riz local,300.0,3
2021-05-01,Matam,Matam,Riz ordinaire 1re qual.,475.0,2
2021-05-01,Matam,Matam,Sorgho,300.0,3
2021-05-01,Saint Louis,Saint-Louis,Maïs importé,262.5,2
2021-05-01,Saint Louis,Saint-Louis,Maïs local,275.0,2
2021-05-01,Saint Louis,Saint-Louis,Mil,290.625,2
2021-05-01,Saint Louis,Saint-Louis,Niébé (haricot),562.5,2
2021-05-01,Saint Louis,Saint-Louis,Riz importé (brisé),297.5,2
2021-05-01,Saint Louis,Saint-Louis,Riz local,325.0,2
2021-05-01,Saint Louis,Saint-Louis,Riz ordinaire 1re qual.,500.0,2
2021-05-01,Tambacounda,Tambacounda,Maïs importé,200.0,2
2021-05-01,Tambacounda,Tambacounda,Maïs local,200.0,3
2021-05-01,Tambacounda,Tambacounda,Mil,224.16500000000002,4
2021-05-01,Tambacounda,Tambacounda,Niébé (haricot),450.0,3
2021-05-01,Tambacounda,Tambacounda,Riz importé (brisé),350.0,4
2021-05-01,Tambacounda,Tambacounda,Riz ordinaire 1re qual.,500.0,4
2021-05-01,Thies,Thiès,Maïs importé,250.0,4
2021-05-01,Thies,Thiès,Maïs local,250.0,3
2021-05-01,Thies,Thiès,Mil,261.5,4
2021-05-01,Thies,Thiès,Niébé (haricot),395.625,4
2021-05-01,Thies,Thiès,Riz importé (brisé),300.0,4
2021-05-01,Thies,Thiès,Riz local,275.0,3
2021-05-01,Thies,Thiès,Riz ordinaire 1re qual.,400.0,2
2021-05-01,Thies,Thiès,Sorgho,260.0,4
2021-05-01,Ziguinchor,Ziguinchor,Maïs local,275.0,1
2021-05-01,Ziguinchor,Ziguinchor,Mil,275.0,1
2021-05-01,Ziguinchor,Ziguinchor,Niébé (haricot),600.0,1
2021-05-01,Ziguinchor,Ziguinchor,Riz importé (brisé),325.0,1
2021-05-01,Ziguinchor,Ziguinchor,Riz ordinaire 1re qual.,450.0,1
2021-05-01,Ziguinchor,Ziguinchor,Sorgho,300.0,1
2021-06-01,Dakar,Dakar,Maïs importé,220.0,3
2021-06-01,Dakar,Dakar,Maïs local,200.0,1
2021-06-01,Dakar,Dakar,Mil,300.0,3
2021-06-01,Dakar,Dakar,Niébé (haricot),500.0,3
2021-06-01,Dakar,Dakar,Riz importé (brisé),300.0,3
2021-06-01,Dakar,Dakar,Riz local,350.0,3
2021-06-01,Dakar,Dakar,Riz ordinaire 1re qual.,350.0,3
2021-06-01,Dakar,Dakar,Sorgho,200.0,2
2021-06-01,Diourbel,Diourbel,Maïs importé,240.0,2
2021-06-01,Diourbel,Diourbel,Mil,257.5,2
2021-06-01,Diourbel,Diourbel,Niébé (haricot),400.0,2
2021-06-01,Diourbel,Diourbel,Riz importé (brisé),312.5,2
2021-06-01,Diourbel,Diourbel,Riz local,350.0,2
2021-06-01,Diourbel,Diourbel,Riz ordinaire 1re qual.,437.5,2
2021-06-01,Diourbel,Diourbel,Sorgho,300.0,1
2021-06-01,Fatick,Fatick,Maïs importé,250.0,4
2021-06-01,Fatick,Fatick,Maïs local,250.0,3
2021-06-01,Fatick,Fatick,Mil,240.0,6
2021-06-01,Fatick,Fatick,Niébé (haricot),600.0,6
2021-06-01,Fatick,Fatick,Riz importé (brisé),300.0,6
2021-06-01,Fatick,Fatick,Riz local,275.0,1
2021-06-01,Fatick,Fatick,Riz ordinaire 1re qual.,450.0,6
2021-06-01,Fatick,Fatick,Sorgho,270.0,5
2021-06-01,Kaffrine,Kaffrine,Maïs local,250.0,3
2021-06-01,Kaffrine,Kaffrine,Mil,250.0,3
2021-06-01,Kaffrine,Kaffrine,Niébé (haricot),533.33,3
2021-06-01,Kaffrine,Kaffrine,Riz importé (brisé),325.0,3
2021-06-01,Kaffrine,Kaffrine,Riz ordinaire 1re qual.,450.0,2
2021-06-01,Kaolack,Kaolack,Maïs importé,240.83499999999998,2
2021-06-01,Kaolack,Kaolack,Maïs local,226.66500000000002,2
2021-06-01,Kaolack,Kaolack,Mil,210.0,4
2021-06-01,Kaolack,Kaolack,Niébé (haricot),600.0,4
2021-06-01,Kaolack,Kaolack,Riz importé (brisé),325.0,3
2021-06-01,Kaolack,Kaolack,Riz local,325.0,1
2021-06-01,Kaolack,Kaolack,Riz ordinaire 1re qual.,462.5,2
2021-06-01,Kaolack,Kaolack,Sorgho,220.0,1
2021-06-01,Kedougou,Kédougou,Maïs importé,200.0,1
2021-06-01,Kedougou,Kédougou,Maïs local,200.0,3
2021-06-01,Kedougou,Kédougou,Mil,325.0,3
2021-06-01,Kedougou,Kédougou,Niébé (haricot),700.0,3
2021-06-01,Kedougou,Kédougou,Riz importé (brisé),310.0,3
2021-06-01,Kedougou,Kédougou,Riz ordinaire 1re qual.,460.0,3
2021-06-01,Kedougou,Kédougou,Sorgho,325.0,3
2021-06-01,Kolda,Kolda,Maïs importé,220.0,1
2021-06-01,Kolda,Kolda,Maïs local,237.5,2
2021-06-01,Kolda,Kolda,Mil,281.25,3
2021-06-01,Kolda,Kolda,Niébé (haricot),600.0,3
2021-06-01,Kolda,Kolda,Riz importé (brisé),300.0,3
2021-06-01,Kolda,Kolda,Riz local,325.0,1
2021-06-01,Kolda,Kolda,Riz ordinaire 1re qual.,450.0,3
2021-06-01,Kolda,Kolda,Sorgho,250.0,3
2021-06-01,Louga,Louga,Maïs importé,215.0,2
2021-06-01,Louga,Louga,Maïs local,220.0,2
2021-06-01,Louga,Louga,Mil,267.5,2
2021-06-01,Louga,Louga,Niébé (haricot),390.0,2
2021-06-01,Louga,Louga,Riz importé (brisé),312.5,2
2021-06-01,Louga,Louga,Riz local,287.5,2
2021-06-01,Louga,Louga,Riz ordinaire 1re qual.,380.0,2
2021-06-01,Matam,Matam,Maïs importé,250.0,3
2021-06-01,Matam,Matam,Maïs local,250.0,2
2021-06-01,Matam,Matam,Mil,250.0,3
2021-06-01,Matam,Matam,Niébé (haricot),800.0,3
2021-06-01,Matam,Matam,Riz importé (brisé),325.0,3
2021-06-01,Matam,Matam,Riz local,300.0,3
2021-06-01,Matam,Matam,Riz ordinaire 1re qual.,500.0,3
2021-06-01,Matam,Matam,Sorgho,300.0,3
2021-06-01,Saint Louis,Saint-Louis,Maïs importé,237.5,2
2021-06-01,Saint Louis,Saint-Louis,Maïs local,250.0,1
2021-06-01,Saint Louis,Saint-Louis,Mil,300.0,2
2021-06-01,Saint Louis,Saint-Louis,Niébé (haricot),606.25,2
2021-06-01,Saint Louis,Saint-Louis,Riz importé (brisé),297.5,2
2021-06-01,Saint Louis,Saint-Louis,Riz local,311.25,2
2021-06-01,Saint Louis,Saint-Louis,Riz ordinaire 1re qual.,500.0,2
2021-06-01,Sedhiou,Sédhiou,Maïs local,210.0,1
2021-06-01,Sedhiou,Sédhiou,Mil,200.0,1
2021-06-01,Sedhiou,Sédhiou,Niébé (haricot),650.0,1
2021-06-01,Sedhiou,Sédhiou,Riz importé (brisé),325.0,1
2021-06-01,Sedhiou,Sédhiou,Riz ordinaire 1re qual.,450.0,1
2021-06-01,Tambacounda,Tambacounda,Maïs local,187.5,4
2021-06-01,Tambacounda,Tambacounda,Mil,225.0,4
2021-06-01,Tambacounda,Tambacounda,Niébé (haricot),500.0,3
2021-06-01,Tambacounda,Tambacounda,Riz importé (brisé),350.0,4
2021-06-01,Tambacounda,Tambacounda,Riz ordinaire 1re qual.,500.0,4
2021-06-01,Thies,Thiès,Maïs importé,250.0,4
2021-06-01,Thies,Thiès,Maïs local,250.0,2
2021-06-01,Thies,Thiès,Mil,262.5,4
2021-06-01,Thies,Thiès,Niébé (haricot),381.25,4
2021-06-01,Thies,Thiès,Riz importé (brisé),300.0,4
2021-06-01,Thies,Thiès,Riz local,281.25,3
2021-06-01,Thies,Thiès,Riz ordinaire 1re qual.,400.0,2
2021-06-01,Thies,Thiès,Sorgho,250.0,4
2021-06-01,Ziguinchor,Ziguinchor,Maïs local,291.66499999999996,2
2021-06-01,Ziguinchor,Ziguinchor,Mil,266.66499999999996,2
2021-06-01,Ziguinchor,Ziguinchor,Niébé (haricot),666.665,2
2021-06-01,Ziguinchor,Ziguinchor,Riz importé (brisé),325.0,2
2021-06-01,Ziguinchor,Ziguinchor,Riz ordinaire 1re qual.,450.0,2
2021-06-01,Ziguinchor,Ziguinchor,Sorgho,325.0,2
2021-07-01,Dakar,Dakar,Maïs importé,205.0,2
2021-07-01,Dakar,Dakar,Mil,237.5,2
2021-07-01,Dakar,Dakar,Niébé (haricot),412.5,2
2021-07-01,Dakar,Dakar,Riz importé (brisé),300.0,2
2021-07-01,Dakar,Dakar,Riz local,350.0,2
2021-07-01,Dakar,Dakar,Riz ordinaire 1re qual.,350.0,2
2021-07-01,Dakar,Dakar,Sorgho,212.5,2
2021-07-01,Diourbel,Diourbel,Maïs importé,275.0,3
2021-07-01,Diourbel,Diourbel,Mil,235.0,3
2021-07-01,Diourbel,Diourbel,Niébé (haricot),350.0,3
2021-07-01,Diourbel,Diourbel,Riz importé (brisé),275.0,3
2021-07-01,Diourbel,Diourbel,Riz local,255.0,2
2021-07-01,Diourbel,Diourbel,Riz ordinaire 1re qual.,450.0,2
2021-07-01,Diourbel,Diourbel,Sorgho,225.0,3
2021-07-01,Fatick,Fatick,Maïs importé,250.0,5
2021-07-01,Fatick,Fatick,Maïs local,225.0,2
2021-07-01,Fatick,Fatick,Mil,250.0,6
2021-07-01,Fatick,Fatick,Niébé (haricot),600.0,6
2021-07-01,Fatick,Fatick,Riz importé (brisé),300.0,6
2021-07-01,Fatick,Fatick,Riz local,280.0,1
2021-07-01,Fatick,Fatick,Riz ordinaire 1re qual.,450.0,6
2021-07-01,Fatick,Fatick,Sorgho,270.0,5
2021-07-01,Kaffrine,Kaffrine,Maïs local,250.0,2
2021-07-01,Kaffrine,Kaffrine,Mil,250.0,2
2021-07-01,Kaffrine,Kaffrine,Niébé (haricot),575.0,2
2021-07-01,Kaffrine,Kaffrine,Riz importé (brisé),325.0,2
2021-07-01,Kaffrine,Kaffrine,Riz ordinaire 1re qual.,450.0,1
2021-07-01,Kaolack,Kaolack,Maïs importé,245.665,2
2021-07-01,Kaolack,Kaolack,Maïs local,243.33,3
2021-07-01,Kaolack,Kaolack,Mil,210.0,4
2021-07-01,Kaolack,Kaolack,Niébé (haricot),600.0,4
2021-07-01,Kaolack,Kaolack,Riz importé (brisé),330.0,3
2021-07-01,Kaolack,Kaolack,Riz local,325.0,1
2021-07-01,Kaolack,Kaolack,Riz ordinaire 1re qual.,462.5,2
2021-07-01,Kaolack,Kaolack,Sorgho,218.33,1
2021-07-01,Kedougou,Kédougou,Maïs importé,250.0,1
2021-07-01,Kedougou,Kédougou,Maïs local,341.67,3
2021-07-01,Kedougou,Kédougou,Mil,325.0,3
2021-07-01,Kedougou,Kédougou,Niébé (haricot),716.67,3
2021-07-01,Kedougou,Kédougou,Riz importé (brisé),325.0,3
2021-07-01,Kedougou,Kédougou,Riz local,350.0,1
2021-07-01,Kedougou,Kédougou,Riz ordinaire 1re qual.,458.33,3
2021-07-01,Kedougou,Kédougou,Sorgho,325.0,2
2021-07-01,Kolda,Kolda,Maïs local,237.5,2
2021-07-01,Kolda,Kolda,Mil,262.5,2
2021-07-01,Kolda,Kolda,Niébé (haricot),600.0,2
2021-07-01,Kolda,Kolda,Riz importé (brisé),300.0,2
2021-07-01,Kolda,Kolda,Riz ordinaire 1re qual.,450.0,2
2021-07-01,Kolda,Kolda,Sorgho,262.5,2
2021-07-01,Louga,Louga,Maïs importé,216.25,2
2021-07-01,Louga,Louga,Maïs local,216.25,2
2021-07-01,Louga,Louga,Mil,277.5,2
2021-07-01,Louga,Louga,Niébé (haricot),406.25,2
2021-07-01,Louga,Louga,Riz importé (brisé),346.25,2
2021-07-01,Louga,Louga,Riz local,255.0,2
2021-07-01,Louga,Louga,Riz ordinaire 1re qual.,400.0,2
2021-07-01,Matam,Matam,Maïs importé,250.0,3
2021-07-01,Matam,Matam,Maïs local,250.0,2
2021-07-01,Matam,Matam,Mil,250.0,3
2021-07-01,Matam,Matam,Niébé (haricot),800.0,3
2021-07-01,Matam,Matam,Riz importé (brisé),300.0,3
2021-07-01,Matam,Matam,Riz local,300.0,3
2021-07-01,Matam,Matam,Riz ordinaire 1re qual.,450.0,2
2021-07-01,Matam,Matam,Sorgho,300.0,3
2021-07-01,Saint Louis,Saint-Louis,Maïs importé,237.5,2
2021-07-01,Saint Louis,Saint-Louis,Maïs local,250.0,1
2021-07-01,Saint Louis,Saint-Louis,Mil,300.0,2
2021-07-01,Saint Louis,Saint-Louis,Riz importé (brisé),297.5,2
2021-07-01,Saint Louis,Saint-Louis,Riz local,287.5,2
2021-07-01,Saint Louis,Saint-Louis,Riz ordinaire 1re qual.,500.0,2
2021-07-01,Tambacounda,Tambacounda,Maïs importé,200.0,1
2021-07-01,Tambacounda,Tambacounda,Maïs local,212.5,4
2021-07-01,Tambacounda,Tambacounda,Mil,225.0,4
2021-07-01,Tambacounda,Tambacounda,Niébé (haricot),450.0,3
2021-07-01,Tambacounda,Tambacounda,Riz importé (brisé),350.0,3
2021-07-01,Tambacounda,Tambacounda,Riz ordinaire 1re qual.,500.0,4
2021-07-01,Thies,Thiès,Maïs importé,250.0,4
2021-07-01,Thies,Thiès,Maïs local,250.0,2
2021-07-01,Thies,Thiès,Mil,268.75,4
2021-07-01,Thies,Thiès,Niébé (haricot),425.0,4
2021-07-01,Thies,Thiès,Riz importé (brisé),300.0,4
2021-07-01,Thies,Thiès,Riz local,300.0,4
2021-07-01,Thies,Thiès,Riz ordinaire 1re qual.,400.0,2
2021-07-01,Thies,Thiès,Sorgho,250.0,4
2021-07-01,Ziguinchor,Ziguinchor,Maïs local,300.0,1
2021-07-01,Ziguinchor,Ziguinchor,Mil,275.0,1
2021-07-01,Ziguinchor,Ziguinchor,Niébé (haricot),600.0,1
2021-07-01,Ziguinchor,Ziguinchor,Riz importé (brisé),325.0,1
2021-07-01,Ziguinchor,Ziguinchor,Riz ordinaire 1re qual.,450.0,1
2021-07-01,Ziguinchor,Ziguinchor,Sorgho,300.0,1
2021-08-01,Dakar,Dakar,Maïs importé,210.0,2
2021-08-01,Dakar,Dakar,Mil,250.0,1
2021-08-01,Dakar,Dakar,Riz importé (brisé),300.0,2
2021-08-01,Dakar,Dakar,Riz local,350.0,2
2021-08-01,Dakar,Dakar,Riz ordinaire 1re qual.,350.0,2
2021-08-01,Dakar,Dakar,Sorgho,225.0,2
2021-08-01,Diourbel,Diourbel,Maïs importé,250.0,4
2021-08-01,Diourbel,Diourbel,Maïs local,250.0,1
2021-08-01,Diourbel,Diourbel,Mil,275.0,4
2021-08-01,Diourbel,Diourbel,Niébé (haricot),387.5,4
2021-08-01,Diourbel,Diourbel,Riz importé (brisé),300.0,4
2021-08-01,Diourbel,Diourbel,Riz local,275.0,3
2021-08-01,Diourbel,Diourbel,Riz ordinaire 1re qual.,450.0,3
2021-08-01,Diourbel,Diourbel,Sorgho,275.0,4
2021-08-01,Fatick,Fatick,Maïs importé,250.0,2
2021-08-01,Fatick,Fatick,Maïs local,250.0,1
2021-08-01,Fatick,Fatick,Mil,250.0,5
2021-08-01,Fatick,Fatick,Niébé (haricot),500.0,2
2021-08-01,Fatick,Fatick,Riz importé (brisé),337.5,4
2021-08-01,Fatick,Fatick,Riz local,350.0,1
2021-08-01,Fatick,Fatick,Riz ordinaire 1re qual.,450.0,5
2021-08-01,Fatick,Fatick,Sorgho,237.5,4
2021-08-01,Kaffrine,Kaffrine,Maïs local,250.0,2
2021-08-01,Kaffrine,Kaffrine,Mil,250.0,2
2021-08-01,Kaffrine,Kaffrine,Riz importé (brisé),325.0,2
2021-08-01,Kaffrine,Kaffrine,Riz ordinaire 1re qual.,450.0,1
2021-08-01,Kaolack,Kaolack,Maïs importé,242.5,2
2021-08-01,Kaolack,Kaolack,Maïs local,265.0,3
2021-08-01,Kaolack,Kaolack,Mil,222.5,4
2021-08-01,Kaolack,Kaolack,Niébé (haricot),600.0,3
2021-08-01,Kaolack,Kaolack,Riz importé (brisé),340.0,3
2021-08-01,Kaolack,Kaolack,Riz local,300.0,1
2021-08-01,Kaolack,Kaolack,Riz ordinaire 1re qual.,462.5,2
2021-08-01,Kaolack,Kaolack,Sorgho,235.0,1
2021-08-01,Kedougou,Kédougou,Maïs importé,265.0,1
2021-08-01,Kedougou,Kédougou,Maïs local,262.5,2
2021-08-01,Kedougou,Kédougou,Mil,317.5,2
2021-08-01,Kedougou,Kédougou,Niébé (haricot),800.0,3
2021-08-01,Kedougou,Kédougou,Riz importé (brisé),320.0,2
2021-08-01,Kedougou,Kédougou,Riz ordinaire 1re qual.,440.0,2
2021-08-01,Kedougou,Kédougou,Sorgho,310.0,1
2021-08-01,Kolda,Kolda,Maïs local,237.5,2
2021-08-01,Kolda,Kolda,Mil,262.5,2
2021-08-01,Kolda,Kolda,Niébé (haricot),550.0,2
2021-08-01,Kolda,Kolda,Riz importé (brisé),300.0,2
2021-08-01,Kolda,Kolda,Riz ordinaire 1re qual.,450.0,2
2021-08-01,Kolda,Kolda,Sorgho,250.0,2
2021-08-01,Louga,Louga,Maïs importé,215.0,2
2021-08-01,Louga,Louga,Maïs local,253.75,2
2021-08-01,Louga,Louga,Mil,277.5,2
2021-08-01,Louga,Louga,Niébé (haricot),375.0,2
2021-08-01,Louga,Louga,Riz importé (brisé),345.0,2
2021-08-01,Louga,Louga,Riz local,300.0,2
2021-08-01,Louga,Louga,Riz ordinaire 1re qual.,433.75,2
2021-08-01,Matam,Matam,Maïs importé,250.0,3
2021-08-01,Matam,Matam,Maïs local,275.0,2
2021-08-01,Matam,Matam,Mil,250.0,3
2021-08-01,Matam,Matam,Niébé (haricot),800.0,2
2021-08-01,Matam,Matam,Riz importé (brisé),325.0,3
2021-08-01,Matam,Matam,Riz local,300.0,3
2021-08-01,Matam,Matam,Riz ordinaire 1re qual.,475.0,2
2021-08-01,Matam,Matam,Sorgho,300.0,3
2021-08-01,Saint Louis,Saint-Louis,Maïs importé,250.0,2
2021-08-01,Saint Louis,Saint-Louis,Maïs local,250.0,1
2021-08-01,Saint Louis,Saint-Louis,Mil,300.0,2
2021-08-01,Saint Louis,Saint-Louis,Niébé (haricot),733.335,2
2021-08-01,Saint Louis,Saint-Louis,Riz importé (brisé),297.5,2
2021-08-01,Saint Louis,Saint-Louis,Riz local,382.5,2
2021-08-01,Saint Louis,Saint-Louis,Riz ordinaire 1re qual.,500.0,2
2021-08-01,Tambacounda,Tambacounda,Maïs importé,225.0,1
2021-08-01,Tambacounda,Tambacounda,Maïs local,217.5,4
2021-08-01,Tambacounda,Tambacounda,Mil,230.0,4
2021-08-01,Tambacounda,Tambacounda,Niébé (haricot),504.165,4
2021-08-01,Tambacounda,Tambacounda,Riz importé (brisé),350.0,3
2021-08-01,Tambacounda,Tambacounda,Riz ordinaire 1re qual.,500.0,4
2021-08-01,Thies,Thiès,Maïs importé,250.0,4
2021-08-01,Thies,Thiès,Maïs local,245.0,2
2021-08-01,Thies,Thiès,Mil,250.0,4
2021-08-01,Thies,Thiès,Niébé (haricot),425.0,4
2021-08-01,Thies,Thiès,Riz importé (brisé),300.0,4
2021-08-01,Thies,Thiès,Riz local,300.0,3
2021-08-01,Thies,Thiès,Riz ordinaire 1re qual.,450.0,2
2021-08-01,Thies,Thiès,Sorgho,250.0,3
2021-08-01,Ziguinchor,Ziguinchor,Maïs local,300.0,1
2021-08-01,Ziguinchor,Ziguinchor,Mil,300.0,1
2021-08-01,Ziguinchor,Ziguinchor,Niébé (haricot),650.0,2
2021-08-01,Ziguinchor,Ziguinchor,Riz importé (brisé),325.0,1
2021-08-01,Ziguinchor,Ziguinchor,Riz ordinaire 1re qual.,450.0,1
2021-08-01,Ziguinchor,Ziguinchor,Sorgho,300.0,1
2021-09-01,Dakar,Dakar,Maïs importé,210.0,2
2021-09-01,Dakar,Dakar,Mil,250.0,2
2021-09-01,Dakar,Dakar,Niébé (haricot),500.0,1
2021-09-01,Dakar,Dakar,Riz importé (brisé),300.0,2
2021-09-01,Dakar,Dakar,Riz local,350.0,2
2021-09-01,Dakar,Dakar,Riz ordinaire 1re qual.,350.0,2
2021-09-01,Dakar,Dakar,Sorgho,225.0,1
2021-09-01,Diourbel,Diourbel,Maïs importé,250.0,4
2021-09-01,Diourbel,Diourbel,Maïs local,250.0,1
2021-09-01,Diourbel,Diourbel,Mil,300.0,3
2021-09-01,Diourbel,Diourbel,Niébé (haricot),450.0,1
2021-09-01,Diourbel,Diourbel,Riz importé (brisé),325.0,4
2021-09-01,Diourbel,Diourbel,Riz local,300.0,3
2021-09-01,Diourbel,Diourbel,Riz ordinaire 1re qual.,450.0,3
2021-09-01,Diourbel,Diourbel,Sorgho,287.5,4
2021-09-01,Fatick,Fatick,Maïs importé,250.0,2
2021-09-01,Fatick,Fatick,Maïs local,250.0,1
2021-09-01,Fatick,Fatick,Mil,250.0,5
2021-09-01,Fatick,Fatick,Niébé (haricot),475.0,2
2021-09-01,Fatick,Fatick,Riz importé (brisé),337.5,4
2021-09-01,Fatick,Fatick,Riz local,350.0,1
2021-09-01,Fatick,Fatick,Riz ordinaire 1re qual.,450.0,5
2021-09-01,Fatick,Fatick,Sorgho,237.5,4
2021-09-01,Kaffrine,Kaffrine,Maïs local,265.0,3
2021-09-01,Kaffrine,Kaffrine,Mil,247.5,2
2021-09-01,Kaffrine,Kaffrine,Niébé (haricot),562.5,2
2021-09-01,Kaffrine,Kaffrine,Riz importé (brisé),350.0,3
2021-09-01,Kaffrine,Kaffrine,Riz ordinaire 1re qual.,450.0,2
2021-09-01,Kaolack,Kaolack,Maïs importé,247.5,2
2021-09-01,Kaolack,Kaolack,Maïs local,260.0,3
2021-09-01,Kaolack,Kaolack,Mil,215.0,3
2021-09-01,Kaolack,Kaolack,Niébé (haricot),375.0,1
2021-09-01,Kaolack,Kaolack,Riz importé (brisé),350.0,4
2021-09-01,Kaolack,Kaolack,Riz local,300.0,1
2021-09-01,Kaolack,Kaolack,Riz ordinaire 1re qual.,450.0,2
2021-09-01,Kaolack,Kaolack,Sorgho,235.0,1
2021-09-01,Kedougou,Kédougou,Maïs importé,265.0,1
2021-09-01,Kedougou,Kédougou,Maïs local,262.5,2
2021-09-01,Kedougou,Kédougou,Mil,312.5,2
2021-09-01,Kedougou,Kédougou,Niébé (haricot),850.0,2
2021-09-01,Kedougou,Kédougou,Riz importé (brisé),337.5,2
2021-09-01,Kedougou,Kédougou,Riz ordinaire 1re qual.,462.5,2
2021-09-01,Kedougou,Kédougou,Sorgho,300.0,1
2021-09-01,Kolda,Kolda,Maïs local,250.0,2
2021-09-01,Kolda,Kolda,Mil,275.0,2
2021-09-01,Kolda,Kolda,Niébé (haricot),600.0,2
2021-09-01,Kolda,Kolda,Riz importé (brisé),337.5,2
2021-09-01,Kolda,Kolda,Riz ordinaire 1re qual.,475.0,2
2021-09-01,Kolda,Kolda,Sorgho,262.5,2
2021-09-01,Louga,Louga,Maïs importé,215.0,2
2021-09-01,Louga,Louga,Maïs local,215.0,2
2021-09-01,Louga,Louga,Mil,277.5,2
2021-09-01,Louga,Louga,Riz importé (brisé),352.5,2
2021-09-01,Louga,Louga,Riz local,300.0,2
2021-09-01,Louga,Louga,Riz ordinaire 1re qual.,430.0,2
2021-09-01,Matam,Matam,Maïs importé,275.0,3
2021-09-01,Matam,Matam,Maïs local,287.5,2
2021-09-01,Matam,Matam,Mil,300.0,3
2021-09-01,Matam,Matam,Niébé (haricot),700.0,1
2021-09-01,Matam,Matam,Riz importé (brisé),350.0,3
2021-09-01,Matam,Matam,Riz local,300.0,3
2021-09-01,Matam,Matam,Riz ordinaire 1re qual.,475.0,2
2021-09-01,Matam,Matam,Sorgho,300.0,3
2021-09-01,Saint Louis,Saint-Louis,Maïs importé,250.0,2
2021-09-01,Saint Louis,Saint-Louis,Maïs local,250.0,1
2021-09-01,Saint Louis,Saint-Louis,Mil,312.5,2
2021-09-01,Saint Louis,Saint-Louis,Niébé (haricot),650.0,2
2021-09-01,Saint Louis,Saint-Louis,Riz importé (brisé),300.0,2
2021-09-01,Saint Louis,Saint-Louis,Riz local,300.0,2
2021-09-01,Saint Louis,Saint-Louis,Riz ordinaire 1re qual.,500.0,2
2021-09-01,Tambacounda,Tambacounda,Maïs importé,225.0,1
2021-09-01,Tambacounda,Tambacounda,Maïs local,237.5,4
2021-09-01,Tambacounda,Tambacounda,Mil,237.5,4
2021-09-01,Tambacounda,Tambacounda,Niébé (haricot),600.0,3
2021-09-01,Tambacounda,Tambacounda,Riz importé (brisé),350.0,4
2021-09-01,Tambacounda,Tambacounda,Riz ordinaire 1re qual.,500.0,4
2021-09-01,Thies,Thiès,Maïs importé,250.0,4
2021-09-01,Thies,Thiès,Maïs local,257.5,2
2021-09-01,Thies,Thiès,Mil,275.0,4
2021-09-01,Thies,Thiès,Niébé (haricot),442.5,4
2021-09-01,Thies,Thiès,Riz importé (brisé),315.0,4
2021-09-01,Thies,Thiès,Riz local,300.0,3
2021-09-01,Thies,Thiès,Riz ordinaire 1re qual.,415.0,2
2021-09-01,Thies,Thiès,Sorgho,250.0,3
2021-09-01,Ziguinchor,Ziguinchor,Maïs local,300.0,1
2021-09-01,Ziguinchor,Ziguinchor,Mil,300.0,1
2021-09-01,Ziguinchor,Ziguinchor,Niébé (haricot),650.0,2
2021-09-01,Ziguinchor,Ziguinchor,Riz importé (brisé),325.0,1
2021-09-01,Ziguinchor,Ziguinchor,Riz ordinaire 1re qual.,450.0,1
2021-09-01,Ziguinchor,Ziguinchor,Sorgho,300.0,1
2021-10-01,Dakar,Dakar,Maïs importé,187.5,2
2021-10-01,Dakar,Dakar,Mil,275.0,2
2021-10-01,Dakar,Dakar,Niébé (haricot),550.0,2
2021-10-01,Dakar,Dakar,Riz importé (brisé),300.0,2
2021-10-01,Dakar,Dakar,Riz local,350.0,2
2021-10-01,Dakar,Dakar,Riz ordinaire 1re qual.,350.0,2
2021-10-01,Dakar,Dakar,Sorgho,237.5,2
2021-10-01,Diourbel,Diourbel,Maïs importé,275.0,4
2021-10-01,Diourbel,Diourbel,Maïs local,240.0,1
2021-10-01,Diourbel,Diourbel,Mil,250.0,4
2021-10-01,Diourbel,Diourbel,Niébé (haricot),562.5,2
2021-10-01,Diourbel,Diourbel,Riz importé (brisé),337.5,4
2021-10-01,Diourbel,Diourbel,Riz local,300.0,3
2021-10-01,Diourbel,Diourbel,Riz ordinaire 1re qual.,450.0,3
2021-10-01,Diourbel,Diourbel,Sorgho,300.0,4
2021-10-01,Fatick,Fatick,Maïs importé,275.0,3
2021-10-01,Fatick,Fatick,Maïs local,275.0,1
2021-10-01,Fatick,Fatick,Mil,235.0,5
2021-10-01,Fatick,Fatick,Niébé (haricot),550.0,4
2021-10-01,Fatick,Fatick,Riz importé (brisé),350.0,4
2021-10-01,Fatick,Fatick,Riz local,350.0,1
2021-10-01,Fatick,Fatick,Riz ordinaire 1re qual.,450.0,5
2021-10-01,Fatick,Fatick,Sorgho,237.5,4
2021-10-01,Kaffrine,Kaffrine,Maïs local,290.0,3
2021-10-01,Kaffrine,Kaffrine,Mil,225.0,2
2021-10-01,Kaffrine,Kaffrine,Niébé (haricot),400.0,3
2021-10-01,Kaffrine,Kaffrine,Riz importé (brisé),325.0,3
2021-10-01,Kaffrine,Kaffrine,Riz ordinaire 1re qual.,450.0,2
2021-10-01,Kaolack,Kaolack,Maïs importé,260.0,2
2021-10-01,Kaolack,Kaolack,Maïs local,290.0,3
2021-10-01,Kaolack,Kaolack,Mil,220.0,3
2021-10-01,Kaolack,Kaolack,Niébé (haricot),362.5,2
2021-10-01,Kaolack,Kaolack,Riz importé (brisé),350.0,3
2021-10-01,Kaolack,Kaolack,Riz local,350.0,1
2021-10-01,Kaolack,Kaolack,Riz ordinaire 1re qual.,520.0,2
2021-10-01,Kaolack,Kaolack,Sorgho,260.0,1
2021-10-01,Kedougou,Kédougou,Maïs importé,250.0,1
2021-10-01,Kedougou,Kédougou,Maïs local,262.5,2
2021-10-01,Kedougou,Kédougou,Mil,312.5,2
2021-10-01,Kedougou,Kédougou,Niébé (haricot),800.0,3
2021-10-01,Kedougou,Kédougou,Riz importé (brisé),337.5,2
2021-10-01,Kedougou,Kédougou,Riz ordinaire 1re qual.,462.5,2
2021-10-01,Kedougou,Kédougou,Sorgho,300.0,1
2021-10-01,Kolda,Kolda,Maïs local,250.0,2
2021-10-01,Kolda,Kolda,Mil,275.0,2
2021-10-01,Kolda,Kolda,Riz importé (brisé),337.5,2
2021-10-01,Kolda,Kolda,Riz ordinaire 1re qual.,475.0,2
2021-10-01,Kolda,Kolda,Sorgho,262.5,2
2021-10-01,Louga,Louga,Maïs importé,227.5,2
2021-10-01,Louga,Louga,Maïs local,235.0,2
2021-10-01,Louga,Louga,Mil,287.5,2
2021-10-01,Louga,Louga,Niébé (haricot),350.0,1
2021-10-01,Louga,Louga,Riz importé (brisé),440.0,2
2021-10-01,Louga,Louga,Riz local,300.0,2
2021-10-01,Louga,Louga,Riz ordinaire 1re qual.,437.5,2
2021-10-01,Matam,Matam,Maïs importé,275.0,3
2021-10-01,Matam,Matam,Maïs local,287.5,2
2021-10-01,Matam,Matam,Mil,300.0,3
2021-10-01,Matam,Matam,Niébé (haricot),700.0,2
2021-10-01,Matam,Matam,Riz importé (brisé),350.0,3
2021-10-01,Matam,Matam,Riz local,300.0,3
2021-10-01,Matam,Matam,Riz ordinaire 1re qual.,475.0,2
2021-10-01,Matam,Matam,Sorgho,300.0,3
2021-10-01,Saint Louis,Saint-Louis,Maïs importé,255.0,2
2021-10-01,Saint Louis,Saint-Louis,Maïs local,260.0,1
2021-10-01,Saint Louis,Saint-Louis,Mil,312.5,2
2021-10-01,Saint Louis,Saint-Louis,Niébé (haricot),708.335,2
2021-10-01,Saint Louis,Saint-Louis,Riz importé (brisé),300.0,2
2021-10-01,Saint Louis,Saint-Louis,Riz local,300.0,2
2021-10-01,Saint Louis,Saint-Louis,Riz ordinaire 1re qual.,500.0,2
2021-10-01,Tambacounda,Tambacounda,Maïs local,237.5,4
2021-10-01,Tambacounda,Tambacounda,Mil,237.5,4
2021-10-01,Tambacounda,Tambacounda,Niébé (haricot),600.0,2
2021-10-01,Tambacounda,Tambacounda,Riz importé (brisé),350.0,4
2021-10-01,Tambacounda,Tambacounda,Riz ordinaire 1re qual.,500.0,4
2021-10-01,Thies,Thiès,Maïs importé,250.0,4
2021-10-01,Thies,Thiès,Maïs local,267.5,2
2021-10-01,Thies,Thiès,Mil,265.0,4
2021-10-01,Thies,Thiès,Niébé (haricot),437.5,4
2021-10-01,Thies,Thiès,Riz importé (brisé),327.5,4
2021-10-01,Thies,Thiès,Riz local,300.0,3
2021-10-01,Thies,Thiès,Riz ordinaire 1re qual.,415.0,2
2021-10-01,Thies,Thiès,Sorgho,275.0,3
2021-10-01,Ziguinchor,Ziguinchor,Maïs local,300.0,1
2021-10-01,Ziguinchor,Ziguinchor,Mil,275.0,1
2021-10-01,Ziguinchor,Ziguinchor,Niébé (haricot),700.0,2
2021-10-01,Ziguinchor,Ziguinchor,Riz importé (brisé),325.0,1
2021-10-01,Ziguinchor,Ziguinchor,Riz ordinaire 1re qual.,450.0,1
2021-10-01,Ziguinchor,Ziguinchor,Sorgho,300.0,1
2021-11-01,Dakar,Dakar,Arachide décortiquée,600.0,1
2021-11-01,Dakar,Dakar,Arachide en coque,488.0,1
2021-11-01,Dakar,Dakar,Maïs importé,240.0,1
2021-11-01,Dakar,Dakar,Mil,280.0,1
2021-11-01,Dakar,Dakar,Niébé (haricot),650.0,1
2021-11-01,Dakar,Dakar,Riz importé (brisé),300.0,1
2021-11-01,Dakar,Dakar,Riz local,350.0,1
2021-11-01,Dakar,Dakar,Riz ordinaire 1re qual.,350.0,1
2021-11-01,Dakar,Dakar,Sorgho,238.0,1
2021-11-01,Diourbel,Diourbel,Arachide décortiquée,688.0,1
2021-11-01,Diourbel,Diourbel,Arachide en coque,293.0,1
2021-11-01,Diourbel,Diourbel,Maïs importé,245.0,1
2021-11-01,Diourbel,Diourbel,Mil,243.0,1
2021-11-01,Diourbel,Diourbel,Niébé (haricot),650.0,1
2021-11-01,Diourbel,Diourbel,Riz importé (brisé),363.0,1
2021-11-01,Diourbel,Diourbel,Riz local,368.0,1
2021-11-01,Diourbel,Diourbel,Riz ordinaire 1re qual.,463.0,1
2021-11-01,Diourbel,Diourbel,Sorgho,250.0,1
2021-11-01,Fatick,Fatick,Arachide décortiquée,833.0,1
2021-11-01,Fatick,Fatick,Arachide en coque,292.0,1
2021-11-01,Fatick,Fatick,Maïs local,258.0,1
2021-11-01,Fatick,Fatick,Mil,267.0,1
2021-11-01,Fatick,Fatick,Niébé (haricot),717.0,1
2021-11-01,Fatick,Fatick,Riz importé (brisé),338.0,1
2021-11-01,Fatick,Fatick,Riz local,300.0,1
2021-11-01,Fatick,Fatick,Riz ordinaire 1re qual.,433.0,1
2021-11-01,Fatick,Fatick,Sorgho,275.0,1
2021-11-01,Kaffrine,Kaffrine,Arachide en coque,308.0,1
2021-11-01,Kaffrine,Kaffrine,Maïs local,297.0,1
2021-11-01,Kaffrine,Kaffrine,Niébé (haricot),518.0,1
2021-11-01,Kaffrine,Kaffrine,Riz importé (brisé),325.0,1
2021-11-01,Kaffrine,Kaffrine,Riz ordinaire 1re qual.,450.0,1
2021-11-01,Kaolack,Kaolack,Arachide décortiquée,600.0,1
2021-11-01,Kaolack,Kaolack,Maïs importé,229.0,1
2021-11-01,Kaolack,Kaolack,Maïs local,229.0,1
2021-11-01,Kaolack,Kaolack,Mil,226.0,1
2021-11-01,Kaolack,Kaolack,Niébé (haricot),300.0,1
2021-11-01,Kaolack,Kaolack,Riz importé (brisé),335.0,1
2021-11-01,Kaolack,Kaolack,Riz local,350.0,1
2021-11-01,Kaolack,Kaolack,Riz ordinaire 1re qual.,500.0,1
2021-11-01,Kedougou,Kédougou,Arachide décortiquée,764.0,1
2021-11-01,Kedougou,Kédougou,Arachide en coque,285.0,1
2021-11-01,Kedougou,Kédougou,Maïs importé,300.0,1
2021-11-01,Kedougou,Kédougou,Maïs local,246.0,1
2021-11-01,Kedougou,Kédougou,Mil,314.0,1
2021-11-01,Kedougou,Kédougou,Niébé (haricot),750.0,1
2021-11-01,Kedougou,Kédougou,Riz ordinaire 1re qual.,464.0,1
2021-11-01,Kedougou,Kédougou,Sorgho,310.0,1
2021-11-01,Kolda,Kolda,Arachide décortiquée,750.0,1
2021-11-01,Kolda,Kolda,Arachide en coque,475.0,1
2021-11-01,Kolda,Kolda,Maïs local,292.0,1
2021-11-01,Kolda,Kolda,Niébé (haricot),600.0,1
2021-11-01,Kolda,Kolda,Riz importé (brisé),313.0,1
2021-11-01,Kolda,Kolda,Riz local,325.0,1
2021-11-01,Kolda,Kolda,Riz ordinaire 1re qual.,442.0,1
2021-11-01,Kolda,Kolda,Sorgho,292.0,1
2021-11-01,Louga,Louga,Arachide décortiquée,700.0,1
2021-11-01,Louga,Louga,Arachide en coque,450.0,1
2021-11-01,Louga,Louga,Maïs importé,262.0,1
2021-11-01,Louga,Louga,Maïs local,272.0,1
2021-11-01,Louga,Louga,Mil,300.0,1
2021-11-01,Louga,Louga,Niébé (haricot),350.0,1
2021-11-01,Louga,Louga,Riz importé (brisé),342.0,1
2021-11-01,Louga,Louga,Riz local,317.0,1
2021-11-01,Louga,Louga,Riz ordinaire 1re qual.,450.0,1
2021-11-01,Louga,Louga,Sorgho,275.0,1
2021-11-01,Matam,Matam,Arachide décortiquée,650.0,1
2021-11-01,Matam,Matam,Arachide en coque,525.0,1
2021-11-01,Matam,Matam,Maïs importé,300.0,1
2021-11-01,Matam,Matam,Mil,300.0,1
2021-11-01,Matam,Matam,Niébé (haricot),700.0,1
2021-11-01,Matam,Matam,Riz importé (brisé),320.0,1
2021-11-01,Matam,Matam,Riz local,323.0,1
2021-11-01,Matam,Matam,Riz ordinaire 1re qual.,475.0,1
2021-11-01,Matam,Matam,Sorgho,300.0,1
2021-11-01,Saint Louis,Saint-Louis,Arachide décortiquée,844.0,1
2021-11-01,Saint Louis,Saint-Louis,Maïs importé,262.0,1
2021-11-01,Saint Louis,Saint-Louis,Maïs local,275.0,1
2021-11-01,Saint Louis,Saint-Louis,Mil,313.0,1
2021-11-01,Saint Louis,Saint-Louis,Niébé (haricot),794.0,1
2021-11-01,Saint Louis,Saint-Louis,Riz importé (brisé),306.0,1
2021-11-01,Saint Louis,Saint-Louis,Riz local,306.0,1
2021-11-01,Saint Louis,Saint-Louis,Riz ordinaire 1re qual.,478.0,1
2021-11-01,Tambacounda,Tambacounda,Arachide en coque,300.0,1
2021-11-01,Tambacounda,Tambacounda,Maïs local,175.0,1
2021-11-01,Tambacounda,Tambacounda,Mil,250.0,1
2021-11-01,Tambacounda,Tambacounda,Niébé (haricot),550.0,1
2021-11-01,Tambacounda,Tambacounda,Riz importé (brisé),350.0,1
2021-11-01,Tambacounda,Tambacounda,Riz ordinaire 1re qual.,500.0,1
2021-11-01,Tambacounda,Tambacounda,Sorgho,225.0,1
2021-11-01,Thies,Thiès,Arachide décortiquée,644.0,1
2021-11-01,Thies,Thiès,Arachide en coque,550.0,1
2021-11-01,Thies,Thiès,Maïs importé,256.0,1
2021-11-01,Thies,Thiès,Maïs local,250.0,1
2021-11-01,Thies,Thiès,Mil,294.0,1
2021-11-01,Thies,Thiès,Niébé (haricot),506.0,1
2021-11-01,Thies,Thiès,Riz importé (brisé),353.0,1
2021-11-01,Thies,Thiès,Riz local,300.0,1
2021-11-01,Thies,Thiès,Riz ordinaire 1re qual.,433.0,1
2021-11-01,Thies,Thiès,Sorgho,269.0,1
2021-11-01,Ziguinchor,Ziguinchor,Arachide décortiquée,800.0,1
2021-11-01,Ziguinchor,Ziguinchor,Arachide en coque,567.0,1
2021-11-01,Ziguinchor,Ziguinchor,Maïs importé,300.0,1
2021-11-01,Ziguinchor,Ziguinchor,Maïs local,300.0,1
2021-11-01,Ziguinchor,Ziguinchor,Mil,292.0,1
2021-11-01,Ziguinchor,Ziguinchor,Niébé (haricot),700.0,1
2021-11-01,Ziguinchor,Ziguinchor,Riz importé (brisé),325.0,1
2021-11-01,Ziguinchor,Ziguinchor,Riz ordinaire 1re qual.,450.0,1
2021-11-01,Ziguinchor,Ziguinchor,Sorgho,317.0,1
2021-12-01,Dakar,Dakar,Arachide décortiquée,575.0,1
2021-12-01,Dakar,Dakar,Arachide en coque,525.0,1
2021-12-01,Dakar,Dakar,Maïs importé,240.0,1
2021-12-01,Dakar,Dakar,Mil,275.0,1
2021-12-01,Dakar,Dakar,Niébé (haricot),650.0,1
2021-12-01,Dakar,Dakar,Riz importé (brisé),300.0,1
2021-12-01,Dakar,Dakar,Riz local,350.0,1
2021-12-01,Dakar,Dakar,Riz ordinaire 1re qual.,350.0,1
2021-12-01,Dakar,Dakar,Sorgho,238.0,1
2021-12-01,Diourbel,Diourbel,Arachide décortiquée,631.0,1
2021-12-01,Diourbel,Diourbel,Arachide en coque,286.0,1
2021-12-01,Diourbel,Diourbel,Maïs importé,273.0,1
2021-12-01,Diourbel,Diourbel,Maïs local,275.0,1
2021-12-01,Diourbel,Diourbel,Mil,260.0,1
2021-12-01,Diourbel,Diourbel,Niébé (haricot),713.0,1
2021-12-01,Diourbel,Diourbel,Riz importé (brisé),369.0,1
2021-12-01,Diourbel,Diourbel,Riz local,357.0,1
2021-12-01,Diourbel,Diourbel,Riz ordinaire 1re qual.,467.0,1
2021-12-01,Diourbel,Diourbel,Sorgho,275.0,1
2021-12-01,Fatick,Fatick,Arachide décortiquée,820.0,1
2021-12-01,Fatick,Fatick,Arachide en coque,255.0,1
2021-12-01,Fatick,Fatick,Maïs importé,263.0,1
2021-12-01,Fatick,Fatick,Maïs local,250.0,1
2021-12-01,Fatick,Fatick,Mil,256.0,1
2021-12-01,Fatick,Fatick,Niébé (haricot),920.0,1
2021-12-01,Fatick,Fatick,Riz importé (brisé),327.0,1
2021-12-01,Fatick,Fatick,Riz local,300.0,1
2021-12-01,Fatick,Fatick,Riz ordinaire 1re qual.,444.0,1
2021-12-01,Fatick,Fatick,Sorgho,271.0,1
2021-12-01,Kaffrine,Kaffrine,Arachide décortiquée,422.0,1
2021-12-01,Kaffrine,Kaffrine,Arachide en coque,250.0,1
2021-12-01,Kaffrine,Kaffrine,Maïs local,275.0,1
2021-12-01,Kaffrine,Kaffrine,Mil,254.0,1
2021-12-01,Kaffrine,Kaffrine,Niébé (haricot),678.0,1
2021-12-01,Kaffrine,Kaffrine,Riz importé (brisé),325.0,1
2021-12-01,Kaolack,Kaolack,Arachide décortiquée,567.0,1
2021-12-01,Kaolack,Kaolack,Arachide en coque,253.0,1
2021-12-01,Kaolack,Kaolack,Maïs importé,282.0,1
2021-12-01,Kaolack,Kaolack,Maïs local,245.0,1
2021-12-01,Kaolack,Kaolack,Mil,236.0,1
2021-12-01,Kaolack,Kaolack,Niébé (haricot),700.0,1
2021-12-01,Kaolack,Kaolack,Riz importé (brisé),330.0,1
2021-12-01,Kaolack,Kaolack,Riz local,343.0,1
2021-12-01,Kaolack,Kaolack,Riz ordinaire 1re qual.,500.0,1
2021-12-01,Kedougou,Kédougou,Arachide décortiquée,632.0,1
2021-12-01,Kedougou,Kédougou,Arachide en coque,250.0,1
2021-12-01,Kedougou,Kédougou,Maïs local,229.0,1
2021-12-01,Kedougou,Kédougou,Mil,318.0,1
2021-12-01,Kedougou,Kédougou,Niébé (haricot),596.0,1
2021-12-01,Kedougou,Kédougou,Riz importé (brisé),316.0,1
2021-12-01,Kedougou,Kédougou,Riz ordinaire 1re qual.,466.0,1
2021-12-01,Kedougou,Kédougou,Sorgho,315.0,1
2021-12-01,Kolda,Kolda,Arachide décortiquée,625.0,1
2021-12-01,Kolda,Kolda,Arachide en coque,243.0,1
2021-12-01,Kolda,Kolda,Mil,275.0,1
2021-12-01,Kolda,Kolda,Niébé (haricot),900.0,1
2021-12-01,Kolda,Kolda,Riz importé (brisé),325.0,1
2021-12-01,Kolda,Kolda,Riz local,323.0,1
2021-12-01,Kolda,Kolda,Riz ordinaire 1re qual.,450.0,1
2021-12-01,Kolda,Kolda,Sorgho,235.0,1
2021-12-01,Louga,Louga,Arachide décortiquée,700.0,1
2021-12-01,Louga,Louga,Arachide en coque,450.0,1
2021-12-01,Louga,Louga,Niébé (haricot),350.0,1
2021-12-01,Matam,Matam,Arachide décortiquée,650.0,1
2021-12-01,Matam,Matam,Arachide en coque,467.0,1
2021-12-01,Matam,Matam,Maïs importé,294.0,1
2021-12-01,Matam,Matam,Mil,300.0,1
2021-12-01,Matam,Matam,Niébé (haricot),833.0,1
2021-12-01,Matam,Matam,Riz importé (brisé),323.0,1
2021-12-01,Matam,Matam,Riz local,320.0,1
2021-12-01,Matam,Matam,Riz ordinaire 1re qual.,475.0,1
2021-12-01,Matam,Matam,Sorgho,300.0,1
2021-12-01,Saint Louis,Saint-Louis,Arachide décortiquée,843.0,1
2021-12-01,Saint Louis,Saint-Louis,Arachide en coque,400.0,1
2021-12-01,Saint Louis,Saint-Louis,Maïs importé,271.0,1
2021-12-01,Saint Louis,Saint-Louis,Maïs local,275.0,1
2021-12-01,Saint Louis,Saint-Louis,Mil,311.0,1
2021-12-01,Saint Louis,Saint-Louis,Niébé (haricot),800.0,1
2021-12-01,Saint Louis,Saint-Louis,Riz importé (brisé),321.0,1
2021-12-01,Saint Louis,Saint-Louis,Riz local,300.0,1
2021-12-01,Saint Louis,Saint-Louis,Riz ordinaire 1re qual.,471.0,1
2021-12-01,Tambacounda,Tambacounda,Arachide en coque,255.0,1
2021-12-01,Tambacounda,Tambacounda,Maïs local,200.0,1
2021-12-01,Tambacounda,Tambacounda,Mil,223.0,1
2021-12-01,Tambacounda,Tambacounda,Niébé (haricot),417.0,1
2021-12-01,Tambacounda,Tambacounda,Riz importé (brisé),333.0,1
2021-12-01,Tambacounda,Tambacounda,Riz ordinaire 1re qual.,500.0,1
2021-12-01,Tambacounda,Tambacounda,Sorgho,225.0,1
2021-12-01,Thies,Thiès,Arachide décortiquée,700.0,1
2021-12-01,Thies,Thiès,Arachide en coque,459.0,1
2021-12-01,Thies,Thiès,Maïs importé,263.0,1
2021-12-01,Thies,Thiès,Maïs local,250.0,1
2021-12-01,Thies,Thiès,Mil,266.0,1
2021-12-01,Thies,Thiès,Niébé (haricot),650.0,1
2021-12-01,Thies,Thiès,Riz importé (brisé),350.0,1
2021-12-01,Thies,Thiès,Riz local,300.0,1
2021-12-01,Thies,Thiès,Riz ordinaire 1re qual.,450.0,1
2021-12-01,Thies,Thiès,Sorgho,269.0,1
2021-12-01,Ziguinchor,Ziguinchor,Arachide décortiquée,800.0,1
2021-12-01,Ziguinchor,Ziguinchor,Arachide en coque,450.0,1
2021-12-01,Ziguinchor,Ziguinchor,Maïs local,288.0,1
2021-12-01,Ziguinchor,Ziguinchor,Mil,300.0,1
2021-12-01,Ziguinchor,Ziguinchor,Niébé (haricot),950.0,1
2021-12-01,Ziguinchor,Ziguinchor,Riz importé (brisé),325.0,1
2021-12-01,Ziguinchor,Ziguinchor,Riz ordinaire 1re qual.,450.0,1
2021-12-01,Ziguinchor,Ziguinchor,Sorgho,325.0,1
2022-01-01,Dakar,Dakar,Arachide décortiquée,700.0,1
2022-01-01,Dakar,Dakar,Arachide en coque,550.0,1
2022-01-01,Dakar,Dakar,Maïs importé,275.0,1
2022-01-01,Dakar,Dakar,Maïs local,263.0,1
2022-01-01,Dakar,Dakar,Mil,275.0,1
2022-01-01,Dakar,Dakar,Niébé (haricot),675.0,1
2022-01-01,Dakar,Dakar,Riz importé (brisé),325.0,1
2022-01-01,Dakar,Dakar,Riz local,350.0,1
2022-01-01,Dakar,Dakar,Riz ordinaire 1re qual.,400.0,1
2022-01-01,Dakar,Dakar,Sorgho,238.0,1
2022-01-01,Diourbel,Diourbel,Arachide décortiquée,625.0,1
2022-01-01,Diourbel,Diourbel,Arachide en coque,470.0,1
2022-01-01,Diourbel,Diourbel,Maïs importé,300.0,1
2022-01-01,Diourbel,Diourbel,Maïs local,275.0,1
2022-01-01,Diourbel,Diourbel,Mil,263.0,1
2022-01-01,Diourbel,Diourbel,Niébé (haricot),950.0,1
2022-01-01,Diourbel,Diourbel,Riz importé (brisé),365.0,1
2022-01-01,Diourbel,Diourbel,Riz local,350.0,1
2022-01-01,Diourbel,Diourbel,Riz ordinaire 1re qual.,475.0,1
2022-01-01,Diourbel,Diourbel,Sorgho,320.0,1
2022-01-01,Fatick,Fatick,Arachide décortiquée,900.0,1
2022-01-01,Fatick,Fatick,Arachide en coque,283.0,1
2022-01-01,Fatick,Fatick,Maïs importé,275.0,1
2022-01-01,Fatick,Fatick,Maïs local,265.0,1
2022-01-01,Fatick,Fatick,Mil,253.0,1
2022-01-01,Fatick,Fatick,Niébé (haricot),988.0,1
2022-01-01,Fatick,Fatick,Riz importé (brisé),323.0,1
2022-01-01,Fatick,Fatick,Riz ordinaire 1re qual.,425.0,1
2022-01-01,Fatick,Fatick,Sorgho,280.0,1
2022-01-01,Kaffrine,Kaffrine,Arachide décortiquée,480.0,1
2022-01-01,Kaffrine,Kaffrine,Arachide en coque,250.0,1
2022-01-01,Kaffrine,Kaffrine,Maïs local,275.0,1
2022-01-01,Kaffrine,Kaffrine,Mil,239.0,1
2022-01-01,Kaffrine,Kaffrine,Niébé (haricot),727.0,1
2022-01-01,Kaffrine,Kaffrine,Riz importé (brisé),325.0,1
2022-01-01,Kaffrine,Kaffrine,Riz ordinaire 1re qual.,450.0,1
2022-01-01,Kaffrine,Kaffrine,Sorgho,275.0,1
2022-01-01,Kaolack,Kaolack,Arachide en coque,242.0,1
2022-01-01,Kaolack,Kaolack,Maïs importé,264.0,1
2022-01-01,Kaolack,Kaolack,Maïs local,273.0,1
2022-01-01,Kaolack,Kaolack,Mil,222.0,1
2022-01-01,Kaolack,Kaolack,Niébé (haricot),932.0,1
2022-01-01,Kaolack,Kaolack,Riz importé (brisé),329.0,1
2022-01-01,Kaolack,Kaolack,Riz local,333.0,1
2022-01-01,Kaolack,Kaolack,Sorgho,275.0,1
2022-01-01,Kedougou,Kédougou,Arachide décortiquée,725.0,1
2022-01-01,Kedougou,Kédougou,Arachide en coque,263.0,1
2022-01-01,Kedougou,Kédougou,Maïs local,225.0,1
2022-01-01,Kedougou,Kédougou,Mil,313.0,1
2022-01-01,Kedougou,Kédougou,Niébé (haricot),925.0,1
2022-01-01,Kedougou,Kédougou,Riz importé (brisé),338.0,1
2022-01-01,Kedougou,Kédougou,Riz ordinaire 1re qual.,463.0,1
2022-01-01,Kedougou,Kédougou,Sorgho,313.0,1
2022-01-01,Kolda,Kolda,Arachide décortiquée,667.0,1
2022-01-01,Kolda,Kolda,Arachide en coque,268.0,1
2022-01-01,Kolda,Kolda,Maïs local,233.0,1
2022-01-01,Kolda,Kolda,Mil,275.0,1
2022-01-01,Kolda,Kolda,Niébé (haricot),1033.0,1
2022-01-01,Kolda,Kolda,Riz importé (brisé),325.0,1
2022-01-01,Kolda,Kolda,Riz local,325.0,1
2022-01-01,Kolda,Kolda,Riz ordinaire 1re qual.,450.0,1
2022-01-01,Kolda,Kolda,Sorgho,267.0,1
2022-01-01,Louga,Louga,Arachide décortiquée,725.0,1
2022-01-01,Louga,Louga,Arachide en coque,270.0,1
2022-01-01,Louga,Louga,Maïs importé,245.0,1
2022-01-01,Louga,Louga,Mil,270.0,1
2022-01-01,Louga,Louga,Niébé (haricot),800.0,1
2022-01-01,Louga,Louga,Riz importé (brisé),325.0,1
2022-01-01,Louga,Louga,Riz local,300.0,1
2022-01-01,Louga,Louga,Riz ordinaire 1re qual.,450.0,1
2022-01-01,Matam,Matam,Arachide décortiquée,663.0,1
2022-01-01,Matam,Matam,Arachide en coque,463.0,1
2022-01-01,Matam,Matam,Maïs importé,306.0,1
2022-01-01,Matam,Matam,Mil,306.0,1
2022-01-01,Matam,Matam,Niébé (haricot),975.0,1
2022-01-01,Matam,Matam,Riz importé (brisé),329.0,1
2022-01-01,Matam,Matam,Riz local,328.0,1
2022-01-01,Matam,Matam,Riz ordinaire 1re qual.,488.0,1
2022-01-01,Matam,Matam,Sorgho,319.0,1
2022-01-01,Saint Louis,Saint-Louis,Arachide décortiquée,838.0,1
2022-01-01,Saint Louis,Saint-Louis,Arachide en coque,488.0,1
2022-01-01,Saint Louis,Saint-Louis,Maïs importé,284.0,1
2022-01-01,Saint Louis,Saint-Louis,Maïs local,275.0,1
2022-01-01,Saint Louis,Saint-Louis,Mil,300.0,1
2022-01-01,Saint Louis,Saint-Louis,Niébé (haricot),975.0,1
2022-01-01,Saint Louis,Saint-Louis,Riz importé (brisé),316.0,1
2022-01-01,Saint Louis,Saint-Louis,Riz local,303.0,1
2022-01-01,Tambacounda,Tambacounda,Arachide décortiquée,500.0,1
2022-01-01,Tambacounda,Tambacounda,Arachide en coque,238.0,1
2022-01-01,Tambacounda,Tambacounda,Maïs local,185.0,1
2022-01-01,Tambacounda,Tambacounda,Mil,200.0,1
2022-01-01,Tambacounda,Tambacounda,Niébé (haricot),475.0,1
2022-01-01,Tambacounda,Tambacounda,Riz importé (brisé),325.0,1
2022-01-01,Tambacounda,Tambacounda,Riz ordinaire 1re qual.,500.0,1
2022-01-01,Thies,Thiès,Arachide décortiquée,721.0,1
2022-01-01,Thies,Thiès,Arachide en coque,425.0,1
2022-01-01,Thies,Thiès,Maïs importé,263.0,1
2022-01-01,Thies,Thiès,Maïs local,250.0,1
2022-01-01,Thies,Thiès,Mil,265.0,1
2022-01-01,Thies,Thiès,Niébé (haricot),796.0,1
2022-01-01,Thies,Thiès,Riz importé (brisé),350.0,1
2022-01-01,Thies,Thiès,Riz local,300.0,1
2022-01-01,Thies,Thiès,Riz ordinaire 1re qual.,450.0,1
2022-01-01,Thies,Thiès,Sorgho,269.0,1
2022-01-01,Ziguinchor,Ziguinchor,Arachide décortiquée,850.0,1
2022-01-01,Ziguinchor,Ziguinchor,Arachide en coque,350.0,1
2022-01-01,Ziguinchor,Ziguinchor,Maïs local,300.0,1
2022-01-01,Ziguinchor,Ziguinchor,Mil,300.0,1
2022-01-01,Ziguinchor,Ziguinchor,Niébé (haricot),1000.0,1
2022-01-01,Ziguinchor,Ziguinchor,Riz importé (brisé),313.0,1
2022-01-01,Ziguinchor,Ziguinchor,Riz ordinaire 1re qual.,500.0,1
2022-01-01,Ziguinchor,Ziguinchor,Sorgho,350.0,1
2022-02-01,Dakar,Dakar,Arachide décortiquée,663.0,1
2022-02-01,Dakar,Dakar,Arachide en coque,463.0,1
2022-02-01,Dakar,Dakar,Maïs importé,319.0,1
2022-02-01,Dakar,Dakar,Mil,288.0,1
2022-02-01,Dakar,Dakar,Riz importé (brisé),331.0,1
2022-02-01,Dakar,Dakar,Riz local,350.0,1
2022-02-01,Dakar,Dakar,Riz ordinaire 1re qual.,450.0,1
2022-02-01,Dakar,Dakar,Sorgho,331.0,1
2022-02-01,Diourbel,Diourbel,Arachide décortiquée,670.0,1
2022-02-01,Diourbel,Diourbel,Arachide en coque,325.0,1
2022-02-01,Diourbel,Diourbel,Maïs importé,275.0,1
2022-02-01,Diourbel,Diourbel,Maïs local,300.0,1
2022-02-01,Diourbel,Diourbel,Mil,259.0,1
2022-02-01,Diourbel,Diourbel,Niébé (haricot),950.0,1
2022-02-01,Diourbel,Diourbel,Riz importé (brisé),350.0,1
2022-02-01,Diourbel,Diourbel,Riz local,360.0,1
2022-02-01,Diourbel,Diourbel,Riz ordinaire 1re qual.,456.0,1
2022-02-01,Diourbel,Diourbel,Sorgho,299.0,1
2022-02-01,Fatick,Fatick,Arachide décortiquée,817.0,1
2022-02-01,Fatick,Fatick,Arachide en coque,283.0,1
2022-02-01,Fatick,Fatick,Maïs local,275.0,1
2022-02-01,Fatick,Fatick,Mil,237.0,1
2022-02-01,Fatick,Fatick,Niébé (haricot),1100.0,1
2022-02-01,Fatick,Fatick,Riz importé (brisé),333.0,1
2022-02-01,Fatick,Fatick,Riz ordinaire 1re qual.,450.0,1
2022-02-01,Fatick,Fatick,Sorgho,300.0,1
2022-02-01,Kaffrine,Kaffrine,Arachide décortiquée,467.0,1
2022-02-01,Kaffrine,Kaffrine,Arachide en coque,261.0,1
2022-02-01,Kaffrine,Kaffrine,Maïs local,275.0,1
2022-02-01,Kaffrine,Kaffrine,Mil,229.0,1
2022-02-01,Kaffrine,Kaffrine,Niébé (haricot),722.0,1
2022-02-01,Kaffrine,Kaffrine,Riz importé (brisé),325.0,1
2022-02-01,Kaffrine,Kaffrine,Riz ordinaire 1re qual.,450.0,1
2022-02-01,Kaolack,Kaolack,Arachide décortiquée,672.0,1
2022-02-01,Kaolack,Kaolack,Maïs importé,251.0,1
2022-02-01,Kaolack,Kaolack,Mil,229.0,1
2022-02-01,Kaolack,Kaolack,Niébé (haricot),986.0,1
2022-02-01,Kaolack,Kaolack,Riz importé (brisé),337.0,1
2022-02-01,Kaolack,Kaolack,Riz local,345.0,1
2022-02-01,Kaolack,Kaolack,Riz ordinaire 1re qual.,492.0,1
2022-02-01,Kedougou,Kédougou,Arachide décortiquée,795.0,1
2022-02-01,Kedougou,Kédougou,Arachide en coque,250.0,1
2022-02-01,Kedougou,Kédougou,Maïs local,230.0,1
2022-02-01,Kedougou,Kédougou,Mil,315.0,1
2022-02-01,Kedougou,Kédougou,Niébé (haricot),865.0,1
2022-02-01,Kedougou,Kédougou,Riz importé (brisé),340.0,1
2022-02-01,Kedougou,Kédougou,Riz ordinaire 1re qual.,463.0,1
2022-02-01,Kedougou,Kédougou,Sorgho,315.0,1
2022-02-01,Kolda,Kolda,Arachide décortiquée,617.0,1
2022-02-01,Kolda,Kolda,Arachide en coque,253.0,1
2022-02-01,Kolda,Kolda,Maïs local,242.0,1
2022-02-01,Kolda,Kolda,Mil,275.0,1
2022-02-01,Kolda,Kolda,Niébé (haricot),1100.0,1
2022-02-01,Kolda,Kolda,Riz importé (brisé),325.0,1
2022-02-01,Kolda,Kolda,Riz local,325.0,1
2022-02-01,Kolda,Kolda,Riz ordinaire 1re qual.,450.0,1
2022-02-01,Kolda,Kolda,Sorgho,275.0,1
2022-02-01,Louga,Louga,Arachide décortiquée,750.0,1
2022-02-01,Louga,Louga,Arachide en coque,270.0,1
2022-02-01,Louga,Louga,Maïs importé,268.0,1
2022-02-01,Louga,Louga,Mil,287.0,1
2022-02-01,Louga,Louga,Niébé (haricot),833.0,1
2022-02-01,Louga,Louga,Riz importé (brisé),333.0,1
2022-02-01,Louga,Louga,Riz local,325.0,1
2022-02-01,Louga,Louga,Riz ordinaire 1re qual.,450.0,1
2022-02-01,Matam,Matam,Arachide décortiquée,720.0,1
2022-02-01,Matam,Matam,Arachide en coque,600.0,1
2022-02-01,Matam,Matam,Maïs importé,294.0,1
2022-02-01,Matam,Matam,Mil,300.0,1
2022-02-01,Matam,Matam,Niébé (haricot),890.0,1
2022-02-01,Matam,Matam,Riz importé (brisé),340.0,1
2022-02-01,Matam,Matam,Riz local,320.0,1
2022-02-01,Matam,Matam,Riz ordinaire 1re qual.,500.0,1
2022-02-01,Matam,Matam,Sorgho,310.0,1
2022-02-01,Saint Louis,Saint-Louis,Arachide décortiquée,825.0,1
2022-02-01,Saint Louis,Saint-Louis,Arachide en coque,600.0,1
2022-02-01,Saint Louis,Saint-Louis,Maïs importé,288.0,1
2022-02-01,Saint Louis,Saint-Louis,Mil,300.0,1
2022-02-01,Saint Louis,Saint-Louis,Niébé (haricot),1100.0,1
2022-02-01,Saint Louis,Saint-Louis,Riz importé (brisé),330.0,1
2022-02-01,Saint Louis,Saint-Louis,Riz local,320.0,1
2022-02-01,Tambacounda,Tambacounda,Arachide décortiquée,533.0,1
2022-02-01,Tambacounda,Tambacounda,Arachide en coque,266.0,1
2022-02-01,Tambacounda,Tambacounda,Maïs local,200.0,1
2022-02-01,Tambacounda,Tambacounda,Mil,233.0,1
2022-02-01,Tambacounda,Tambacounda,Niébé (haricot),533.0,1
2022-02-01,Tambacounda,Tambacounda,Riz importé (brisé),350.0,1
2022-02-01,Tambacounda,Tambacounda,Riz ordinaire 1re qual.,504.0,1
2022-02-01,Thies,Thiès,Arachide décortiquée,725.0,1
2022-02-01,Thies,Thiès,Arachide en coque,425.0,1
2022-02-01,Thies,Thiès,Maïs importé,263.0,1
2022-02-01,Thies,Thiès,Maïs local,250.0,1
2022-02-01,Thies,Thiès,Mil,269.0,1
2022-02-01,Thies,Thiès,Niébé (haricot),888.0,1
2022-02-01,Thies,Thiès,Riz importé (brisé),348.0,1
2022-02-01,Thies,Thiès,Riz local,300.0,1
2022-02-01,Thies,Thiès,Riz ordinaire 1re qual.,450.0,1
2022-02-01,Thies,Thiès,Sorgho,269.0,1
2022-02-01,Ziguinchor,Ziguinchor,Arachide décortiquée,850.0,1
2022-02-01,Ziguinchor,Ziguinchor,Arachide en coque,375.0,1
2022-02-01,Ziguinchor,Ziguinchor,Maïs importé,350.0,1
2022-02-01,Ziguinchor,Ziguinchor,Maïs local,350.0,1
2022-02-01,Ziguinchor,Ziguinchor,Mil,300.0,1
2022-02-01,Ziguinchor,Ziguinchor,Niébé (haricot),1000.0,1
2022-02-01,Ziguinchor,Ziguinchor,Riz importé (brisé),313.0,1
2022-02-01,Ziguinchor,Ziguinchor,Riz local,400.0,1
2022-02-01,Ziguinchor,Ziguinchor,Riz ordinaire 1re qual.,500.0,1
2022-02-01,Ziguinchor,Ziguinchor,Sorgho,400.0,1
2022-03-01,Dakar,Dakar,Arachide décortiquée,588.0,1
2022-03-01,Dakar,Dakar,Arachide en coque,575.0,1
2022-03-01,Dakar,Dakar,Maïs importé,306.0,1
2022-03-01,Dakar,Dakar,Maïs local,290.0,1
2022-03-01,Dakar,Dakar,Mil,290.0,1
2022-03-01,Dakar,Dakar,Niébé (haricot),950.0,1
2022-03-01,Dakar,Dakar,Riz importé (brisé),313.0,1
2022-03-01,Dakar,Dakar,Riz local,350.0,1
2022-03-01,Dakar,Dakar,Riz ordinaire 1re qual.,413.0,1
2022-03-01,Dakar,Dakar,Sorgho,344.0,1
2022-03-01,Diourbel,Diourbel,Arachide décortiquée,713.0,1
2022-03-01,Diourbel,Diourbel,Arachide en coque,350.0,1
2022-03-01,Diourbel,Diourbel,Maïs importé,296.0,1
2022-03-01,Diourbel,Diourbel,Maïs local,325.0,1
2022-03-01,Diourbel,Diourbel,Mil,288.0,1
2022-03-01,Diourbel,Diourbel,Niébé (haricot),958.0,1
2022-03-01,Diourbel,Diourbel,Riz importé (brisé),325.0,1
2022-03-01,Diourbel,Diourbel,Riz local,364.0,1
2022-03-01,Diourbel,Diourbel,Riz ordinaire 1re qual.,494.0,1
2022-03-01,Diourbel,Diourbel,Sorgho,367.0,1
2022-03-01,Fatick,Fatick,Arachide décortiquée,750.0,1
2022-03-01,Fatick,Fatick,Arachide en coque,298.0,1
2022-03-01,Fatick,Fatick,Maïs local,281.0,1
2022-03-01,Fatick,Fatick,Mil,255.0,1
2022-03-01,Fatick,Fatick,Niébé (haricot),1000.0,1
2022-03-01,Fatick,Fatick,Riz importé (brisé),325.0,1
2022-03-01,Fatick,Fatick,Riz ordinaire 1re qual.,450.0,1
2022-03-01,Fatick,Fatick,Sorgho,275.0,1
2022-03-01,Kaffrine,Kaffrine,Arachide en coque,275.0,1
2022-03-01,Kaffrine,Kaffrine,Maïs local,275.0,1
2022-03-01,Kaffrine,Kaffrine,Mil,240.0,1
2022-03-01,Kaffrine,Kaffrine,Niébé (haricot),863.0,1
2022-03-01,Kaffrine,Kaffrine,Riz importé (brisé),325.0,1
2022-03-01,Kaffrine,Kaffrine,Riz ordinaire 1re qual.,450.0,1
2022-03-01,Kaolack,Kaolack,Arachide décortiquée,725.0,1
2022-03-01,Kaolack,Kaolack,Arachide en coque,294.0,1
2022-03-01,Kaolack,Kaolack,Maïs importé,277.0,1
2022-03-01,Kaolack,Kaolack,Maïs local,290.0,1
2022-03-01,Kaolack,Kaolack,Mil,246.0,1
2022-03-01,Kaolack,Kaolack,Niébé (haricot),1012.0,1
2022-03-01,Kaolack,Kaolack,Riz importé (brisé),346.0,1
2022-03-01,Kaolack,Kaolack,Riz local,350.0,1
2022-03-01,Kaolack,Kaolack,Riz ordinaire 1re qual.,500.0,1
2022-03-01,Kedougou,Kédougou,Arachide décortiquée,842.0,1
2022-03-01,Kedougou,Kédougou,Arachide en coque,277.0,1
2022-03-01,Kedougou,Kédougou,Maïs local,279.0,1
2022-03-01,Kedougou,Kédougou,Mil,317.0,1
2022-03-01,Kedougou,Kédougou,Niébé (haricot),958.0,1
2022-03-01,Kedougou,Kédougou,Riz importé (brisé),333.0,1
2022-03-01,Kedougou,Kédougou,Riz ordinaire 1re qual.,463.0,1
2022-03-01,Kedougou,Kédougou,Sorgho,313.0,1
2022-03-01,Kolda,Kolda,Arachide décortiquée,650.0,1
2022-03-01,Kolda,Kolda,Arachide en coque,286.0,1
2022-03-01,Kolda,Kolda,Maïs local,262.0,1
2022-03-01,Kolda,Kolda,Mil,294.0,1
2022-03-01,Kolda,Kolda,Niébé (haricot),1043.0,1
2022-03-01,Kolda,Kolda,Riz importé (brisé),327.0,1
2022-03-01,Kolda,Kolda,Riz local,325.0,1
2022-03-01,Kolda,Kolda,Riz ordinaire 1re qual.,450.0,1
2022-03-01,Kolda,Kolda,Sorgho,284.0,1
2022-03-01,Louga,Louga,Arachide décortiquée,700.0,1
2022-03-01,Louga,Louga,Maïs importé,249.0,1
2022-03-01,Louga,Louga,Mil,283.0,1
2022-03-01,Louga,Louga,Niébé (haricot),833.0,1
2022-03-01,Louga,Louga,Riz importé (brisé),320.0,1
2022-03-01,Louga,Louga,Riz local,345.0,1
2022-03-01,Louga,Louga,Riz ordinaire 1re qual.,355.0,1
2022-03-01,Matam,Matam,Arachide décortiquée,717.0,1
2022-03-01,Matam,Matam,Arachide en coque,556.0,1
2022-03-01,Matam,Matam,Maïs importé,306.0,1
2022-03-01,Matam,Matam,Mil,317.0,1
2022-03-01,Matam,Matam,Niébé (haricot),811.0,1
2022-03-01,Matam,Matam,Riz importé (brisé),333.0,1
2022-03-01,Matam,Matam,Riz local,303.0,1
2022-03-01,Matam,Matam,Riz ordinaire 1re qual.,467.0,1
2022-03-01,Matam,Matam,Sorgho,313.0,1
2022-03-01,Saint Louis,Saint-Louis,Arachide décortiquée,822.0,1
2022-03-01,Saint Louis,Saint-Louis,Arachide en coque,400.0,1
2022-03-01,Saint Louis,Saint-Louis,Maïs importé,297.0,1
2022-03-01,Saint Louis,Saint-Louis,Maïs local,300.0,1
2022-03-01,Saint Louis,Saint-Louis,Mil,306.0,1
2022-03-01,Saint Louis,Saint-Louis,Niébé (haricot),1067.0,1
2022-03-01,Saint Louis,Saint-Louis,Riz importé (brisé),347.0,1
2022-03-01,Saint Louis,Saint-Louis,Riz local,331.0,1
2022-03-01,Saint Louis,Saint-Louis,Riz ordinaire 1re qual.,478.0,1
2022-03-01,Sedhiou,Sédhiou,Arachide décortiquée,700.0,1
2022-03-01,Sedhiou,Sédhiou,Arachide en coque,285.0,1
2022-03-01,Sedhiou,Sédhiou,Maïs local,283.0,1
2022-03-01,Sedhiou,Sédhiou,Mil,271.0,1
2022-03-01,Sedhiou,Sédhiou,Niébé (haricot),1075.0,1
2022-03-01,Sedhiou,Sédhiou,Riz importé (brisé),325.0,1
2022-03-01,Sedhiou,Sédhiou,Riz ordinaire 1re qual.,425.0,1
2022-03-01,Sedhiou,Sédhiou,Sorgho,250.0,1
2022-03-01,Tambacounda,Tambacounda,Arachide décortiquée,575.0,1
2022-03-01,Tambacounda,Tambacounda,Arachide en coque,287.0,1
2022-03-01,Tambacounda,Tambacounda,Maïs local,208.0,1
2022-03-01,Tambacounda,Tambacounda,Mil,252.0,1
2022-03-01,Tambacounda,Tambacounda,Niébé (haricot),605.0,1
2022-03-01,Tambacounda,Tambacounda,Riz importé (brisé),344.0,1
2022-03-01,Tambacounda,Tambacounda,Riz ordinaire 1re qual.,458.0,1
2022-03-01,Tambacounda,Tambacounda,Sorgho,270.0,1
2022-03-01,Thies,Thiès,Arachide décortiquée,728.0,1
2022-03-01,Thies,Thiès,Arachide en coque,428.0,1
2022-03-01,Thies,Thiès,Maïs importé,308.0,1
2022-03-01,Thies,Thiès,Maïs local,285.0,1
2022-03-01,Thies,Thiès,Mil,308.0,1
2022-03-01,Thies,Thiès,Niébé (haricot),943.0,1
2022-03-01,Thies,Thiès,Riz importé (brisé),350.0,1
2022-03-01,Thies,Thiès,Riz local,309.0,1
2022-03-01,Thies,Thiès,Riz ordinaire 1re qual.,450.0,1
2022-03-01,Thies,Thiès,Sorgho,309.0,1
2022-03-01,Ziguinchor,Ziguinchor,Arachide décortiquée,813.0,1
2022-03-01,Ziguinchor,Ziguinchor,Arachide en coque,425.0,1
2022-03-01,Ziguinchor,Ziguinchor,Maïs importé,350.0,1
2022-03-01,Ziguinchor,Ziguinchor,Maïs local,313.0,1
2022-03-01,Ziguinchor,Ziguinchor,Mil,319.0,1
2022-03-01,Ziguinchor,Ziguinchor,Niébé (haricot),1100.0,1
2022-03-01,Ziguinchor,Ziguinchor,Riz importé (brisé),331.0,1
2022-03-01,Ziguinchor,Ziguinchor,Riz ordinaire 1re qual.,500.0,1
2022-03-01,Ziguinchor,Ziguinchor,Sorgho,375.0,1
2022-04-01,Dakar,Dakar,Arachide décortiquée,725.0,1
2022-04-01,Dakar,Dakar,Arachide en coque,475.0,1
2022-04-01,Dakar,Dakar,Maïs importé,300.0,1
2022-04-01,Dakar,Dakar,Maïs local,338.0,1
2022-04-01,Dakar,Dakar,Mil,295.0,1
2022-04-01,Dakar,Dakar,Niébé (haricot),1050.0,1
2022-04-01,Dakar,Dakar,Riz importé (brisé),300.0,1
2022-04-01,Dakar,Dakar,Riz local,350.0,1
2022-04-01,Dakar,Dakar,Riz ordinaire 1re qual.,350.0,1
2022-04-01,Dakar,Dakar,Sorgho,475.0,1
2022-04-01,Diourbel,Diourbel,Arachide décortiquée,819.0,1
2022-04-01,Diourbel,Diourbel,Arachide en coque,366.0,1
2022-04-01,Diourbel,Diourbel,Maïs importé,313.0,1
2022-04-01,Diourbel,Diourbel,Maïs local,325.0,1
2022-04-01,Diourbel,Diourbel,Mil,278.0,1
2022-04-01,Diourbel,Diourbel,Niébé (haricot),975.0,1
2022-04-01,Diourbel,Diourbel,Riz importé (brisé),334.0,1
2022-04-01,Diourbel,Diourbel,Riz local,338.0,1
2022-04-01,Diourbel,Diourbel,Riz ordinaire 1re qual.,492.0,1
2022-04-01,Diourbel,Diourbel,Sorgho,363.0,1
2022-04-01,Fatick,Fatick,Arachide décortiquée,857.0,1
2022-04-01,Fatick,Fatick,Arachide en coque,336.0,1
2022-04-01,Fatick,Fatick,Maïs local,300.0,1
2022-04-01,Fatick,Fatick,Mil,289.0,1
2022-04-01,Fatick,Fatick,Niébé (haricot),1086.0,1
2022-04-01,Fatick,Fatick,Riz importé (brisé),321.0,1
2022-04-01,Fatick,Fatick,Riz local,350.0,1
2022-04-01,Fatick,Fatick,Riz ordinaire 1re qual.,457.0,1
2022-04-01,Fatick,Fatick,Sorgho,321.0,1
2022-04-01,Kaffrine,Kaffrine,Arachide en coque,294.0,1
2022-04-01,Kaffrine,Kaffrine,Maïs local,275.0,1
2022-04-01,Kaffrine,Kaffrine,Mil,240.0,1
2022-04-01,Kaffrine,Kaffrine,Niébé (haricot),1000.0,1
2022-04-01,Kaffrine,Kaffrine,Riz importé (brisé),325.0,1
2022-04-01,Kaffrine,Kaffrine,Riz ordinaire 1re qual.,450.0,1
2022-04-01,Kaolack,Kaolack,Maïs importé,331.0,1
2022-04-01,Kaolack,Kaolack,Maïs local,308.0,1
2022-04-01,Kaolack,Kaolack,Mil,268.0,1
2022-04-01,Kaolack,Kaolack,Niébé (haricot),1094.0,1
2022-04-01,Kaolack,Kaolack,Riz importé (brisé),322.0,1
2022-04-01,Kaolack,Kaolack,Riz local,344.0,1
2022-04-01,Kaolack,Kaolack,Riz ordinaire 1re qual.,488.0,1
2022-04-01,Kedougou,Kédougou,Arachide décortiquée,835.0,1
2022-04-01,Kedougou,Kédougou,Arachide en coque,325.0,1
2022-04-01,Kedougou,Kédougou,Maïs local,292.0,1
2022-04-01,Kedougou,Kédougou,Mil,330.0,1
2022-04-01,Kedougou,Kédougou,Niébé (haricot),870.0,1
2022-04-01,Kedougou,Kédougou,Riz importé (brisé),335.0,1
2022-04-01,Kedougou,Kédougou,Riz ordinaire 1re qual.,470.0,1
2022-04-01,Kedougou,Kédougou,Sorgho,323.0,1
2022-04-01,Kolda,Kolda,Arachide décortiquée,633.0,1
2022-04-01,Kolda,Kolda,Arachide en coque,315.0,1
2022-04-01,Kolda,Kolda,Maïs importé,280.0,1
2022-04-01,Kolda,Kolda,Maïs local,281.0,1
2022-04-01,Kolda,Kolda,Mil,300.0,1
2022-04-01,Kolda,Kolda,Niébé (haricot),1067.0,1
2022-04-01,Kolda,Kolda,Riz importé (brisé),318.0,1
2022-04-01,Kolda,Kolda,Riz local,342.0,1
2022-04-01,Kolda,Kolda,Riz ordinaire 1re qual.,458.0,1
2022-04-01,Kolda,Kolda,Sorgho,283.0,1
2022-04-01,Louga,Louga,Arachide décortiquée,728.0,1
2022-04-01,Louga,Louga,Maïs importé,278.0,1
2022-04-01,Louga,Louga,Mil,296.0,1
2022-04-01,Louga,Louga,Niébé (haricot),813.0,1
2022-04-01,Louga,Louga,Riz importé (brisé),343.0,1
2022-04-01,Louga,Louga,Riz local,345.0,1
2022-04-01,Louga,Louga,Riz ordinaire 1re qual.,426.0,1
2022-04-01,Matam,Matam,Arachide décortiquée,700.0,1
2022-04-01,Matam,Matam,Arachide en coque,550.0,1
2022-04-01,Matam,Matam,Maïs importé,304.0,1
2022-04-01,Matam,Matam,Mil,350.0,1
2022-04-01,Matam,Matam,Niébé (haricot),800.0,1
2022-04-01,Matam,Matam,Riz importé (brisé),325.0,1
2022-04-01,Matam,Matam,Riz local,313.0,1
2022-04-01,Matam,Matam,Riz ordinaire 1re qual.,475.0,1
2022-04-01,Matam,Matam,Sorgho,350.0,1
2022-04-01,Saint Louis,Saint-Louis,Arachide décortiquée,836.0,1
2022-04-01,Saint Louis,Saint-Louis,Arachide en coque,500.0,1
2022-04-01,Saint Louis,Saint-Louis,Maïs importé,318.0,1
2022-04-01,Saint Louis,Saint-Louis,Maïs local,325.0,1
2022-04-01,Saint Louis,Saint-Louis,Mil,332.0,1
2022-04-01,Saint Louis,Saint-Louis,Niébé (haricot),1143.0,1
2022-04-01,Saint Louis,Saint-Louis,Riz importé (brisé),317.0,1
2022-04-01,Saint Louis,Saint-Louis,Riz local,329.0,1
2022-04-01,Saint Louis,Saint-Louis,Riz ordinaire 1re qual.,429.0,1
2022-04-01,Sedhiou,Sédhiou,Arachide décortiquée,800.0,1
2022-04-01,Sedhiou,Sédhiou,Arachide en coque,318.0,1
2022-04-01,Sedhiou,Sédhiou,Maïs local,313.0,1
2022-04-01,Sedhiou,Sédhiou,Mil,300.0,1
2022-04-01,Sedhiou,Sédhiou,Niébé (haricot),1000.0,1
2022-04-01,Sedhiou,Sédhiou,Riz importé (brisé),300.0,1
2022-04-01,Sedhiou,Sédhiou,Riz ordinaire 1re qual.,450.0,1
2022-04-01,Sedhiou,Sédhiou,Sorgho,400.0,1
2022-04-01,Tambacounda,Tambacounda,Arachide décortiquée,655.0,1
2022-04-01,Tambacounda,Tambacounda,Arachide en coque,313.0,1
2022-04-01,Tambacounda,Tambacounda,Maïs local,261.0,1
2022-04-01,Tambacounda,Tambacounda,Mil,264.0,1
2022-04-01,Tambacounda,Tambacounda,Niébé (haricot),970.0,1
2022-04-01,Tambacounda,Tambacounda,Riz importé (brisé),338.0,1
2022-04-01,Tambacounda,Tambacounda,Riz ordinaire 1re qual.,450.0,1
2022-04-01,Thies,Thiès,Arachide décortiquée,756.0,1
2022-04-01,Thies,Thiès,Arachide en coque,431.0,1
2022-04-01,Thies,Thiès,Maïs importé,338.0,1
2022-04-01,Thies,Thiès,Maïs local,300.0,1
2022-04-01,Thies,Thiès,Mil,319.0,1
2022-04-01,Thies,Thiès,Niébé (haricot),975.0,1
2022-04-01,Thies,Thiès,Riz importé (brisé),345.0,1
2022-04-01,Thies,Thiès,Riz local,318.0,1
2022-04-01,Thies,Thiès,Riz ordinaire 1re qual.,450.0,1
2022-04-01,Thies,Thiès,Sorgho,367.0,1
2022-04-01,Ziguinchor,Ziguinchor,Arachide décortiquée,867.0,1
2022-04-01,Ziguinchor,Ziguinchor,Arachide en coque,433.0,1
2022-04-01,Ziguinchor,Ziguinchor,Maïs importé,350.0,1
2022-04-01,Ziguinchor,Ziguinchor,Maïs local,350.0,1
2022-04-01,Ziguinchor,Ziguinchor,Mil,300.0,1
2022-04-01,Ziguinchor,Ziguinchor,Niébé (haricot),1133.0,1
2022-04-01,Ziguinchor,Ziguinchor,Riz importé (brisé),342.0,1
2022-04-01,Ziguinchor,Ziguinchor,Riz local,400.0,1
2022-04-01,Ziguinchor,Ziguinchor,Riz ordinaire 1re qual.,500.0,1
2022-04-01,Ziguinchor,Ziguinchor,Sorgho,400.0,1
2022-05-01,Dakar,Dakar,Arachide décortiquée,800.0,1
2022-05-01,Dakar,Dakar,Arachide en coque,563.0,1
2022-05-01,Dakar,Dakar,Maïs importé,375.0,1
2022-05-01,Dakar,Dakar,Mil,325.0,1
2022-05-01,Dakar,Dakar,Niébé (haricot),1325.0,1
2022-05-01,Dakar,Dakar,Riz importé (brisé),313.0,1
2022-05-01,Dakar,Dakar,Riz local,344.0,1
2022-05-01,Dakar,Dakar,Riz ordinaire 1re qual.,388.0,1
2022-05-01,Diourbel,Diourbel,Arachide décortiquée,858.0,1
2022-05-01,Diourbel,Diourbel,Arachide en coque,388.0,1
2022-05-01,Diourbel,Diourbel,Maïs importé,358.0,1
2022-05-01,Diourbel,Diourbel,Maïs local,405.0,1
2022-05-01,Diourbel,Diourbel,Mil,327.0,1
2022-05-01,Diourbel,Diourbel,Niébé (haricot),1083.0,1
2022-05-01,Diourbel,Diourbel,Riz importé (brisé),346.0,1
2022-05-01,Diourbel,Diourbel,Riz local,350.0,1
2022-05-01,Diourbel,Diourbel,Riz ordinaire 1re qual.,490.0,1
2022-05-01,Diourbel,Diourbel,Sorgho,433.0,1
2022-05-01,Fatick,Fatick,Arachide décortiquée,1133.0,1
2022-05-01,Fatick,Fatick,Arachide en coque,383.0,1
2022-05-01,Fatick,Fatick,Maïs importé,417.0,1
2022-05-01,Fatick,Fatick,Mil,350.0,1
2022-05-01,Fatick,Fatick,Niébé (haricot),1100.0,1
2022-05-01,Fatick,Fatick,Riz importé (brisé),367.0,1
2022-05-01,Fatick,Fatick,Riz local,358.0,1
2022-05-01,Fatick,Fatick,Riz ordinaire 1re qual.,500.0,1
2022-05-01,Fatick,Fatick,Sorgho,383.0,1
2022-05-01,Kaffrine,Kaffrine,Arachide décortiquée,691.0,1
2022-05-01,Kaffrine,Kaffrine,Arachide en coque,330.0,1
2022-05-01,Kaffrine,Kaffrine,Maïs local,356.0,1
2022-05-01,Kaffrine,Kaffrine,Mil,300.0,1
2022-05-01,Kaffrine,Kaffrine,Niébé (haricot),1000.0,1
2022-05-01,Kaffrine,Kaffrine,Riz importé (brisé),325.0,1
2022-05-01,Kaffrine,Kaffrine,Riz ordinaire 1re qual.,450.0,1
2022-05-01,Kaffrine,Kaffrine,Sorgho,400.0,1
2022-05-01,Kaolack,Kaolack,Maïs importé,350.0,1
2022-05-01,Kaolack,Kaolack,Maïs local,362.0,1
2022-05-01,Kaolack,Kaolack,Mil,304.0,1
2022-05-01,Kaolack,Kaolack,Niébé (haricot),1193.0,1
2022-05-01,Kaolack,Kaolack,Riz importé (brisé),323.0,1
2022-05-01,Kaolack,Kaolack,Riz local,363.0,1
2022-05-01,Kaolack,Kaolack,Riz ordinaire 1re qual.,489.0,1
2022-05-01,Kaolack,Kaolack,Sorgho,450.0,1
2022-05-01,Kedougou,Kédougou,Arachide décortiquée,858.0,1
2022-05-01,Kedougou,Kédougou,Maïs local,333.0,1
2022-05-01,Kedougou,Kédougou,Mil,388.0,1
2022-05-01,Kedougou,Kédougou,Niébé (haricot),963.0,1
2022-05-01,Kedougou,Kédougou,Riz importé (brisé),338.0,1
2022-05-01,Kedougou,Kédougou,Riz ordinaire 1re qual.,475.0,1
2022-05-01,Kedougou,Kédougou,Sorgho,363.0,1
2022-05-01,Kolda,Kolda,Arachide décortiquée,710.0,1
2022-05-01,Kolda,Kolda,Arachide en coque,338.0,1
2022-05-01,Kolda,Kolda,Maïs importé,350.0,1
2022-05-01,Kolda,Kolda,Maïs local,330.0,1
2022-05-01,Kolda,Kolda,Mil,330.0,1
2022-05-01,Kolda,Kolda,Niébé (haricot),1200.0,1
2022-05-01,Kolda,Kolda,Riz importé (brisé),320.0,1
2022-05-01,Kolda,Kolda,Riz local,350.0,1
2022-05-01,Kolda,Kolda,Riz ordinaire 1re qual.,480.0,1
2022-05-01,Kolda,Kolda,Sorgho,315.0,1
2022-05-01,Louga,Louga,Arachide décortiquée,825.0,1
2022-05-01,Louga,Louga,Maïs importé,361.0,1
2022-05-01,Louga,Louga,Mil,358.0,1
2022-05-01,Louga,Louga,Niébé (haricot),989.0,1
2022-05-01,Louga,Louga,Riz importé (brisé),371.0,1
2022-05-01,Louga,Louga,Riz local,388.0,1
2022-05-01,Louga,Louga,Riz ordinaire 1re qual.,472.0,1
2022-05-01,Matam,Matam,Arachide décortiquée,933.0,1
2022-05-01,Matam,Matam,Arachide en coque,500.0,1
2022-05-01,Matam,Matam,Maïs importé,338.0,1
2022-05-01,Matam,Matam,Mil,342.0,1
2022-05-01,Matam,Matam,Niébé (haricot),1083.0,1
2022-05-01,Matam,Matam,Riz importé (brisé),333.0,1
2022-05-01,Matam,Matam,Riz local,329.0,1
2022-05-01,Matam,Matam,Riz ordinaire 1re qual.,483.0,1
2022-05-01,Saint Louis,Saint-Louis,Arachide décortiquée,856.0,1
2022-05-01,Saint Louis,Saint-Louis,Arachide en coque,600.0,1
2022-05-01,Saint Louis,Saint-Louis,Maïs importé,394.0,1
2022-05-01,Saint Louis,Saint-Louis,Maïs local,325.0,1
2022-05-01,Saint Louis,Saint-Louis,Mil,406.0,1
2022-05-01,Saint Louis,Saint-Louis,Niébé (haricot),1222.0,1
2022-05-01,Saint Louis,Saint-Louis,Riz importé (brisé),314.0,1
2022-05-01,Saint Louis,Saint-Louis,Riz local,342.0,1
2022-05-01,Saint Louis,Saint-Louis,Riz ordinaire 1re qual.,433.0,1
2022-05-01,Sedhiou,Sédhiou,Arachide décortiquée,950.0,1
2022-05-01,Sedhiou,Sédhiou,Arachide en coque,343.0,1
2022-05-01,Sedhiou,Sédhiou,Maïs local,379.0,1
2022-05-01,Sedhiou,Sédhiou,Mil,323.0,1
2022-05-01,Sedhiou,Sédhiou,Niébé (haricot),1200.0,1
2022-05-01,Sedhiou,Sédhiou,Riz importé (brisé),313.0,1
2022-05-01,Sedhiou,Sédhiou,Riz ordinaire 1re qual.,475.0,1
2022-05-01,Sedhiou,Sédhiou,Sorgho,400.0,1
2022-05-01,Tambacounda,Tambacounda,Arachide décortiquée,808.0,1
2022-05-01,Tambacounda,Tambacounda,Arachide en coque,377.0,1
2022-05-01,Tambacounda,Tambacounda,Maïs local,325.0,1
2022-05-01,Tambacounda,Tambacounda,Mil,333.0,1
2022-05-01,Tambacounda,Tambacounda,Riz importé (brisé),346.0,1
2022-05-01,Tambacounda,Tambacounda,Riz ordinaire 1re qual.,475.0,1
2022-05-01,Tambacounda,Tambacounda,Sorgho,329.0,1
2022-05-01,Thies,Thiès,Arachide décortiquée,764.0,1
2022-05-01,Thies,Thiès,Arachide en coque,462.0,1
2022-05-01,Thies,Thiès,Maïs importé,344.0,1
2022-05-01,Thies,Thiès,Maïs local,322.0,1
2022-05-01,Thies,Thiès,Mil,353.0,1
2022-05-01,Thies,Thiès,Niébé (haricot),1039.0,1
2022-05-01,Thies,Thiès,Riz importé (brisé),349.0,1
2022-05-01,Thies,Thiès,Riz local,308.0,1
2022-05-01,Thies,Thiès,Riz ordinaire 1re qual.,450.0,1
2022-05-01,Thies,Thiès,Sorgho,377.0,1
2022-05-01,Ziguinchor,Ziguinchor,Arachide décortiquée,1000.0,1
2022-05-01,Ziguinchor,Ziguinchor,Arachide en coque,575.0,1
2022-05-01,Ziguinchor,Ziguinchor,Maïs importé,350.0,1
2022-05-01,Ziguinchor,Ziguinchor,Maïs local,394.0,1
2022-05-01,Ziguinchor,Ziguinchor,Mil,325.0,1
2022-05-01,Ziguinchor,Ziguinchor,Niébé (haricot),1200.0,1
2022-05-01,Ziguinchor,Ziguinchor,Riz importé (brisé),331.0,1
2022-05-01,Ziguinchor,Ziguinchor,Riz local,425.0,1
2022-05-01,Ziguinchor,Ziguinchor,Riz ordinaire 1re qual.,500.0,1
2022-05-01,Ziguinchor,Ziguinchor,Sorgho,463.0,1
2022-06-01,Dakar,Dakar,Arachide décortiquée,825.0,1
2022-06-01,Dakar,Dakar,Arachide en coque,575.0,1
2022-06-01,Dakar,Dakar,Maïs importé,386.0,1
2022-06-01,Dakar,Dakar,Mil,344.0,1
2022-06-01,Dakar,Dakar,Niébé (haricot),1444.0,1
2022-06-01,Dakar,Dakar,Riz importé (brisé),300.0,1
2022-06-01,Dakar,Dakar,Riz local,350.0,1
2022-06-01,Dakar,Dakar,Riz ordinaire 1re qual.,400.0,1
2022-06-01,Diourbel,Diourbel,Arachide décortiquée,1075.0,1
2022-06-01,Diourbel,Diourbel,Arachide en coque,404.0,1
2022-06-01,Diourbel,Diourbel,Maïs importé,394.0,1
2022-06-01,Diourbel,Diourbel,Maïs local,403.0,1
2022-06-01,Diourbel,Diourbel,Niébé (haricot),1213.0,1
2022-06-01,Diourbel,Diourbel,Riz importé (brisé),346.0,1
2022-06-01,Diourbel,Diourbel,Riz local,351.0,1
2022-06-01,Diourbel,Diourbel,Riz ordinaire 1re qual.,488.0,1
2022-06-01,Diourbel,Diourbel,Sorgho,441.0,1
2022-06-01,Fatick,Fatick,Arachide décortiquée,1383.0,1
2022-06-01,Fatick,Fatick,Arachide en coque,383.0,1
2022-06-01,Fatick,Fatick,Maïs importé,425.0,1
2022-06-01,Fatick,Fatick,Maïs local,400.0,1
2022-06-01,Fatick,Fatick,Mil,333.0,1
2022-06-01,Fatick,Fatick,Niébé (haricot),1367.0,1
2022-06-01,Fatick,Fatick,Riz importé (brisé),333.0,1
2022-06-01,Fatick,Fatick,Riz local,400.0,1
2022-06-01,Fatick,Fatick,Riz ordinaire 1re qual.,500.0,1
2022-06-01,Fatick,Fatick,Sorgho,408.0,1
2022-06-01,Kaffrine,Kaffrine,Arachide en coque,350.0,1
2022-06-01,Kaffrine,Kaffrine,Maïs local,375.0,1
2022-06-01,Kaffrine,Kaffrine,Mil,300.0,1
2022-06-01,Kaffrine,Kaffrine,Niébé (haricot),1000.0,1
2022-06-01,Kaffrine,Kaffrine,Riz importé (brisé),325.0,1
2022-06-01,Kaffrine,Kaffrine,Riz ordinaire 1re qual.,450.0,1
2022-06-01,Kaffrine,Kaffrine,Sorgho,400.0,1
2022-06-01,Kaolack,Kaolack,Arachide décortiquée,1082.0,1
2022-06-01,Kaolack,Kaolack,Arachide en coque,354.0,1
2022-06-01,Kaolack,Kaolack,Maïs importé,308.0,1
2022-06-01,Kaolack,Kaolack,Maïs local,326.0,1
2022-06-01,Kaolack,Kaolack,Mil,315.0,1
2022-06-01,Kaolack,Kaolack,Niébé (haricot),1232.0,1
2022-06-01,Kaolack,Kaolack,Riz importé (brisé),320.0,1
2022-06-01,Kaolack,Kaolack,Riz local,450.0,1
2022-06-01,Kaolack,Kaolack,Riz ordinaire 1re qual.,500.0,1
2022-06-01,Kaolack,Kaolack,Sorgho,450.0,1
2022-06-01,Kedougou,Kédougou,Arachide décortiquée,881.0,1
2022-06-01,Kedougou,Kédougou,Maïs local,406.0,1
2022-06-01,Kedougou,Kédougou,Mil,413.0,1
2022-06-01,Kedougou,Kédougou,Niébé (haricot),1050.0,1
2022-06-01,Kedougou,Kédougou,Riz importé (brisé),363.0,1
2022-06-01,Kedougou,Kédougou,Riz ordinaire 1re qual.,488.0,1
2022-06-01,Kedougou,Kédougou,Sorgho,413.0,1
2022-06-01,Kolda,Kolda,Arachide décortiquée,1120.0,1
2022-06-01,Kolda,Kolda,Arachide en coque,400.0,1
2022-06-01,Kolda,Kolda,Maïs local,350.0,1
2022-06-01,Kolda,Kolda,Mil,350.0,1
2022-06-01,Kolda,Kolda,Niébé (haricot),1330.0,1
2022-06-01,Kolda,Kolda,Riz importé (brisé),350.0,1
2022-06-01,Kolda,Kolda,Riz local,365.0,1
2022-06-01,Kolda,Kolda,Riz ordinaire 1re qual.,520.0,1
2022-06-01,Kolda,Kolda,Sorgho,380.0,1
2022-06-01,Louga,Louga,Arachide décortiquée,1017.0,1
2022-06-01,Louga,Louga,Maïs importé,403.0,1
2022-06-01,Louga,Louga,Mil,363.0,1
2022-06-01,Louga,Louga,Niébé (haricot),1111.0,1
2022-06-01,Louga,Louga,Riz importé (brisé),400.0,1
2022-06-01,Louga,Louga,Riz local,431.0,1
2022-06-01,Louga,Louga,Riz ordinaire 1re qual.,486.0,1
2022-06-01,Matam,Matam,Arachide décortiquée,967.0,1
2022-06-01,Matam,Matam,Arachide en coque,733.0,1
2022-06-01,Matam,Matam,Maïs importé,367.0,1
2022-06-01,Matam,Matam,Mil,388.0,1
2022-06-01,Matam,Matam,Niébé (haricot),1083.0,1
2022-06-01,Matam,Matam,Riz importé (brisé),325.0,1
2022-06-01,Matam,Matam,Riz local,350.0,1
2022-06-01,Matam,Matam,Riz ordinaire 1re qual.,500.0,1
2022-06-01,Saint Louis,Saint-Louis,Arachide décortiquée,900.0,1
2022-06-01,Saint Louis,Saint-Louis,Arachide en coque,600.0,1
2022-06-01,Saint Louis,Saint-Louis,Maïs importé,384.0,1
2022-06-01,Saint Louis,Saint-Louis,Mil,413.0,1
2022-06-01,Saint Louis,Saint-Louis,Niébé (haricot),1200.0,1
2022-06-01,Saint Louis,Saint-Louis,Riz importé (brisé),325.0,1
2022-06-01,Saint Louis,Saint-Louis,Riz local,375.0,1
2022-06-01,Saint Louis,Saint-Louis,Riz ordinaire 1re qual.,463.0,1
2022-06-01,Sedhiou,Sédhiou,Arachide décortiquée,1000.0,1
2022-06-01,Sedhiou,Sédhiou,Arachide en coque,350.0,1
2022-06-01,Sedhiou,Sédhiou,Maïs local,400.0,1
2022-06-01,Sedhiou,Sédhiou,Mil,358.0,1
2022-06-01,Sedhiou,Sédhiou,Niébé (haricot),1200.0,1
2022-06-01,Sedhiou,Sédhiou,Riz importé (brisé),325.0,1
2022-06-01,Sedhiou,Sédhiou,Riz ordinaire 1re qual.,500.0,1
2022-06-01,Sedhiou,Sédhiou,Sorgho,400.0,1
2022-06-01,Tambacounda,Tambacounda,Arachide décortiquée,733.0,1
2022-06-01,Tambacounda,Tambacounda,Arachide en coque,392.0,1
2022-06-01,Tambacounda,Tambacounda,Maïs local,350.0,1
2022-06-01,Tambacounda,Tambacounda,Mil,338.0,1
2022-06-01,Tambacounda,Tambacounda,Riz importé (brisé),358.0,1
2022-06-01,Tambacounda,Tambacounda,Riz ordinaire 1re qual.,467.0,1
2022-06-01,Thies,Thiès,Arachide décortiquée,820.0,1
2022-06-01,Thies,Thiès,Arachide en coque,475.0,1
2022-06-01,Thies,Thiès,Maïs importé,360.0,1
2022-06-01,Thies,Thiès,Maïs local,370.0,1
2022-06-01,Thies,Thiès,Mil,378.0,1
2022-06-01,Thies,Thiès,Niébé (haricot),1140.0,1
2022-06-01,Thies,Thiès,Riz importé (brisé),348.0,1
2022-06-01,Thies,Thiès,Riz local,300.0,1
2022-06-01,Thies,Thiès,Riz ordinaire 1re qual.,450.0,1
2022-06-01,Thies,Thiès,Sorgho,406.0,1
2022-06-01,Ziguinchor,Ziguinchor,Arachide décortiquée,1150.0,1
2022-06-01,Ziguinchor,Ziguinchor,Arachide en coque,613.0,1
2022-06-01,Ziguinchor,Ziguinchor,Maïs importé,450.0,1
2022-06-01,Ziguinchor,Ziguinchor,Maïs local,469.0,1
2022-06-01,Ziguinchor,Ziguinchor,Mil,369.0,1
2022-06-01,Ziguinchor,Ziguinchor,Niébé (haricot),1200.0,1
2022-06-01,Ziguinchor,Ziguinchor,Riz importé (brisé),338.0,1
2022-06-01,Ziguinchor,Ziguinchor,Riz local,450.0,1
2022-06-01,Ziguinchor,Ziguinchor,Riz ordinaire 1re qual.,500.0,1
2022-06-01,Ziguinchor,Ziguinchor,Sorgho,500.0,1
2022-07-01,Dakar,Dakar,Arachide décortiquée,837.5,2
2022-07-01,Dakar,Dakar,Arachide en coque,600.0,2
2022-07-01,Dakar,Dakar,Maïs importé,387.5,2
2022-07-01,Dakar,Dakar,Mil,350.5,2
2022-07-01,Dakar,Dakar,Niébé (haricot),1456.5,2
2022-07-01,Dakar,Dakar,Riz importé (brisé),300.0,2
2022-07-01,Dakar,Dakar,Riz local,350.0,2
2022-07-01,Dakar,Dakar,Riz ordinaire 1re qual.,400.0,2
2022-07-01,Diourbel,Diourbel,Arachide décortiquée,1075.0,2
2022-07-01,Diourbel,Diourbel,Arachide en coque,425.0,2
2022-07-01,Diourbel,Diourbel,Maïs importé,375.0,2
2022-07-01,Diourbel,Diourbel,Maïs local,390.0,2
2022-07-01,Diourbel,Diourbel,Mil,352.5,1
2022-07-01,Diourbel,Diourbel,Niébé (haricot),1144.0,2
2022-07-01,Diourbel,Diourbel,Riz importé (brisé),342.5,2
2022-07-01,Diourbel,Diourbel,Riz local,355.0,2
2022-07-01,Diourbel,Diourbel,Riz ordinaire 1re qual.,487.5,2
2022-07-01,Diourbel,Diourbel,Sorgho,444.0,2
2022-07-01,Fatick,Fatick,Arachide décortiquée,1062.5,4
2022-07-01,Fatick,Fatick,Arachide en coque,475.0,2
2022-07-01,Fatick,Fatick,Maïs importé,390.0,3
2022-07-01,Fatick,Fatick,Maïs local,410.0,3
2022-07-01,Fatick,Fatick,Mil,381.5,4
2022-07-01,Fatick,Fatick,Niébé (haricot),1112.5,4
2022-07-01,Fatick,Fatick,Riz importé (brisé),337.5,4
2022-07-01,Fatick,Fatick,Riz local,350.0,1
2022-07-01,Fatick,Fatick,Riz ordinaire 1re qual.,450.0,4
2022-07-01,Fatick,Fatick,Sorgho,400.0,3
2022-07-01,Kaffrine,Kaffrine,Arachide décortiquée,750.0,1
2022-07-01,Kaffrine,Kaffrine,Arachide en coque,356.5,2
2022-07-01,Kaffrine,Kaffrine,Maïs importé,369.0,2
2022-07-01,Kaffrine,Kaffrine,Maïs local,381.5,2
2022-07-01,Kaffrine,Kaffrine,Mil,356.5,2
2022-07-01,Kaffrine,Kaffrine,Niébé (haricot),975.0,2
2022-07-01,Kaffrine,Kaffrine,Riz importé (brisé),331.5,2
2022-07-01,Kaffrine,Kaffrine,Riz ordinaire 1re qual.,450.0,1
2022-07-01,Kaolack,Kaolack,Arachide décortiquée,858.5,4
2022-07-01,Kaolack,Kaolack,Arachide en coque,383.5,4
2022-07-01,Kaolack,Kaolack,Maïs importé,300.0,3
2022-07-01,Kaolack,Kaolack,Maïs local,375.0,4
2022-07-01,Kaolack,Kaolack,Mil,326.5,4
2022-07-01,Kaolack,Kaolack,Niébé (haricot),1116.5,4
2022-07-01,Kaolack,Kaolack,Riz importé (brisé),317.0,4
2022-07-01,Kaolack,Kaolack,Riz local,450.0,1
2022-07-01,Kaolack,Kaolack,Riz ordinaire 1re qual.,500.0,1
2022-07-01,Kedougou,Kédougou,Arachide décortiquée,900.0,2
2022-07-01,Kedougou,Kédougou,Maïs local,400.0,2
2022-07-01,Kedougou,Kédougou,Mil,400.0,2
2022-07-01,Kedougou,Kédougou,Niébé (haricot),1050.0,2
2022-07-01,Kedougou,Kédougou,Riz importé (brisé),362.5,2
2022-07-01,Kedougou,Kédougou,Riz ordinaire 1re qual.,481.5,2
2022-07-01,Kedougou,Kédougou,Sorgho,406.5,2
2022-07-01,Kolda,Kolda,Arachide décortiquée,1050.0,2
2022-07-01,Kolda,Kolda,Arachide en coque,425.0,2
2022-07-01,Kolda,Kolda,Maïs local,350.0,2
2022-07-01,Kolda,Kolda,Mil,350.0,2
2022-07-01,Kolda,Kolda,Niébé (haricot),1300.0,2
2022-07-01,Kolda,Kolda,Riz importé (brisé),350.0,2
2022-07-01,Kolda,Kolda,Riz local,350.0,2
2022-07-01,Kolda,Kolda,Riz ordinaire 1re qual.,500.0,2
2022-07-01,Kolda,Kolda,Sorgho,325.0,2
2022-07-01,Louga,Louga,Arachide décortiquée,1225.0,2
2022-07-01,Louga,Louga,Maïs importé,400.0,2
2022-07-01,Louga,Louga,Mil,400.0,2
2022-07-01,Louga,Louga,Niébé (haricot),1050.0,2
2022-07-01,Louga,Louga,Riz importé (brisé),400.0,2
2022-07-01,Louga,Louga,Riz local,437.5,2
2022-07-01,Louga,Louga,Riz ordinaire 1re qual.,500.0,2
2022-07-01,Matam,Matam,Arachide décortiquée,1150.0,2
2022-07-01,Matam,Matam,Arachide en coque,800.0,1
2022-07-01,Matam,Matam,Maïs importé,400.0,2
2022-07-01,Matam,Matam,Mil,400.0,2
2022-07-01,Matam,Matam,Niébé (haricot),1050.0,2
2022-07-01,Matam,Matam,Riz importé (brisé),325.0,2
2022-07-01,Matam,Matam,Riz local,337.5,2
2022-07-01,Matam,Matam,Riz ordinaire 1re qual.,500.0,2
2022-07-01,Saint Louis,Saint-Louis,Arachide décortiquée,952.5,2
2022-07-01,Saint Louis,Saint-Louis,Arachide en coque,650.0,1
2022-07-01,Saint Louis,Saint-Louis,Maïs importé,381.5,2
2022-07-01,Saint Louis,Saint-Louis,Mil,404.0,2
2022-07-01,Saint Louis,Saint-Louis,Niébé (haricot),1416.5,2
2022-07-01,Saint Louis,Saint-Louis,Riz importé (brisé),332.0,2
2022-07-01,Saint Louis,Saint-Louis,Riz local,357.5,2
2022-07-01,Saint Louis,Saint-Louis,Riz ordinaire 1re qual.,460.0,2
2022-07-01,Sedhiou,Sédhiou,Arachide décortiquée,1300.0,1
2022-07-01,Sedhiou,Sédhiou,Maïs local,400.0,1
2022-07-01,Sedhiou,Sédhiou,Mil,400.0,1
2022-07-01,Sedhiou,Sédhiou,Niébé (haricot),1300.0,1
2022-07-01,Sedhiou,Sédhiou,Riz importé (brisé),325.0,1
2022-07-01,Sedhiou,Sédhiou,Riz ordinaire 1re qual.,500.0,1
2022-07-01,Sedhiou,Sédhiou,Sorgho,400.0,1
2022-07-01,Tambacounda,Tambacounda,Arachide décortiquée,875.0,4
2022-07-01,Tambacounda,Tambacounda,Arachide en coque,375.0,4
2022-07-01,Tambacounda,Tambacounda,Maïs local,337.5,4
2022-07-01,Tambacounda,Tambacounda,Mil,337.5,4
2022-07-01,Tambacounda,Tambacounda,Niébé (haricot),1200.0,4
2022-07-01,Tambacounda,Tambacounda,Riz importé (brisé),350.0,3
2022-07-01,Tambacounda,Tambacounda,Riz ordinaire 1re qual.,450.0,4
2022-07-01,Tambacounda,Tambacounda,Sorgho,350.0,3
2022-07-01,Thies,Thiès,Arachide décortiquée,1033.5,4
2022-07-01,Thies,Thiès,Arachide en coque,687.5,4
2022-07-01,Thies,Thiès,Maïs importé,388.5,4
2022-07-01,Thies,Thiès,Maïs local,383.5,2
2022-07-01,Thies,Thiès,Mil,397.0,4
2022-07-01,Thies,Thiès,Niébé (haricot),1346.0,4
2022-07-01,Thies,Thiès,Riz importé (brisé),376.0,4
2022-07-01,Thies,Thiès,Riz local,350.0,3
2022-07-01,Thies,Thiès,Riz ordinaire 1re qual.,450.0,3
2022-07-01,Thies,Thiès,Sorgho,417.0,3
2022-07-01,Ziguinchor,Ziguinchor,Arachide décortiquée,1275.0,2
2022-07-01,Ziguinchor,Ziguinchor,Arachide en coque,675.0,2
2022-07-01,Ziguinchor,Ziguinchor,Maïs importé,450.0,1
2022-07-01,Ziguinchor,Ziguinchor,Maïs local,425.0,2
2022-07-01,Ziguinchor,Ziguinchor,Mil,371.0,2
2022-07-01,Ziguinchor,Ziguinchor,Niébé (haricot),1300.0,2
2022-07-01,Ziguinchor,Ziguinchor,Riz importé (brisé),350.0,2
2022-07-01,Ziguinchor,Ziguinchor,Riz local,466.5,2
2022-07-01,Ziguinchor,Ziguinchor,Riz ordinaire 1re qual.,500.0,2
2022-07-01,Ziguinchor,Ziguinchor,Sorgho,500.0,2
2022-08-01,Dakar,Dakar,Arachide décortiquée,1200.0,1
2022-08-01,Dakar,Dakar,Arachide en coque,858.0,2
2022-08-01,Dakar,Dakar,Maïs importé,401.5,2
2022-08-01,Dakar,Dakar,Mil,486.5,2
2022-08-01,Dakar,Dakar,Niébé (haricot),1816.5,1
2022-08-01,Dakar,Dakar,Riz importé (brisé),437.5,2
2022-08-01,Dakar,Dakar,Riz local,458.5,2
2022-08-01,Dakar,Dakar,Riz ordinaire 1re qual.,535.0,2
2022-08-01,Diourbel,Diourbel,Arachide décortiquée,1000.0,4
2022-08-01,Diourbel,Diourbel,Arachide en coque,550.0,4
2022-08-01,Diourbel,Diourbel,Maïs importé,362.5,4
2022-08-01,Diourbel,Diourbel,Maïs local,400.0,3
2022-08-01,Diourbel,Diourbel,Mil,400.0,4
2022-08-01,Diourbel,Diourbel,Niébé (haricot),1350.0,4
2022-08-01,Diourbel,Diourbel,Riz importé (brisé),350.0,4
2022-08-01,Diourbel,Diourbel,Riz local,355.0,4
2022-08-01,Diourbel,Diourbel,Riz ordinaire 1re qual.,487.5,4
2022-08-01,Diourbel,Diourbel,Sorgho,487.5,4
2022-08-01,Fatick,Fatick,Arachide décortiquée,1200.0,3
2022-08-01,Fatick,Fatick,Arachide en coque,400.0,3
2022-08-01,Fatick,Fatick,Maïs importé,350.0,1
2022-08-01,Fatick,Fatick,Maïs local,400.0,3
2022-08-01,Fatick,Fatick,Mil,400.0,3
2022-08-01,Fatick,Fatick,Niébé (haricot),1000.0,3
2022-08-01,Fatick,Fatick,Riz importé (brisé),350.0,3
2022-08-01,Fatick,Fatick,Riz local,375.0,2
2022-08-01,Fatick,Fatick,Riz ordinaire 1re qual.,450.0,3
2022-08-01,Fatick,Fatick,Sorgho,450.0,2
2022-08-01,Kaffrine,Kaffrine,Arachide décortiquée,775.0,3
2022-08-01,Kaffrine,Kaffrine,Arachide en coque,400.0,3
2022-08-01,Kaffrine,Kaffrine,Maïs importé,350.0,3
2022-08-01,Kaffrine,Kaffrine,Maïs local,400.0,3
2022-08-01,Kaffrine,Kaffrine,Mil,400.0,2
2022-08-01,Kaffrine,Kaffrine,Niébé (haricot),1067.0,3
2022-08-01,Kaffrine,Kaffrine,Riz importé (brisé),350.0,3
2022-08-01,Kaffrine,Kaffrine,Riz ordinaire 1re qual.,500.0,3
2022-08-01,Kaolack,Kaolack,Arachide décortiquée,900.0,4
2022-08-01,Kaolack,Kaolack,Arachide en coque,450.0,3
2022-08-01,Kaolack,Kaolack,Maïs importé,355.0,4
2022-08-01,Kaolack,Kaolack,Maïs local,380.5,4
2022-08-01,Kaolack,Kaolack,Mil,364.0,4
2022-08-01,Kaolack,Kaolack,Niébé (haricot),950.0,4
2022-08-01,Kaolack,Kaolack,Riz importé (brisé),350.0,3
2022-08-01,Kaolack,Kaolack,Riz local,425.0,1
2022-08-01,Kedougou,Kédougou,Arachide décortiquée,987.5,2
2022-08-01,Kedougou,Kédougou,Maïs local,400.0,2
2022-08-01,Kedougou,Kédougou,Mil,431.5,2
2022-08-01,Kedougou,Kédougou,Niébé (haricot),1012.5,2
2022-08-01,Kedougou,Kédougou,Riz importé (brisé),362.5,2
2022-08-01,Kedougou,Kédougou,Riz ordinaire 1re qual.,481.5,2
2022-08-01,Kedougou,Kédougou,Sorgho,431.5,2
2022-08-01,Kolda,Kolda,Arachide décortiquée,825.0,3
2022-08-01,Kolda,Kolda,Arachide en coque,400.0,1
2022-08-01,Kolda,Kolda,Maïs local,400.0,3
2022-08-01,Kolda,Kolda,Mil,400.0,3
2022-08-01,Kolda,Kolda,Niébé (haricot),1250.0,3
2022-08-01,Kolda,Kolda,Riz importé (brisé),350.0,3
2022-08-01,Kolda,Kolda,Riz local,375.0,3
2022-08-01,Kolda,Kolda,Riz ordinaire 1re qual.,500.0,2
2022-08-01,Kolda,Kolda,Sorgho,375.0,3
2022-08-01,Louga,Louga,Arachide décortiquée,1194.0,2
2022-08-01,Louga,Louga,Maïs importé,400.0,2
2022-08-01,Louga,Louga,Mil,420.5,2
2022-08-01,Louga,Louga,Niébé (haricot),1137.5,2
2022-08-01,Louga,Louga,Riz importé (brisé),419.0,2
2022-08-01,Louga,Louga,Riz local,416.0,2
2022-08-01,Louga,Louga,Riz ordinaire 1re qual.,500.0,2
2022-08-01,Matam,Matam,Arachide décortiquée,1200.0,3
2022-08-01,Matam,Matam,Arachide en coque,500.0,3
2022-08-01,Matam,Matam,Maïs importé,400.0,3
2022-08-01,Matam,Matam,Mil,450.0,3
2022-08-01,Matam,Matam,Niébé (haricot),1100.0,3
2022-08-01,Matam,Matam,Riz importé (brisé),338.0,3
2022-08-01,Matam,Matam,Riz local,350.0,3
2022-08-01,Matam,Matam,Riz ordinaire 1re qual.,500.0,3
2022-08-01,Saint Louis,Saint-Louis,Arachide décortiquée,1087.5,2
2022-08-01,Saint Louis,Saint-Louis,Arachide en coque,700.0,1
2022-08-01,Saint Louis,Saint-Louis,Maïs importé,369.0,2
2022-08-01,Saint Louis,Saint-Louis,Mil,431.5,2
2022-08-01,Saint Louis,Saint-Louis,Niébé (haricot),1300.0,2
2022-08-01,Saint Louis,Saint-Louis,Riz importé (brisé),356.5,2
2022-08-01,Saint Louis,Saint-Louis,Riz local,350.5,2
2022-08-01,Saint Louis,Saint-Louis,Riz ordinaire 1re qual.,471.5,2
2022-08-01,Saint Louis,Saint-Louis,Sorgho,500.0,1
2022-08-01,Sedhiou,Sédhiou,Arachide décortiquée,1300.0,1
2022-08-01,Sedhiou,Sédhiou,Maïs local,400.0,1
2022-08-01,Sedhiou,Sédhiou,Mil,400.0,1
2022-08-01,Sedhiou,Sédhiou,Niébé (haricot),1700.0,1
2022-08-01,Sedhiou,Sédhiou,Riz importé (brisé),350.0,1
2022-08-01,Sedhiou,Sédhiou,Riz ordinaire 1re qual.,500.0,1
2022-08-01,Sedhiou,Sédhiou,Sorgho,450.0,1
2022-08-01,Tambacounda,Tambacounda,Arachide décortiquée,1000.0,4
2022-08-01,Tambacounda,Tambacounda,Arachide en coque,387.5,4
2022-08-01,Tambacounda,Tambacounda,Maïs local,350.0,4
2022-08-01,Tambacounda,Tambacounda,Mil,344.0,4
2022-08-01,Tambacounda,Tambacounda,Niébé (haricot),1200.0,4
2022-08-01,Tambacounda,Tambacounda,Riz importé (brisé),350.0,3
2022-08-01,Tambacounda,Tambacounda,Riz ordinaire 1re qual.,450.0,4
2022-08-01,Tambacounda,Tambacounda,Sorgho,350.0,3
2022-08-01,Thies,Thiès,Arachide décortiquée,1050.0,4
2022-08-01,Thies,Thiès,Arachide en coque,738.0,4
2022-08-01,Thies,Thiès,Maïs importé,400.0,4
2022-08-01,Thies,Thiès,Maïs local,381.5,2
2022-08-01,Thies,Thiès,Mil,408.5,4
2022-08-01,Thies,Thiès,Niébé (haricot),1450.0,4
2022-08-01,Thies,Thiès,Riz importé (brisé),383.5,4
2022-08-01,Thies,Thiès,Riz local,362.5,4
2022-08-01,Thies,Thiès,Riz ordinaire 1re qual.,450.0,3
2022-08-01,Thies,Thiès,Sorgho,450.0,3
2022-08-01,Ziguinchor,Ziguinchor,Arachide décortiquée,1483.5,2
2022-08-01,Ziguinchor,Ziguinchor,Arachide en coque,675.0,2
2022-08-01,Ziguinchor,Ziguinchor,Maïs importé,412.5,2
2022-08-01,Ziguinchor,Ziguinchor,Maïs local,450.0,2
2022-08-01,Ziguinchor,Ziguinchor,Mil,433.5,2
2022-08-01,Ziguinchor,Ziguinchor,Niébé (haricot),1350.0,2
2022-08-01,Ziguinchor,Ziguinchor,Riz importé (brisé),350.0,2
2022-08-01,Ziguinchor,Ziguinchor,Riz local,425.0,2
2022-08-01,Ziguinchor,Ziguinchor,Riz ordinaire 1re qual.,500.0,2
2022-08-01,Ziguinchor,Ziguinchor,Sorgho,500.0,2
2022-09-01,Dakar,Dakar,Arachide décortiquée,1200.0,1
2022-09-01,Dakar,Dakar,Arachide en coque,708.5,2
2022-09-01,Dakar,Dakar,Maïs importé,358.5,2
2022-09-01,Dakar,Dakar,Mil,475.0,2
2022-09-01,Dakar,Dakar,Riz importé (brisé),441.5,2
2022-09-01,Dakar,Dakar,Riz local,462.5,2
2022-09-01,Dakar,Dakar,Riz ordinaire 1re qual.,537.5,2
2022-09-01,Diourbel,Diourbel,Arachide décortiquée,975.0,2
2022-09-01,Diourbel,Diourbel,Arachide en coque,425.0,2
2022-09-01,Diourbel,Diourbel,Maïs importé,325.0,2
2022-09-01,Diourbel,Diourbel,Maïs local,388.0,1
2022-09-01,Diourbel,Diourbel,Mil,434.75,2
2022-09-01,Diourbel,Diourbel,Niébé (haricot),1100.0,1
2022-09-01,Diourbel,Diourbel,Riz importé (brisé),343.75,2
2022-09-01,Diourbel,Diourbel,Riz local,337.5,2
2022-09-01,Diourbel,Diourbel,Riz ordinaire 1re qual.,487.5,2
2022-09-01,Diourbel,Diourbel,Sorgho,450.0,2
2022-09-01,Fatick,Fatick,Arachide décortiquée,900.0,5
2022-09-01,Fatick,Fatick,Arachide en coque,400.0,2
2022-09-01,Fatick,Fatick,Maïs importé,350.0,3
2022-09-01,Fatick,Fatick,Maïs local,413.0,3
2022-09-01,Fatick,Fatick,Mil,425.0,5
2022-09-01,Fatick,Fatick,Niébé (haricot),1150.0,4
2022-09-01,Fatick,Fatick,Riz importé (brisé),350.0,5
2022-09-01,Fatick,Fatick,Riz local,350.0,4
2022-09-01,Fatick,Fatick,Riz ordinaire 1re qual.,450.0,5
2022-09-01,Fatick,Fatick,Sorgho,437.5,4
2022-09-01,Kaffrine,Kaffrine,Arachide décortiquée,750.0,3
2022-09-01,Kaffrine,Kaffrine,Arachide en coque,412.5,2
2022-09-01,Kaffrine,Kaffrine,Maïs importé,367.0,3
2022-09-01,Kaffrine,Kaffrine,Mil,416.5,2
2022-09-01,Kaffrine,Kaffrine,Niébé (haricot),1166.5,2
2022-09-01,Kaffrine,Kaffrine,Riz importé (brisé),350.0,3
2022-09-01,Kaffrine,Kaffrine,Riz ordinaire 1re qual.,500.0,2
2022-09-01,Kaolack,Kaolack,Arachide décortiquée,881.5,4
2022-09-01,Kaolack,Kaolack,Arachide en coque,413.0,3
2022-09-01,Kaolack,Kaolack,Maïs importé,385.0,4
2022-09-01,Kaolack,Kaolack,Maïs local,359.0,4
2022-09-01,Kaolack,Kaolack,Mil,444.0,3
2022-09-01,Kaolack,Kaolack,Niébé (haricot),970.0,1
2022-09-01,Kaolack,Kaolack,Riz importé (brisé),350.0,4
2022-09-01,Kaolack,Kaolack,Riz local,450.0,1
2022-09-01,Kaolack,Kaolack,Riz ordinaire 1re qual.,500.0,1
2022-09-01,Kedougou,Kédougou,Arachide décortiquée,925.0,2
2022-09-01,Kedougou,Kédougou,Arachide en coque,406.5,2
2022-09-01,Kedougou,Kédougou,Maïs local,392.0,3
2022-09-01,Kedougou,Kédougou,Mil,408.0,3
2022-09-01,Kedougou,Kédougou,Niébé (haricot),1050.0,3
2022-09-01,Kedougou,Kédougou,Riz importé (brisé),408.0,3
2022-09-01,Kedougou,Kédougou,Riz local,400.0,2
2022-09-01,Kedougou,Kédougou,Riz ordinaire 1re qual.,508.0,3
2022-09-01,Kedougou,Kédougou,Sorgho,408.0,3
2022-09-01,Kolda,Kolda,Arachide décortiquée,900.0,3
2022-09-01,Kolda,Kolda,Arachide en coque,450.0,2
2022-09-01,Kolda,Kolda,Maïs importé,400.0,2
2022-09-01,Kolda,Kolda,Maïs local,400.0,3
2022-09-01,Kolda,Kolda,Mil,433.0,3
2022-09-01,Kolda,Kolda,Niébé (haricot),1133.5,2
2022-09-01,Kolda,Kolda,Riz importé (brisé),350.0,3
2022-09-01,Kolda,Kolda,Riz local,388.0,3
2022-09-01,Kolda,Kolda,Riz ordinaire 1re qual.,500.0,2
2022-09-01,Kolda,Kolda,Sorgho,400.0,3
2022-09-01,Louga,Louga,Arachide décortiquée,1100.0,2
2022-09-01,Louga,Louga,Arachide en coque,700.0,2
2022-09-01,Louga,Louga,Maïs importé,333.0,2
2022-09-01,Louga,Louga,Mil,542.0,2
2022-09-01,Louga,Louga,Niébé (haricot),1066.5,2
2022-09-01,Louga,Louga,Riz importé (brisé),450.0,2
2022-09-01,Louga,Louga,Riz local,412.5,2
2022-09-01,Louga,Louga,Riz ordinaire 1re qual.,500.0,2
2022-09-01,Matam,Matam,Arachide décortiquée,1133.0,3
2022-09-01,Matam,Matam,Arachide en coque,600.0,3
2022-09-01,Matam,Matam,Maïs importé,400.0,3
2022-09-01,Matam,Matam,Mil,483.0,3
2022-09-01,Matam,Matam,Niébé (haricot),1025.0,2
2022-09-01,Matam,Matam,Riz importé (brisé),383.0,3
2022-09-01,Matam,Matam,Riz local,363.0,3
2022-09-01,Matam,Matam,Riz ordinaire 1re qual.,500.0,3
2022-09-01,Saint Louis,Saint-Louis,Arachide décortiquée,1150.0,2
2022-09-01,Saint Louis,Saint-Louis,Maïs importé,350.0,1
2022-09-01,Saint Louis,Saint-Louis,Niébé (haricot),1112.5,2
2022-09-01,Saint Louis,Saint-Louis,Riz importé (brisé),388.0,1
2022-09-01,Saint Louis,Saint-Louis,Riz local,375.0,1
2022-09-01,Saint Louis,Saint-Louis,Riz ordinaire 1re qual.,575.0,1
2022-09-01,Sedhiou,Sédhiou,Arachide décortiquée,1150.0,1
2022-09-01,Sedhiou,Sédhiou,Maïs importé,400.0,1
2022-09-01,Sedhiou,Sédhiou,Maïs local,450.0,1
2022-09-01,Sedhiou,Sédhiou,Mil,500.0,1
2022-09-01,Sedhiou,Sédhiou,Niébé (haricot),1600.0,1
2022-09-01,Sedhiou,Sédhiou,Riz importé (brisé),350.0,1
2022-09-01,Sedhiou,Sédhiou,Riz local,375.0,1
2022-09-01,Sedhiou,Sédhiou,Riz ordinaire 1re qual.,500.0,1
2022-09-01,Sedhiou,Sédhiou,Sorgho,550.0,1
2022-09-01,Tambacounda,Tambacounda,Arachide décortiquée,1000.0,3
2022-09-01,Tambacounda,Tambacounda,Arachide en coque,400.0,3
2022-09-01,Tambacounda,Tambacounda,Maïs local,350.0,4
2022-09-01,Tambacounda,Tambacounda,Mil,337.5,4
2022-09-01,Tambacounda,Tambacounda,Niébé (haricot),1300.0,1
2022-09-01,Tambacounda,Tambacounda,Riz importé (brisé),362.5,4
2022-09-01,Tambacounda,Tambacounda,Riz ordinaire 1re qual.,450.0,4
2022-09-01,Tambacounda,Tambacounda,Sorgho,350.0,3
2022-09-01,Thies,Thiès,Arachide décortiquée,1000.0,3
2022-09-01,Thies,Thiès,Arachide en coque,758.5,4
2022-09-01,Thies,Thiès,Maïs importé,400.0,4
2022-09-01,Thies,Thiès,Maïs local,500.0,4
2022-09-01,Thies,Thiès,Mil,400.0,4
2022-09-01,Thies,Thiès,Niébé (haricot),1500.0,3
2022-09-01,Thies,Thiès,Riz importé (brisé),387.5,4
2022-09-01,Thies,Thiès,Riz local,362.5,4
2022-09-01,Thies,Thiès,Riz ordinaire 1re qual.,450.0,3
2022-09-01,Thies,Thiès,Sorgho,450.0,3
2022-09-01,Ziguinchor,Ziguinchor,Arachide décortiquée,1375.0,2
2022-09-01,Ziguinchor,Ziguinchor,Maïs importé,437.5,2
2022-09-01,Ziguinchor,Ziguinchor,Maïs local,462.5,2
2022-09-01,Ziguinchor,Ziguinchor,Mil,550.0,2
2022-09-01,Ziguinchor,Ziguinchor,Niébé (haricot),1325.0,2
2022-09-01,Ziguinchor,Ziguinchor,Riz importé (brisé),350.0,2
2022-09-01,Ziguinchor,Ziguinchor,Riz local,425.0,2
2022-09-01,Ziguinchor,Ziguinchor,Riz ordinaire 1re qual.,500.0,2
2022-09-01,Ziguinchor,Ziguinchor,Sorgho,500.0,2
2022-10-01,Dakar,Dakar,Arachide en coque,625.0,2
2022-10-01,Dakar,Dakar,Maïs importé,425.0,2
2022-10-01,Dakar,Dakar,Mil,550.0,2
2022-10-01,Dakar,Dakar,Niébé (haricot),1350.0,2
2022-10-01,Dakar,Dakar,Riz importé (brisé),375.0,2
2022-10-01,Dakar,Dakar,Riz local,437.5,2
2022-10-01,Dakar,Dakar,Riz ordinaire 1re qual.,462.5,2
2022-10-01,Diourbel,Diourbel,Arachide décortiquée,900.0,4
2022-10-01,Diourbel,Diourbel,Arachide en coque,456.25,4
2022-10-01,Diourbel,Diourbel,Maïs importé,344.0,4
2022-10-01,Diourbel,Diourbel,Maïs local,363.0,1
2022-10-01,Diourbel,Diourbel,Mil,497.0,4
2022-10-01,Diourbel,Diourbel,Niébé (haricot),1150.0,2
2022-10-01,Diourbel,Diourbel,Riz importé (brisé),368.75,4
2022-10-01,Diourbel,Diourbel,Riz local,400.0,4
2022-10-01,Diourbel,Diourbel,Riz ordinaire 1re qual.,531.5,4
2022-10-01,Diourbel,Diourbel,Sorgho,400.0,3
2022-10-01,Fatick,Fatick,Arachide décortiquée,893.75,4
2022-10-01,Fatick,Fatick,Arachide en coque,450.0,4
2022-10-01,Fatick,Fatick,Maïs importé,400.0,3
2022-10-01,Fatick,Fatick,Maïs local,400.0,3
2022-10-01,Fatick,Fatick,Mil,475.0,5
2022-10-01,Fatick,Fatick,Niébé (haricot),987.5,2
2022-10-01,Fatick,Fatick,Riz importé (brisé),356.5,4
2022-10-01,Fatick,Fatick,Riz local,387.5,4
2022-10-01,Fatick,Fatick,Riz ordinaire 1re qual.,475.0,5
2022-10-01,Fatick,Fatick,Sorgho,450.0,4
2022-10-01,Kaffrine,Kaffrine,Arachide décortiquée,825.0,3
2022-10-01,Kaffrine,Kaffrine,Arachide en coque,500.0,3
2022-10-01,Kaffrine,Kaffrine,Maïs importé,400.0,3
2022-10-01,Kaffrine,Kaffrine,Mil,500.0,2
2022-10-01,Kaffrine,Kaffrine,Niébé (haricot),1000.0,3
2022-10-01,Kaffrine,Kaffrine,Riz importé (brisé),350.0,3
2022-10-01,Kaffrine,Kaffrine,Riz ordinaire 1re qual.,500.0,3
2022-10-01,Kaolack,Kaolack,Arachide décortiquée,800.0,3
2022-10-01,Kaolack,Kaolack,Arachide en coque,438.0,3
2022-10-01,Kaolack,Kaolack,Maïs importé,367.0,4
2022-10-01,Kaolack,Kaolack,Maïs local,350.0,3
2022-10-01,Kaolack,Kaolack,Mil,458.0,3
2022-10-01,Kaolack,Kaolack,Niébé (haricot),737.5,4
2022-10-01,Kaolack,Kaolack,Riz importé (brisé),350.0,3
2022-10-01,Kaolack,Kaolack,Riz local,450.0,1
2022-10-01,Kaolack,Kaolack,Riz ordinaire 1re qual.,500.0,2
2022-10-01,Kedougou,Kédougou,Arachide décortiquée,837.5,2
2022-10-01,Kedougou,Kédougou,Arachide en coque,450.0,1
2022-10-01,Kedougou,Kédougou,Maïs importé,388.0,3
2022-10-01,Kedougou,Kédougou,Maïs local,375.0,1
2022-10-01,Kedougou,Kédougou,Mil,425.0,3
2022-10-01,Kedougou,Kédougou,Niébé (haricot),1056.25,2
2022-10-01,Kedougou,Kédougou,Riz importé (brisé),400.0,3
2022-10-01,Kedougou,Kédougou,Riz local,400.0,2
2022-10-01,Kedougou,Kédougou,Riz ordinaire 1re qual.,500.0,3
2022-10-01,Kedougou,Kédougou,Sorgho,400.0,3
2022-10-01,Kolda,Kolda,Arachide décortiquée,1250.0,1
2022-10-01,Kolda,Kolda,Arachide en coque,487.5,2
2022-10-01,Kolda,Kolda,Maïs importé,400.0,1
2022-10-01,Kolda,Kolda,Maïs local,369.0,2
2022-10-01,Kolda,Kolda,Mil,481.5,2
2022-10-01,Kolda,Kolda,Niébé (haricot),1225.0,2
2022-10-01,Kolda,Kolda,Riz importé (brisé),400.0,2
2022-10-01,Kolda,Kolda,Riz local,406.5,2
2022-10-01,Kolda,Kolda,Riz ordinaire 1re qual.,550.0,2
2022-10-01,Kolda,Kolda,Sorgho,419.0,2
2022-10-01,Louga,Louga,Arachide décortiquée,1100.0,2
2022-10-01,Louga,Louga,Arachide en coque,650.0,2
2022-10-01,Louga,Louga,Maïs importé,300.0,2
2022-10-01,Louga,Louga,Mil,517.0,2
2022-10-01,Louga,Louga,Niébé (haricot),991.5,2
2022-10-01,Louga,Louga,Riz importé (brisé),450.0,2
2022-10-01,Louga,Louga,Riz local,425.0,2
2022-10-01,Louga,Louga,Riz ordinaire 1re qual.,500.0,2
2022-10-01,Matam,Matam,Arachide décortiquée,1033.5,2
2022-10-01,Matam,Matam,Arachide en coque,600.0,2
2022-10-01,Matam,Matam,Maïs importé,375.0,3
2022-10-01,Matam,Matam,Mil,500.0,3
2022-10-01,Matam,Matam,Niébé (haricot),1033.0,3
2022-10-01,Matam,Matam,Riz importé (brisé),400.0,3
2022-10-01,Matam,Matam,Riz local,362.5,2
2022-10-01,Matam,Matam,Riz ordinaire 1re qual.,500.0,3
2022-10-01,Saint Louis,Saint-Louis,Arachide en coque,706.5,2
2022-10-01,Saint Louis,Saint-Louis,Maïs importé,412.5,2
2022-10-01,Saint Louis,Saint-Louis,Mil,619.0,2
2022-10-01,Saint Louis,Saint-Louis,Niébé (haricot),1050.0,2
2022-10-01,Saint Louis,Saint-Louis,Riz importé (brisé),372.0,2
2022-10-01,Saint Louis,Saint-Louis,Riz local,356.5,2
2022-10-01,Saint Louis,Saint-Louis,Riz ordinaire 1re qual.,525.0,2
2022-10-01,Sedhiou,Sédhiou,Arachide décortiquée,1150.0,1
2022-10-01,Sedhiou,Sédhiou,Arachide en coque,450.0,1
2022-10-01,Sedhiou,Sédhiou,Maïs importé,400.0,1
2022-10-01,Sedhiou,Sédhiou,Maïs local,425.0,1
2022-10-01,Sedhiou,Sédhiou,Mil,500.0,1
2022-10-01,Sedhiou,Sédhiou,Niébé (haricot),1400.0,1
2022-10-01,Sedhiou,Sédhiou,Riz importé (brisé),400.0,1
2022-10-01,Sedhiou,Sédhiou,Riz local,410.0,1
2022-10-01,Sedhiou,Sédhiou,Riz ordinaire 1re qual.,500.0,1
2022-10-01,Sedhiou,Sédhiou,Sorgho,550.0,1
2022-10-01,Tambacounda,Tambacounda,Arachide décortiquée,1200.0,3
2022-10-01,Tambacounda,Tambacounda,Arachide en coque,375.0,3
2022-10-01,Tambacounda,Tambacounda,Maïs local,356.5,4
2022-10-01,Tambacounda,Tambacounda,Mil,450.0,4
2022-10-01,Tambacounda,Tambacounda,Niébé (haricot),1200.0,3
2022-10-01,Tambacounda,Tambacounda,Riz importé (brisé),400.0,4
2022-10-01,Tambacounda,Tambacounda,Riz ordinaire 1re qual.,500.0,4
2022-10-01,Tambacounda,Tambacounda,Sorgho,437.5,4
2022-10-01,Thies,Thiès,Arachide décortiquée,987.5,4
2022-10-01,Thies,Thiès,Arachide en coque,662.5,4
2022-10-01,Thies,Thiès,Maïs importé,363.0,4
2022-10-01,Thies,Thiès,Maïs local,462.5,4
2022-10-01,Thies,Thiès,Mil,506.5,4
2022-10-01,Thies,Thiès,Niébé (haricot),1350.0,4
2022-10-01,Thies,Thiès,Riz importé (brisé),387.5,4
2022-10-01,Thies,Thiès,Riz local,362.5,4
2022-10-01,Thies,Thiès,Riz ordinaire 1re qual.,450.0,3
2022-10-01,Thies,Thiès,Sorgho,450.0,3
2022-10-01,Ziguinchor,Ziguinchor,Arachide décortiquée,1337.5,2
2022-10-01,Ziguinchor,Ziguinchor,Arachide en coque,575.0,2
2022-10-01,Ziguinchor,Ziguinchor,Maïs importé,462.5,2
2022-10-01,Ziguinchor,Ziguinchor,Maïs local,450.0,2
2022-10-01,Ziguinchor,Ziguinchor,Mil,637.5,2
2022-10-01,Ziguinchor,Ziguinchor,Niébé (haricot),1350.0,2
2022-10-01,Ziguinchor,Ziguinchor,Riz importé (brisé),378.5,2
2022-10-01,Ziguinchor,Ziguinchor,Riz local,437.5,2
2022-10-01,Ziguinchor,Ziguinchor,Riz ordinaire 1re qual.,525.0,2
2022-10-01,Ziguinchor,Ziguinchor,Sorgho,550.0,2
2022-11-01,Dakar,Dakar,Arachide en coque,675.0,2
2022-11-01,Dakar,Dakar,Maïs importé,400.0,2
2022-11-01,Dakar,Dakar,Mil,550.0,2
2022-11-01,Dakar,Dakar,Niébé (haricot),1400.0,2
2022-11-01,Dakar,Dakar,Riz importé (brisé),350.0,2
2022-11-01,Dakar,Dakar,Riz local,412.5,2
2022-11-01,Dakar,Dakar,Riz ordinaire 1re qual.,487.5,2
2022-11-01,Diourbel,Diourbel,Arachide décortiquée,837.5,2
2022-11-01,Diourbel,Diourbel,Arachide en coque,425.0,2
2022-11-01,Diourbel,Diourbel,Maïs importé,350.0,4
2022-11-01,Diourbel,Diourbel,Maïs local,325.0,3
2022-11-01,Diourbel,Diourbel,Mil,375.0,4
2022-11-01,Diourbel,Diourbel,Niébé (haricot),1150.0,1
2022-11-01,Diourbel,Diourbel,Riz importé (brisé),350.0,4
2022-11-01,Diourbel,Diourbel,Riz local,400.0,4
2022-11-01,Diourbel,Diourbel,Riz ordinaire 1re qual.,525.0,4
2022-11-01,Diourbel,Diourbel,Sorgho,412.5,4
2022-11-01,Fatick,Fatick,Arachide décortiquée,900.0,3
2022-11-01,Fatick,Fatick,Arachide en coque,387.5,4
2022-11-01,Fatick,Fatick,Maïs importé,400.0,3
2022-11-01,Fatick,Fatick,Maïs local,400.0,5
2022-11-01,Fatick,Fatick,Mil,375.0,5
2022-11-01,Fatick,Fatick,Niébé (haricot),950.0,4
2022-11-01,Fatick,Fatick,Riz importé (brisé),350.0,3
2022-11-01,Fatick,Fatick,Riz local,400.0,4
2022-11-01,Fatick,Fatick,Riz ordinaire 1re qual.,500.0,5
2022-11-01,Fatick,Fatick,Sorgho,425.0,4
2022-11-01,Kaffrine,Kaffrine,Arachide décortiquée,950.0,1
2022-11-01,Kaffrine,Kaffrine,Arachide en coque,333.0,1
2022-11-01,Kaffrine,Kaffrine,Maïs importé,425.0,3
2022-11-01,Kaffrine,Kaffrine,Maïs local,375.0,1
2022-11-01,Kaffrine,Kaffrine,Mil,342.0,3
2022-11-01,Kaffrine,Kaffrine,Niébé (haricot),1000.0,2
2022-11-01,Kaffrine,Kaffrine,Riz importé (brisé),350.0,3
2022-11-01,Kaffrine,Kaffrine,Riz ordinaire 1re qual.,533.0,3
2022-11-01,Kaolack,Kaolack,Arachide décortiquée,798.0,3
2022-11-01,Kaolack,Kaolack,Arachide en coque,331.0,3
2022-11-01,Kaolack,Kaolack,Maïs importé,312.0,4
2022-11-01,Kaolack,Kaolack,Maïs local,302.5,4
2022-11-01,Kaolack,Kaolack,Mil,340.0,3
2022-11-01,Kaolack,Kaolack,Niébé (haricot),700.0,3
2022-11-01,Kaolack,Kaolack,Riz importé (brisé),350.0,3
2022-11-01,Kaolack,Kaolack,Riz local,450.0,1
2022-11-01,Kaolack,Kaolack,Riz ordinaire 1re qual.,500.0,2
2022-11-01,Kedougou,Kédougou,Arachide décortiquée,768.75,2
2022-11-01,Kedougou,Kédougou,Arachide en coque,350.0,1
2022-11-01,Kedougou,Kédougou,Maïs importé,500.0,1
2022-11-01,Kedougou,Kédougou,Maïs local,437.5,2
2022-11-01,Kedougou,Kédougou,Mil,425.0,3
2022-11-01,Kedougou,Kédougou,Niébé (haricot),825.0,2
2022-11-01,Kedougou,Kédougou,Riz importé (brisé),425.0,3
2022-11-01,Kedougou,Kédougou,Riz ordinaire 1re qual.,625.0,3
2022-11-01,Kedougou,Kédougou,Sorgho,400.0,3
2022-11-01,Kolda,Kolda,Arachide décortiquée,733.5,2
2022-11-01,Kolda,Kolda,Arachide en coque,338.0,3
2022-11-01,Kolda,Kolda,Maïs local,325.0,3
2022-11-01,Kolda,Kolda,Mil,312.5,2
2022-11-01,Kolda,Kolda,Niébé (haricot),1116.5,2
2022-11-01,Kolda,Kolda,Riz importé (brisé),363.0,3
2022-11-01,Kolda,Kolda,Riz local,500.0,3
2022-11-01,Kolda,Kolda,Riz ordinaire 1re qual.,533.5,2
2022-11-01,Kolda,Kolda,Sorgho,475.0,3
2022-11-01,Louga,Louga,Arachide décortiquée,1100.0,1
2022-11-01,Louga,Louga,Maïs importé,300.0,2
2022-11-01,Louga,Louga,Mil,433.0,2
2022-11-01,Louga,Louga,Niébé (haricot),1100.0,1
2022-11-01,Louga,Louga,Riz importé (brisé),412.0,2
2022-11-01,Louga,Louga,Riz local,425.0,2
2022-11-01,Louga,Louga,Riz ordinaire 1re qual.,483.0,2
2022-11-01,Matam,Matam,Arachide décortiquée,990.0,2
2022-11-01,Matam,Matam,Arachide en coque,600.0,3
2022-11-01,Matam,Matam,Maïs importé,400.0,3
2022-11-01,Matam,Matam,Mil,500.0,3
2022-11-01,Matam,Matam,Niébé (haricot),1000.0,2
2022-11-01,Matam,Matam,Riz importé (brisé),390.0,3
2022-11-01,Matam,Matam,Riz local,350.0,3
2022-11-01,Matam,Matam,Riz ordinaire 1re qual.,500.0,3
2022-11-01,Saint Louis,Saint-Louis,Arachide décortiquée,1000.0,1
2022-11-01,Saint Louis,Saint-Louis,Arachide en coque,750.0,2
2022-11-01,Saint Louis,Saint-Louis,Maïs importé,404.0,2
2022-11-01,Saint Louis,Saint-Louis,Mil,491.5,2
2022-11-01,Saint Louis,Saint-Louis,Niébé (haricot),1025.0,2
2022-11-01,Saint Louis,Saint-Louis,Riz importé (brisé),351.5,2
2022-11-01,Saint Louis,Saint-Louis,Riz local,342.5,2
2022-11-01,Saint Louis,Saint-Louis,Riz ordinaire 1re qual.,525.0,2
2022-11-01,Tambacounda,Tambacounda,Arachide décortiquée,850.0,3
2022-11-01,Tambacounda,Tambacounda,Arachide en coque,375.0,2
2022-11-01,Tambacounda,Tambacounda,Maïs local,294.0,4
2022-11-01,Tambacounda,Tambacounda,Mil,385.0,4
2022-11-01,Tambacounda,Tambacounda,Niébé (haricot),788.0,3
2022-11-01,Tambacounda,Tambacounda,Riz importé (brisé),350.5,4
2022-11-01,Tambacounda,Tambacounda,Riz local,400.0,1
2022-11-01,Tambacounda,Tambacounda,Riz ordinaire 1re qual.,490.0,4
2022-11-01,Tambacounda,Tambacounda,Sorgho,381.5,4
2022-11-01,Thies,Thiès,Arachide décortiquée,821.0,4
2022-11-01,Thies,Thiès,Arachide en coque,446.0,4
2022-11-01,Thies,Thiès,Maïs importé,350.0,4
2022-11-01,Thies,Thiès,Maïs local,350.0,4
2022-11-01,Thies,Thiès,Mil,475.0,4
2022-11-01,Thies,Thiès,Niébé (haricot),975.0,3
2022-11-01,Thies,Thiès,Riz importé (brisé),370.5,4
2022-11-01,Thies,Thiès,Riz local,363.5,4
2022-11-01,Thies,Thiès,Riz ordinaire 1re qual.,463.0,3
2022-11-01,Thies,Thiès,Sorgho,450.0,3
2022-11-01,Ziguinchor,Ziguinchor,Arachide décortiquée,1350.0,2
2022-11-01,Ziguinchor,Ziguinchor,Arachide en coque,650.0,2
2022-11-01,Ziguinchor,Ziguinchor,Maïs importé,462.5,2
2022-11-01,Ziguinchor,Ziguinchor,Maïs local,400.0,1
2022-11-01,Ziguinchor,Ziguinchor,Mil,537.5,2
2022-11-01,Ziguinchor,Ziguinchor,Niébé (haricot),1225.0,2
2022-11-01,Ziguinchor,Ziguinchor,Riz importé (brisé),375.5,2
2022-11-01,Ziguinchor,Ziguinchor,Riz local,444.0,2
2022-11-01,Ziguinchor,Ziguinchor,Riz ordinaire 1re qual.,532.5,2
2022-11-01,Ziguinchor,Ziguinchor,Sorgho,550.0,2
2022-12-01,Dakar,Dakar,Arachide décortiquée,1050.0,1
2022-12-01,Dakar,Dakar,Arachide en coque,625.0,2
2022-12-01,Dakar,Dakar,Maïs importé,387.5,2
2022-12-01,Dakar,Dakar,Mil,550.0,2
2022-12-01,Dakar,Dakar,Niébé (haricot),1325.0,2
2022-12-01,Dakar,Dakar,Riz importé (brisé),338.0,2
2022-12-01,Dakar,Dakar,Riz local,412.5,2
2022-12-01,Dakar,Dakar,Riz ordinaire 1re qual.,475.0,2
2022-12-01,Dakar,Dakar,Sorgho,400.0,2
2022-12-01,Diourbel,Diourbel,Arachide décortiquée,850.0,4
2022-12-01,Diourbel,Diourbel,Arachide en coque,417.0,4
2022-12-01,Diourbel,Diourbel,Maïs importé,350.0,4
2022-12-01,Diourbel,Diourbel,Maïs local,350.0,3
2022-12-01,Diourbel,Diourbel,Mil,406.5,4
2022-12-01,Diourbel,Diourbel,Niébé (haricot),1100.0,4
2022-12-01,Diourbel,Diourbel,Riz importé (brisé),341.25,4
2022-12-01,Diourbel,Diourbel,Riz local,400.0,3
2022-12-01,Diourbel,Diourbel,Riz ordinaire 1re qual.,537.5,4
2022-12-01,Diourbel,Diourbel,Sorgho,300.0,3
2022-12-01,Fatick,Fatick,Arachide décortiquée,825.0,5
2022-12-01,Fatick,Fatick,Arachide en coque,400.0,5
2022-12-01,Fatick,Fatick,Maïs importé,362.5,4
2022-12-01,Fatick,Fatick,Maïs local,338.0,5
2022-12-01,Fatick,Fatick,Mil,388.0,5
2022-12-01,Fatick,Fatick,Niébé (haricot),1000.0,5
2022-12-01,Fatick,Fatick,Riz importé (brisé),348.0,5
2022-12-01,Fatick,Fatick,Riz local,387.5,4
2022-12-01,Fatick,Fatick,Riz ordinaire 1re qual.,500.0,5
2022-12-01,Fatick,Fatick,Sorgho,400.0,4
2022-12-01,Kaffrine,Kaffrine,Arachide décortiquée,880.0,2
2022-12-01,Kaffrine,Kaffrine,Arachide en coque,400.0,3
2022-12-01,Kaffrine,Kaffrine,Maïs importé,400.0,3
2022-12-01,Kaffrine,Kaffrine,Maïs local,325.0,3
2022-12-01,Kaffrine,Kaffrine,Mil,369.0,3
2022-12-01,Kaffrine,Kaffrine,Niébé (haricot),1000.0,3
2022-12-01,Kaffrine,Kaffrine,Riz importé (brisé),350.0,3
2022-12-01,Kaffrine,Kaffrine,Riz ordinaire 1re qual.,500.0,3
2022-12-01,Kaffrine,Kaffrine,Sorgho,400.0,3
2022-12-01,Kaolack,Kaolack,Arachide décortiquée,775.5,4
2022-12-01,Kaolack,Kaolack,Arachide en coque,390.0,3
2022-12-01,Kaolack,Kaolack,Maïs importé,323.0,4
2022-12-01,Kaolack,Kaolack,Maïs local,341.5,4
2022-12-01,Kaolack,Kaolack,Mil,393.0,3
2022-12-01,Kaolack,Kaolack,Niébé (haricot),875.0,4
2022-12-01,Kaolack,Kaolack,Riz importé (brisé),338.0,3
2022-12-01,Kaolack,Kaolack,Riz local,450.0,1
2022-12-01,Kaolack,Kaolack,Riz ordinaire 1re qual.,500.0,2
2022-12-01,Kaolack,Kaolack,Sorgho,400.0,1
2022-12-01,Kedougou,Kédougou,Arachide décortiquée,800.0,3
2022-12-01,Kedougou,Kédougou,Arachide en coque,319.0,2
2022-12-01,Kedougou,Kédougou,Maïs local,275.0,3
2022-12-01,Kedougou,Kédougou,Mil,425.0,3
2022-12-01,Kedougou,Kédougou,Niébé (haricot),850.0,3
2022-12-01,Kedougou,Kédougou,Riz importé (brisé),375.0,3
2022-12-01,Kedougou,Kédougou,Riz ordinaire 1re qual.,525.0,3
2022-12-01,Kedougou,Kédougou,Sorgho,413.0,3
2022-12-01,Kolda,Kolda,Arachide décortiquée,725.0,3
2022-12-01,Kolda,Kolda,Arachide en coque,388.0,3
2022-12-01,Kolda,Kolda,Maïs local,325.0,3
2022-12-01,Kolda,Kolda,Mil,350.0,2
2022-12-01,Kolda,Kolda,Niébé (haricot),1100.0,3
2022-12-01,Kolda,Kolda,Riz importé (brisé),350.0,3
2022-12-01,Kolda,Kolda,Riz local,460.0,3
2022-12-01,Kolda,Kolda,Riz ordinaire 1re qual.,500.0,3
2022-12-01,Kolda,Kolda,Sorgho,450.0,3
2022-12-01,Louga,Louga,Arachide décortiquée,1100.0,2
2022-12-01,Louga,Louga,Arachide en coque,525.0,2
2022-12-01,Louga,Louga,Maïs importé,300.0,2
2022-12-01,Louga,Louga,Mil,444.0,2
2022-12-01,Louga,Louga,Niébé (haricot),1100.0,2
2022-12-01,Louga,Louga,Riz importé (brisé),335.0,2
2022-12-01,Louga,Louga,Riz local,400.0,2
2022-12-01,Louga,Louga,Riz ordinaire 1re qual.,438.0,2
2022-12-01,Matam,Matam,Arachide décortiquée,875.0,2
2022-12-01,Matam,Matam,Arachide en coque,575.0,2
2022-12-01,Matam,Matam,Maïs importé,375.0,2
2022-12-01,Matam,Matam,Mil,462.5,2
2022-12-01,Matam,Matam,Niébé (haricot),975.0,2
2022-12-01,Matam,Matam,Riz importé (brisé),345.0,2
2022-12-01,Matam,Matam,Riz local,350.0,2
2022-12-01,Matam,Matam,Riz ordinaire 1re qual.,525.0,2
2022-12-01,Saint Louis,Saint-Louis,Arachide décortiquée,980.0,2
2022-12-01,Saint Louis,Saint-Louis,Arachide en coque,745.0,2
2022-12-01,Saint Louis,Saint-Louis,Maïs importé,417.0,2
2022-12-01,Saint Louis,Saint-Louis,Maïs local,400.0,1
2022-12-01,Saint Louis,Saint-Louis,Mil,472.0,2
2022-12-01,Saint Louis,Saint-Louis,Niébé (haricot),920.0,2
2022-12-01,Saint Louis,Saint-Louis,Riz importé (brisé),372.0,2
2022-12-01,Saint Louis,Saint-Louis,Riz local,337.5,2
2022-12-01,Saint Louis,Saint-Louis,Riz ordinaire 1re qual.,539.0,2
2022-12-01,Sedhiou,Sédhiou,Arachide décortiquée,1000.0,1
2022-12-01,Sedhiou,Sédhiou,Arachide en coque,425.0,1
2022-12-01,Sedhiou,Sédhiou,Maïs importé,400.0,1
2022-12-01,Sedhiou,Sédhiou,Maïs local,400.0,1
2022-12-01,Sedhiou,Sédhiou,Mil,525.0,1
2022-12-01,Sedhiou,Sédhiou,Niébé (haricot),1300.0,1
2022-12-01,Sedhiou,Sédhiou,Riz importé (brisé),375.0,1
2022-12-01,Sedhiou,Sédhiou,Riz local,420.0,1
2022-12-01,Sedhiou,Sédhiou,Riz ordinaire 1re qual.,500.0,1
2022-12-01,Sedhiou,Sédhiou,Sorgho,550.0,1
2022-12-01,Tambacounda,Tambacounda,Arachide décortiquée,816.5,4
2022-12-01,Tambacounda,Tambacounda,Arachide en coque,370.5,4
2022-12-01,Tambacounda,Tambacounda,Maïs local,308.5,4
2022-12-01,Tambacounda,Tambacounda,Mil,405.0,4
2022-12-01,Tambacounda,Tambacounda,Niébé (haricot),862.5,4
2022-12-01,Tambacounda,Tambacounda,Riz importé (brisé),340.0,4
2022-12-01,Tambacounda,Tambacounda,Riz local,400.0,1
2022-12-01,Tambacounda,Tambacounda,Riz ordinaire 1re qual.,472.5,4
2022-12-01,Tambacounda,Tambacounda,Sorgho,344.0,4
2022-12-01,Thies,Thiès,Arachide décortiquée,775.0,4
2022-12-01,Thies,Thiès,Arachide en coque,400.0,4
2022-12-01,Thies,Thiès,Maïs importé,350.0,4
2022-12-01,Thies,Thiès,Maïs local,350.0,4
2022-12-01,Thies,Thiès,Mil,475.0,4
2022-12-01,Thies,Thiès,Niébé (haricot),925.0,4
2022-12-01,Thies,Thiès,Riz importé (brisé),334.0,4
2022-12-01,Thies,Thiès,Riz local,365.0,4
2022-12-01,Thies,Thiès,Riz ordinaire 1re qual.,500.0,3
2022-12-01,Thies,Thiès,Sorgho,450.0,3
2022-12-01,Ziguinchor,Ziguinchor,Arachide décortiquée,1225.0,2
2022-12-01,Ziguinchor,Ziguinchor,Arachide en coque,600.0,2
2022-12-01,Ziguinchor,Ziguinchor,Maïs importé,425.0,2
2022-12-01,Ziguinchor,Ziguinchor,Maïs local,400.0,2
2022-12-01,Ziguinchor,Ziguinchor,Mil,487.5,2
2022-12-01,Ziguinchor,Ziguinchor,Niébé (haricot),1250.0,2
2022-12-01,Ziguinchor,Ziguinchor,Riz importé (brisé),350.0,2
2022-12-01,Ziguinchor,Ziguinchor,Riz local,450.0,2
2022-12-01,Ziguinchor,Ziguinchor,Riz ordinaire 1re qual.,550.0,2
2022-12-01,Ziguinchor,Ziguinchor,Sorgho,525.0,2
2023-01-01,Dakar,Dakar,Arachide décortiquée,925.0,2
2023-01-01,Dakar,Dakar,Arachide en coque,587.5,2
2023-01-01,Dakar,Dakar,Maïs importé,362.5,2
2023-01-01,Dakar,Dakar,Mil,525.0,2
2023-01-01,Dakar,Dakar,Niébé (haricot),1262.5,2
2023-01-01,Dakar,Dakar,Riz importé (brisé),325.0,2
2023-01-01,Dakar,Dakar,Riz local,406.5,2
2023-01-01,Dakar,Dakar,Riz ordinaire 1re qual.,456.5,2
2023-01-01,Dakar,Dakar,Sorgho,400.0,2
2023-01-01,Dakar,Dakar,Sorgho importé,425.0,2
2023-01-01,Diourbel,Diourbel,Arachide décortiquée,1025.0,4
2023-01-01,Diourbel,Diourbel,Arachide en coque,487.5,4
2023-01-01,Diourbel,Diourbel,Maïs importé,350.0,4
2023-01-01,Diourbel,Diourbel,Maïs local,350.0,3
2023-01-01,Diourbel,Diourbel,Mil,400.0,4
2023-01-01,Diourbel,Diourbel,Niébé (haricot),1150.0,4
2023-01-01,Diourbel,Diourbel,Riz importé (brisé),341.25,4
2023-01-01,Diourbel,Diourbel,Riz local,400.0,4
2023-01-01,Diourbel,Diourbel,Riz ordinaire 1re qual.,537.5,4
2023-01-01,Diourbel,Diourbel,Sorgho,350.0,3
2023-01-01,Diourbel,Diourbel,Sorgho importé,387.5,2
2023-01-01,Fatick,Fatick,Arachide décortiquée,850.0,5
2023-01-01,Fatick,Fatick,Arachide en coque,425.0,5
2023-01-01,Fatick,Fatick,Maïs importé,362.5,4
2023-01-01,Fatick,Fatick,Maïs local,360.0,5
2023-01-01,Fatick,Fatick,Mil,375.0,5
2023-01-01,Fatick,Fatick,Niébé (haricot),1000.0,5
2023-01-01,Fatick,Fatick,Riz importé (brisé),335.0,5
2023-01-01,Fatick,Fatick,Riz local,400.0,4
2023-01-01,Fatick,Fatick,Riz ordinaire 1re qual.,500.0,5
2023-01-01,Fatick,Fatick,Sorgho,387.5,4
2023-01-01,Fatick,Fatick,Sorgho importé,400.0,1
2023-01-01,Kaffrine,Kaffrine,Arachide décortiquée,875.0,2
2023-01-01,Kaffrine,Kaffrine,Arachide en coque,400.0,2
2023-01-01,Kaffrine,Kaffrine,Maïs importé,346.0,2
2023-01-01,Kaffrine,Kaffrine,Maïs local,337.5,2
2023-01-01,Kaffrine,Kaffrine,Mil,400.0,2
2023-01-01,Kaffrine,Kaffrine,Niébé (haricot),1000.0,2
2023-01-01,Kaffrine,Kaffrine,Riz importé (brisé),350.0,2
2023-01-01,Kaffrine,Kaffrine,Riz ordinaire 1re qual.,500.0,1
2023-01-01,Kaffrine,Kaffrine,Sorgho,400.0,2
2023-01-01,Kaolack,Kaolack,Arachide décortiquée,810.0,3
2023-01-01,Kaolack,Kaolack,Arachide en coque,424.5,4
2023-01-01,Kaolack,Kaolack,Maïs importé,326.5,4
2023-01-01,Kaolack,Kaolack,Maïs local,349.5,2
2023-01-01,Kaolack,Kaolack,Mil,375.0,4
2023-01-01,Kaolack,Kaolack,Niébé (haricot),750.0,4
2023-01-01,Kaolack,Kaolack,Riz importé (brisé),331.0,3
2023-01-01,Kaolack,Kaolack,Riz local,450.0,1
2023-01-01,Kaolack,Kaolack,Riz ordinaire 1re qual.,500.0,2
2023-01-01,Kaolack,Kaolack,Sorgho,400.0,3
2023-01-01,Kaolack,Kaolack,Sorgho importé,308.0,1
2023-01-01,Kedougou,Kédougou,Arachide décortiquée,800.0,3
2023-01-01,Kedougou,Kédougou,Arachide en coque,325.0,3
2023-01-01,Kedougou,Kédougou,Maïs local,450.0,3
2023-01-01,Kedougou,Kédougou,Mil,475.0,3
2023-01-01,Kedougou,Kédougou,Niébé (haricot),800.0,3
2023-01-01,Kedougou,Kédougou,Riz importé (brisé),375.0,3
2023-01-01,Kedougou,Kédougou,Riz ordinaire 1re qual.,525.0,3
2023-01-01,Kedougou,Kédougou,Sorgho,425.0,3
2023-01-01,Kedougou,Kédougou,Sorgho importé,475.0,3
2023-01-01,Kolda,Kolda,Arachide décortiquée,800.0,3
2023-01-01,Kolda,Kolda,Arachide en coque,400.0,3
2023-01-01,Kolda,Kolda,Maïs local,375.0,3
2023-01-01,Kolda,Kolda,Mil,475.0,3
2023-01-01,Kolda,Kolda,Niébé (haricot),1000.0,3
2023-01-01,Kolda,Kolda,Riz importé (brisé),350.0,3
2023-01-01,Kolda,Kolda,Riz local,400.0,3
2023-01-01,Kolda,Kolda,Riz ordinaire 1re qual.,500.0,3
2023-01-01,Kolda,Kolda,Sorgho,450.0,3
2023-01-01,Louga,Louga,Arachide décortiquée,1030.0,2
2023-01-01,Louga,Louga,Arachide en coque,500.0,2
2023-01-01,Louga,Louga,Maïs importé,310.0,2
2023-01-01,Louga,Louga,Mil,434.0,2
2023-01-01,Louga,Louga,Niébé (haricot),1080.0,2
2023-01-01,Louga,Louga,Riz importé (brisé),335.0,2
2023-01-01,Louga,Louga,Riz local,400.0,2
2023-01-01,Louga,Louga,Riz ordinaire 1re qual.,440.0,2
2023-01-01,Matam,Matam,Arachide décortiquée,900.0,2
2023-01-01,Matam,Matam,Arachide en coque,600.0,2
2023-01-01,Matam,Matam,Maïs importé,375.5,2
2023-01-01,Matam,Matam,Mil,494.0,2
2023-01-01,Matam,Matam,Niébé (haricot),1075.0,2
2023-01-01,Matam,Matam,Riz importé (brisé),345.0,2
2023-01-01,Matam,Matam,Riz local,350.0,2
2023-01-01,Matam,Matam,Riz ordinaire 1re qual.,525.0,2
2023-01-01,Matam,Matam,Sorgho importé,494.0,2
2023-01-01,Saint Louis,Saint-Louis,Arachide décortiquée,975.0,2
2023-01-01,Saint Louis,Saint-Louis,Arachide en coque,691.5,2
2023-01-01,Saint Louis,Saint-Louis,Maïs importé,404.0,2
2023-01-01,Saint Louis,Saint-Louis,Maïs local,400.0,1
2023-01-01,Saint Louis,Saint-Louis,Mil,471.0,2
2023-01-01,Saint Louis,Saint-Louis,Niébé (haricot),887.5,2
2023-01-01,Saint Louis,Saint-Louis,Riz importé (brisé),359.5,2
2023-01-01,Saint Louis,Saint-Louis,Riz local,340.5,2
2023-01-01,Saint Louis,Saint-Louis,Riz ordinaire 1re qual.,506.5,2
2023-01-01,Saint Louis,Saint-Louis,Sorgho importé,400.0,1
2023-01-01,Sedhiou,Sédhiou,Arachide décortiquée,1000.0,1
2023-01-01,Sedhiou,Sédhiou,Arachide en coque,700.0,1
2023-01-01,Sedhiou,Sédhiou,Maïs importé,350.0,1
2023-01-01,Sedhiou,Sédhiou,Maïs local,400.0,1
2023-01-01,Sedhiou,Sédhiou,Mil,500.0,1
2023-01-01,Sedhiou,Sédhiou,Niébé (haricot),1250.0,1
2023-01-01,Sedhiou,Sédhiou,Riz importé (brisé),350.0,1
2023-01-01,Sedhiou,Sédhiou,Riz local,420.0,1
2023-01-01,Sedhiou,Sédhiou,Riz ordinaire 1re qual.,500.0,1
2023-01-01,Sedhiou,Sédhiou,Sorgho,500.0,1
2023-01-01,Tambacounda,Tambacounda,Arachide décortiquée,925.0,4
2023-01-01,Tambacounda,Tambacounda,Arachide en coque,400.0,4
2023-01-01,Tambacounda,Tambacounda,Maïs local,357.5,4
2023-01-01,Tambacounda,Tambacounda,Mil,392.5,4
2023-01-01,Tambacounda,Tambacounda,Niébé (haricot),837.5,4
2023-01-01,Tambacounda,Tambacounda,Riz importé (brisé),375.0,4
2023-01-01,Tambacounda,Tambacounda,Riz local,400.0,1
2023-01-01,Tambacounda,Tambacounda,Riz ordinaire 1re qual.,550.0,4
2023-01-01,Tambacounda,Tambacounda,Sorgho,362.5,4
2023-01-01,Tambacounda,Tambacounda,Sorgho importé,370.0,4
2023-01-01,Thies,Thiès,Arachide décortiquée,815.0,4
2023-01-01,Thies,Thiès,Arachide en coque,415.0,4
2023-01-01,Thies,Thiès,Maïs importé,350.0,4
2023-01-01,Thies,Thiès,Maïs local,350.0,4
2023-01-01,Thies,Thiès,Mil,450.0,4
2023-01-01,Thies,Thiès,Niébé (haricot),945.0,4
2023-01-01,Thies,Thiès,Riz importé (brisé),330.0,4
2023-01-01,Thies,Thiès,Riz local,350.0,4
2023-01-01,Thies,Thiès,Riz ordinaire 1re qual.,500.0,3
2023-01-01,Thies,Thiès,Sorgho,440.0,3
2023-01-01,Thies,Thiès,Sorgho importé,450.0,1
2023-01-01,Ziguinchor,Ziguinchor,Arachide décortiquée,1200.0,1
2023-01-01,Ziguinchor,Ziguinchor,Arachide en coque,600.0,2
2023-01-01,Ziguinchor,Ziguinchor,Maïs importé,450.0,2
2023-01-01,Ziguinchor,Ziguinchor,Maïs local,400.0,2
2023-01-01,Ziguinchor,Ziguinchor,Mil,437.5,2
2023-01-01,Ziguinchor,Ziguinchor,Niébé (haricot),1200.0,2
2023-01-01,Ziguinchor,Ziguinchor,Riz importé (brisé),350.0,2
2023-01-01,Ziguinchor,Ziguinchor,Riz local,450.0,2
2023-01-01,Ziguinchor,Ziguinchor,Riz ordinaire 1re qual.,550.0,2
2023-01-01,Ziguinchor,Ziguinchor,Sorgho,500.0,2
2023-02-01,Dakar,Dakar,Arachide décortiquée,1100.0,1
2023-02-01,Dakar,Dakar,Arachide en coque,675.0,2
2023-02-01,Dakar,Dakar,Maïs importé,387.5,2
2023-02-01,Dakar,Dakar,Mil,556.5,2
2023-02-01,Dakar,Dakar,Niébé (haricot),1275.0,2
2023-02-01,Dakar,Dakar,Riz importé (brisé),350.0,2
2023-02-01,Dakar,Dakar,Riz local,425.0,2
2023-02-01,Dakar,Dakar,Riz ordinaire 1re qual.,500.0,2
2023-02-01,Dakar,Dakar,Sorgho,450.0,1
2023-02-01,Dakar,Dakar,Sorgho importé,475.0,2
2023-02-01,Diourbel,Diourbel,Arachide décortiquée,1000.0,4
2023-02-01,Diourbel,Diourbel,Arachide en coque,500.0,4
2023-02-01,Diourbel,Diourbel,Maïs importé,337.5,4
2023-02-01,Diourbel,Diourbel,Maïs local,331.5,4
2023-02-01,Diourbel,Diourbel,Mil,400.0,4
2023-02-01,Diourbel,Diourbel,Niébé (haricot),1225.0,4
2023-02-01,Diourbel,Diourbel,Riz importé (brisé),325.0,4
2023-02-01,Diourbel,Diourbel,Riz local,400.0,4
2023-02-01,Diourbel,Diourbel,Riz ordinaire 1re qual.,525.0,4
2023-02-01,Diourbel,Diourbel,Sorgho,325.0,3
2023-02-01,Diourbel,Diourbel,Sorgho importé,425.0,4
2023-02-01,Fatick,Fatick,Arachide décortiquée,800.0,5
2023-02-01,Fatick,Fatick,Arachide en coque,437.5,4
2023-02-01,Fatick,Fatick,Maïs importé,350.0,4
2023-02-01,Fatick,Fatick,Maïs local,375.0,5
2023-02-01,Fatick,Fatick,Mil,400.0,5
2023-02-01,Fatick,Fatick,Niébé (haricot),975.0,5
2023-02-01,Fatick,Fatick,Riz importé (brisé),350.0,5
2023-02-01,Fatick,Fatick,Riz local,400.0,4
2023-02-01,Fatick,Fatick,Riz ordinaire 1re qual.,500.0,5
2023-02-01,Fatick,Fatick,Sorgho,400.0,4
2023-02-01,Fatick,Fatick,Sorgho importé,375.0,1
2023-02-01,Kaffrine,Kaffrine,Arachide décortiquée,850.0,3
2023-02-01,Kaffrine,Kaffrine,Arachide en coque,450.0,3
2023-02-01,Kaffrine,Kaffrine,Maïs importé,325.0,3
2023-02-01,Kaffrine,Kaffrine,Maïs local,325.0,3
2023-02-01,Kaffrine,Kaffrine,Mil,400.0,3
2023-02-01,Kaffrine,Kaffrine,Niébé (haricot),1000.0,3
2023-02-01,Kaffrine,Kaffrine,Riz importé (brisé),350.0,3
2023-02-01,Kaffrine,Kaffrine,Riz ordinaire 1re qual.,500.0,3
2023-02-01,Kaffrine,Kaffrine,Sorgho,400.0,3
2023-02-01,Kaolack,Kaolack,Arachide décortiquée,903.25,4
2023-02-01,Kaolack,Kaolack,Arachide en coque,459.0,4
2023-02-01,Kaolack,Kaolack,Maïs importé,318.0,3
2023-02-01,Kaolack,Kaolack,Maïs local,355.0,3
2023-02-01,Kaolack,Kaolack,Mil,363.0,4
2023-02-01,Kaolack,Kaolack,Niébé (haricot),937.5,4
2023-02-01,Kaolack,Kaolack,Riz importé (brisé),325.0,3
2023-02-01,Kaolack,Kaolack,Riz local,450.0,1
2023-02-01,Kaolack,Kaolack,Riz ordinaire 1re qual.,500.0,1
2023-02-01,Kaolack,Kaolack,Sorgho,400.0,3
2023-02-01,Kaolack,Kaolack,Sorgho importé,345.0,2
2023-02-01,Kedougou,Kédougou,Arachide décortiquée,819.0,2
2023-02-01,Kedougou,Kédougou,Arachide en coque,400.0,1
2023-02-01,Kedougou,Kédougou,Maïs local,331.5,2
2023-02-01,Kedougou,Kédougou,Mil,431.5,2
2023-02-01,Kedougou,Kédougou,Niébé (haricot),837.5,2
2023-02-01,Kedougou,Kédougou,Riz importé (brisé),375.0,2
2023-02-01,Kedougou,Kédougou,Riz ordinaire 1re qual.,531.5,2
2023-02-01,Kedougou,Kédougou,Sorgho,450.0,2
2023-02-01,Kedougou,Kédougou,Sorgho importé,431.5,2
2023-02-01,Kolda,Kolda,Arachide décortiquée,900.0,3
2023-02-01,Kolda,Kolda,Arachide en coque,425.0,3
2023-02-01,Kolda,Kolda,Maïs local,400.0,3
2023-02-01,Kolda,Kolda,Mil,450.0,3
2023-02-01,Kolda,Kolda,Niébé (haricot),1000.0,3
2023-02-01,Kolda,Kolda,Riz importé (brisé),350.0,3
2023-02-01,Kolda,Kolda,Riz local,400.0,3
2023-02-01,Kolda,Kolda,Riz ordinaire 1re qual.,500.0,3
2023-02-01,Kolda,Kolda,Sorgho,400.0,3
2023-02-01,Louga,Louga,Arachide décortiquée,1025.0,1
2023-02-01,Louga,Louga,Maïs importé,350.0,2
2023-02-01,Louga,Louga,Mil,425.0,2
2023-02-01,Louga,Louga,Niébé (haricot),1050.0,1
2023-02-01,Louga,Louga,Riz importé (brisé),346.0,2
2023-02-01,Louga,Louga,Riz local,400.0,2
2023-02-01,Louga,Louga,Riz ordinaire 1re qual.,459.5,2
2023-02-01,Louga,Louga,Sorgho importé,500.0,2
2023-02-01,Matam,Matam,Arachide décortiquée,900.0,3
2023-02-01,Matam,Matam,Arachide en coque,600.0,3
2023-02-01,Matam,Matam,Maïs importé,363.0,3
2023-02-01,Matam,Matam,Maïs local,375.0,2
2023-02-01,Matam,Matam,Mil,475.0,3
2023-02-01,Matam,Matam,Niébé (haricot),1500.0,3
2023-02-01,Matam,Matam,Riz importé (brisé),350.0,3
2023-02-01,Matam,Matam,Riz local,350.0,3
2023-02-01,Matam,Matam,Riz ordinaire 1re qual.,506.0,3
2023-02-01,Matam,Matam,Sorgho,500.0,3
2023-02-01,Matam,Matam,Sorgho importé,475.0,3
2023-02-01,Saint Louis,Saint-Louis,Arachide décortiquée,1062.5,2
2023-02-01,Saint Louis,Saint-Louis,Arachide en coque,650.5,2
2023-02-01,Saint Louis,Saint-Louis,Maïs importé,369.0,2
2023-02-01,Saint Louis,Saint-Louis,Maïs local,400.0,1
2023-02-01,Saint Louis,Saint-Louis,Mil,487.5,2
2023-02-01,Saint Louis,Saint-Louis,Niébé (haricot),950.0,2
2023-02-01,Saint Louis,Saint-Louis,Riz importé (brisé),356.5,2
2023-02-01,Saint Louis,Saint-Louis,Riz local,353.5,2
2023-02-01,Saint Louis,Saint-Louis,Riz ordinaire 1re qual.,500.0,1
2023-02-01,Saint Louis,Saint-Louis,Sorgho importé,450.0,1
2023-02-01,Sedhiou,Sédhiou,Arachide décortiquée,1000.0,1
2023-02-01,Sedhiou,Sédhiou,Arachide en coque,550.0,1
2023-02-01,Sedhiou,Sédhiou,Maïs importé,350.0,1
2023-02-01,Sedhiou,Sédhiou,Maïs local,400.0,1
2023-02-01,Sedhiou,Sédhiou,Mil,600.0,1
2023-02-01,Sedhiou,Sédhiou,Niébé (haricot),1200.0,1
2023-02-01,Sedhiou,Sédhiou,Riz importé (brisé),350.0,1
2023-02-01,Sedhiou,Sédhiou,Riz local,420.0,1
2023-02-01,Sedhiou,Sédhiou,Riz ordinaire 1re qual.,500.0,1
2023-02-01,Sedhiou,Sédhiou,Sorgho,500.0,1
2023-02-01,Tambacounda,Tambacounda,Arachide décortiquée,863.0,4
2023-02-01,Tambacounda,Tambacounda,Arachide en coque,438.0,4
2023-02-01,Tambacounda,Tambacounda,Maïs local,350.0,4
2023-02-01,Tambacounda,Tambacounda,Mil,394.0,4
2023-02-01,Tambacounda,Tambacounda,Niébé (haricot),800.0,4
2023-02-01,Tambacounda,Tambacounda,Riz importé (brisé),375.0,4
2023-02-01,Tambacounda,Tambacounda,Riz local,400.0,1
2023-02-01,Tambacounda,Tambacounda,Riz ordinaire 1re qual.,600.0,4
2023-02-01,Tambacounda,Tambacounda,Sorgho,375.0,4
2023-02-01,Tambacounda,Tambacounda,Sorgho importé,350.0,4
2023-02-01,Thies,Thiès,Arachide décortiquée,850.0,4
2023-02-01,Thies,Thiès,Arachide en coque,425.0,4
2023-02-01,Thies,Thiès,Maïs importé,350.0,4
2023-02-01,Thies,Thiès,Maïs local,350.0,4
2023-02-01,Thies,Thiès,Mil,450.0,4
2023-02-01,Thies,Thiès,Niébé (haricot),925.0,4
2023-02-01,Thies,Thiès,Riz importé (brisé),342.5,4
2023-02-01,Thies,Thiès,Riz local,400.0,3
2023-02-01,Thies,Thiès,Riz ordinaire 1re qual.,500.0,3
2023-02-01,Thies,Thiès,Sorgho,450.0,3
2023-02-01,Thies,Thiès,Sorgho importé,450.0,1
2023-02-01,Ziguinchor,Ziguinchor,Arachide décortiquée,1287.5,2
2023-02-01,Ziguinchor,Ziguinchor,Arachide en coque,650.0,2
2023-02-01,Ziguinchor,Ziguinchor,Maïs importé,450.0,2
2023-02-01,Ziguinchor,Ziguinchor,Maïs local,450.0,2
2023-02-01,Ziguinchor,Ziguinchor,Mil,500.0,2
2023-02-01,Ziguinchor,Ziguinchor,Niébé (haricot),1225.0,2
2023-02-01,Ziguinchor,Ziguinchor,Riz importé (brisé),350.0,2
2023-02-01,Ziguinchor,Ziguinchor,Riz local,437.5,2
2023-02-01,Ziguinchor,Ziguinchor,Riz ordinaire 1re qual.,550.0,2
2023-02-01,Ziguinchor,Ziguinchor,Sorgho,500.0,2
2023-03-01,Dakar,Dakar,Arachide décortiquée,1025.0,2
2023-03-01,Dakar,Dakar,Arachide en coque,675.0,2
2023-03-01,Dakar,Dakar,Maïs importé,400.0,1
2023-03-01,Dakar,Dakar,Mil,506.5,2
2023-03-01,Dakar,Dakar,Niébé (haricot),1375.0,2
2023-03-01,Dakar,Dakar,Riz importé (brisé),344.0,2
2023-03-01,Dakar,Dakar,Riz local,425.0,2
2023-03-01,Dakar,Dakar,Riz ordinaire 1re qual.,495.0,2
2023-03-01,Dakar,Dakar,Sorgho importé,456.5,2
2023-03-01,Diourbel,Diourbel,Arachide décortiquée,1100.0,4
2023-03-01,Diourbel,Diourbel,Arachide en coque,487.5,4
2023-03-01,Diourbel,Diourbel,Maïs importé,350.0,3
2023-03-01,Diourbel,Diourbel,Maïs local,350.0,3
2023-03-01,Diourbel,Diourbel,Mil,425.0,4
2023-03-01,Diourbel,Diourbel,Niébé (haricot),1225.0,4
2023-03-01,Diourbel,Diourbel,Riz importé (brisé),325.0,4
2023-03-01,Diourbel,Diourbel,Riz local,437.5,4
2023-03-01,Diourbel,Diourbel,Riz ordinaire 1re qual.,525.0,3
2023-03-01,Diourbel,Diourbel,Sorgho,450.0,2
2023-03-01,Diourbel,Diourbel,Sorgho importé,500.0,1
2023-03-01,Fatick,Fatick,Arachide décortiquée,1000.0,4
2023-03-01,Fatick,Fatick,Arachide en coque,450.0,3
2023-03-01,Fatick,Fatick,Maïs importé,325.0,3
2023-03-01,Fatick,Fatick,Maïs local,355.0,4
2023-03-01,Fatick,Fatick,Mil,412.5,4
2023-03-01,Fatick,Fatick,Niébé (haricot),1100.0,4
2023-03-01,Fatick,Fatick,Riz importé (brisé),350.0,4
2023-03-01,Fatick,Fatick,Riz local,400.0,3
2023-03-01,Fatick,Fatick,Riz ordinaire 1re qual.,500.0,4
2023-03-01,Fatick,Fatick,Sorgho,450.0,3
2023-03-01,Fatick,Fatick,Sorgho importé,400.0,1
2023-03-01,Kaffrine,Kaffrine,Arachide décortiquée,875.0,2
2023-03-01,Kaffrine,Kaffrine,Arachide en coque,450.0,3
2023-03-01,Kaffrine,Kaffrine,Maïs importé,300.0,3
2023-03-01,Kaffrine,Kaffrine,Maïs local,325.0,3
2023-03-01,Kaffrine,Kaffrine,Mil,400.0,3
2023-03-01,Kaffrine,Kaffrine,Niébé (haricot),1000.0,3
2023-03-01,Kaffrine,Kaffrine,Riz importé (brisé),350.0,3
2023-03-01,Kaffrine,Kaffrine,Riz ordinaire 1re qual.,500.0,2
2023-03-01,Kaffrine,Kaffrine,Sorgho,400.0,3
2023-03-01,Kaolack,Kaolack,Arachide décortiquée,950.0,4
2023-03-01,Kaolack,Kaolack,Arachide en coque,459.0,4
2023-03-01,Kaolack,Kaolack,Maïs importé,303.5,4
2023-03-01,Kaolack,Kaolack,Maïs local,325.0,4
2023-03-01,Kaolack,Kaolack,Mil,366.0,4
2023-03-01,Kaolack,Kaolack,Niébé (haricot),900.0,4
2023-03-01,Kaolack,Kaolack,Riz importé (brisé),325.0,3
2023-03-01,Kaolack,Kaolack,Riz local,450.0,1
2023-03-01,Kaolack,Kaolack,Riz ordinaire 1re qual.,500.0,2
2023-03-01,Kaolack,Kaolack,Sorgho,412.5,2
2023-03-01,Kaolack,Kaolack,Sorgho importé,376.5,2
2023-03-01,Kedougou,Kédougou,Arachide décortiquée,825.0,2
2023-03-01,Kedougou,Kédougou,Arachide en coque,400.0,1
2023-03-01,Kedougou,Kédougou,Maïs local,319.0,2
2023-03-01,Kedougou,Kédougou,Mil,412.5,2
2023-03-01,Kedougou,Kédougou,Niébé (haricot),837.5,2
2023-03-01,Kedougou,Kédougou,Riz importé (brisé),375.0,2
2023-03-01,Kedougou,Kédougou,Riz ordinaire 1re qual.,537.5,2
2023-03-01,Kedougou,Kédougou,Sorgho,450.0,2
2023-03-01,Kedougou,Kédougou,Sorgho importé,412.5,2
2023-03-01,Kolda,Kolda,Arachide décortiquée,967.0,3
2023-03-01,Kolda,Kolda,Arachide en coque,438.0,3
2023-03-01,Kolda,Kolda,Maïs local,375.0,3
2023-03-01,Kolda,Kolda,Mil,450.0,3
2023-03-01,Kolda,Kolda,Niébé (haricot),1100.0,3
2023-03-01,Kolda,Kolda,Riz importé (brisé),350.0,3
2023-03-01,Kolda,Kolda,Riz local,400.0,3
2023-03-01,Kolda,Kolda,Riz ordinaire 1re qual.,500.0,3
2023-03-01,Kolda,Kolda,Sorgho,400.0,3
2023-03-01,Louga,Louga,Arachide décortiquée,1050.0,2
2023-03-01,Louga,Louga,Maïs importé,313.0,2
2023-03-01,Louga,Louga,Mil,413.0,2
2023-03-01,Louga,Louga,Niébé (haricot),1087.5,2
2023-03-01,Louga,Louga,Riz importé (brisé),350.0,2
2023-03-01,Louga,Louga,Riz local,400.0,2
2023-03-01,Louga,Louga,Riz ordinaire 1re qual.,456.5,2
2023-03-01,Louga,Louga,Sorgho importé,475.0,2
2023-03-01,Matam,Matam,Arachide décortiquée,894.0,2
2023-03-01,Matam,Matam,Arachide en coque,600.0,2
2023-03-01,Matam,Matam,Maïs importé,350.0,2
2023-03-01,Matam,Matam,Maïs local,350.0,1
2023-03-01,Matam,Matam,Mil,437.5,2
2023-03-01,Matam,Matam,Niébé (haricot),1462.5,2
2023-03-01,Matam,Matam,Riz importé (brisé),350.0,2
2023-03-01,Matam,Matam,Riz local,350.0,2
2023-03-01,Matam,Matam,Riz ordinaire 1re qual.,500.0,2
2023-03-01,Matam,Matam,Sorgho,500.0,2
2023-03-01,Matam,Matam,Sorgho importé,475.0,2
2023-03-01,Saint Louis,Saint-Louis,Arachide décortiquée,1025.0,2
2023-03-01,Saint Louis,Saint-Louis,Arachide en coque,696.5,2
2023-03-01,Saint Louis,Saint-Louis,Maïs importé,375.0,2
2023-03-01,Saint Louis,Saint-Louis,Maïs local,400.0,1
2023-03-01,Saint Louis,Saint-Louis,Mil,487.5,2
2023-03-01,Saint Louis,Saint-Louis,Niébé (haricot),1045.0,2
2023-03-01,Saint Louis,Saint-Louis,Riz importé (brisé),359.0,2
2023-03-01,Saint Louis,Saint-Louis,Riz local,352.5,2
2023-03-01,Saint Louis,Saint-Louis,Riz ordinaire 1re qual.,550.0,2
2023-03-01,Saint Louis,Saint-Louis,Sorgho importé,500.0,1
2023-03-01,Sedhiou,Sédhiou,Arachide décortiquée,1200.0,1
2023-03-01,Sedhiou,Sédhiou,Arachide en coque,525.0,1
2023-03-01,Sedhiou,Sédhiou,Maïs importé,400.0,1
2023-03-01,Sedhiou,Sédhiou,Maïs local,600.0,1
2023-03-01,Sedhiou,Sédhiou,Mil,600.0,1
2023-03-01,Sedhiou,Sédhiou,Niébé (haricot),1500.0,1
2023-03-01,Sedhiou,Sédhiou,Riz importé (brisé),350.0,1
2023-03-01,Sedhiou,Sédhiou,Riz local,420.0,1
2023-03-01,Sedhiou,Sédhiou,Riz ordinaire 1re qual.,500.0,1
2023-03-01,Sedhiou,Sédhiou,Sorgho,500.0,1
2023-03-01,Tambacounda,Tambacounda,Arachide décortiquée,962.5,4
2023-03-01,Tambacounda,Tambacounda,Arachide en coque,459.5,4
2023-03-01,Tambacounda,Tambacounda,Maïs local,384.5,4
2023-03-01,Tambacounda,Tambacounda,Mil,437.5,4
2023-03-01,Tambacounda,Tambacounda,Niébé (haricot),850.0,3
2023-03-01,Tambacounda,Tambacounda,Riz importé (brisé),375.0,4
2023-03-01,Tambacounda,Tambacounda,Riz local,400.0,1
2023-03-01,Tambacounda,Tambacounda,Riz ordinaire 1re qual.,575.0,4
2023-03-01,Tambacounda,Tambacounda,Sorgho,350.0,2
2023-03-01,Tambacounda,Tambacounda,Sorgho importé,387.5,4
2023-03-01,Thies,Thiès,Arachide décortiquée,875.0,4
2023-03-01,Thies,Thiès,Arachide en coque,450.0,4
2023-03-01,Thies,Thiès,Maïs importé,350.0,4
2023-03-01,Thies,Thiès,Maïs local,350.0,4
2023-03-01,Thies,Thiès,Mil,450.0,4
2023-03-01,Thies,Thiès,Niébé (haricot),904.0,4
2023-03-01,Thies,Thiès,Riz importé (brisé),350.0,4
2023-03-01,Thies,Thiès,Riz local,400.0,4
2023-03-01,Thies,Thiès,Riz ordinaire 1re qual.,500.0,3
2023-03-01,Thies,Thiès,Sorgho,450.0,3
2023-03-01,Thies,Thiès,Sorgho importé,450.0,1
2023-03-01,Ziguinchor,Ziguinchor,Arachide décortiquée,1325.0,2
2023-03-01,Ziguinchor,Ziguinchor,Arachide en coque,708.5,2
2023-03-01,Ziguinchor,Ziguinchor,Maïs importé,437.5,2
2023-03-01,Ziguinchor,Ziguinchor,Maïs local,450.0,2
2023-03-01,Ziguinchor,Ziguinchor,Mil,512.5,2
2023-03-01,Ziguinchor,Ziguinchor,Niébé (haricot),1233.5,2
2023-03-01,Ziguinchor,Ziguinchor,Riz importé (brisé),350.0,2
2023-03-01,Ziguinchor,Ziguinchor,Riz local,437.5,2
2023-03-01,Ziguinchor,Ziguinchor,Riz ordinaire 1re qual.,550.0,2
2023-03-01,Ziguinchor,Ziguinchor,Sorgho,500.0,2
2023-04-01,Dakar,Dakar,Arachide décortiquée,1050.0,2
2023-04-01,Dakar,Dakar,Arachide en coque,675.0,2
2023-04-01,Dakar,Dakar,Maïs importé,460.0,2
2023-04-01,Dakar,Dakar,Mil,475.0,2
2023-04-01,Dakar,Dakar,Niébé (haricot),1450.0,2
2023-04-01,Dakar,Dakar,Riz importé (brisé),337.5,2
2023-04-01,Dakar,Dakar,Riz local,425.0,2
2023-04-01,Dakar,Dakar,Riz ordinaire 1re qual.,487.5,2
2023-04-01,Dakar,Dakar,Sorgho importé,450.0,1
2023-04-01,Diourbel,Diourbel,Arachide décortiquée,1100.0,4
2023-04-01,Diourbel,Diourbel,Arachide en coque,487.5,4
2023-04-01,Diourbel,Diourbel,Maïs importé,350.0,3
2023-04-01,Diourbel,Diourbel,Maïs local,400.0,3
2023-04-01,Diourbel,Diourbel,Mil,437.5,4
2023-04-01,Diourbel,Diourbel,Niébé (haricot),1150.0,4
2023-04-01,Diourbel,Diourbel,Riz importé (brisé),343.75,4
2023-04-01,Diourbel,Diourbel,Riz local,400.0,4
2023-04-01,Diourbel,Diourbel,Riz ordinaire 1re qual.,500.0,4
2023-04-01,Diourbel,Diourbel,Sorgho,450.0,2
2023-04-01,Diourbel,Diourbel,Sorgho importé,475.0,4
2023-04-01,Fatick,Fatick,Arachide décortiquée,1000.0,6
2023-04-01,Fatick,Fatick,Arachide en coque,450.0,6
2023-04-01,Fatick,Fatick,Maïs importé,350.0,5
2023-04-01,Fatick,Fatick,Maïs local,375.0,5
2023-04-01,Fatick,Fatick,Mil,400.0,6
2023-04-01,Fatick,Fatick,Niébé (haricot),1000.0,5
2023-04-01,Fatick,Fatick,Riz importé (brisé),350.0,6
2023-04-01,Fatick,Fatick,Riz local,400.0,5
2023-04-01,Fatick,Fatick,Riz ordinaire 1re qual.,487.5,6
2023-04-01,Fatick,Fatick,Sorgho,400.0,5
2023-04-01,Fatick,Fatick,Sorgho importé,450.0,1
2023-04-01,Kaffrine,Kaffrine,Arachide décortiquée,875.0,2
2023-04-01,Kaffrine,Kaffrine,Arachide en coque,450.0,3
2023-04-01,Kaffrine,Kaffrine,Maïs importé,300.0,3
2023-04-01,Kaffrine,Kaffrine,Maïs local,325.0,3
2023-04-01,Kaffrine,Kaffrine,Mil,375.0,3
2023-04-01,Kaffrine,Kaffrine,Niébé (haricot),1000.0,3
2023-04-01,Kaffrine,Kaffrine,Riz importé (brisé),350.0,3
2023-04-01,Kaffrine,Kaffrine,Riz ordinaire 1re qual.,512.5,2
2023-04-01,Kaffrine,Kaffrine,Sorgho,400.0,3
2023-04-01,Kaolack,Kaolack,Arachide décortiquée,975.0,4
2023-04-01,Kaolack,Kaolack,Arachide en coque,450.0,3
2023-04-01,Kaolack,Kaolack,Maïs importé,300.0,4
2023-04-01,Kaolack,Kaolack,Maïs local,317.5,4
2023-04-01,Kaolack,Kaolack,Mil,354.5,4
2023-04-01,Kaolack,Kaolack,Niébé (haricot),907.5,4
2023-04-01,Kaolack,Kaolack,Riz importé (brisé),330.0,3
2023-04-01,Kaolack,Kaolack,Riz local,450.0,1
2023-04-01,Kaolack,Kaolack,Riz ordinaire 1re qual.,515.5,2
2023-04-01,Kaolack,Kaolack,Sorgho,412.5,2
2023-04-01,Kaolack,Kaolack,Sorgho importé,365.0,1
2023-04-01,Kedougou,Kédougou,Arachide décortiquée,800.0,2
2023-04-01,Kedougou,Kédougou,Arachide en coque,450.0,1
2023-04-01,Kedougou,Kédougou,Maïs local,287.5,2
2023-04-01,Kedougou,Kédougou,Mil,425.0,2
2023-04-01,Kedougou,Kédougou,Niébé (haricot),800.0,2
2023-04-01,Kedougou,Kédougou,Riz importé (brisé),375.0,2
2023-04-01,Kedougou,Kédougou,Riz ordinaire 1re qual.,562.5,2
2023-04-01,Kedougou,Kédougou,Sorgho importé,425.0,2
2023-04-01,Kolda,Kolda,Arachide décortiquée,1000.0,3
2023-04-01,Kolda,Kolda,Arachide en coque,450.0,3
2023-04-01,Kolda,Kolda,Maïs local,375.0,2
2023-04-01,Kolda,Kolda,Mil,425.0,3
2023-04-01,Kolda,Kolda,Niébé (haricot),1100.0,3
2023-04-01,Kolda,Kolda,Riz importé (brisé),350.0,3
2023-04-01,Kolda,Kolda,Riz local,400.0,3
2023-04-01,Kolda,Kolda,Riz ordinaire 1re qual.,500.0,3
2023-04-01,Kolda,Kolda,Sorgho,400.0,3
2023-04-01,Louga,Louga,Arachide décortiquée,1100.0,2
2023-04-01,Louga,Louga,Maïs importé,308.0,2
2023-04-01,Louga,Louga,Mil,410.0,2
2023-04-01,Louga,Louga,Niébé (haricot),1100.0,2
2023-04-01,Louga,Louga,Riz importé (brisé),350.0,2
2023-04-01,Louga,Louga,Riz local,400.0,2
2023-04-01,Louga,Louga,Riz ordinaire 1re qual.,450.0,2
2023-04-01,Louga,Louga,Sorgho importé,500.0,2
2023-04-01,Matam,Matam,Arachide décortiquée,850.0,3
2023-04-01,Matam,Matam,Arachide en coque,617.0,3
2023-04-01,Matam,Matam,Maïs importé,358.0,3
2023-04-01,Matam,Matam,Mil,450.0,3
2023-04-01,Matam,Matam,Niébé (haricot),1050.0,3
2023-04-01,Matam,Matam,Riz importé (brisé),350.0,3
2023-04-01,Matam,Matam,Riz local,350.0,3
2023-04-01,Matam,Matam,Riz ordinaire 1re qual.,500.0,3
2023-04-01,Matam,Matam,Sorgho,500.0,3
2023-04-01,Matam,Matam,Sorgho importé,475.0,3
2023-04-01,Saint Louis,Saint-Louis,Arachide décortiquée,1087.5,2
2023-04-01,Saint Louis,Saint-Louis,Arachide en coque,750.0,2
2023-04-01,Saint Louis,Saint-Louis,Maïs importé,353.5,2
2023-04-01,Saint Louis,Saint-Louis,Maïs local,338.0,1
2023-04-01,Saint Louis,Saint-Louis,Mil,456.5,2
2023-04-01,Saint Louis,Saint-Louis,Niébé (haricot),1150.0,2
2023-04-01,Saint Louis,Saint-Louis,Riz importé (brisé),346.5,2
2023-04-01,Saint Louis,Saint-Louis,Riz local,350.0,2
2023-04-01,Saint Louis,Saint-Louis,Riz ordinaire 1re qual.,550.0,2
2023-04-01,Saint Louis,Saint-Louis,Sorgho importé,450.0,1
2023-04-01,Sedhiou,Sédhiou,Arachide décortiquée,1200.0,1
2023-04-01,Sedhiou,Sédhiou,Arachide en coque,600.0,1
2023-04-01,Sedhiou,Sédhiou,Maïs importé,400.0,1
2023-04-01,Sedhiou,Sédhiou,Maïs local,500.0,1
2023-04-01,Sedhiou,Sédhiou,Mil,500.0,1
2023-04-01,Sedhiou,Sédhiou,Niébé (haricot),1500.0,1
2023-04-01,Sedhiou,Sédhiou,Riz importé (brisé),350.0,1
2023-04-01,Sedhiou,Sédhiou,Riz local,400.0,1
2023-04-01,Sedhiou,Sédhiou,Riz ordinaire 1re qual.,500.0,1
2023-04-01,Sedhiou,Sédhiou,Sorgho,500.0,1
2023-04-01,Tambacounda,Tambacounda,Arachide décortiquée,875.0,4
2023-04-01,Tambacounda,Tambacounda,Arachide en coque,458.5,4
2023-04-01,Tambacounda,Tambacounda,Maïs local,341.5,4
2023-04-01,Tambacounda,Tambacounda,Mil,412.5,4
2023-04-01,Tambacounda,Tambacounda,Niébé (haricot),891.5,4
2023-04-01,Tambacounda,Tambacounda,Riz importé (brisé),375.0,4
2023-04-01,Tambacounda,Tambacounda,Riz local,400.0,1
2023-04-01,Tambacounda,Tambacounda,Riz ordinaire 1re qual.,550.0,4
2023-04-01,Tambacounda,Tambacounda,Sorgho,400.0,2
2023-04-01,Tambacounda,Tambacounda,Sorgho importé,341.5,4
2023-04-01,Thies,Thiès,Arachide décortiquée,950.0,4
2023-04-01,Thies,Thiès,Arachide en coque,550.0,4
2023-04-01,Thies,Thiès,Maïs importé,400.0,4
2023-04-01,Thies,Thiès,Maïs local,400.0,3
2023-04-01,Thies,Thiès,Mil,517.0,4
2023-04-01,Thies,Thiès,Niébé (haricot),900.0,4
2023-04-01,Thies,Thiès,Riz importé (brisé),350.0,4
2023-04-01,Thies,Thiès,Riz local,400.0,4
2023-04-01,Thies,Thiès,Riz ordinaire 1re qual.,500.0,3
2023-04-01,Thies,Thiès,Sorgho,500.0,3
2023-04-01,Thies,Thiès,Sorgho importé,433.0,1
2023-04-01,Ziguinchor,Ziguinchor,Arachide décortiquée,1150.0,2
2023-04-01,Ziguinchor,Ziguinchor,Arachide en coque,737.5,2
2023-04-01,Ziguinchor,Ziguinchor,Maïs importé,425.0,2
2023-04-01,Ziguinchor,Ziguinchor,Maïs local,475.0,2
2023-04-01,Ziguinchor,Ziguinchor,Mil,487.5,2
2023-04-01,Ziguinchor,Ziguinchor,Niébé (haricot),1225.0,2
2023-04-01,Ziguinchor,Ziguinchor,Riz importé (brisé),350.0,2
2023-04-01,Ziguinchor,Ziguinchor,Riz local,437.5,2
2023-04-01,Ziguinchor,Ziguinchor,Riz ordinaire 1re qual.,550.0,2
2023-04-01,Ziguinchor,Ziguinchor,Sorgho,500.0,2
2023-05-01,Dakar,Dakar,Arachide décortiquée,1150.0,1
2023-05-01,Dakar,Dakar,Arachide en coque,687.5,2
2023-05-01,Dakar,Dakar,Maïs importé,425.5,2
2023-05-01,Dakar,Dakar,Maïs local,350.0,1
2023-05-01,Dakar,Dakar,Mil,450.0,2
2023-05-01,Dakar,Dakar,Niébé (haricot),1450.0,2
2023-05-01,Dakar,Dakar,Riz importé (brisé),337.5,2
2023-05-01,Dakar,Dakar,Riz local,425.0,2
2023-05-01,Dakar,Dakar,Riz ordinaire 1re qual.,487.5,2
2023-05-01,Dakar,Dakar,Sorgho importé,450.0,1
2023-05-01,Diourbel,Diourbel,Arachide décortiquée,1100.0,4
2023-05-01,Diourbel,Diourbel,Arachide en coque,477.5,4
2023-05-01,Diourbel,Diourbel,Maïs importé,337.5,4
2023-05-01,Diourbel,Diourbel,Maïs local,337.5,2
2023-05-01,Diourbel,Diourbel,Mil,412.5,4
2023-05-01,Diourbel,Diourbel,Niébé (haricot),1150.0,4
2023-05-01,Diourbel,Diourbel,Riz importé (brisé),331.25,4
2023-05-01,Diourbel,Diourbel,Riz local,400.0,4
2023-05-01,Diourbel,Diourbel,Riz ordinaire 1re qual.,500.0,4
2023-05-01,Diourbel,Diourbel,Sorgho,500.0,1
2023-05-01,Diourbel,Diourbel,Sorgho importé,475.0,4
2023-05-01,Fatick,Fatick,Arachide décortiquée,1100.0,5
2023-05-01,Fatick,Fatick,Arachide en coque,450.0,5
2023-05-01,Fatick,Fatick,Maïs importé,337.5,4
2023-05-01,Fatick,Fatick,Maïs local,362.5,4
2023-05-01,Fatick,Fatick,Mil,375.0,5
2023-05-01,Fatick,Fatick,Niébé (haricot),1100.0,5
2023-05-01,Fatick,Fatick,Riz importé (brisé),350.0,5
2023-05-01,Fatick,Fatick,Riz local,400.0,4
2023-05-01,Fatick,Fatick,Riz ordinaire 1re qual.,500.0,5
2023-05-01,Fatick,Fatick,Sorgho,425.0,4
2023-05-01,Fatick,Fatick,Sorgho importé,450.0,1
2023-05-01,Kaffrine,Kaffrine,Arachide décortiquée,950.0,2
2023-05-01,Kaffrine,Kaffrine,Arachide en coque,450.0,2
2023-05-01,Kaffrine,Kaffrine,Maïs importé,312.5,2
2023-05-01,Kaffrine,Kaffrine,Maïs local,316.5,2
2023-05-01,Kaffrine,Kaffrine,Mil,366.5,2
2023-05-01,Kaffrine,Kaffrine,Niébé (haricot),1000.0,2
2023-05-01,Kaffrine,Kaffrine,Riz importé (brisé),350.0,2
2023-05-01,Kaffrine,Kaffrine,Riz ordinaire 1re qual.,600.0,1
2023-05-01,Kaffrine,Kaffrine,Sorgho,383.5,2
2023-05-01,Kaolack,Kaolack,Arachide décortiquée,1000.0,3
2023-05-01,Kaolack,Kaolack,Arachide en coque,452.5,4
2023-05-01,Kaolack,Kaolack,Maïs importé,300.0,3
2023-05-01,Kaolack,Kaolack,Maïs local,318.5,4
2023-05-01,Kaolack,Kaolack,Mil,353.0,4
2023-05-01,Kaolack,Kaolack,Niébé (haricot),919.0,4
2023-05-01,Kaolack,Kaolack,Riz importé (brisé),338.0,3
2023-05-01,Kaolack,Kaolack,Riz local,450.0,1
2023-05-01,Kaolack,Kaolack,Riz ordinaire 1re qual.,538.0,3
2023-05-01,Kaolack,Kaolack,Sorgho,389.0,1
2023-05-01,Kaolack,Kaolack,Sorgho importé,373.0,1
2023-05-01,Kedougou,Kédougou,Arachide décortiquée,800.0,2
2023-05-01,Kedougou,Kédougou,Arachide en coque,450.0,1
2023-05-01,Kedougou,Kédougou,Maïs local,287.5,2
2023-05-01,Kedougou,Kédougou,Mil,412.5,2
2023-05-01,Kedougou,Kédougou,Niébé (haricot),862.5,2
2023-05-01,Kedougou,Kédougou,Riz importé (brisé),375.0,2
2023-05-01,Kedougou,Kédougou,Riz ordinaire 1re qual.,562.5,2
2023-05-01,Kedougou,Kédougou,Sorgho importé,412.5,2
2023-05-01,Kolda,Kolda,Arachide décortiquée,1000.0,3
2023-05-01,Kolda,Kolda,Arachide en coque,469.0,2
2023-05-01,Kolda,Kolda,Maïs local,350.0,3
2023-05-01,Kolda,Kolda,Mil,425.0,3
2023-05-01,Kolda,Kolda,Niébé (haricot),1100.0,3
2023-05-01,Kolda,Kolda,Riz importé (brisé),350.0,3
2023-05-01,Kolda,Kolda,Riz local,400.0,3
2023-05-01,Kolda,Kolda,Riz ordinaire 1re qual.,500.0,3
2023-05-01,Kolda,Kolda,Sorgho,425.0,3
2023-05-01,Louga,Louga,Arachide décortiquée,1116.5,2
2023-05-01,Louga,Louga,Maïs importé,322.5,2
2023-05-01,Louga,Louga,Mil,425.0,2
2023-05-01,Louga,Louga,Niébé (haricot),1083.5,2
2023-05-01,Louga,Louga,Riz importé (brisé),350.0,2
2023-05-01,Louga,Louga,Riz local,350.0,2
2023-05-01,Louga,Louga,Riz ordinaire 1re qual.,500.0,2
2023-05-01,Louga,Louga,Sorgho importé,467.0,2
2023-05-01,Matam,Matam,Arachide décortiquée,975.0,2
2023-05-01,Matam,Matam,Arachide en coque,625.0,2
2023-05-01,Matam,Matam,Maïs importé,350.5,2
2023-05-01,Matam,Matam,Maïs local,331.5,2
2023-05-01,Matam,Matam,Mil,419.0,2
2023-05-01,Matam,Matam,Niébé (haricot),1075.0,2
2023-05-01,Matam,Matam,Riz importé (brisé),350.0,2
2023-05-01,Matam,Matam,Riz local,375.0,2
2023-05-01,Matam,Matam,Riz ordinaire 1re qual.,500.0,2
2023-05-01,Matam,Matam,Sorgho,425.0,2
2023-05-01,Matam,Matam,Sorgho importé,450.0,2
2023-05-01,Saint Louis,Saint-Louis,Arachide décortiquée,1198.5,2
2023-05-01,Saint Louis,Saint-Louis,Arachide en coque,783.0,1
2023-05-01,Saint Louis,Saint-Louis,Maïs importé,342.5,2
2023-05-01,Saint Louis,Saint-Louis,Maïs local,392.0,1
2023-05-01,Saint Louis,Saint-Louis,Mil,446.0,2
2023-05-01,Saint Louis,Saint-Louis,Niébé (haricot),1183.5,2
2023-05-01,Saint Louis,Saint-Louis,Riz importé (brisé),344.5,2
2023-05-01,Saint Louis,Saint-Louis,Riz local,376.0,2
2023-05-01,Saint Louis,Saint-Louis,Riz ordinaire 1re qual.,530.0,2
2023-05-01,Saint Louis,Saint-Louis,Sorgho importé,450.0,1
2023-05-01,Sedhiou,Sédhiou,Arachide décortiquée,1200.0,1
2023-05-01,Sedhiou,Sédhiou,Arachide en coque,600.0,1
2023-05-01,Sedhiou,Sédhiou,Maïs importé,400.0,1
2023-05-01,Sedhiou,Sédhiou,Maïs local,500.0,1
2023-05-01,Sedhiou,Sédhiou,Mil,600.0,1
2023-05-01,Sedhiou,Sédhiou,Niébé (haricot),1500.0,1
2023-05-01,Sedhiou,Sédhiou,Riz importé (brisé),350.0,1
2023-05-01,Sedhiou,Sédhiou,Riz local,420.0,1
2023-05-01,Sedhiou,Sédhiou,Riz ordinaire 1re qual.,500.0,1
2023-05-01,Sedhiou,Sédhiou,Sorgho,500.0,1
2023-05-01,Tambacounda,Tambacounda,Arachide décortiquée,1012.5,4
2023-05-01,Tambacounda,Tambacounda,Arachide en coque,500.0,4
2023-05-01,Tambacounda,Tambacounda,Maïs local,344.0,4
2023-05-01,Tambacounda,Tambacounda,Mil,362.5,4
2023-05-01,Tambacounda,Tambacounda,Niébé (haricot),687.5,4
2023-05-01,Tambacounda,Tambacounda,Riz importé (brisé),375.0,4
2023-05-01,Tambacounda,Tambacounda,Riz local,400.0,1
2023-05-01,Tambacounda,Tambacounda,Riz ordinaire 1re qual.,550.0,4
2023-05-01,Tambacounda,Tambacounda,Sorgho,400.0,3
2023-05-01,Tambacounda,Tambacounda,Sorgho importé,344.0,4
2023-05-01,Thies,Thiès,Arachide décortiquée,980.0,4
2023-05-01,Thies,Thiès,Arachide en coque,680.0,4
2023-05-01,Thies,Thiès,Maïs importé,395.0,4
2023-05-01,Thies,Thiès,Maïs local,400.0,3
2023-05-01,Thies,Thiès,Mil,485.0,4
2023-05-01,Thies,Thiès,Niébé (haricot),1045.0,4
2023-05-01,Thies,Thiès,Riz importé (brisé),350.0,4
2023-05-01,Thies,Thiès,Riz local,400.0,3
2023-05-01,Thies,Thiès,Riz ordinaire 1re qual.,500.0,3
2023-05-01,Thies,Thiès,Sorgho,500.0,3
2023-05-01,Thies,Thiès,Sorgho importé,440.0,1
2023-05-01,Ziguinchor,Ziguinchor,Arachide décortiquée,1450.0,2
2023-05-01,Ziguinchor,Ziguinchor,Arachide en coque,775.0,2
2023-05-01,Ziguinchor,Ziguinchor,Maïs importé,450.0,2
2023-05-01,Ziguinchor,Ziguinchor,Maïs local,475.0,2
2023-05-01,Ziguinchor,Ziguinchor,Mil,512.5,2
2023-05-01,Ziguinchor,Ziguinchor,Niébé (haricot),1250.0,2
2023-05-01,Ziguinchor,Ziguinchor,Riz importé (brisé),350.0,2
2023-05-01,Ziguinchor,Ziguinchor,Riz local,462.5,2
2023-05-01,Ziguinchor,Ziguinchor,Riz ordinaire 1re qual.,550.0,2
2023-05-01,Ziguinchor,Ziguinchor,Sorgho,500.0,2
2023-06-01,Dakar,Dakar,Arachide décortiquée,1200.0,1
2023-06-01,Dakar,Dakar,Arachide en coque,700.0,2
2023-06-01,Dakar,Dakar,Maïs importé,412.5,2
2023-06-01,Dakar,Dakar,Maïs local,350.0,1
2023-06-01,Dakar,Dakar,Mil,425.0,2
2023-06-01,Dakar,Dakar,Niébé (haricot),1400.0,2
2023-06-01,Dakar,Dakar,Riz importé (brisé),337.5,2
2023-06-01,Dakar,Dakar,Riz local,425.0,2
2023-06-01,Dakar,Dakar,Riz ordinaire 1re qual.,487.5,2
2023-06-01,Dakar,Dakar,Sorgho importé,425.5,2
2023-06-01,Diourbel,Diourbel,Arachide décortiquée,1150.0,4
2023-06-01,Diourbel,Diourbel,Arachide en coque,492.5,4
2023-06-01,Diourbel,Diourbel,Maïs importé,337.5,4
2023-06-01,Diourbel,Diourbel,Maïs local,275.0,1
2023-06-01,Diourbel,Diourbel,Mil,400.0,3
2023-06-01,Diourbel,Diourbel,Niébé (haricot),1200.0,4
2023-06-01,Diourbel,Diourbel,Riz importé (brisé),343.75,4
2023-06-01,Diourbel,Diourbel,Riz local,390.0,4
2023-06-01,Diourbel,Diourbel,Riz ordinaire 1re qual.,500.0,4
2023-06-01,Diourbel,Diourbel,Sorgho,425.0,1
2023-06-01,Diourbel,Diourbel,Sorgho importé,475.0,4
2023-06-01,Fatick,Fatick,Arachide décortiquée,1200.0,5
2023-06-01,Fatick,Fatick,Arachide en coque,475.0,4
2023-06-01,Fatick,Fatick,Maïs importé,350.0,5
2023-06-01,Fatick,Fatick,Maïs local,362.5,4
2023-06-01,Fatick,Fatick,Mil,375.0,5
2023-06-01,Fatick,Fatick,Niébé (haricot),1200.0,5
2023-06-01,Fatick,Fatick,Riz importé (brisé),350.0,5
2023-06-01,Fatick,Fatick,Riz local,400.0,4
2023-06-01,Fatick,Fatick,Riz ordinaire 1re qual.,500.0,5
2023-06-01,Fatick,Fatick,Sorgho,400.0,5
2023-06-01,Fatick,Fatick,Sorgho importé,450.0,1
2023-06-01,Kaffrine,Kaffrine,Arachide décortiquée,1000.0,3
2023-06-01,Kaffrine,Kaffrine,Arachide en coque,450.0,3
2023-06-01,Kaffrine,Kaffrine,Maïs importé,300.0,3
2023-06-01,Kaffrine,Kaffrine,Maïs local,325.0,3
2023-06-01,Kaffrine,Kaffrine,Mil,377.0,3
2023-06-01,Kaffrine,Kaffrine,Niébé (haricot),1000.0,3
2023-06-01,Kaffrine,Kaffrine,Riz importé (brisé),350.0,3
2023-06-01,Kaffrine,Kaffrine,Riz ordinaire 1re qual.,600.0,2
2023-06-01,Kaffrine,Kaffrine,Sorgho,400.0,3
2023-06-01,Kaolack,Kaolack,Arachide décortiquée,1000.0,3
2023-06-01,Kaolack,Kaolack,Arachide en coque,450.0,4
2023-06-01,Kaolack,Kaolack,Maïs importé,300.0,4
2023-06-01,Kaolack,Kaolack,Maïs local,325.0,4
2023-06-01,Kaolack,Kaolack,Mil,350.0,4
2023-06-01,Kaolack,Kaolack,Niébé (haricot),950.0,4
2023-06-01,Kaolack,Kaolack,Riz importé (brisé),350.0,3
2023-06-01,Kaolack,Kaolack,Riz local,450.0,1
2023-06-01,Kaolack,Kaolack,Riz ordinaire 1re qual.,525.0,2
2023-06-01,Kaolack,Kaolack,Sorgho,400.0,1
2023-06-01,Kaolack,Kaolack,Sorgho importé,365.0,1
2023-06-01,Kedougou,Kédougou,Arachide décortiquée,1200.0,3
2023-06-01,Kedougou,Kédougou,Arachide en coque,450.0,2
2023-06-01,Kedougou,Kédougou,Maïs local,313.0,3
2023-06-01,Kedougou,Kédougou,Mil,500.0,3
2023-06-01,Kedougou,Kédougou,Niébé (haricot),900.0,3
2023-06-01,Kedougou,Kédougou,Riz importé (brisé),375.0,3
2023-06-01,Kedougou,Kédougou,Riz local,400.0,1
2023-06-01,Kedougou,Kédougou,Riz ordinaire 1re qual.,550.0,3
2023-06-01,Kedougou,Kédougou,Sorgho importé,400.0,3
2023-06-01,Kolda,Kolda,Arachide décortiquée,1000.0,3
2023-06-01,Kolda,Kolda,Arachide en coque,475.0,2
2023-06-01,Kolda,Kolda,Maïs local,350.0,3
2023-06-01,Kolda,Kolda,Mil,400.0,3
2023-06-01,Kolda,Kolda,Niébé (haricot),1200.0,3
2023-06-01,Kolda,Kolda,Riz importé (brisé),350.0,3
2023-06-01,Kolda,Kolda,Riz local,450.0,3
2023-06-01,Kolda,Kolda,Riz ordinaire 1re qual.,500.0,2
2023-06-01,Kolda,Kolda,Sorgho,400.0,3
2023-06-01,Louga,Louga,Arachide décortiquée,1175.0,2
2023-06-01,Louga,Louga,Maïs importé,322.5,2
2023-06-01,Louga,Louga,Mil,413.0,2
2023-06-01,Louga,Louga,Niébé (haricot),1150.0,2
2023-06-01,Louga,Louga,Riz importé (brisé),350.0,2
2023-06-01,Louga,Louga,Riz local,350.0,2
2023-06-01,Louga,Louga,Riz ordinaire 1re qual.,500.0,2
2023-06-01,Louga,Louga,Sorgho importé,437.5,2
2023-06-01,Matam,Matam,Arachide décortiquée,1075.0,2
2023-06-01,Matam,Matam,Arachide en coque,650.0,1
2023-06-01,Matam,Matam,Maïs importé,400.0,2
2023-06-01,Matam,Matam,Maïs local,350.0,1
2023-06-01,Matam,Matam,Mil,431.5,2
2023-06-01,Matam,Matam,Niébé (haricot),1075.0,2
2023-06-01,Matam,Matam,Riz importé (brisé),350.0,2
2023-06-01,Matam,Matam,Riz local,381.5,2
2023-06-01,Matam,Matam,Riz ordinaire 1re qual.,500.0,2
2023-06-01,Matam,Matam,Sorgho,487.5,2
2023-06-01,Matam,Matam,Sorgho importé,469.0,2
2023-06-01,Saint Louis,Saint-Louis,Arachide décortiquée,1165.0,2
2023-06-01,Saint Louis,Saint-Louis,Arachide en coque,800.0,1
2023-06-01,Saint Louis,Saint-Louis,Maïs importé,354.5,2
2023-06-01,Saint Louis,Saint-Louis,Maïs local,417.0,1
2023-06-01,Saint Louis,Saint-Louis,Mil,445.0,2
2023-06-01,Saint Louis,Saint-Louis,Niébé (haricot),1227.5,2
2023-06-01,Saint Louis,Saint-Louis,Riz importé (brisé),359.5,2
2023-06-01,Saint Louis,Saint-Louis,Riz local,370.0,2
2023-06-01,Saint Louis,Saint-Louis,Riz ordinaire 1re qual.,525.0,2
2023-06-01,Saint Louis,Saint-Louis,Sorgho importé,438.0,1
2023-06-01,Sedhiou,Sédhiou,Arachide décortiquée,1300.0,1
2023-06-01,Sedhiou,Sédhiou,Arachide en coque,600.0,1
2023-06-01,Sedhiou,Sédhiou,Maïs importé,400.0,1
2023-06-01,Sedhiou,Sédhiou,Maïs local,500.0,1
2023-06-01,Sedhiou,Sédhiou,Mil,500.0,1
2023-06-01,Sedhiou,Sédhiou,Niébé (haricot),1500.0,1
2023-06-01,Sedhiou,Sédhiou,Riz importé (brisé),350.0,1
2023-06-01,Sedhiou,Sédhiou,Riz local,410.0,1
2023-06-01,Sedhiou,Sédhiou,Riz ordinaire 1re qual.,500.0,1
2023-06-01,Sedhiou,Sédhiou,Sorgho,500.0,1
2023-06-01,Tambacounda,Tambacounda,Arachide décortiquée,1087.5,4
2023-06-01,Tambacounda,Tambacounda,Arachide en coque,475.0,3
2023-06-01,Tambacounda,Tambacounda,Maïs local,365.5,4
2023-06-01,Tambacounda,Tambacounda,Mil,406.5,4
2023-06-01,Tambacounda,Tambacounda,Niébé (haricot),806.5,4
2023-06-01,Tambacounda,Tambacounda,Riz importé (brisé),375.0,4
2023-06-01,Tambacounda,Tambacounda,Riz local,400.0,1
2023-06-01,Tambacounda,Tambacounda,Riz ordinaire 1re qual.,550.0,4
2023-06-01,Tambacounda,Tambacounda,Sorgho,400.0,3
2023-06-01,Tambacounda,Tambacounda,Sorgho importé,365.5,4
2023-06-01,Thies,Thiès,Arachide décortiquée,1112.5,4
2023-06-01,Thies,Thiès,Arachide en coque,700.0,4
2023-06-01,Thies,Thiès,Maïs importé,394.0,4
2023-06-01,Thies,Thiès,Maïs local,400.0,3
2023-06-01,Thies,Thiès,Mil,500.0,4
2023-06-01,Thies,Thiès,Niébé (haricot),1150.0,4
2023-06-01,Thies,Thiès,Riz importé (brisé),350.0,4
2023-06-01,Thies,Thiès,Riz local,400.0,4
2023-06-01,Thies,Thiès,Riz ordinaire 1re qual.,500.0,3
2023-06-01,Thies,Thiès,Sorgho,488.0,3
2023-06-01,Thies,Thiès,Sorgho importé,450.0,1
2023-06-01,Ziguinchor,Ziguinchor,Arachide décortiquée,1450.0,2
2023-06-01,Ziguinchor,Ziguinchor,Arachide en coque,800.0,2
2023-06-01,Ziguinchor,Ziguinchor,Maïs importé,444.0,2
2023-06-01,Ziguinchor,Ziguinchor,Maïs local,500.0,2
2023-06-01,Ziguinchor,Ziguinchor,Mil,525.0,2
2023-06-01,Ziguinchor,Ziguinchor,Niébé (haricot),1300.0,2
2023-06-01,Ziguinchor,Ziguinchor,Riz importé (brisé),350.0,2
2023-06-01,Ziguinchor,Ziguinchor,Riz local,475.0,2
2023-06-01,Ziguinchor,Ziguinchor,Riz ordinaire 1re qual.,500.0,2
2023-06-01,Ziguinchor,Ziguinchor,Sorgho,512.5,2
2023-07-01,Dakar,Dakar,Arachide décortiquée,1100.0,1
2023-07-01,Dakar,Dakar,Arachide en coque,725.0,2
2023-07-01,Dakar,Dakar,Maïs importé,375.0,2
2023-07-01,Dakar,Dakar,Maïs local,312.5,2
2023-07-01,Dakar,Dakar,Mil,475.0,2
2023-07-01,Dakar,Dakar,Niébé (haricot),1400.0,2
2023-07-01,Dakar,Dakar,Riz importé (brisé),337.5,2
2023-07-01,Dakar,Dakar,Riz local,425.0,2
2023-07-01,Dakar,Dakar,Riz ordinaire 1re qual.,487.5,2
2023-07-01,Dakar,Dakar,Sorgho importé,375.0,1
2023-07-01,Diourbel,Diourbel,Arachide décortiquée,1200.0,4
2023-07-01,Diourbel,Diourbel,Arachide en coque,463.0,4
2023-07-01,Diourbel,Diourbel,Maïs importé,331.5,4
2023-07-01,Diourbel,Diourbel,Maïs local,325.0,1
2023-07-01,Diourbel,Diourbel,Mil,483.5,4
2023-07-01,Diourbel,Diourbel,Niébé (haricot),1175.0,4
2023-07-01,Diourbel,Diourbel,Riz importé (brisé),350.0,4
2023-07-01,Diourbel,Diourbel,Riz local,406.25,4
2023-07-01,Diourbel,Diourbel,Riz ordinaire 1re qual.,500.0,4
2023-07-01,Diourbel,Diourbel,Sorgho,412.5,2
2023-07-01,Diourbel,Diourbel,Sorgho importé,425.0,4
2023-07-01,Fatick,Fatick,Arachide décortiquée,1050.0,5
2023-07-01,Fatick,Fatick,Arachide en coque,475.0,5
2023-07-01,Fatick,Fatick,Maïs importé,344.0,4
2023-07-01,Fatick,Fatick,Maïs local,375.0,5
2023-07-01,Fatick,Fatick,Mil,400.0,5
2023-07-01,Fatick,Fatick,Niébé (haricot),1000.0,5
2023-07-01,Fatick,Fatick,Riz importé (brisé),350.0,5
2023-07-01,Fatick,Fatick,Riz local,412.5,4
2023-07-01,Fatick,Fatick,Riz ordinaire 1re qual.,500.0,5
2023-07-01,Fatick,Fatick,Sorgho,400.0,5
2023-07-01,Fatick,Fatick,Sorgho importé,450.0,1
2023-07-01,Kaffrine,Kaffrine,Arachide décortiquée,925.0,2
2023-07-01,Kaffrine,Kaffrine,Arachide en coque,450.0,3
2023-07-01,Kaffrine,Kaffrine,Maïs importé,325.0,3
2023-07-01,Kaffrine,Kaffrine,Maïs local,338.0,3
2023-07-01,Kaffrine,Kaffrine,Mil,400.0,3
2023-07-01,Kaffrine,Kaffrine,Niébé (haricot),1000.0,3
2023-07-01,Kaffrine,Kaffrine,Riz importé (brisé),350.0,3
2023-07-01,Kaffrine,Kaffrine,Riz ordinaire 1re qual.,600.0,3
2023-07-01,Kaffrine,Kaffrine,Sorgho,400.0,3
2023-07-01,Kaffrine,Kaffrine,Sorgho importé,400.0,1
2023-07-01,Kaolack,Kaolack,Arachide décortiquée,932.5,4
2023-07-01,Kaolack,Kaolack,Arachide en coque,488.0,3
2023-07-01,Kaolack,Kaolack,Maïs importé,300.0,4
2023-07-01,Kaolack,Kaolack,Maïs local,340.0,4
2023-07-01,Kaolack,Kaolack,Mil,417.0,4
2023-07-01,Kaolack,Kaolack,Niébé (haricot),925.0,4
2023-07-01,Kaolack,Kaolack,Riz importé (brisé),352.5,4
2023-07-01,Kaolack,Kaolack,Riz local,450.0,1
2023-07-01,Kaolack,Kaolack,Riz ordinaire 1re qual.,550.0,3
2023-07-01,Kaolack,Kaolack,Sorgho importé,360.0,1
2023-07-01,Kedougou,Kédougou,Arachide décortiquée,1200.0,3
2023-07-01,Kedougou,Kédougou,Arachide en coque,475.0,3
2023-07-01,Kedougou,Kédougou,Maïs importé,400.0,1
2023-07-01,Kedougou,Kédougou,Maïs local,375.0,3
2023-07-01,Kedougou,Kédougou,Mil,500.0,3
2023-07-01,Kedougou,Kédougou,Niébé (haricot),900.0,3
2023-07-01,Kedougou,Kédougou,Riz importé (brisé),375.0,3
2023-07-01,Kedougou,Kédougou,Riz local,400.0,2
2023-07-01,Kedougou,Kédougou,Riz ordinaire 1re qual.,550.0,3
2023-07-01,Kedougou,Kédougou,Sorgho,412.5,2
2023-07-01,Kedougou,Kédougou,Sorgho importé,400.0,3
2023-07-01,Kolda,Kolda,Arachide décortiquée,1000.0,3
2023-07-01,Kolda,Kolda,Arachide en coque,482.5,2
2023-07-01,Kolda,Kolda,Maïs local,350.0,3
2023-07-01,Kolda,Kolda,Mil,450.0,3
2023-07-01,Kolda,Kolda,Niébé (haricot),1200.0,3
2023-07-01,Kolda,Kolda,Riz importé (brisé),350.0,3
2023-07-01,Kolda,Kolda,Riz local,450.0,3
2023-07-01,Kolda,Kolda,Riz ordinaire 1re qual.,500.0,2
2023-07-01,Kolda,Kolda,Sorgho,375.0,2
2023-07-01,Louga,Louga,Arachide décortiquée,1133.0,2
2023-07-01,Louga,Louga,Maïs importé,324.0,2
2023-07-01,Louga,Louga,Mil,467.0,2
2023-07-01,Louga,Louga,Niébé (haricot),1100.0,2
2023-07-01,Louga,Louga,Riz importé (brisé),350.0,2
2023-07-01,Louga,Louga,Riz local,350.0,2
2023-07-01,Louga,Louga,Riz ordinaire 1re qual.,500.0,2
2023-07-01,Louga,Louga,Sorgho importé,433.5,2
2023-07-01,Matam,Matam,Arachide décortiquée,967.0,3
2023-07-01,Matam,Matam,Arachide en coque,608.5,2
2023-07-01,Matam,Matam,Maïs importé,400.0,3
2023-07-01,Matam,Matam,Maïs local,350.0,2
2023-07-01,Matam,Matam,Mil,425.0,3
2023-07-01,Matam,Matam,Niébé (haricot),1000.0,3
2023-07-01,Matam,Matam,Riz importé (brisé),350.0,3
2023-07-01,Matam,Matam,Riz local,392.0,3
2023-07-01,Matam,Matam,Riz ordinaire 1re qual.,500.0,3
2023-07-01,Matam,Matam,Sorgho,500.0,3
2023-07-01,Matam,Matam,Sorgho importé,463.0,3
2023-07-01,Saint Louis,Saint-Louis,Arachide décortiquée,1183.0,2
2023-07-01,Saint Louis,Saint-Louis,Arachide en coque,733.0,1
2023-07-01,Saint Louis,Saint-Louis,Maïs importé,325.0,2
2023-07-01,Saint Louis,Saint-Louis,Maïs local,350.0,1
2023-07-01,Saint Louis,Saint-Louis,Mil,471.5,2
2023-07-01,Saint Louis,Saint-Louis,Niébé (haricot),1283.5,2
2023-07-01,Saint Louis,Saint-Louis,Riz importé (brisé),339.0,2
2023-07-01,Saint Louis,Saint-Louis,Riz local,346.0,2
2023-07-01,Saint Louis,Saint-Louis,Riz ordinaire 1re qual.,516.5,2
2023-07-01,Saint Louis,Saint-Louis,Sorgho importé,442.0,1
2023-07-01,Sedhiou,Sédhiou,Arachide décortiquée,1200.0,1
2023-07-01,Sedhiou,Sédhiou,Arachide en coque,600.0,1
2023-07-01,Sedhiou,Sédhiou,Maïs local,500.0,1
2023-07-01,Sedhiou,Sédhiou,Mil,600.0,1
2023-07-01,Sedhiou,Sédhiou,Niébé (haricot),1300.0,1
2023-07-01,Sedhiou,Sédhiou,Riz importé (brisé),350.0,1
2023-07-01,Sedhiou,Sédhiou,Riz local,400.0,1
2023-07-01,Sedhiou,Sédhiou,Riz ordinaire 1re qual.,500.0,1
2023-07-01,Tambacounda,Tambacounda,Arachide décortiquée,1150.0,4
2023-07-01,Tambacounda,Tambacounda,Arachide en coque,438.0,3
2023-07-01,Tambacounda,Tambacounda,Maïs local,409.5,4
2023-07-01,Tambacounda,Tambacounda,Mil,462.0,4
2023-07-01,Tambacounda,Tambacounda,Niébé (haricot),925.0,4
2023-07-01,Tambacounda,Tambacounda,Riz importé (brisé),381.0,4
2023-07-01,Tambacounda,Tambacounda,Riz local,400.0,1
2023-07-01,Tambacounda,Tambacounda,Riz ordinaire 1re qual.,525.0,4
2023-07-01,Tambacounda,Tambacounda,Sorgho importé,416.0,4
2023-07-01,Thies,Thiès,Arachide décortiquée,1133.5,4
2023-07-01,Thies,Thiès,Arachide en coque,683.5,4
2023-07-01,Thies,Thiès,Maïs importé,375.0,4
2023-07-01,Thies,Thiès,Maïs local,350.0,3
2023-07-01,Thies,Thiès,Mil,466.5,4
2023-07-01,Thies,Thiès,Niébé (haricot),1166.5,4
2023-07-01,Thies,Thiès,Riz importé (brisé),350.0,4
2023-07-01,Thies,Thiès,Riz local,400.0,4
2023-07-01,Thies,Thiès,Riz ordinaire 1re qual.,500.0,3
2023-07-01,Thies,Thiès,Sorgho,450.0,3
2023-07-01,Thies,Thiès,Sorgho importé,450.0,1
2023-07-01,Ziguinchor,Ziguinchor,Arachide décortiquée,1400.0,2
2023-07-01,Ziguinchor,Ziguinchor,Arachide en coque,750.0,1
2023-07-01,Ziguinchor,Ziguinchor,Maïs importé,425.0,2
2023-07-01,Ziguinchor,Ziguinchor,Maïs local,500.0,2
2023-07-01,Ziguinchor,Ziguinchor,Mil,525.0,2
2023-07-01,Ziguinchor,Ziguinchor,Niébé (haricot),1333.5,2
2023-07-01,Ziguinchor,Ziguinchor,Riz importé (brisé),350.0,2
2023-07-01,Ziguinchor,Ziguinchor,Riz local,458.5,2
2023-07-01,Ziguinchor,Ziguinchor,Riz ordinaire 1re qual.,500.0,2
2023-07-01,Ziguinchor,Ziguinchor,Sorgho,500.0,2
2023-08-01,Dakar,Dakar,Arachide décortiquée,1250.0,1
2023-08-01,Dakar,Dakar,Arachide en coque,812.5,2
2023-08-01,Dakar,Dakar,Maïs importé,356.5,2
2023-08-01,Dakar,Dakar,Maïs local,331.5,2
2023-08-01,Dakar,Dakar,Mil,475.0,2
2023-08-01,Dakar,Dakar,Niébé (haricot),1300.0,2
2023-08-01,Dakar,Dakar,Riz importé (brisé),337.5,2
2023-08-01,Dakar,Dakar,Riz local,425.0,2
2023-08-01,Dakar,Dakar,Riz ordinaire 1re qual.,475.5,2
2023-08-01,Dakar,Dakar,Sorgho importé,375.0,1
2023-08-01,Diourbel,Diourbel,Arachide décortiquée,1200.0,4
2023-08-01,Diourbel,Diourbel,Arachide en coque,500.0,4
2023-08-01,Diourbel,Diourbel,Maïs importé,350.0,4
2023-08-01,Diourbel,Diourbel,Maïs local,350.0,1
2023-08-01,Diourbel,Diourbel,Mil,450.0,4
2023-08-01,Diourbel,Diourbel,Niébé (haricot),1200.0,4
2023-08-01,Diourbel,Diourbel,Riz importé (brisé),362.5,4
2023-08-01,Diourbel,Diourbel,Riz local,406.25,4
2023-08-01,Diourbel,Diourbel,Riz ordinaire 1re qual.,500.0,4
2023-08-01,Diourbel,Diourbel,Sorgho,400.0,2
2023-08-01,Diourbel,Diourbel,Sorgho importé,450.0,4
2023-08-01,Fatick,Fatick,Arachide décortiquée,1075.0,6
2023-08-01,Fatick,Fatick,Arachide en coque,550.0,5
2023-08-01,Fatick,Fatick,Maïs importé,337.5,6
2023-08-01,Fatick,Fatick,Maïs local,350.0,6
2023-08-01,Fatick,Fatick,Mil,400.0,6
2023-08-01,Fatick,Fatick,Niébé (haricot),1100.0,6
2023-08-01,Fatick,Fatick,Riz importé (brisé),350.0,6
2023-08-01,Fatick,Fatick,Riz local,400.0,5
2023-08-01,Fatick,Fatick,Riz ordinaire 1re qual.,500.0,6
2023-08-01,Fatick,Fatick,Sorgho,419.0,6
2023-08-01,Fatick,Fatick,Sorgho importé,425.0,4
2023-08-01,Kaffrine,Kaffrine,Arachide décortiquée,966.5,2
2023-08-01,Kaffrine,Kaffrine,Arachide en coque,450.0,3
2023-08-01,Kaffrine,Kaffrine,Maïs importé,325.0,3
2023-08-01,Kaffrine,Kaffrine,Maïs local,350.0,3
2023-08-01,Kaffrine,Kaffrine,Mil,400.0,2
2023-08-01,Kaffrine,Kaffrine,Niébé (haricot),1000.0,3
2023-08-01,Kaffrine,Kaffrine,Riz importé (brisé),350.0,3
2023-08-01,Kaffrine,Kaffrine,Riz ordinaire 1re qual.,566.5,2
2023-08-01,Kaffrine,Kaffrine,Sorgho,400.0,2
2023-08-01,Kaffrine,Kaffrine,Sorgho importé,400.0,1
2023-08-01,Kaolack,Kaolack,Arachide décortiquée,875.0,4
2023-08-01,Kaolack,Kaolack,Arachide en coque,475.0,4
2023-08-01,Kaolack,Kaolack,Maïs importé,278.0,4
2023-08-01,Kaolack,Kaolack,Maïs local,312.5,4
2023-08-01,Kaolack,Kaolack,Mil,356.5,4
2023-08-01,Kaolack,Kaolack,Niébé (haricot),925.0,4
2023-08-01,Kaolack,Kaolack,Riz importé (brisé),350.0,3
2023-08-01,Kaolack,Kaolack,Riz local,450.0,1
2023-08-01,Kaolack,Kaolack,Riz ordinaire 1re qual.,513.0,3
2023-08-01,Kaolack,Kaolack,Sorgho importé,330.0,1
2023-08-01,Kedougou,Kédougou,Arachide décortiquée,1500.0,2
2023-08-01,Kedougou,Kédougou,Arachide en coque,550.0,2
2023-08-01,Kedougou,Kédougou,Maïs importé,413.0,1
2023-08-01,Kedougou,Kédougou,Maïs local,444.0,2
2023-08-01,Kedougou,Kédougou,Mil,462.5,2
2023-08-01,Kedougou,Kédougou,Niébé (haricot),950.0,2
2023-08-01,Kedougou,Kédougou,Riz importé (brisé),375.0,2
2023-08-01,Kedougou,Kédougou,Riz local,400.0,1
2023-08-01,Kedougou,Kédougou,Riz ordinaire 1re qual.,562.5,2
2023-08-01,Kedougou,Kédougou,Sorgho,412.5,2
2023-08-01,Kedougou,Kédougou,Sorgho importé,400.0,1
2023-08-01,Kolda,Kolda,Arachide décortiquée,1000.0,3
2023-08-01,Kolda,Kolda,Arachide en coque,500.0,3
2023-08-01,Kolda,Kolda,Maïs local,350.0,3
2023-08-01,Kolda,Kolda,Mil,450.0,3
2023-08-01,Kolda,Kolda,Niébé (haricot),1233.0,3
2023-08-01,Kolda,Kolda,Riz importé (brisé),350.0,3
2023-08-01,Kolda,Kolda,Riz local,450.0,3
2023-08-01,Kolda,Kolda,Riz ordinaire 1re qual.,500.0,2
2023-08-01,Kolda,Kolda,Sorgho,369.0,2
2023-08-01,Louga,Louga,Arachide décortiquée,1100.0,2
2023-08-01,Louga,Louga,Maïs importé,325.0,2
2023-08-01,Louga,Louga,Mil,483.0,2
2023-08-01,Louga,Louga,Niébé (haricot),967.0,2
2023-08-01,Louga,Louga,Riz importé (brisé),350.0,2
2023-08-01,Louga,Louga,Riz local,350.0,2
2023-08-01,Louga,Louga,Riz ordinaire 1re qual.,500.0,2
2023-08-01,Louga,Louga,Sorgho importé,325.0,2
2023-08-01,Matam,Matam,Arachide décortiquée,975.0,2
2023-08-01,Matam,Matam,Arachide en coque,550.0,2
2023-08-01,Matam,Matam,Maïs importé,381.5,2
2023-08-01,Matam,Matam,Maïs local,350.0,1
2023-08-01,Matam,Matam,Mil,443.5,2
2023-08-01,Matam,Matam,Niébé (haricot),1137.5,2
2023-08-01,Matam,Matam,Riz importé (brisé),350.0,2
2023-08-01,Matam,Matam,Riz local,388.0,2
2023-08-01,Matam,Matam,Riz ordinaire 1re qual.,500.0,2
2023-08-01,Matam,Matam,Sorgho,488.0,2
2023-08-01,Matam,Matam,Sorgho importé,481.5,2
2023-08-01,Saint Louis,Saint-Louis,Arachide décortiquée,1197.5,2
2023-08-01,Saint Louis,Saint-Louis,Arachide en coque,766.5,2
2023-08-01,Saint Louis,Saint-Louis,Maïs importé,320.5,2
2023-08-01,Saint Louis,Saint-Louis,Maïs local,338.0,1
2023-08-01,Saint Louis,Saint-Louis,Mil,474.5,2
2023-08-01,Saint Louis,Saint-Louis,Niébé (haricot),1462.5,2
2023-08-01,Saint Louis,Saint-Louis,Riz importé (brisé),342.5,2
2023-08-01,Saint Louis,Saint-Louis,Riz local,337.5,2
2023-08-01,Saint Louis,Saint-Louis,Riz ordinaire 1re qual.,500.0,2
2023-08-01,Saint Louis,Saint-Louis,Sorgho importé,420.0,1
2023-08-01,Sedhiou,Sédhiou,Arachide décortiquée,1000.0,1
2023-08-01,Sedhiou,Sédhiou,Arachide en coque,600.0,1
2023-08-01,Sedhiou,Sédhiou,Maïs local,400.0,1
2023-08-01,Sedhiou,Sédhiou,Mil,425.0,1
2023-08-01,Sedhiou,Sédhiou,Niébé (haricot),950.0,1
2023-08-01,Sedhiou,Sédhiou,Riz importé (brisé),350.0,1
2023-08-01,Sedhiou,Sédhiou,Riz local,400.0,1
2023-08-01,Sedhiou,Sédhiou,Riz ordinaire 1re qual.,500.0,1
2023-08-01,Tambacounda,Tambacounda,Arachide décortiquée,950.0,4
2023-08-01,Tambacounda,Tambacounda,Arachide en coque,475.0,3
2023-08-01,Tambacounda,Tambacounda,Maïs importé,300.0,1
2023-08-01,Tambacounda,Tambacounda,Maïs local,331.5,4
2023-08-01,Tambacounda,Tambacounda,Mil,400.0,4
2023-08-01,Tambacounda,Tambacounda,Niébé (haricot),750.0,4
2023-08-01,Tambacounda,Tambacounda,Riz importé (brisé),369.0,4
2023-08-01,Tambacounda,Tambacounda,Riz local,400.0,4
2023-08-01,Tambacounda,Tambacounda,Riz ordinaire 1re qual.,525.0,4
2023-08-01,Tambacounda,Tambacounda,Sorgho importé,350.0,4
2023-08-01,Thies,Thiès,Arachide décortiquée,1200.0,4
2023-08-01,Thies,Thiès,Arachide en coque,625.0,4
2023-08-01,Thies,Thiès,Maïs importé,362.5,4
2023-08-01,Thies,Thiès,Maïs local,350.0,3
2023-08-01,Thies,Thiès,Mil,525.0,4
2023-08-01,Thies,Thiès,Niébé (haricot),1200.0,4
2023-08-01,Thies,Thiès,Riz importé (brisé),350.0,4
2023-08-01,Thies,Thiès,Riz local,400.0,4
2023-08-01,Thies,Thiès,Riz ordinaire 1re qual.,500.0,3
2023-08-01,Thies,Thiès,Sorgho,450.0,3
2023-08-01,Thies,Thiès,Sorgho importé,450.0,1
2023-08-01,Ziguinchor,Ziguinchor,Arachide décortiquée,1300.0,2
2023-08-01,Ziguinchor,Ziguinchor,Arachide en coque,800.0,1
2023-08-01,Ziguinchor,Ziguinchor,Maïs importé,412.5,2
2023-08-01,Ziguinchor,Ziguinchor,Maïs local,475.0,2
2023-08-01,Ziguinchor,Ziguinchor,Mil,500.0,2
2023-08-01,Ziguinchor,Ziguinchor,Niébé (haricot),1350.0,2
2023-08-01,Ziguinchor,Ziguinchor,Riz importé (brisé),350.0,2
2023-08-01,Ziguinchor,Ziguinchor,Riz local,475.0,2
2023-08-01,Ziguinchor,Ziguinchor,Riz ordinaire 1re qual.,500.0,2
2023-08-01,Ziguinchor,Ziguinchor,Sorgho,550.0,2
2023-09-01,Dakar,Dakar,Arachide décortiquée,1200.0,1
2023-09-01,Dakar,Dakar,Arachide en coque,787.5,2
2023-09-01,Dakar,Dakar,Maïs importé,337.5,2
2023-09-01,Dakar,Dakar,Maïs local,325.0,2
2023-09-01,Dakar,Dakar,Mil,475.0,2
2023-09-01,Dakar,Dakar,Niébé (haricot),1262.5,2
2023-09-01,Dakar,Dakar,Riz importé (brisé),337.5,2
2023-09-01,Dakar,Dakar,Riz local,425.0,2
2023-09-01,Dakar,Dakar,Riz ordinaire 1re qual.,469.0,2
2023-09-01,Dakar,Dakar,Sorgho importé,375.0,1
2023-09-01,Diourbel,Diourbel,Arachide décortiquée,931.25,2
2023-09-01,Diourbel,Diourbel,Arachide en coque,493.75,2
2023-09-01,Diourbel,Diourbel,Maïs importé,300.0,2
2023-09-01,Diourbel,Diourbel,Maïs local,337.5,1
2023-09-01,Diourbel,Diourbel,Mil,450.0,2
2023-09-01,Diourbel,Diourbel,Niébé (haricot),1150.0,2
2023-09-01,Diourbel,Diourbel,Riz importé (brisé),362.5,2
2023-09-01,Diourbel,Diourbel,Riz local,431.25,2
2023-09-01,Diourbel,Diourbel,Riz ordinaire 1re qual.,500.0,2
2023-09-01,Diourbel,Diourbel,Sorgho,375.0,2
2023-09-01,Diourbel,Diourbel,Sorgho importé,430.0,2
2023-09-01,Fatick,Fatick,Arachide décortiquée,958.5,6
2023-09-01,Fatick,Fatick,Arachide en coque,604.0,6
2023-09-01,Fatick,Fatick,Maïs importé,308.5,6
2023-09-01,Fatick,Fatick,Maïs local,350.0,5
2023-09-01,Fatick,Fatick,Mil,400.0,6
2023-09-01,Fatick,Fatick,Niébé (haricot),1000.0,6
2023-09-01,Fatick,Fatick,Riz importé (brisé),350.0,6
2023-09-01,Fatick,Fatick,Riz local,400.0,5
2023-09-01,Fatick,Fatick,Riz ordinaire 1re qual.,500.0,6
2023-09-01,Fatick,Fatick,Sorgho,416.5,6
2023-09-01,Fatick,Fatick,Sorgho importé,400.0,3
2023-09-01,Kaffrine,Kaffrine,Arachide décortiquée,983.0,1
2023-09-01,Kaffrine,Kaffrine,Arachide en coque,491.5,2
2023-09-01,Kaffrine,Kaffrine,Maïs importé,312.5,2
2023-09-01,Kaffrine,Kaffrine,Maïs local,350.0,2
2023-09-01,Kaffrine,Kaffrine,Mil,392.0,1
2023-09-01,Kaffrine,Kaffrine,Niébé (haricot),983.0,1
2023-09-01,Kaffrine,Kaffrine,Riz importé (brisé),350.0,2
2023-09-01,Kaffrine,Kaffrine,Riz ordinaire 1re qual.,583.0,1
2023-09-01,Kaffrine,Kaffrine,Sorgho,400.0,1
2023-09-01,Kaffrine,Kaffrine,Sorgho importé,400.0,1
2023-09-01,Kaolack,Kaolack,Arachide décortiquée,819.0,4
2023-09-01,Kaolack,Kaolack,Arachide en coque,463.0,3
2023-09-01,Kaolack,Kaolack,Maïs importé,287.5,4
2023-09-01,Kaolack,Kaolack,Maïs local,307.0,4
2023-09-01,Kaolack,Kaolack,Mil,350.0,3
2023-09-01,Kaolack,Kaolack,Niébé (haricot),831.5,4
2023-09-01,Kaolack,Kaolack,Riz importé (brisé),356.5,4
2023-09-01,Kaolack,Kaolack,Riz local,417.0,1
2023-09-01,Kaolack,Kaolack,Riz ordinaire 1re qual.,529.0,2
2023-09-01,Kaolack,Kaolack,Sorgho importé,375.0,1
2023-09-01,Kedougou,Kédougou,Arachide décortiquée,1250.0,2
2023-09-01,Kedougou,Kédougou,Arachide en coque,500.0,1
2023-09-01,Kedougou,Kédougou,Maïs importé,350.0,1
2023-09-01,Kedougou,Kédougou,Maïs local,337.5,2
2023-09-01,Kedougou,Kédougou,Mil,438.0,2
2023-09-01,Kedougou,Kédougou,Niébé (haricot),812.5,2
2023-09-01,Kedougou,Kédougou,Riz importé (brisé),375.0,2
2023-09-01,Kedougou,Kédougou,Riz ordinaire 1re qual.,562.5,2
2023-09-01,Kedougou,Kédougou,Sorgho,375.5,2
2023-09-01,Kedougou,Kédougou,Sorgho importé,375.0,1
2023-09-01,Kolda,Kolda,Arachide décortiquée,900.0,3
2023-09-01,Kolda,Kolda,Arachide en coque,650.0,3
2023-09-01,Kolda,Kolda,Maïs importé,350.0,1
2023-09-01,Kolda,Kolda,Maïs local,350.0,3
2023-09-01,Kolda,Kolda,Mil,450.0,3
2023-09-01,Kolda,Kolda,Niébé (haricot),1100.0,3
2023-09-01,Kolda,Kolda,Riz importé (brisé),350.0,3
2023-09-01,Kolda,Kolda,Riz local,450.0,3
2023-09-01,Kolda,Kolda,Riz ordinaire 1re qual.,500.0,2
2023-09-01,Kolda,Kolda,Sorgho,400.0,3
2023-09-01,Louga,Louga,Arachide décortiquée,975.0,2
2023-09-01,Louga,Louga,Maïs importé,308.0,2
2023-09-01,Louga,Louga,Mil,433.0,2
2023-09-01,Louga,Louga,Niébé (haricot),742.0,2
2023-09-01,Louga,Louga,Riz importé (brisé),350.0,2
2023-09-01,Louga,Louga,Riz local,350.0,2
2023-09-01,Louga,Louga,Riz ordinaire 1re qual.,500.0,2
2023-09-01,Louga,Louga,Sorgho importé,450.0,2
2023-09-01,Matam,Matam,Arachide décortiquée,1000.0,3
2023-09-01,Matam,Matam,Arachide en coque,500.0,3
2023-09-01,Matam,Matam,Maïs importé,400.0,3
2023-09-01,Matam,Matam,Mil,483.0,3
2023-09-01,Matam,Matam,Niébé (haricot),1367.0,3
2023-09-01,Matam,Matam,Riz importé (brisé),350.0,3
2023-09-01,Matam,Matam,Riz local,375.0,3
2023-09-01,Matam,Matam,Riz ordinaire 1re qual.,500.0,3
2023-09-01,Matam,Matam,Sorgho,450.0,2
2023-09-01,Matam,Matam,Sorgho importé,450.0,3
2023-09-01,Saint Louis,Saint-Louis,Arachide décortiquée,1150.0,2
2023-09-01,Saint Louis,Saint-Louis,Arachide en coque,825.0,2
2023-09-01,Saint Louis,Saint-Louis,Maïs importé,299.0,2
2023-09-01,Saint Louis,Saint-Louis,Maïs local,325.0,1
2023-09-01,Saint Louis,Saint-Louis,Mil,455.0,2
2023-09-01,Saint Louis,Saint-Louis,Niébé (haricot),1450.0,2
2023-09-01,Saint Louis,Saint-Louis,Riz importé (brisé),350.5,2
2023-09-01,Saint Louis,Saint-Louis,Riz local,335.0,2
2023-09-01,Saint Louis,Saint-Louis,Riz ordinaire 1re qual.,506.5,2
2023-09-01,Saint Louis,Saint-Louis,Sorgho importé,438.0,1
2023-09-01,Sedhiou,Sédhiou,Arachide décortiquée,1200.0,1
2023-09-01,Sedhiou,Sédhiou,Arachide en coque,600.0,1
2023-09-01,Sedhiou,Sédhiou,Maïs local,400.0,1
2023-09-01,Sedhiou,Sédhiou,Mil,500.0,1
2023-09-01,Sedhiou,Sédhiou,Niébé (haricot),1500.0,1
2023-09-01,Sedhiou,Sédhiou,Riz importé (brisé),350.0,1
2023-09-01,Sedhiou,Sédhiou,Riz local,500.0,1
2023-09-01,Sedhiou,Sédhiou,Riz ordinaire 1re qual.,500.0,1
2023-09-01,Tambacounda,Tambacounda,Arachide décortiquée,908.5,4
2023-09-01,Tambacounda,Tambacounda,Arachide en coque,513.0,3
2023-09-01,Tambacounda,Tambacounda,Maïs importé,300.0,2
2023-09-01,Tambacounda,Tambacounda,Maïs local,318.5,4
2023-09-01,Tambacounda,Tambacounda,Mil,399.0,4
2023-09-01,Tambacounda,Tambacounda,Niébé (haricot),631.5,4
2023-09-01,Tambacounda,Tambacounda,Riz importé (brisé),350.0,4
2023-09-01,Tambacounda,Tambacounda,Riz local,400.0,4
2023-09-01,Tambacounda,Tambacounda,Riz ordinaire 1re qual.,508.5,4
2023-09-01,Tambacounda,Tambacounda,Sorgho,450.0,1
2023-09-01,Tambacounda,Tambacounda,Sorgho importé,333.5,4
2023-09-01,Thies,Thiès,Arachide décortiquée,1200.0,4
2023-09-01,Thies,Thiès,Arachide en coque,669.0,4
2023-09-01,Thies,Thiès,Maïs importé,356.5,4
2023-09-01,Thies,Thiès,Maïs local,350.0,3
2023-09-01,Thies,Thiès,Mil,525.0,4
2023-09-01,Thies,Thiès,Niébé (haricot),1200.0,4
2023-09-01,Thies,Thiès,Riz importé (brisé),350.0,4
2023-09-01,Thies,Thiès,Riz local,400.0,4
2023-09-01,Thies,Thiès,Riz ordinaire 1re qual.,500.0,3
2023-09-01,Thies,Thiès,Sorgho,450.0,3
2023-09-01,Thies,Thiès,Sorgho importé,450.0,1
2023-09-01,Ziguinchor,Ziguinchor,Arachide décortiquée,1350.0,2
2023-09-01,Ziguinchor,Ziguinchor,Arachide en coque,825.0,2
2023-09-01,Ziguinchor,Ziguinchor,Maïs importé,391.5,2
2023-09-01,Ziguinchor,Ziguinchor,Maïs local,400.0,2
2023-09-01,Ziguinchor,Ziguinchor,Mil,500.0,2
2023-09-01,Ziguinchor,Ziguinchor,Niébé (haricot),1266.5,2
2023-09-01,Ziguinchor,Ziguinchor,Riz importé (brisé),350.0,2
2023-09-01,Ziguinchor,Ziguinchor,Riz local,475.0,2
2023-09-01,Ziguinchor,Ziguinchor,Riz ordinaire 1re qual.,500.0,2
2023-09-01,Ziguinchor,Ziguinchor,Sorgho,550.0,2
2023-10-01,Dakar,Dakar,Arachide décortiquée,1133.5,2
2023-10-01,Dakar,Dakar,Arachide en coque,741.5,2
2023-10-01,Dakar,Dakar,Maïs importé,346.0,2
2023-10-01,Dakar,Dakar,Maïs local,333.0,2
2023-10-01,Dakar,Dakar,Mil,533.0,1
2023-10-01,Dakar,Dakar,Niébé (haricot),1258.0,2
2023-10-01,Dakar,Dakar,Riz importé (brisé),346.0,2
2023-10-01,Dakar,Dakar,Riz local,416.5,2
2023-10-01,Dakar,Dakar,Riz ordinaire 1re qual.,450.0,2
2023-10-01,Dakar,Dakar,Sorgho importé,425.0,1
2023-10-01,Diourbel,Diourbel,Arachide décortiquée,1050.0,4
2023-10-01,Diourbel,Diourbel,Arachide en coque,443.75,4
2023-10-01,Diourbel,Diourbel,Maïs importé,300.0,4
2023-10-01,Diourbel,Diourbel,Maïs local,306.5,1
2023-10-01,Diourbel,Diourbel,Mil,400.0,4
2023-10-01,Diourbel,Diourbel,Niébé (haricot),718.75,4
2023-10-01,Diourbel,Diourbel,Riz importé (brisé),362.5,4
2023-10-01,Diourbel,Diourbel,Riz local,406.25,4
2023-10-01,Diourbel,Diourbel,Riz ordinaire 1re qual.,500.0,4
2023-10-01,Diourbel,Diourbel,Sorgho,368.75,2
2023-10-01,Diourbel,Diourbel,Sorgho importé,425.0,4
2023-10-01,Fatick,Fatick,Arachide décortiquée,900.0,6
2023-10-01,Fatick,Fatick,Arachide en coque,475.0,6
2023-10-01,Fatick,Fatick,Maïs importé,313.0,6
2023-10-01,Fatick,Fatick,Maïs local,350.0,5
2023-10-01,Fatick,Fatick,Mil,369.0,6
2023-10-01,Fatick,Fatick,Niébé (haricot),887.5,6
2023-10-01,Fatick,Fatick,Riz importé (brisé),350.0,5
2023-10-01,Fatick,Fatick,Riz local,400.0,5
2023-10-01,Fatick,Fatick,Riz ordinaire 1re qual.,500.0,6
2023-10-01,Fatick,Fatick,Sorgho,375.0,5
2023-10-01,Fatick,Fatick,Sorgho importé,406.5,2
2023-10-01,Kaffrine,Kaffrine,Arachide décortiquée,900.0,2
2023-10-01,Kaffrine,Kaffrine,Arachide en coque,230.0,2
2023-10-01,Kaffrine,Kaffrine,Maïs importé,300.0,3
2023-10-01,Kaffrine,Kaffrine,Maïs local,325.0,3
2023-10-01,Kaffrine,Kaffrine,Mil,325.0,3
2023-10-01,Kaffrine,Kaffrine,Niébé (haricot),840.0,2
2023-10-01,Kaffrine,Kaffrine,Riz importé (brisé),350.0,3
2023-10-01,Kaffrine,Kaffrine,Riz ordinaire 1re qual.,600.0,3
2023-10-01,Kaffrine,Kaffrine,Sorgho,350.0,1
2023-10-01,Kaffrine,Kaffrine,Sorgho importé,350.0,1
2023-10-01,Kaolack,Kaolack,Arachide décortiquée,713.0,4
2023-10-01,Kaolack,Kaolack,Arachide en coque,391.0,4
2023-10-01,Kaolack,Kaolack,Maïs importé,280.5,4
2023-10-01,Kaolack,Kaolack,Maïs local,295.5,4
2023-10-01,Kaolack,Kaolack,Mil,310.0,3
2023-10-01,Kaolack,Kaolack,Niébé (haricot),619.0,4
2023-10-01,Kaolack,Kaolack,Riz importé (brisé),353.0,4
2023-10-01,Kaolack,Kaolack,Riz local,350.0,1
2023-10-01,Kaolack,Kaolack,Riz ordinaire 1re qual.,550.0,3
2023-10-01,Kaolack,Kaolack,Sorgho importé,369.0,1
2023-10-01,Kedougou,Kédougou,Arachide décortiquée,900.0,3
2023-10-01,Kedougou,Kédougou,Arachide en coque,400.0,3
2023-10-01,Kedougou,Kédougou,Maïs importé,400.0,2
2023-10-01,Kedougou,Kédougou,Maïs local,400.0,3
2023-10-01,Kedougou,Kédougou,Mil,550.0,3
2023-10-01,Kedougou,Kédougou,Niébé (haricot),800.0,3
2023-10-01,Kedougou,Kédougou,Riz importé (brisé),350.0,3
2023-10-01,Kedougou,Kédougou,Riz local,500.0,1
2023-10-01,Kedougou,Kédougou,Riz ordinaire 1re qual.,500.0,3
2023-10-01,Kedougou,Kédougou,Sorgho,450.0,3
2023-10-01,Kolda,Kolda,Arachide décortiquée,800.0,3
2023-10-01,Kolda,Kolda,Arachide en coque,500.0,3
2023-10-01,Kolda,Kolda,Maïs local,300.0,3
2023-10-01,Kolda,Kolda,Mil,450.0,3
2023-10-01,Kolda,Kolda,Niébé (haricot),1000.0,3
2023-10-01,Kolda,Kolda,Riz importé (brisé),350.0,3
2023-10-01,Kolda,Kolda,Riz local,500.0,3
2023-10-01,Kolda,Kolda,Riz ordinaire 1re qual.,500.0,2
2023-10-01,Kolda,Kolda,Sorgho,350.0,3
2023-10-01,Louga,Louga,Arachide décortiquée,975.0,2
2023-10-01,Louga,Louga,Maïs importé,300.0,2
2023-10-01,Louga,Louga,Mil,397.0,2
2023-10-01,Louga,Louga,Niébé (haricot),481.5,2
2023-10-01,Louga,Louga,Riz importé (brisé),350.0,2
2023-10-01,Louga,Louga,Riz local,350.0,2
2023-10-01,Louga,Louga,Riz ordinaire 1re qual.,500.0,2
2023-10-01,Louga,Louga,Sorgho importé,481.5,2
2023-10-01,Matam,Matam,Arachide décortiquée,967.0,3
2023-10-01,Matam,Matam,Arachide en coque,500.0,3
2023-10-01,Matam,Matam,Maïs importé,350.0,3
2023-10-01,Matam,Matam,Mil,483.0,3
2023-10-01,Matam,Matam,Niébé (haricot),1200.0,3
2023-10-01,Matam,Matam,Riz importé (brisé),350.0,3
2023-10-01,Matam,Matam,Riz local,400.0,3
2023-10-01,Matam,Matam,Riz ordinaire 1re qual.,500.0,3
2023-10-01,Matam,Matam,Sorgho,450.0,3
2023-10-01,Matam,Matam,Sorgho importé,433.0,3
2023-10-01,Saint Louis,Saint-Louis,Arachide décortiquée,1075.0,2
2023-10-01,Saint Louis,Saint-Louis,Arachide en coque,744.0,2
2023-10-01,Saint Louis,Saint-Louis,Maïs importé,306.5,2
2023-10-01,Saint Louis,Saint-Louis,Maïs local,338.0,1
2023-10-01,Saint Louis,Saint-Louis,Mil,431.0,2
2023-10-01,Saint Louis,Saint-Louis,Niébé (haricot),1375.0,2
2023-10-01,Saint Louis,Saint-Louis,Riz importé (brisé),365.5,2
2023-10-01,Saint Louis,Saint-Louis,Riz local,328.0,2
2023-10-01,Saint Louis,Saint-Louis,Riz ordinaire 1re qual.,512.5,2
2023-10-01,Saint Louis,Saint-Louis,Sorgho importé,438.0,1
2023-10-01,Sedhiou,Sédhiou,Arachide décortiquée,1200.0,1
2023-10-01,Sedhiou,Sédhiou,Arachide en coque,550.0,1
2023-10-01,Sedhiou,Sédhiou,Maïs importé,350.0,1
2023-10-01,Sedhiou,Sédhiou,Maïs local,375.0,1
2023-10-01,Sedhiou,Sédhiou,Mil,425.0,1
2023-10-01,Sedhiou,Sédhiou,Niébé (haricot),1350.0,1
2023-10-01,Sedhiou,Sédhiou,Riz importé (brisé),350.0,1
2023-10-01,Sedhiou,Sédhiou,Riz local,500.0,1
2023-10-01,Sedhiou,Sédhiou,Riz ordinaire 1re qual.,500.0,1
2023-10-01,Tambacounda,Tambacounda,Arachide décortiquée,825.0,3
2023-10-01,Tambacounda,Tambacounda,Arachide en coque,469.0,4
2023-10-01,Tambacounda,Tambacounda,Maïs importé,294.0,2
2023-10-01,Tambacounda,Tambacounda,Maïs local,250.0,4
2023-10-01,Tambacounda,Tambacounda,Mil,319.0,4
2023-10-01,Tambacounda,Tambacounda,Niébé (haricot),725.0,4
2023-10-01,Tambacounda,Tambacounda,Riz importé (brisé),350.0,4
2023-10-01,Tambacounda,Tambacounda,Riz local,400.0,4
2023-10-01,Tambacounda,Tambacounda,Riz ordinaire 1re qual.,500.0,4
2023-10-01,Tambacounda,Tambacounda,Sorgho,225.0,3
2023-10-01,Tambacounda,Tambacounda,Sorgho importé,310.0,4
2023-10-01,Thies,Thiès,Arachide décortiquée,1075.0,4
2023-10-01,Thies,Thiès,Arachide en coque,669.0,4
2023-10-01,Thies,Thiès,Maïs importé,375.0,4
2023-10-01,Thies,Thiès,Maïs local,350.0,4
2023-10-01,Thies,Thiès,Mil,475.0,4
2023-10-01,Thies,Thiès,Niébé (haricot),1125.0,4
2023-10-01,Thies,Thiès,Riz importé (brisé),350.0,4
2023-10-01,Thies,Thiès,Riz local,400.0,4
2023-10-01,Thies,Thiès,Riz ordinaire 1re qual.,500.0,3
2023-10-01,Thies,Thiès,Sorgho,431.0,3
2023-10-01,Thies,Thiès,Sorgho importé,413.0,1
2023-10-01,Ziguinchor,Ziguinchor,Arachide décortiquée,1300.0,1
2023-10-01,Ziguinchor,Ziguinchor,Arachide en coque,725.0,2
2023-10-01,Ziguinchor,Ziguinchor,Maïs importé,391.5,2
2023-10-01,Ziguinchor,Ziguinchor,Maïs local,500.0,1
2023-10-01,Ziguinchor,Ziguinchor,Mil,491.5,2
2023-10-01,Ziguinchor,Ziguinchor,Niébé (haricot),1191.5,2
2023-10-01,Ziguinchor,Ziguinchor,Riz importé (brisé),350.0,2
2023-10-01,Ziguinchor,Ziguinchor,Riz local,462.5,2
2023-10-01,Ziguinchor,Ziguinchor,Riz ordinaire 1re qual.,500.0,2
2023-10-01,Ziguinchor,Ziguinchor,Sorgho,516.5,2
2023-11-01,Dakar,Dakar,Arachide décortiquée,1133.0,1
2023-11-01,Dakar,Dakar,Arachide en coque,741.5,2
2023-11-01,Dakar,Dakar,Maïs importé,379.5,2
2023-11-01,Dakar,Dakar,Maïs local,367.0,2
2023-11-01,Dakar,Dakar,Mil,487.5,2
2023-11-01,Dakar,Dakar,Niébé (haricot),1066.5,2
2023-11-01,Dakar,Dakar,Riz importé (brisé),350.0,2
2023-11-01,Dakar,Dakar,Riz local,412.5,2
2023-11-01,Dakar,Dakar,Riz ordinaire 1re qual.,425.0,2
2023-11-01,Dakar,Dakar,Sorgho importé,417.0,1
2023-11-01,Diourbel,Diourbel,Arachide décortiquée,787.5,4
2023-11-01,Diourbel,Diourbel,Arachide en coque,375.0,4
2023-11-01,Diourbel,Diourbel,Maïs importé,300.0,4
2023-11-01,Diourbel,Diourbel,Maïs local,225.0,1
2023-11-01,Diourbel,Diourbel,Mil,312.5,4
2023-11-01,Diourbel,Diourbel,Niébé (haricot),600.0,4
2023-11-01,Diourbel,Diourbel,Riz importé (brisé),375.0,4
2023-11-01,Diourbel,Diourbel,Riz local,406.25,4
2023-11-01,Diourbel,Diourbel,Riz ordinaire 1re qual.,500.0,4
2023-11-01,Diourbel,Diourbel,Sorgho,312.5,1
2023-11-01,Diourbel,Diourbel,Sorgho importé,437.5,4
2023-11-01,Fatick,Fatick,Arachide décortiquée,850.0,6
2023-11-01,Fatick,Fatick,Arachide en coque,483.5,6
2023-11-01,Fatick,Fatick,Maïs importé,300.0,6
2023-11-01,Fatick,Fatick,Maïs local,350.0,5
2023-11-01,Fatick,Fatick,Mil,341.5,6
2023-11-01,Fatick,Fatick,Niébé (haricot),800.0,6
2023-11-01,Fatick,Fatick,Riz importé (brisé),350.0,6
2023-11-01,Fatick,Fatick,Riz local,400.0,5
2023-11-01,Fatick,Fatick,Riz ordinaire 1re qual.,500.0,6
2023-11-01,Fatick,Fatick,Sorgho,333.0,5
2023-11-01,Fatick,Fatick,Sorgho importé,300.0,3
2023-11-01,Kaffrine,Kaffrine,Arachide décortiquée,781.5,2
2023-11-01,Kaffrine,Kaffrine,Arachide en coque,237.5,2
2023-11-01,Kaffrine,Kaffrine,Maïs importé,312.5,2
2023-11-01,Kaffrine,Kaffrine,Maïs local,337.5,2
2023-11-01,Kaffrine,Kaffrine,Mil,325.0,2
2023-11-01,Kaffrine,Kaffrine,Niébé (haricot),687.5,2
2023-11-01,Kaffrine,Kaffrine,Riz importé (brisé),350.0,2
2023-11-01,Kaffrine,Kaffrine,Riz ordinaire 1re qual.,600.0,2
2023-11-01,Kaffrine,Kaffrine,Sorgho importé,325.0,2
2023-11-01,Kaolack,Kaolack,Arachide décortiquée,629.5,4
2023-11-01,Kaolack,Kaolack,Arachide en coque,282.0,3
2023-11-01,Kaolack,Kaolack,Maïs importé,250.0,4
2023-11-01,Kaolack,Kaolack,Maïs local,237.5,4
2023-11-01,Kaolack,Kaolack,Mil,282.0,4
2023-11-01,Kaolack,Kaolack,Niébé (haricot),583.5,4
2023-11-01,Kaolack,Kaolack,Riz importé (brisé),350.0,3
2023-11-01,Kaolack,Kaolack,Riz local,350.0,1
2023-11-01,Kaolack,Kaolack,Riz ordinaire 1re qual.,533.0,3
2023-11-01,Kaolack,Kaolack,Sorgho importé,300.0,1
2023-11-01,Kedougou,Kédougou,Arachide décortiquée,940.0,3
2023-11-01,Kedougou,Kédougou,Arachide en coque,417.5,2
2023-11-01,Kedougou,Kédougou,Maïs local,400.0,3
2023-11-01,Kedougou,Kédougou,Mil,520.0,3
2023-11-01,Kedougou,Kédougou,Niébé (haricot),740.0,3
2023-11-01,Kedougou,Kédougou,Riz importé (brisé),350.0,3
2023-11-01,Kedougou,Kédougou,Riz local,444.0,3
2023-11-01,Kedougou,Kédougou,Riz ordinaire 1re qual.,500.0,3
2023-11-01,Kedougou,Kédougou,Sorgho,400.0,3
2023-11-01,Kedougou,Kédougou,Sorgho importé,400.0,1
2023-11-01,Kolda,Kolda,Arachide décortiquée,775.0,3
2023-11-01,Kolda,Kolda,Arachide en coque,425.0,3
2023-11-01,Kolda,Kolda,Maïs local,300.0,3
2023-11-01,Kolda,Kolda,Mil,369.0,2
2023-11-01,Kolda,Kolda,Niébé (haricot),850.0,3
2023-11-01,Kolda,Kolda,Riz importé (brisé),350.0,3
2023-11-01,Kolda,Kolda,Riz local,450.0,3
2023-11-01,Kolda,Kolda,Riz ordinaire 1re qual.,500.0,2
2023-11-01,Kolda,Kolda,Sorgho,350.0,3
2023-11-01,Louga,Louga,Arachide décortiquée,1100.0,2
2023-11-01,Louga,Louga,Arachide en coque,425.0,2
2023-11-01,Louga,Louga,Maïs importé,300.0,2
2023-11-01,Louga,Louga,Mil,375.0,2
2023-11-01,Louga,Louga,Niébé (haricot),556.0,2
2023-11-01,Louga,Louga,Riz importé (brisé),350.0,2
2023-11-01,Louga,Louga,Riz local,350.0,2
2023-11-01,Louga,Louga,Riz ordinaire 1re qual.,500.0,2
2023-11-01,Louga,Louga,Sorgho importé,475.0,2
2023-11-01,Matam,Matam,Arachide décortiquée,916.5,2
2023-11-01,Matam,Matam,Arachide en coque,546.0,2
2023-11-01,Matam,Matam,Maïs importé,350.0,2
2023-11-01,Matam,Matam,Maïs local,400.0,2
2023-11-01,Matam,Matam,Mil,450.0,2
2023-11-01,Matam,Matam,Niébé (haricot),1100.0,2
2023-11-01,Matam,Matam,Riz importé (brisé),350.0,2
2023-11-01,Matam,Matam,Riz local,350.0,2
2023-11-01,Matam,Matam,Riz ordinaire 1re qual.,500.0,2
2023-11-01,Matam,Matam,Sorgho,450.0,2
2023-11-01,Matam,Matam,Sorgho importé,425.0,2
2023-11-01,Saint Louis,Saint-Louis,Arachide décortiquée,1015.0,2
2023-11-01,Saint Louis,Saint-Louis,Arachide en coque,571.5,2
2023-11-01,Saint Louis,Saint-Louis,Maïs importé,309.0,2
2023-11-01,Saint Louis,Saint-Louis,Maïs local,338.0,1
2023-11-01,Saint Louis,Saint-Louis,Mil,389.0,2
2023-11-01,Saint Louis,Saint-Louis,Niébé (haricot),1069.0,2
2023-11-01,Saint Louis,Saint-Louis,Riz importé (brisé),349.5,2
2023-11-01,Saint Louis,Saint-Louis,Riz local,344.0,2
2023-11-01,Saint Louis,Saint-Louis,Riz ordinaire 1re qual.,510.0,2
2023-11-01,Saint Louis,Saint-Louis,Sorgho importé,400.0,1
2023-11-01,Sedhiou,Sédhiou,Arachide décortiquée,1000.0,1
2023-11-01,Sedhiou,Sédhiou,Arachide en coque,500.0,1
2023-11-01,Sedhiou,Sédhiou,Maïs local,400.0,1
2023-11-01,Sedhiou,Sédhiou,Mil,400.0,1
2023-11-01,Sedhiou,Sédhiou,Niébé (haricot),1000.0,1
2023-11-01,Sedhiou,Sédhiou,Riz importé (brisé),350.0,1
2023-11-01,Sedhiou,Sédhiou,Riz local,500.0,1
2023-11-01,Sedhiou,Sédhiou,Riz ordinaire 1re qual.,500.0,1
2023-11-01,Sedhiou,Sédhiou,Sorgho,400.0,1
2023-11-01,Tambacounda,Tambacounda,Arachide décortiquée,725.0,3
2023-11-01,Tambacounda,Tambacounda,Arachide en coque,379.5,4
2023-11-01,Tambacounda,Tambacounda,Maïs importé,313.0,3
2023-11-01,Tambacounda,Tambacounda,Maïs local,253.0,4
2023-11-01,Tambacounda,Tambacounda,Mil,319.0,4
2023-11-01,Tambacounda,Tambacounda,Niébé (haricot),731.5,4
2023-11-01,Tambacounda,Tambacounda,Riz importé (brisé),350.0,4
2023-11-01,Tambacounda,Tambacounda,Riz local,400.0,4
2023-11-01,Tambacounda,Tambacounda,Riz ordinaire 1re qual.,500.0,4
2023-11-01,Tambacounda,Tambacounda,Sorgho,225.0,3
2023-11-01,Tambacounda,Tambacounda,Sorgho importé,307.5,4
2023-11-01,Thies,Thiès,Arachide décortiquée,1005.0,4
2023-11-01,Thies,Thiès,Arachide en coque,580.0,4
2023-11-01,Thies,Thiès,Maïs importé,360.0,4
2023-11-01,Thies,Thiès,Maïs local,342.5,4
2023-11-01,Thies,Thiès,Mil,435.0,4
2023-11-01,Thies,Thiès,Niébé (haricot),1020.0,4
2023-11-01,Thies,Thiès,Riz importé (brisé),350.0,4
2023-11-01,Thies,Thiès,Riz local,400.0,4
2023-11-01,Thies,Thiès,Riz ordinaire 1re qual.,500.0,3
2023-11-01,Thies,Thiès,Sorgho,390.0,3
2023-11-01,Thies,Thiès,Sorgho importé,405.0,1
2023-11-01,Ziguinchor,Ziguinchor,Arachide décortiquée,1241.5,2
2023-11-01,Ziguinchor,Ziguinchor,Arachide en coque,566.5,2
2023-11-01,Ziguinchor,Ziguinchor,Maïs importé,391.5,2
2023-11-01,Ziguinchor,Ziguinchor,Maïs local,412.5,2
2023-11-01,Ziguinchor,Ziguinchor,Mil,487.5,2
2023-11-01,Ziguinchor,Ziguinchor,Niébé (haricot),1050.0,2
2023-11-01,Ziguinchor,Ziguinchor,Riz importé (brisé),350.0,2
2023-11-01,Ziguinchor,Ziguinchor,Riz local,491.5,2
2023-11-01,Ziguinchor,Ziguinchor,Riz ordinaire 1re qual.,500.0,2
2023-11-01,Ziguinchor,Ziguinchor,Sorgho,491.5,2
2023-12-01,Dakar,Dakar,Arachide décortiquée,837.5,2
2023-12-01,Dakar,Dakar,Arachide en coque,712.5,2
2023-12-01,Dakar,Dakar,Maïs importé,319.0,2
2023-12-01,Dakar,Dakar,Maïs local,337.5,2
2023-12-01,Dakar,Dakar,Mil,431.5,2
2023-12-01,Dakar,Dakar,Niébé (haricot),1325.0,2
2023-12-01,Dakar,Dakar,Riz importé (brisé),350.0,2
2023-12-01,Dakar,Dakar,Riz local,412.5,2
2023-12-01,Dakar,Dakar,Riz ordinaire 1re qual.,444.0,2
2023-12-01,Dakar,Dakar,Sorgho importé,375.0,1
2023-12-01,Diourbel,Diourbel,Arachide décortiquée,812.5,4
2023-12-01,Diourbel,Diourbel,Arachide en coque,392.5,4
2023-12-01,Diourbel,Diourbel,Maïs importé,300.0,4
2023-12-01,Diourbel,Diourbel,Maïs local,225.0,1
2023-12-01,Diourbel,Diourbel,Mil,337.5,4
2023-12-01,Diourbel,Diourbel,Niébé (haricot),775.0,4
2023-12-01,Diourbel,Diourbel,Riz importé (brisé),337.5,4
2023-12-01,Diourbel,Diourbel,Riz local,425.0,3
2023-12-01,Diourbel,Diourbel,Riz ordinaire 1re qual.,500.0,4
2023-12-01,Diourbel,Diourbel,Sorgho,312.5,1
2023-12-01,Diourbel,Diourbel,Sorgho importé,475.0,3
2023-12-01,Fatick,Fatick,Arachide décortiquée,825.0,6
2023-12-01,Fatick,Fatick,Arachide en coque,400.0,6
2023-12-01,Fatick,Fatick,Maïs importé,300.0,6
2023-12-01,Fatick,Fatick,Maïs local,325.0,5
2023-12-01,Fatick,Fatick,Mil,331.5,6
2023-12-01,Fatick,Fatick,Niébé (haricot),769.0,6
2023-12-01,Fatick,Fatick,Riz importé (brisé),350.0,5
2023-12-01,Fatick,Fatick,Riz local,400.0,5
2023-12-01,Fatick,Fatick,Riz ordinaire 1re qual.,500.0,6
2023-12-01,Fatick,Fatick,Sorgho,350.0,4
2023-12-01,Fatick,Fatick,Sorgho importé,319.0,3
2023-12-01,Kaffrine,Kaffrine,Arachide décortiquée,800.0,3
2023-12-01,Kaffrine,Kaffrine,Arachide en coque,200.0,3
2023-12-01,Kaffrine,Kaffrine,Maïs importé,300.0,3
2023-12-01,Kaffrine,Kaffrine,Maïs local,333.5,2
2023-12-01,Kaffrine,Kaffrine,Mil,300.0,2
2023-12-01,Kaffrine,Kaffrine,Niébé (haricot),700.0,3
2023-12-01,Kaffrine,Kaffrine,Riz importé (brisé),350.0,3
2023-12-01,Kaffrine,Kaffrine,Riz ordinaire 1re qual.,600.0,2
2023-12-01,Kaffrine,Kaffrine,Sorgho importé,313.0,3
2023-12-01,Kaolack,Kaolack,Arachide décortiquée,581.5,4
2023-12-01,Kaolack,Kaolack,Arachide en coque,302.0,4
2023-12-01,Kaolack,Kaolack,Maïs importé,247.5,4
2023-12-01,Kaolack,Kaolack,Maïs local,225.0,4
2023-12-01,Kaolack,Kaolack,Mil,278.0,3
2023-12-01,Kaolack,Kaolack,Niébé (haricot),615.0,4
2023-12-01,Kaolack,Kaolack,Riz importé (brisé),360.0,3
2023-12-01,Kaolack,Kaolack,Riz local,375.0,1
2023-12-01,Kaolack,Kaolack,Riz ordinaire 1re qual.,500.0,3
2023-12-01,Kaolack,Kaolack,Sorgho,300.0,1
2023-12-01,Kaolack,Kaolack,Sorgho importé,300.0,1
2023-12-01,Kedougou,Kédougou,Arachide décortiquée,950.0,3
2023-12-01,Kedougou,Kédougou,Arachide en coque,381.5,2
2023-12-01,Kedougou,Kédougou,Maïs local,400.0,3
2023-12-01,Kedougou,Kédougou,Mil,500.0,3
2023-12-01,Kedougou,Kédougou,Niébé (haricot),750.0,3
2023-12-01,Kedougou,Kédougou,Riz importé (brisé),363.0,3
2023-12-01,Kedougou,Kédougou,Riz local,388.0,3
2023-12-01,Kedougou,Kédougou,Riz ordinaire 1re qual.,500.0,3
2023-12-01,Kedougou,Kédougou,Sorgho,450.0,3
2023-12-01,Kedougou,Kédougou,Sorgho importé,450.0,1
2023-12-01,Kolda,Kolda,Arachide décortiquée,750.0,3
2023-12-01,Kolda,Kolda,Arachide en coque,300.0,3
2023-12-01,Kolda,Kolda,Maïs local,300.0,3
2023-12-01,Kolda,Kolda,Mil,400.0,3
2023-12-01,Kolda,Kolda,Niébé (haricot),800.0,3
2023-12-01,Kolda,Kolda,Riz importé (brisé),350.0,3
2023-12-01,Kolda,Kolda,Riz local,450.0,3
2023-12-01,Kolda,Kolda,Riz ordinaire 1re qual.,500.0,3
2023-12-01,Kolda,Kolda,Sorgho,300.0,3
2023-12-01,Louga,Louga,Arachide décortiquée,1016.5,2
2023-12-01,Louga,Louga,Arachide en coque,400.0,2
2023-12-01,Louga,Louga,Maïs importé,300.0,2
2023-12-01,Louga,Louga,Mil,325.0,2
2023-12-01,Louga,Louga,Niébé (haricot),617.0,2
2023-12-01,Louga,Louga,Riz importé (brisé),350.0,2
2023-12-01,Louga,Louga,Riz local,363.5,2
2023-12-01,Louga,Louga,Riz ordinaire 1re qual.,491.5,2
2023-12-01,Louga,Louga,Sorgho importé,400.0,2
2023-12-01,Matam,Matam,Arachide décortiquée,900.0,3
2023-12-01,Matam,Matam,Arachide en coque,550.0,3
2023-12-01,Matam,Matam,Maïs importé,350.0,3
2023-12-01,Matam,Matam,Maïs local,400.0,3
2023-12-01,Matam,Matam,Mil,438.0,3
2023-12-01,Matam,Matam,Niébé (haricot),1133.0,3
2023-12-01,Matam,Matam,Riz importé (brisé),350.0,3
2023-12-01,Matam,Matam,Riz local,350.0,3
2023-12-01,Matam,Matam,Riz ordinaire 1re qual.,500.0,3
2023-12-01,Matam,Matam,Sorgho,444.0,3
2023-12-01,Matam,Matam,Sorgho importé,419.0,2
2023-12-01,Saint Louis,Saint-Louis,Arachide décortiquée,887.5,2
2023-12-01,Saint Louis,Saint-Louis,Arachide en coque,475.0,2
2023-12-01,Saint Louis,Saint-Louis,Maïs importé,302.5,2
2023-12-01,Saint Louis,Saint-Louis,Maïs local,355.0,1
2023-12-01,Saint Louis,Saint-Louis,Mil,380.0,2
2023-12-01,Saint Louis,Saint-Louis,Niébé (haricot),1132.5,2
2023-12-01,Saint Louis,Saint-Louis,Riz importé (brisé),347.5,2
2023-12-01,Saint Louis,Saint-Louis,Riz local,340.0,2
2023-12-01,Saint Louis,Saint-Louis,Riz ordinaire 1re qual.,531.5,2
2023-12-01,Saint Louis,Saint-Louis,Sorgho importé,388.0,1
2023-12-01,Sedhiou,Sédhiou,Arachide décortiquée,900.0,1
2023-12-01,Sedhiou,Sédhiou,Arachide en coque,300.0,1
2023-12-01,Sedhiou,Sédhiou,Maïs local,250.0,1
2023-12-01,Sedhiou,Sédhiou,Mil,350.0,1
2023-12-01,Sedhiou,Sédhiou,Niébé (haricot),1000.0,1
2023-12-01,Sedhiou,Sédhiou,Riz importé (brisé),350.0,1
2023-12-01,Sedhiou,Sédhiou,Riz local,500.0,1
2023-12-01,Sedhiou,Sédhiou,Riz ordinaire 1re qual.,500.0,1
2023-12-01,Sedhiou,Sédhiou,Sorgho,500.0,1
2023-12-01,Tambacounda,Tambacounda,Arachide décortiquée,650.0,3
2023-12-01,Tambacounda,Tambacounda,Arachide en coque,312.5,4
2023-12-01,Tambacounda,Tambacounda,Maïs importé,337.5,2
2023-12-01,Tambacounda,Tambacounda,Maïs local,269.0,4
2023-12-01,Tambacounda,Tambacounda,Mil,319.0,4
2023-12-01,Tambacounda,Tambacounda,Niébé (haricot),675.0,4
2023-12-01,Tambacounda,Tambacounda,Riz importé (brisé),350.0,4
2023-12-01,Tambacounda,Tambacounda,Riz local,400.0,4
2023-12-01,Tambacounda,Tambacounda,Riz ordinaire 1re qual.,500.0,4
2023-12-01,Tambacounda,Tambacounda,Sorgho,265.5,4
2023-12-01,Tambacounda,Tambacounda,Sorgho importé,272.0,4
2023-12-01,Thies,Thiès,Arachide décortiquée,880.0,4
2023-12-01,Thies,Thiès,Arachide en coque,440.0,4
2023-12-01,Thies,Thiès,Maïs importé,350.0,4
2023-12-01,Thies,Thiès,Maïs local,337.5,4
2023-12-01,Thies,Thiès,Mil,350.0,4
2023-12-01,Thies,Thiès,Niébé (haricot),812.5,4
2023-12-01,Thies,Thiès,Riz importé (brisé),350.0,4
2023-12-01,Thies,Thiès,Riz local,400.0,4
2023-12-01,Thies,Thiès,Riz ordinaire 1re qual.,500.0,3
2023-12-01,Thies,Thiès,Sorgho,350.0,3
2023-12-01,Thies,Thiès,Sorgho importé,350.0,1
2023-12-01,Ziguinchor,Ziguinchor,Arachide décortiquée,1100.0,2
2023-12-01,Ziguinchor,Ziguinchor,Arachide en coque,562.5,2
2023-12-01,Ziguinchor,Ziguinchor,Maïs importé,350.0,1
2023-12-01,Ziguinchor,Ziguinchor,Maïs local,375.0,2
2023-12-01,Ziguinchor,Ziguinchor,Mil,450.0,2
2023-12-01,Ziguinchor,Ziguinchor,Niébé (haricot),950.0,2
2023-12-01,Ziguinchor,Ziguinchor,Riz importé (brisé),350.0,2
2023-12-01,Ziguinchor,Ziguinchor,Riz local,500.0,2
2023-12-01,Ziguinchor,Ziguinchor,Riz ordinaire 1re qual.,500.0,2
2023-12-01,Ziguinchor,Ziguinchor,Sorgho,475.0,2
2024-01-01,Dakar,Dakar,Arachide décortiquée,775.0,2
2024-01-01,Dakar,Dakar,Arachide en coque,675.0,2
2024-01-01,Dakar,Dakar,Maïs importé,312.5,2
2024-01-01,Dakar,Dakar,Maïs local,262.5,2
2024-01-01,Dakar,Dakar,Mil,406.5,2
2024-01-01,Dakar,Dakar,Niébé (haricot),1200.0,2
2024-01-01,Dakar,Dakar,Riz importé (brisé),356.5,2
2024-01-01,Dakar,Dakar,Riz local,412.5,2
2024-01-01,Dakar,Dakar,Riz ordinaire 1re qual.,437.5,2
2024-01-01,Dakar,Dakar,Sorgho importé,350.0,1
2024-01-01,Diourbel,Diourbel,Arachide décortiquée,837.5,4
2024-01-01,Diourbel,Diourbel,Arachide en coque,400.0,4
2024-01-01,Diourbel,Diourbel,Maïs importé,300.0,4
2024-01-01,Diourbel,Diourbel,Maïs local,287.5,1
2024-01-01,Diourbel,Diourbel,Mil,350.0,4
2024-01-01,Diourbel,Diourbel,Niébé (haricot),775.0,4
2024-01-01,Diourbel,Diourbel,Riz importé (brisé),375.0,4
2024-01-01,Diourbel,Diourbel,Riz local,425.0,4
2024-01-01,Diourbel,Diourbel,Riz ordinaire 1re qual.,500.0,4
2024-01-01,Diourbel,Diourbel,Sorgho,337.5,1
2024-01-01,Diourbel,Diourbel,Sorgho importé,450.0,3
2024-01-01,Fatick,Fatick,Arachide décortiquée,800.0,5
2024-01-01,Fatick,Fatick,Arachide en coque,338.0,5
2024-01-01,Fatick,Fatick,Maïs importé,313.0,5
2024-01-01,Fatick,Fatick,Maïs local,300.0,5
2024-01-01,Fatick,Fatick,Mil,313.0,5
2024-01-01,Fatick,Fatick,Niébé (haricot),750.0,5
2024-01-01,Fatick,Fatick,Riz importé (brisé),375.0,5
2024-01-01,Fatick,Fatick,Riz local,400.0,4
2024-01-01,Fatick,Fatick,Riz ordinaire 1re qual.,500.0,5
2024-01-01,Fatick,Fatick,Sorgho,350.0,4
2024-01-01,Fatick,Fatick,Sorgho importé,350.0,1
2024-01-01,Kaffrine,Kaffrine,Arachide décortiquée,800.0,3
2024-01-01,Kaffrine,Kaffrine,Arachide en coque,325.0,3
2024-01-01,Kaffrine,Kaffrine,Maïs importé,325.0,3
2024-01-01,Kaffrine,Kaffrine,Maïs local,350.0,3
2024-01-01,Kaffrine,Kaffrine,Mil,300.0,3
2024-01-01,Kaffrine,Kaffrine,Niébé (haricot),700.0,3
2024-01-01,Kaffrine,Kaffrine,Riz importé (brisé),375.0,2
2024-01-01,Kaffrine,Kaffrine,Riz ordinaire 1re qual.,600.0,3
2024-01-01,Kaffrine,Kaffrine,Sorgho importé,333.0,3
2024-01-01,Kaolack,Kaolack,Arachide décortiquée,647.0,4
2024-01-01,Kaolack,Kaolack,Arachide en coque,315.0,4
2024-01-01,Kaolack,Kaolack,Maïs importé,237.5,4
2024-01-01,Kaolack,Kaolack,Maïs local,241.5,2
2024-01-01,Kaolack,Kaolack,Mil,259.0,4
2024-01-01,Kaolack,Kaolack,Niébé (haricot),784.5,4
2024-01-01,Kaolack,Kaolack,Riz importé (brisé),400.0,3
2024-01-01,Kaolack,Kaolack,Riz local,413.0,1
2024-01-01,Kaolack,Kaolack,Riz ordinaire 1re qual.,525.0,2
2024-01-01,Kaolack,Kaolack,Sorgho,312.5,4
2024-01-01,Kaolack,Kaolack,Sorgho importé,300.0,1
2024-01-01,Kedougou,Kédougou,Arachide décortiquée,967.0,3
2024-01-01,Kedougou,Kédougou,Arachide en coque,333.0,3
2024-01-01,Kedougou,Kédougou,Maïs local,292.0,3
2024-01-01,Kedougou,Kédougou,Mil,500.0,3
2024-01-01,Kedougou,Kédougou,Niébé (haricot),800.0,3
2024-01-01,Kedougou,Kédougou,Riz importé (brisé),383.0,3
2024-01-01,Kedougou,Kédougou,Riz local,467.0,3
2024-01-01,Kedougou,Kédougou,Riz ordinaire 1re qual.,500.0,3
2024-01-01,Kedougou,Kédougou,Sorgho,425.0,3
2024-01-01,Kedougou,Kédougou,Sorgho importé,450.0,1
2024-01-01,Kolda,Kolda,Arachide décortiquée,700.0,3
2024-01-01,Kolda,Kolda,Arachide en coque,325.0,3
2024-01-01,Kolda,Kolda,Maïs local,287.5,2
2024-01-01,Kolda,Kolda,Mil,375.0,3
2024-01-01,Kolda,Kolda,Niébé (haricot),875.0,3
2024-01-01,Kolda,Kolda,Riz importé (brisé),433.0,3
2024-01-01,Kolda,Kolda,Riz local,475.0,3
2024-01-01,Kolda,Kolda,Riz ordinaire 1re qual.,500.0,3
2024-01-01,Kolda,Kolda,Sorgho,275.0,3
2024-01-01,Louga,Louga,Arachide décortiquée,900.0,1
2024-01-01,Louga,Louga,Arachide en coque,400.0,1
2024-01-01,Louga,Louga,Maïs importé,300.0,2
2024-01-01,Louga,Louga,Maïs local,306.5,2
2024-01-01,Louga,Louga,Mil,338.0,2
2024-01-01,Louga,Louga,Niébé (haricot),644.0,1
2024-01-01,Louga,Louga,Riz importé (brisé),406.0,2
2024-01-01,Louga,Louga,Riz local,406.0,2
2024-01-01,Louga,Louga,Riz ordinaire 1re qual.,500.0,2
2024-01-01,Louga,Louga,Sorgho importé,475.0,2
2024-01-01,Matam,Matam,Arachide décortiquée,783.0,3
2024-01-01,Matam,Matam,Arachide en coque,517.0,3
2024-01-01,Matam,Matam,Maïs importé,350.0,3
2024-01-01,Matam,Matam,Maïs local,400.0,3
2024-01-01,Matam,Matam,Mil,400.0,3
2024-01-01,Matam,Matam,Niébé (haricot),1400.0,3
2024-01-01,Matam,Matam,Riz importé (brisé),375.0,3
2024-01-01,Matam,Matam,Riz local,358.0,3
2024-01-01,Matam,Matam,Riz ordinaire 1re qual.,500.0,3
2024-01-01,Matam,Matam,Sorgho,438.0,3
2024-01-01,Matam,Matam,Sorgho importé,425.0,3
2024-01-01,Saint Louis,Saint-Louis,Arachide décortiquée,769.0,2
2024-01-01,Saint Louis,Saint-Louis,Arachide en coque,411.5,2
2024-01-01,Saint Louis,Saint-Louis,Maïs importé,300.0,2
2024-01-01,Saint Louis,Saint-Louis,Maïs local,319.0,1
2024-01-01,Saint Louis,Saint-Louis,Mil,350.0,2
2024-01-01,Saint Louis,Saint-Louis,Niébé (haricot),1112.5,2
2024-01-01,Saint Louis,Saint-Louis,Riz importé (brisé),386.5,2
2024-01-01,Saint Louis,Saint-Louis,Riz local,363.0,2
2024-01-01,Saint Louis,Saint-Louis,Riz ordinaire 1re qual.,513.0,1
2024-01-01,Saint Louis,Saint-Louis,Sorgho importé,350.0,1
2024-01-01,Sedhiou,Sédhiou,Arachide décortiquée,800.0,1
2024-01-01,Sedhiou,Sédhiou,Arachide en coque,350.0,1
2024-01-01,Sedhiou,Sédhiou,Maïs local,400.0,1
2024-01-01,Sedhiou,Sédhiou,Mil,400.0,1
2024-01-01,Sedhiou,Sédhiou,Niébé (haricot),1000.0,1
2024-01-01,Sedhiou,Sédhiou,Riz importé (brisé),400.0,1
2024-01-01,Sedhiou,Sédhiou,Riz local,500.0,1
2024-01-01,Sedhiou,Sédhiou,Riz ordinaire 1re qual.,500.0,1
2024-01-01,Sedhiou,Sédhiou,Sorgho,450.0,1
2024-01-01,Tambacounda,Tambacounda,Arachide décortiquée,712.5,4
2024-01-01,Tambacounda,Tambacounda,Arachide en coque,291.5,4
2024-01-01,Tambacounda,Tambacounda,Maïs importé,267.0,1
2024-01-01,Tambacounda,Tambacounda,Maïs local,275.0,4
2024-01-01,Tambacounda,Tambacounda,Mil,296.5,4
2024-01-01,Tambacounda,Tambacounda,Niébé (haricot),683.5,4
2024-01-01,Tambacounda,Tambacounda,Riz importé (brisé),404.0,4
2024-01-01,Tambacounda,Tambacounda,Riz local,400.0,4
2024-01-01,Tambacounda,Tambacounda,Riz ordinaire 1re qual.,500.0,4
2024-01-01,Tambacounda,Tambacounda,Sorgho,250.0,3
2024-01-01,Tambacounda,Tambacounda,Sorgho importé,280.0,4
2024-01-01,Thies,Thiès,Arachide décortiquée,800.0,3
2024-01-01,Thies,Thiès,Arachide en coque,400.0,4
2024-01-01,Thies,Thiès,Maïs importé,337.5,4
2024-01-01,Thies,Thiès,Maïs local,337.5,4
2024-01-01,Thies,Thiès,Mil,350.0,4
2024-01-01,Thies,Thiès,Niébé (haricot),780.0,4
2024-01-01,Thies,Thiès,Riz importé (brisé),372.5,4
2024-01-01,Thies,Thiès,Riz local,400.0,4
2024-01-01,Thies,Thiès,Riz ordinaire 1re qual.,500.0,3
2024-01-01,Thies,Thiès,Sorgho,350.0,3
2024-01-01,Thies,Thiès,Sorgho importé,390.0,1
2024-01-01,Ziguinchor,Ziguinchor,Arachide décortiquée,1075.0,2
2024-01-01,Ziguinchor,Ziguinchor,Arachide en coque,621.0,2
2024-01-01,Ziguinchor,Ziguinchor,Maïs importé,367.0,1
2024-01-01,Ziguinchor,Ziguinchor,Maïs local,421.0,2
2024-01-01,Ziguinchor,Ziguinchor,Mil,458.5,2
2024-01-01,Ziguinchor,Ziguinchor,Niébé (haricot),1000.0,2
2024-01-01,Ziguinchor,Ziguinchor,Riz importé (brisé),366.5,2
2024-01-01,Ziguinchor,Ziguinchor,Riz local,500.0,2
2024-01-01,Ziguinchor,Ziguinchor,Riz ordinaire 1re qual.,500.0,2
2024-01-01,Ziguinchor,Ziguinchor,Sorgho,491.5,2
2024-02-01,Dakar,Dakar,Arachide décortiquée,775.0,2
2024-02-01,Dakar,Dakar,Arachide en coque,675.0,2
2024-02-01,Dakar,Dakar,Maïs importé,325.0,2
2024-02-01,Dakar,Dakar,Maïs local,287.5,2
2024-02-01,Dakar,Dakar,Mil,375.0,2
2024-02-01,Dakar,Dakar,Niébé (haricot),1150.0,2
2024-02-01,Dakar,Dakar,Riz importé (brisé),387.5,2
2024-02-01,Dakar,Dakar,Riz local,419.0,2
2024-02-01,Dakar,Dakar,Riz ordinaire 1re qual.,450.0,2
2024-02-01,Dakar,Dakar,Sorgho importé,325.0,2
2024-02-01,Diourbel,Diourbel,Arachide décortiquée,806.5,4
2024-02-01,Diourbel,Diourbel,Arachide en coque,396.5,4
2024-02-01,Diourbel,Diourbel,Maïs importé,300.0,4
2024-02-01,Diourbel,Diourbel,Maïs local,281.25,2
2024-02-01,Diourbel,Diourbel,Mil,340.0,4
2024-02-01,Diourbel,Diourbel,Niébé (haricot),775.0,4
2024-02-01,Diourbel,Diourbel,Riz importé (brisé),403.25,4
2024-02-01,Diourbel,Diourbel,Riz local,438.0,4
2024-02-01,Diourbel,Diourbel,Riz ordinaire 1re qual.,521.0,4
2024-02-01,Diourbel,Diourbel,Sorgho,412.5,4
2024-02-01,Diourbel,Diourbel,Sorgho importé,450.0,3
2024-02-01,Fatick,Fatick,Arachide décortiquée,775.0,6
2024-02-01,Fatick,Fatick,Arachide en coque,363.0,5
2024-02-01,Fatick,Fatick,Maïs importé,312.5,6
2024-02-01,Fatick,Fatick,Maïs local,269.0,6
2024-02-01,Fatick,Fatick,Mil,325.0,6
2024-02-01,Fatick,Fatick,Niébé (haricot),787.5,6
2024-02-01,Fatick,Fatick,Riz importé (brisé),431.5,6
2024-02-01,Fatick,Fatick,Riz local,400.0,5
2024-02-01,Fatick,Fatick,Riz ordinaire 1re qual.,600.0,6
2024-02-01,Fatick,Fatick,Sorgho,338.0,6
2024-02-01,Fatick,Fatick,Sorgho importé,350.0,1
2024-02-01,Kaffrine,Kaffrine,Arachide décortiquée,800.0,3
2024-02-01,Kaffrine,Kaffrine,Arachide en coque,338.0,3
2024-02-01,Kaffrine,Kaffrine,Maïs importé,325.0,3
2024-02-01,Kaffrine,Kaffrine,Maïs local,350.0,3
2024-02-01,Kaffrine,Kaffrine,Mil,300.0,3
2024-02-01,Kaffrine,Kaffrine,Niébé (haricot),700.0,3
2024-02-01,Kaffrine,Kaffrine,Riz importé (brisé),450.0,3
2024-02-01,Kaffrine,Kaffrine,Riz ordinaire 1re qual.,600.0,3
2024-02-01,Kaffrine,Kaffrine,Sorgho,350.0,2
2024-02-01,Kaffrine,Kaffrine,Sorgho importé,375.0,3
2024-02-01,Kaolack,Kaolack,Arachide décortiquée,666.5,4
2024-02-01,Kaolack,Kaolack,Arachide en coque,325.0,3
2024-02-01,Kaolack,Kaolack,Maïs importé,239.0,2
2024-02-01,Kaolack,Kaolack,Maïs local,243.5,4
2024-02-01,Kaolack,Kaolack,Mil,245.0,4
2024-02-01,Kaolack,Kaolack,Niébé (haricot),908.0,4
2024-02-01,Kaolack,Kaolack,Riz importé (brisé),400.0,2
2024-02-01,Kaolack,Kaolack,Riz local,450.0,1
2024-02-01,Kaolack,Kaolack,Riz ordinaire 1re qual.,550.0,3
2024-02-01,Kaolack,Kaolack,Sorgho,367.0,4
2024-02-01,Kedougou,Kédougou,Arachide décortiquée,950.0,3
2024-02-01,Kedougou,Kédougou,Arachide en coque,331.0,3
2024-02-01,Kedougou,Kédougou,Maïs local,319.0,3
2024-02-01,Kedougou,Kédougou,Mil,538.0,3
2024-02-01,Kedougou,Kédougou,Niébé (haricot),800.0,3
2024-02-01,Kedougou,Kédougou,Riz importé (brisé),438.0,3
2024-02-01,Kedougou,Kédougou,Riz local,463.0,3
2024-02-01,Kedougou,Kédougou,Riz ordinaire 1re qual.,550.0,3
2024-02-01,Kedougou,Kédougou,Sorgho,450.0,3
2024-02-01,Kedougou,Kédougou,Sorgho importé,531.5,2
2024-02-01,Kolda,Kolda,Arachide décortiquée,725.0,3
2024-02-01,Kolda,Kolda,Arachide en coque,338.0,3
2024-02-01,Kolda,Kolda,Maïs local,300.0,2
2024-02-01,Kolda,Kolda,Mil,375.0,3
2024-02-01,Kolda,Kolda,Niébé (haricot),1000.0,3
2024-02-01,Kolda,Kolda,Riz importé (brisé),425.0,3
2024-02-01,Kolda,Kolda,Riz local,462.5,2
2024-02-01,Kolda,Kolda,Riz ordinaire 1re qual.,525.0,3
2024-02-01,Kolda,Kolda,Sorgho,300.0,3
2024-02-01,Louga,Louga,Arachide décortiquée,850.0,2
2024-02-01,Louga,Louga,Arachide en coque,400.0,2
2024-02-01,Louga,Louga,Maïs importé,300.0,2
2024-02-01,Louga,Louga,Maïs local,312.5,2
2024-02-01,Louga,Louga,Mil,325.0,2
2024-02-01,Louga,Louga,Niébé (haricot),717.0,2
2024-02-01,Louga,Louga,Riz importé (brisé),433.0,2
2024-02-01,Louga,Louga,Riz local,433.5,2
2024-02-01,Louga,Louga,Riz ordinaire 1re qual.,500.0,2
2024-02-01,Louga,Louga,Sorgho importé,475.0,2
2024-02-01,Matam,Matam,Arachide décortiquée,800.0,3
2024-02-01,Matam,Matam,Arachide en coque,600.0,3
2024-02-01,Matam,Matam,Maïs importé,356.0,3
2024-02-01,Matam,Matam,Maïs local,375.0,3
2024-02-01,Matam,Matam,Mil,400.0,3
2024-02-01,Matam,Matam,Niébé (haricot),1400.0,3
2024-02-01,Matam,Matam,Riz importé (brisé),425.0,3
2024-02-01,Matam,Matam,Riz local,394.0,3
2024-02-01,Matam,Matam,Riz ordinaire 1re qual.,550.0,3
2024-02-01,Matam,Matam,Sorgho,413.0,3
2024-02-01,Matam,Matam,Sorgho importé,388.0,3
2024-02-01,Saint Louis,Saint-Louis,Arachide décortiquée,787.5,2
2024-02-01,Saint Louis,Saint-Louis,Arachide en coque,359.5,2
2024-02-01,Saint Louis,Saint-Louis,Maïs importé,291.0,2
2024-02-01,Saint Louis,Saint-Louis,Maïs local,303.0,2
2024-02-01,Saint Louis,Saint-Louis,Mil,344.0,2
2024-02-01,Saint Louis,Saint-Louis,Niébé (haricot),975.0,2
2024-02-01,Saint Louis,Saint-Louis,Riz importé (brisé),413.0,2
2024-02-01,Saint Louis,Saint-Louis,Riz local,378.0,2
2024-02-01,Saint Louis,Saint-Louis,Riz ordinaire 1re qual.,550.0,1
2024-02-01,Saint Louis,Saint-Louis,Sorgho importé,350.0,1
2024-02-01,Sedhiou,Sédhiou,Arachide décortiquée,900.0,1
2024-02-01,Sedhiou,Sédhiou,Arachide en coque,350.0,1
2024-02-01,Sedhiou,Sédhiou,Maïs local,375.0,1
2024-02-01,Sedhiou,Sédhiou,Mil,375.0,1
2024-02-01,Sedhiou,Sédhiou,Niébé (haricot),1000.0,1
2024-02-01,Sedhiou,Sédhiou,Riz importé (brisé),425.0,1
2024-02-01,Sedhiou,Sédhiou,Riz local,475.0,1
2024-02-01,Sedhiou,Sédhiou,Riz ordinaire 1re qual.,500.0,1
2024-02-01,Sedhiou,Sédhiou,Sorgho,475.0,1
2024-02-01,Tambacounda,Tambacounda,Arachide décortiquée,750.0,4
2024-02-01,Tambacounda,Tambacounda,Arachide en coque,321.5,4
2024-02-01,Tambacounda,Tambacounda,Maïs importé,337.5,2
2024-02-01,Tambacounda,Tambacounda,Maïs local,275.0,4
2024-02-01,Tambacounda,Tambacounda,Mil,302.5,4
2024-02-01,Tambacounda,Tambacounda,Niébé (haricot),737.5,4
2024-02-01,Tambacounda,Tambacounda,Riz importé (brisé),450.0,4
2024-02-01,Tambacounda,Tambacounda,Riz local,412.5,4
2024-02-01,Tambacounda,Tambacounda,Riz ordinaire 1re qual.,500.0,4
2024-02-01,Tambacounda,Tambacounda,Sorgho,250.0,3
2024-02-01,Tambacounda,Tambacounda,Sorgho importé,350.0,2
2024-02-01,Thies,Thiès,Arachide décortiquée,800.0,4
2024-02-01,Thies,Thiès,Arachide en coque,400.0,4
2024-02-01,Thies,Thiès,Maïs importé,337.5,4
2024-02-01,Thies,Thiès,Maïs local,337.5,4
2024-02-01,Thies,Thiès,Mil,350.0,4
2024-02-01,Thies,Thiès,Niébé (haricot),775.0,4
2024-02-01,Thies,Thiès,Riz importé (brisé),400.0,4
2024-02-01,Thies,Thiès,Riz local,400.0,4
2024-02-01,Thies,Thiès,Riz ordinaire 1re qual.,500.0,3
2024-02-01,Thies,Thiès,Sorgho,350.0,4
2024-02-01,Thies,Thiès,Sorgho importé,400.0,1
2024-02-01,Ziguinchor,Ziguinchor,Arachide décortiquée,1000.0,2
2024-02-01,Ziguinchor,Ziguinchor,Arachide en coque,650.0,2
2024-02-01,Ziguinchor,Ziguinchor,Maïs importé,350.0,1
2024-02-01,Ziguinchor,Ziguinchor,Maïs local,375.0,2
2024-02-01,Ziguinchor,Ziguinchor,Mil,462.5,2
2024-02-01,Ziguinchor,Ziguinchor,Niébé (haricot),1000.0,2
2024-02-01,Ziguinchor,Ziguinchor,Riz importé (brisé),406.5,2
2024-02-01,Ziguinchor,Ziguinchor,Riz local,500.0,2
2024-02-01,Ziguinchor,Ziguinchor,Riz ordinaire 1re qual.,525.0,2
2024-02-01,Ziguinchor,Ziguinchor,Sorgho,500.0,2
2024-03-01,Dakar,Dakar,Arachide décortiquée,775.0,2
2024-03-01,Dakar,Dakar,Arachide en coque,675.0,2
2024-03-01,Dakar,Dakar,Maïs importé,350.0,1
2024-03-01,Dakar,Dakar,Maïs local,275.0,1
2024-03-01,Dakar,Dakar,Mil,356.5,2
2024-03-01,Dakar,Dakar,Niébé (haricot),1212.5,2
2024-03-01,Dakar,Dakar,Riz importé (brisé),412.5,2
2024-03-01,Dakar,Dakar,Riz local,450.5,2
2024-03-01,Dakar,Dakar,Riz ordinaire 1re qual.,462.5,2
2024-03-01,Dakar,Dakar,Sorgho importé,350.0,2
2024-03-01,Diourbel,Diourbel,Arachide décortiquée,800.0,4
2024-03-01,Diourbel,Diourbel,Arachide en coque,392.5,4
2024-03-01,Diourbel,Diourbel,Maïs importé,287.5,4
2024-03-01,Diourbel,Diourbel,Maïs local,287.5,4
2024-03-01,Diourbel,Diourbel,Mil,287.5,4
2024-03-01,Diourbel,Diourbel,Niébé (haricot),759.5,4
2024-03-01,Diourbel,Diourbel,Riz importé (brisé),431.25,4
2024-03-01,Diourbel,Diourbel,Riz local,450.0,4
2024-03-01,Diourbel,Diourbel,Riz ordinaire 1re qual.,543.75,4
2024-03-01,Diourbel,Diourbel,Sorgho,471.0,4
2024-03-01,Diourbel,Diourbel,Sorgho importé,462.5,2
2024-03-01,Fatick,Fatick,Arachide décortiquée,787.5,6
2024-03-01,Fatick,Fatick,Arachide en coque,375.0,5
2024-03-01,Fatick,Fatick,Maïs importé,300.0,5
2024-03-01,Fatick,Fatick,Maïs local,275.0,6
2024-03-01,Fatick,Fatick,Mil,337.5,6
2024-03-01,Fatick,Fatick,Niébé (haricot),800.0,5
2024-03-01,Fatick,Fatick,Riz importé (brisé),450.0,6
2024-03-01,Fatick,Fatick,Riz local,400.0,4
2024-03-01,Fatick,Fatick,Riz ordinaire 1re qual.,600.0,6
2024-03-01,Fatick,Fatick,Sorgho,350.0,6
2024-03-01,Fatick,Fatick,Sorgho importé,412.5,2
2024-03-01,Kaffrine,Kaffrine,Arachide décortiquée,800.0,3
2024-03-01,Kaffrine,Kaffrine,Arachide en coque,350.0,3
2024-03-01,Kaffrine,Kaffrine,Maïs importé,325.0,3
2024-03-01,Kaffrine,Kaffrine,Maïs local,350.0,3
2024-03-01,Kaffrine,Kaffrine,Mil,300.0,3
2024-03-01,Kaffrine,Kaffrine,Niébé (haricot),700.0,3
2024-03-01,Kaffrine,Kaffrine,Riz importé (brisé),450.0,3
2024-03-01,Kaffrine,Kaffrine,Riz ordinaire 1re qual.,600.0,3
2024-03-01,Kaffrine,Kaffrine,Sorgho,325.0,3
2024-03-01,Kaolack,Kaolack,Arachide décortiquée,695.0,3
2024-03-01,Kaolack,Kaolack,Arachide en coque,317.0,3
2024-03-01,Kaolack,Kaolack,Maïs importé,250.0,3
2024-03-01,Kaolack,Kaolack,Maïs local,240.0,4
2024-03-01,Kaolack,Kaolack,Mil,241.5,4
2024-03-01,Kaolack,Kaolack,Niébé (haricot),915.0,4
2024-03-01,Kaolack,Kaolack,Riz importé (brisé),415.0,3
2024-03-01,Kaolack,Kaolack,Riz local,450.0,1
2024-03-01,Kaolack,Kaolack,Riz ordinaire 1re qual.,520.0,4
2024-03-01,Kaolack,Kaolack,Sorgho,322.5,4
2024-03-01,Kaolack,Kaolack,Sorgho importé,317.0,1
2024-03-01,Kedougou,Kédougou,Arachide décortiquée,900.0,3
2024-03-01,Kedougou,Kédougou,Arachide en coque,400.0,3
2024-03-01,Kedougou,Kédougou,Maïs local,388.0,3
2024-03-01,Kedougou,Kédougou,Mil,513.0,3
2024-03-01,Kedougou,Kédougou,Niébé (haricot),788.0,3
2024-03-01,Kedougou,Kédougou,Riz importé (brisé),413.0,3
2024-03-01,Kedougou,Kédougou,Riz local,450.0,3
2024-03-01,Kedougou,Kédougou,Riz ordinaire 1re qual.,563.0,3
2024-03-01,Kedougou,Kédougou,Sorgho,500.0,3
2024-03-01,Kedougou,Kédougou,Sorgho importé,550.0,1
2024-03-01,Kolda,Kolda,Arachide décortiquée,733.0,3
2024-03-01,Kolda,Kolda,Arachide en coque,350.0,3
2024-03-01,Kolda,Kolda,Maïs local,300.0,3
2024-03-01,Kolda,Kolda,Mil,333.0,3
2024-03-01,Kolda,Kolda,Niébé (haricot),1000.0,3
2024-03-01,Kolda,Kolda,Riz importé (brisé),450.0,3
2024-03-01,Kolda,Kolda,Riz local,525.0,2
2024-03-01,Kolda,Kolda,Riz ordinaire 1re qual.,591.5,2
2024-03-01,Kolda,Kolda,Sorgho,300.0,3
2024-03-01,Louga,Louga,Arachide décortiquée,825.5,2
2024-03-01,Louga,Louga,Arachide en coque,425.0,2
2024-03-01,Louga,Louga,Maïs importé,300.0,2
2024-03-01,Louga,Louga,Maïs local,312.5,2
2024-03-01,Louga,Louga,Mil,323.0,2
2024-03-01,Louga,Louga,Niébé (haricot),675.0,2
2024-03-01,Louga,Louga,Riz importé (brisé),450.0,2
2024-03-01,Louga,Louga,Riz local,447.0,2
2024-03-01,Louga,Louga,Riz ordinaire 1re qual.,500.0,2
2024-03-01,Louga,Louga,Sorgho importé,481.5,2
2024-03-01,Matam,Matam,Arachide décortiquée,850.0,3
2024-03-01,Matam,Matam,Arachide en coque,600.0,3
2024-03-01,Matam,Matam,Maïs importé,350.0,3
2024-03-01,Matam,Matam,Maïs local,400.0,3
2024-03-01,Matam,Matam,Mil,413.0,3
2024-03-01,Matam,Matam,Niébé (haricot),1400.0,3
2024-03-01,Matam,Matam,Riz importé (brisé),450.0,3
2024-03-01,Matam,Matam,Riz local,400.0,3
2024-03-01,Matam,Matam,Riz ordinaire 1re qual.,550.0,3
2024-03-01,Matam,Matam,Sorgho,425.0,3
2024-03-01,Matam,Matam,Sorgho importé,400.0,3
2024-03-01,Saint Louis,Saint-Louis,Arachide décortiquée,800.0,2
2024-03-01,Saint Louis,Saint-Louis,Arachide en coque,355.0,2
2024-03-01,Saint Louis,Saint-Louis,Maïs importé,280.0,2
2024-03-01,Saint Louis,Saint-Louis,Maïs local,305.0,2
2024-03-01,Saint Louis,Saint-Louis,Mil,323.0,2
2024-03-01,Saint Louis,Saint-Louis,Niébé (haricot),1002.5,2
2024-03-01,Saint Louis,Saint-Louis,Riz importé (brisé),437.5,2
2024-03-01,Saint Louis,Saint-Louis,Riz local,392.0,2
2024-03-01,Saint Louis,Saint-Louis,Riz ordinaire 1re qual.,575.0,2
2024-03-01,Saint Louis,Saint-Louis,Sorgho importé,400.0,1
2024-03-01,Sedhiou,Sédhiou,Arachide décortiquée,1000.0,1
2024-03-01,Sedhiou,Sédhiou,Arachide en coque,350.0,1
2024-03-01,Sedhiou,Sédhiou,Maïs local,375.0,1
2024-03-01,Sedhiou,Sédhiou,Mil,350.0,1
2024-03-01,Sedhiou,Sédhiou,Niébé (haricot),1000.0,1
2024-03-01,Sedhiou,Sédhiou,Riz importé (brisé),450.0,1
2024-03-01,Sedhiou,Sédhiou,Riz local,450.0,1
2024-03-01,Sedhiou,Sédhiou,Riz ordinaire 1re qual.,500.0,1
2024-03-01,Sedhiou,Sédhiou,Sorgho,525.0,1
2024-03-01,Tambacounda,Tambacounda,Arachide décortiquée,744.0,4
2024-03-01,Tambacounda,Tambacounda,Arachide en coque,368.5,4
2024-03-01,Tambacounda,Tambacounda,Maïs importé,331.5,2
2024-03-01,Tambacounda,Tambacounda,Maïs local,281.5,4
2024-03-01,Tambacounda,Tambacounda,Mil,300.0,4
2024-03-01,Tambacounda,Tambacounda,Niébé (haricot),737.5,4
2024-03-01,Tambacounda,Tambacounda,Riz importé (brisé),450.0,4
2024-03-01,Tambacounda,Tambacounda,Riz local,431.5,4
2024-03-01,Tambacounda,Tambacounda,Riz ordinaire 1re qual.,531.5,4
2024-03-01,Tambacounda,Tambacounda,Sorgho,281.5,4
2024-03-01,Tambacounda,Tambacounda,Sorgho importé,319.0,2
2024-03-01,Thies,Thiès,Arachide décortiquée,800.0,4
2024-03-01,Thies,Thiès,Arachide en coque,400.0,4
2024-03-01,Thies,Thiès,Maïs importé,331.5,4
2024-03-01,Thies,Thiès,Maïs local,328.5,4
2024-03-01,Thies,Thiès,Mil,338.0,4
2024-03-01,Thies,Thiès,Niébé (haricot),875.0,4
2024-03-01,Thies,Thiès,Riz importé (brisé),425.0,4
2024-03-01,Thies,Thiès,Riz local,400.0,3
2024-03-01,Thies,Thiès,Riz ordinaire 1re qual.,500.0,3
2024-03-01,Thies,Thiès,Sorgho,344.0,4
2024-03-01,Thies,Thiès,Sorgho importé,375.0,1
2024-03-01,Ziguinchor,Ziguinchor,Arachide décortiquée,1116.5,2
2024-03-01,Ziguinchor,Ziguinchor,Arachide en coque,666.5,2
2024-03-01,Ziguinchor,Ziguinchor,Maïs importé,350.0,1
2024-03-01,Ziguinchor,Ziguinchor,Maïs local,433.5,2
2024-03-01,Ziguinchor,Ziguinchor,Mil,441.5,2
2024-03-01,Ziguinchor,Ziguinchor,Niébé (haricot),1000.0,2
2024-03-01,Ziguinchor,Ziguinchor,Riz importé (brisé),416.5,2
2024-03-01,Ziguinchor,Ziguinchor,Riz local,500.0,2
2024-03-01,Ziguinchor,Ziguinchor,Riz ordinaire 1re qual.,591.5,2
2024-03-01,Ziguinchor,Ziguinchor,Sorgho,500.0,2
2024-04-01,Dakar,Dakar,Arachide décortiquée,800.0,1
2024-04-01,Dakar,Dakar,Arachide en coque,675.0,2
2024-04-01,Dakar,Dakar,Maïs local,275.0,1
2024-04-01,Dakar,Dakar,Mil,356.5,2
2024-04-01,Dakar,Dakar,Niébé (haricot),1350.0,2
2024-04-01,Dakar,Dakar,Riz importé (brisé),437.5,2
2024-04-01,Dakar,Dakar,Riz local,475.0,2
2024-04-01,Dakar,Dakar,Riz ordinaire 1re qual.,475.0,2
2024-04-01,Dakar,Dakar,Sorgho importé,375.0,2
2024-04-01,Diourbel,Diourbel,Arachide décortiquée,731.25,2
2024-04-01,Diourbel,Diourbel,Arachide en coque,385.25,2
2024-04-01,Diourbel,Diourbel,Maïs importé,267.5,2
2024-04-01,Diourbel,Diourbel,Maïs local,291.5,2
2024-04-01,Diourbel,Diourbel,Mil,289.75,2
2024-04-01,Diourbel,Diourbel,Niébé (haricot),839.75,2
2024-04-01,Diourbel,Diourbel,Riz importé (brisé),439.75,2
2024-04-01,Diourbel,Diourbel,Riz local,450.0,2
2024-04-01,Diourbel,Diourbel,Riz ordinaire 1re qual.,562.5,2
2024-04-01,Diourbel,Diourbel,Sorgho,500.0,1
2024-04-01,Diourbel,Diourbel,Sorgho importé,396.0,2
2024-04-01,Fatick,Fatick,Arachide décortiquée,758.0,5
2024-04-01,Fatick,Fatick,Arachide en coque,387.5,4
2024-04-01,Fatick,Fatick,Maïs importé,300.0,4
2024-04-01,Fatick,Fatick,Maïs local,275.0,5
2024-04-01,Fatick,Fatick,Mil,350.0,5
2024-04-01,Fatick,Fatick,Niébé (haricot),808.5,4
2024-04-01,Fatick,Fatick,Riz importé (brisé),450.0,5
2024-04-01,Fatick,Fatick,Riz local,417.0,5
2024-04-01,Fatick,Fatick,Riz ordinaire 1re qual.,600.0,5
2024-04-01,Fatick,Fatick,Sorgho,350.0,5
2024-04-01,Fatick,Fatick,Sorgho importé,475.0,1
2024-04-01,Kaffrine,Kaffrine,Arachide décortiquée,800.0,3
2024-04-01,Kaffrine,Kaffrine,Arachide en coque,350.0,3
2024-04-01,Kaffrine,Kaffrine,Maïs importé,325.0,3
2024-04-01,Kaffrine,Kaffrine,Maïs local,350.0,3
2024-04-01,Kaffrine,Kaffrine,Mil,325.0,3
2024-04-01,Kaffrine,Kaffrine,Niébé (haricot),700.0,3
2024-04-01,Kaffrine,Kaffrine,Riz importé (brisé),450.0,3
2024-04-01,Kaffrine,Kaffrine,Riz ordinaire 1re qual.,600.0,2
2024-04-01,Kaffrine,Kaffrine,Sorgho,325.0,3
2024-04-01,Kaolack,Kaolack,Arachide décortiquée,681.0,3
2024-04-01,Kaolack,Kaolack,Arachide en coque,325.0,3
2024-04-01,Kaolack,Kaolack,Maïs importé,250.0,3
2024-04-01,Kaolack,Kaolack,Maïs local,235.5,4
2024-04-01,Kaolack,Kaolack,Mil,246.0,4
2024-04-01,Kaolack,Kaolack,Niébé (haricot),831.5,4
2024-04-01,Kaolack,Kaolack,Riz importé (brisé),420.0,3
2024-04-01,Kaolack,Kaolack,Riz local,450.0,1
2024-04-01,Kaolack,Kaolack,Riz ordinaire 1re qual.,500.0,4
2024-04-01,Kaolack,Kaolack,Sorgho,319.0,4
2024-04-01,Kaolack,Kaolack,Sorgho importé,335.0,1
2024-04-01,Kedougou,Kédougou,Arachide décortiquée,913.0,3
2024-04-01,Kedougou,Kédougou,Arachide en coque,425.5,2
2024-04-01,Kedougou,Kédougou,Maïs local,363.0,3
2024-04-01,Kedougou,Kédougou,Mil,513.0,3
2024-04-01,Kedougou,Kédougou,Niébé (haricot),800.0,3
2024-04-01,Kedougou,Kédougou,Riz importé (brisé),418.0,3
2024-04-01,Kedougou,Kédougou,Riz local,450.0,3
2024-04-01,Kedougou,Kédougou,Riz ordinaire 1re qual.,563.0,3
2024-04-01,Kedougou,Kédougou,Sorgho,463.0,3
2024-04-01,Kolda,Kolda,Arachide décortiquée,625.0,3
2024-04-01,Kolda,Kolda,Arachide en coque,325.0,3
2024-04-01,Kolda,Kolda,Maïs local,275.0,3
2024-04-01,Kolda,Kolda,Mil,317.0,3
2024-04-01,Kolda,Kolda,Niébé (haricot),1000.0,3
2024-04-01,Kolda,Kolda,Riz importé (brisé),450.0,3
2024-04-01,Kolda,Kolda,Riz local,600.0,2
2024-04-01,Kolda,Kolda,Riz ordinaire 1re qual.,587.5,2
2024-04-01,Kolda,Kolda,Sorgho,300.0,3
2024-04-01,Louga,Louga,Arachide décortiquée,750.0,2
2024-04-01,Louga,Louga,Arachide en coque,417.0,2
2024-04-01,Louga,Louga,Maïs importé,283.0,2
2024-04-01,Louga,Louga,Maïs local,312.5,2
2024-04-01,Louga,Louga,Mil,317.0,2
2024-04-01,Louga,Louga,Niébé (haricot),667.0,2
2024-04-01,Louga,Louga,Riz importé (brisé),450.0,2
2024-04-01,Louga,Louga,Riz local,450.0,2
2024-04-01,Louga,Louga,Riz ordinaire 1re qual.,500.0,2
2024-04-01,Louga,Louga,Sorgho importé,433.0,2
2024-04-01,Matam,Matam,Arachide décortiquée,850.0,3
2024-04-01,Matam,Matam,Arachide en coque,600.0,3
2024-04-01,Matam,Matam,Maïs importé,350.0,3
2024-04-01,Matam,Matam,Maïs local,400.0,3
2024-04-01,Matam,Matam,Mil,400.0,3
2024-04-01,Matam,Matam,Niébé (haricot),1400.0,3
2024-04-01,Matam,Matam,Riz importé (brisé),450.0,3
2024-04-01,Matam,Matam,Riz local,400.0,3
2024-04-01,Matam,Matam,Riz ordinaire 1re qual.,550.0,3
2024-04-01,Matam,Matam,Sorgho,425.0,3
2024-04-01,Matam,Matam,Sorgho importé,425.0,3
2024-04-01,Saint Louis,Saint-Louis,Arachide décortiquée,781.5,2
2024-04-01,Saint Louis,Saint-Louis,Arachide en coque,431.5,2
2024-04-01,Saint Louis,Saint-Louis,Maïs importé,295.0,2
2024-04-01,Saint Louis,Saint-Louis,Maïs local,288.0,1
2024-04-01,Saint Louis,Saint-Louis,Mil,321.5,2
2024-04-01,Saint Louis,Saint-Louis,Niébé (haricot),1103.0,2
2024-04-01,Saint Louis,Saint-Louis,Riz importé (brisé),444.0,2
2024-04-01,Saint Louis,Saint-Louis,Riz local,419.0,2
2024-04-01,Saint Louis,Saint-Louis,Riz ordinaire 1re qual.,575.0,2
2024-04-01,Saint Louis,Saint-Louis,Sorgho importé,388.0,1
2024-04-01,Sedhiou,Sédhiou,Arachide décortiquée,1000.0,1
2024-04-01,Sedhiou,Sédhiou,Arachide en coque,350.0,1
2024-04-01,Sedhiou,Sédhiou,Maïs local,300.0,1
2024-04-01,Sedhiou,Sédhiou,Mil,400.0,1
2024-04-01,Sedhiou,Sédhiou,Niébé (haricot),1000.0,1
2024-04-01,Sedhiou,Sédhiou,Riz importé (brisé),425.0,1
2024-04-01,Sedhiou,Sédhiou,Riz local,450.0,1
2024-04-01,Sedhiou,Sédhiou,Riz ordinaire 1re qual.,550.0,1
2024-04-01,Sedhiou,Sédhiou,Sorgho,500.0,1
2024-04-01,Tambacounda,Tambacounda,Arachide décortiquée,741.5,4
2024-04-01,Tambacounda,Tambacounda,Arachide en coque,362.5,4
2024-04-01,Tambacounda,Tambacounda,Maïs importé,300.0,4
2024-04-01,Tambacounda,Tambacounda,Maïs local,304.0,4
2024-04-01,Tambacounda,Tambacounda,Mil,325.0,4
2024-04-01,Tambacounda,Tambacounda,Niébé (haricot),800.0,3
2024-04-01,Tambacounda,Tambacounda,Riz importé (brisé),450.0,4
2024-04-01,Tambacounda,Tambacounda,Riz local,450.0,4
2024-04-01,Tambacounda,Tambacounda,Riz ordinaire 1re qual.,625.0,4
2024-04-01,Tambacounda,Tambacounda,Sorgho,258.0,3
2024-04-01,Tambacounda,Tambacounda,Sorgho importé,337.5,2
2024-04-01,Thies,Thiès,Arachide décortiquée,800.0,4
2024-04-01,Thies,Thiès,Arachide en coque,400.0,4
2024-04-01,Thies,Thiès,Maïs importé,325.0,4
2024-04-01,Thies,Thiès,Maïs local,312.5,4
2024-04-01,Thies,Thiès,Mil,325.0,4
2024-04-01,Thies,Thiès,Niébé (haricot),875.0,4
2024-04-01,Thies,Thiès,Riz importé (brisé),425.0,4
2024-04-01,Thies,Thiès,Riz local,400.0,3
2024-04-01,Thies,Thiès,Riz ordinaire 1re qual.,500.0,3
2024-04-01,Thies,Thiès,Sorgho,337.5,4
2024-04-01,Thies,Thiès,Sorgho importé,350.0,1
2024-04-01,Ziguinchor,Ziguinchor,Arachide décortiquée,1200.0,2
2024-04-01,Ziguinchor,Ziguinchor,Arachide en coque,675.0,2
2024-04-01,Ziguinchor,Ziguinchor,Maïs local,450.0,2
2024-04-01,Ziguinchor,Ziguinchor,Mil,437.5,2
2024-04-01,Ziguinchor,Ziguinchor,Niébé (haricot),1050.0,2
2024-04-01,Ziguinchor,Ziguinchor,Riz importé (brisé),437.5,2
2024-04-01,Ziguinchor,Ziguinchor,Riz local,500.0,2
2024-04-01,Ziguinchor,Ziguinchor,Riz ordinaire 1re qual.,587.5,2
2024-04-01,Ziguinchor,Ziguinchor,Sorgho,500.0,2
2024-05-01,Dakar,Dakar,Arachide décortiquée,800.0,1
2024-05-01,Dakar,Dakar,Arachide en coque,675.0,2
2024-05-01,Dakar,Dakar,Maïs local,300.0,1
2024-05-01,Dakar,Dakar,Mil,375.0,2
2024-05-01,Dakar,Dakar,Niébé (haricot),1300.0,2
2024-05-01,Dakar,Dakar,Riz importé (brisé),437.5,2
2024-05-01,Dakar,Dakar,Riz local,475.0,2
2024-05-01,Dakar,Dakar,Riz ordinaire 1re qual.,475.0,2
2024-05-01,Dakar,Dakar,Sorgho importé,350.0,2
2024-05-01,Diourbel,Diourbel,Arachide décortiquée,775.0,4
2024-05-01,Diourbel,Diourbel,Arachide en coque,437.5,4
2024-05-01,Diourbel,Diourbel,Maïs importé,275.0,4
2024-05-01,Diourbel,Diourbel,Maïs local,280.0,4
2024-05-01,Diourbel,Diourbel,Mil,275.0,4
2024-05-01,Diourbel,Diourbel,Niébé (haricot),854.25,4
2024-05-01,Diourbel,Diourbel,Riz importé (brisé),431.5,4
2024-05-01,Diourbel,Diourbel,Riz local,462.5,4
2024-05-01,Diourbel,Diourbel,Riz ordinaire 1re qual.,550.0,4
2024-05-01,Diourbel,Diourbel,Sorgho,437.5,4
2024-05-01,Diourbel,Diourbel,Sorgho importé,300.0,1
2024-05-01,Fatick,Fatick,Arachide décortiquée,700.0,6
2024-05-01,Fatick,Fatick,Arachide en coque,375.0,6
2024-05-01,Fatick,Fatick,Maïs importé,281.5,6
2024-05-01,Fatick,Fatick,Maïs local,262.5,6
2024-05-01,Fatick,Fatick,Mil,309.0,6
2024-05-01,Fatick,Fatick,Niébé (haricot),869.0,6
2024-05-01,Fatick,Fatick,Riz importé (brisé),450.0,6
2024-05-01,Fatick,Fatick,Riz local,450.0,5
2024-05-01,Fatick,Fatick,Riz ordinaire 1re qual.,600.0,6
2024-05-01,Fatick,Fatick,Sorgho,338.0,6
2024-05-01,Kaffrine,Kaffrine,Arachide décortiquée,591.5,2
2024-05-01,Kaffrine,Kaffrine,Arachide en coque,325.0,3
2024-05-01,Kaffrine,Kaffrine,Maïs importé,250.0,3
2024-05-01,Kaffrine,Kaffrine,Maïs local,250.0,3
2024-05-01,Kaffrine,Kaffrine,Mil,263.0,3
2024-05-01,Kaffrine,Kaffrine,Niébé (haricot),900.0,3
2024-05-01,Kaffrine,Kaffrine,Riz importé (brisé),450.0,3
2024-05-01,Kaffrine,Kaffrine,Riz ordinaire 1re qual.,600.0,3
2024-05-01,Kaffrine,Kaffrine,Sorgho,325.0,3
2024-05-01,Kaolack,Kaolack,Arachide décortiquée,708.0,3
2024-05-01,Kaolack,Kaolack,Arachide en coque,317.0,3
2024-05-01,Kaolack,Kaolack,Maïs importé,250.0,3
2024-05-01,Kaolack,Kaolack,Maïs local,225.0,3
2024-05-01,Kaolack,Kaolack,Mil,224.5,2
2024-05-01,Kaolack,Kaolack,Niébé (haricot),667.0,4
2024-05-01,Kaolack,Kaolack,Riz importé (brisé),408.25,2
2024-05-01,Kaolack,Kaolack,Riz local,450.0,1
2024-05-01,Kaolack,Kaolack,Riz ordinaire 1re qual.,525.0,1
2024-05-01,Kaolack,Kaolack,Sorgho,287.5,3
2024-05-01,Kaolack,Kaolack,Sorgho importé,300.0,1
2024-05-01,Kedougou,Kédougou,Arachide décortiquée,920.0,3
2024-05-01,Kedougou,Kédougou,Arachide en coque,444.0,2
2024-05-01,Kedougou,Kédougou,Maïs importé,250.0,1
2024-05-01,Kedougou,Kédougou,Maïs local,315.0,3
2024-05-01,Kedougou,Kédougou,Mil,483.0,3
2024-05-01,Kedougou,Kédougou,Niébé (haricot),755.0,3
2024-05-01,Kedougou,Kédougou,Riz importé (brisé),430.0,3
2024-05-01,Kedougou,Kédougou,Riz local,425.0,3
2024-05-01,Kedougou,Kédougou,Riz ordinaire 1re qual.,530.0,3
2024-05-01,Kedougou,Kédougou,Sorgho,400.0,3
2024-05-01,Kolda,Kolda,Arachide décortiquée,691.5,3
2024-05-01,Kolda,Kolda,Arachide en coque,333.5,2
2024-05-01,Kolda,Kolda,Maïs local,266.5,2
2024-05-01,Kolda,Kolda,Mil,308.0,3
2024-05-01,Kolda,Kolda,Niébé (haricot),950.0,2
2024-05-01,Kolda,Kolda,Riz importé (brisé),450.0,3
2024-05-01,Kolda,Kolda,Riz local,600.0,3
2024-05-01,Kolda,Kolda,Riz ordinaire 1re qual.,600.0,2
2024-05-01,Kolda,Kolda,Sorgho,300.0,3
2024-05-01,Louga,Louga,Arachide décortiquée,813.0,2
2024-05-01,Louga,Louga,Arachide en coque,350.0,2
2024-05-01,Louga,Louga,Mil,306.0,1
2024-05-01,Louga,Louga,Niébé (haricot),731.5,2
2024-05-01,Louga,Louga,Riz local,450.0,1
2024-05-01,Louga,Louga,Riz ordinaire 1re qual.,500.0,1
2024-05-01,Matam,Matam,Arachide décortiquée,838.0,3
2024-05-01,Matam,Matam,Arachide en coque,600.0,1
2024-05-01,Matam,Matam,Maïs importé,350.0,1
2024-05-01,Matam,Matam,Maïs local,350.0,1
2024-05-01,Matam,Matam,Mil,394.0,2
2024-05-01,Matam,Matam,Niébé (haricot),1500.0,3
2024-05-01,Matam,Matam,Riz importé (brisé),428.0,2
2024-05-01,Matam,Matam,Riz local,425.0,3
2024-05-01,Matam,Matam,Riz ordinaire 1re qual.,525.0,1
2024-05-01,Matam,Matam,Sorgho,450.0,1
2024-05-01,Matam,Matam,Sorgho importé,384.5,2
2024-05-01,Saint Louis,Saint-Louis,Arachide décortiquée,822.5,2
2024-05-01,Saint Louis,Saint-Louis,Arachide en coque,490.0,2
2024-05-01,Saint Louis,Saint-Louis,Maïs importé,292.5,2
2024-05-01,Saint Louis,Saint-Louis,Maïs local,310.0,1
2024-05-01,Saint Louis,Saint-Louis,Mil,325.0,2
2024-05-01,Saint Louis,Saint-Louis,Niébé (haricot),1120.0,2
2024-05-01,Saint Louis,Saint-Louis,Riz importé (brisé),450.0,2
2024-05-01,Saint Louis,Saint-Louis,Riz local,425.0,2
2024-05-01,Saint Louis,Saint-Louis,Riz ordinaire 1re qual.,575.0,2
2024-05-01,Saint Louis,Saint-Louis,Sorgho importé,360.0,1
2024-05-01,Sedhiou,Sédhiou,Arachide décortiquée,1000.0,1
2024-05-01,Sedhiou,Sédhiou,Arachide en coque,450.0,1
2024-05-01,Sedhiou,Sédhiou,Niébé (haricot),1133.0,1
2024-05-01,Tambacounda,Tambacounda,Arachide décortiquée,845.0,4
2024-05-01,Tambacounda,Tambacounda,Arachide en coque,369.0,4
2024-05-01,Tambacounda,Tambacounda,Maïs importé,340.0,4
2024-05-01,Tambacounda,Tambacounda,Maïs local,350.0,3
2024-05-01,Tambacounda,Tambacounda,Mil,345.0,4
2024-05-01,Tambacounda,Tambacounda,Niébé (haricot),895.0,4
2024-05-01,Tambacounda,Tambacounda,Riz importé (brisé),450.0,4
2024-05-01,Tambacounda,Tambacounda,Riz local,450.0,4
2024-05-01,Tambacounda,Tambacounda,Riz ordinaire 1re qual.,605.0,4
2024-05-01,Tambacounda,Tambacounda,Sorgho,287.5,4
2024-05-01,Tambacounda,Tambacounda,Sorgho importé,350.0,4
2024-05-01,Thies,Thiès,Arachide décortiquée,800.0,4
2024-05-01,Thies,Thiès,Arachide en coque,400.0,4
2024-05-01,Thies,Thiès,Maïs importé,319.0,4
2024-05-01,Thies,Thiès,Maïs local,312.5,4
2024-05-01,Thies,Thiès,Mil,350.0,4
2024-05-01,Thies,Thiès,Niébé (haricot),883.5,4
2024-05-01,Thies,Thiès,Riz importé (brisé),425.0,4
2024-05-01,Thies,Thiès,Riz local,400.0,4
2024-05-01,Thies,Thiès,Riz ordinaire 1re qual.,517.0,3
2024-05-01,Thies,Thiès,Sorgho,344.0,4
2024-05-01,Thies,Thiès,Sorgho importé,350.0,1
2024-05-01,Ziguinchor,Ziguinchor,Arachide décortiquée,1150.0,2
2024-05-01,Ziguinchor,Ziguinchor,Arachide en coque,662.5,2
2024-05-01,Ziguinchor,Ziguinchor,Maïs local,450.0,2
2024-05-01,Ziguinchor,Ziguinchor,Mil,425.0,2
2024-05-01,Ziguinchor,Ziguinchor,Niébé (haricot),1150.0,2
2024-05-01,Ziguinchor,Ziguinchor,Riz importé (brisé),450.0,2
2024-05-01,Ziguinchor,Ziguinchor,Riz local,500.0,2
2024-05-01,Ziguinchor,Ziguinchor,Riz ordinaire 1re qual.,600.0,2
2024-05-01,Ziguinchor,Ziguinchor,Sorgho,500.0,2
2024-06-01,Dakar,Dakar,Arachide décortiquée,825.0,2
2024-06-01,Dakar,Dakar,Maïs importé,287.5,2
2024-06-01,Dakar,Dakar,Maïs local,306.5,2
2024-06-01,Dakar,Dakar,Mil,350.0,1
2024-06-01,Dakar,Dakar,Niébé (haricot),975.0,2
2024-06-01,Dakar,Dakar,Riz importé (brisé),437.5,2
2024-06-01,Dakar,Dakar,Riz local,475.0,2
2024-06-01,Dakar,Dakar,Riz ordinaire 1re qual.,475.0,2
2024-06-01,Dakar,Dakar,Sorgho importé,362.5,2
2024-06-01,Diourbel,Diourbel,Arachide décortiquée,750.0,4
2024-06-01,Diourbel,Diourbel,Arachide en coque,425.0,4
2024-06-01,Diourbel,Diourbel,Maïs importé,275.0,4
2024-06-01,Diourbel,Diourbel,Maïs local,262.5,4
2024-06-01,Diourbel,Diourbel,Mil,250.0,3
2024-06-01,Diourbel,Diourbel,Niébé (haricot),825.0,4
2024-06-01,Diourbel,Diourbel,Riz importé (brisé),437.5,4
2024-06-01,Diourbel,Diourbel,Riz local,462.5,4
2024-06-01,Diourbel,Diourbel,Riz ordinaire 1re qual.,550.0,4
2024-06-01,Diourbel,Diourbel,Sorgho,437.5,4
2024-06-01,Diourbel,Diourbel,Sorgho importé,300.0,1
2024-06-01,Fatick,Fatick,Arachide décortiquée,783.0,5
2024-06-01,Fatick,Fatick,Arachide en coque,383.0,5
2024-06-01,Fatick,Fatick,Maïs importé,288.0,5
2024-06-01,Fatick,Fatick,Maïs local,269.0,5
2024-06-01,Fatick,Fatick,Mil,325.0,5
2024-06-01,Fatick,Fatick,Niébé (haricot),900.0,5
2024-06-01,Fatick,Fatick,Riz importé (brisé),442.0,5
2024-06-01,Fatick,Fatick,Riz local,433.0,4
2024-06-01,Fatick,Fatick,Riz ordinaire 1re qual.,533.0,5
2024-06-01,Fatick,Fatick,Sorgho,350.0,5
2024-06-01,Fatick,Fatick,Sorgho importé,371.5,2
2024-06-01,Kaffrine,Kaffrine,Arachide décortiquée,606.5,2
2024-06-01,Kaffrine,Kaffrine,Arachide en coque,325.0,3
2024-06-01,Kaffrine,Kaffrine,Maïs importé,263.0,3
2024-06-01,Kaffrine,Kaffrine,Maïs local,269.0,3
2024-06-01,Kaffrine,Kaffrine,Mil,231.0,3
2024-06-01,Kaffrine,Kaffrine,Niébé (haricot),900.0,3
2024-06-01,Kaffrine,Kaffrine,Riz importé (brisé),450.0,3
2024-06-01,Kaffrine,Kaffrine,Riz ordinaire 1re qual.,600.0,3
2024-06-01,Kaffrine,Kaffrine,Sorgho,350.0,3
2024-06-01,Kaolack,Kaolack,Arachide décortiquée,738.0,3
2024-06-01,Kaolack,Kaolack,Arachide en coque,313.0,3
2024-06-01,Kaolack,Kaolack,Maïs importé,253.0,4
2024-06-01,Kaolack,Kaolack,Maïs local,232.0,4
2024-06-01,Kaolack,Kaolack,Mil,225.0,4
2024-06-01,Kaolack,Kaolack,Niébé (haricot),796.0,4
2024-06-01,Kaolack,Kaolack,Riz importé (brisé),425.0,3
2024-06-01,Kaolack,Kaolack,Riz local,444.0,1
2024-06-01,Kaolack,Kaolack,Riz ordinaire 1re qual.,524.0,2
2024-06-01,Kaolack,Kaolack,Sorgho,329.5,4
2024-06-01,Kaolack,Kaolack,Sorgho importé,333.0,1
2024-06-01,Kedougou,Kédougou,Arachide décortiquée,900.0,3
2024-06-01,Kedougou,Kédougou,Maïs importé,250.0,1
2024-06-01,Kedougou,Kédougou,Maïs local,288.0,3
2024-06-01,Kedougou,Kédougou,Mil,331.0,3
2024-06-01,Kedougou,Kédougou,Niébé (haricot),806.0,3
2024-06-01,Kedougou,Kédougou,Riz importé (brisé),431.0,3
2024-06-01,Kedougou,Kédougou,Riz local,550.0,1
2024-06-01,Kedougou,Kédougou,Riz ordinaire 1re qual.,538.0,3
2024-06-01,Kedougou,Kédougou,Sorgho,388.0,3
2024-06-01,Kolda,Kolda,Arachide décortiquée,800.0,2
2024-06-01,Kolda,Kolda,Arachide en coque,325.0,1
2024-06-01,Kolda,Kolda,Maïs local,300.0,1
2024-06-01,Kolda,Kolda,Mil,331.5,2
2024-06-01,Kolda,Kolda,Niébé (haricot),1000.0,2
2024-06-01,Kolda,Kolda,Riz importé (brisé),450.0,2
2024-06-01,Kolda,Kolda,Riz local,525.0,2
2024-06-01,Kolda,Kolda,Riz ordinaire 1re qual.,600.0,1
2024-06-01,Kolda,Kolda,Sorgho,287.5,2
2024-06-01,Louga,Louga,Arachide décortiquée,808.5,2
2024-06-01,Louga,Louga,Maïs importé,287.5,2
2024-06-01,Louga,Louga,Mil,333.5,2
2024-06-01,Louga,Louga,Niébé (haricot),700.0,2
2024-06-01,Louga,Louga,Riz importé (brisé),450.0,2
2024-06-01,Louga,Louga,Riz local,441.5,2
2024-06-01,Louga,Louga,Riz ordinaire 1re qual.,508.5,2
2024-06-01,Louga,Louga,Sorgho importé,458.5,2
2024-06-01,Matam,Matam,Arachide décortiquée,800.0,3
2024-06-01,Matam,Matam,Arachide en coque,500.0,2
2024-06-01,Matam,Matam,Maïs importé,342.0,3
2024-06-01,Matam,Matam,Maïs local,350.0,3
2024-06-01,Matam,Matam,Mil,363.0,3
2024-06-01,Matam,Matam,Niébé (haricot),1350.0,3
2024-06-01,Matam,Matam,Riz importé (brisé),438.0,3
2024-06-01,Matam,Matam,Riz local,425.0,3
2024-06-01,Matam,Matam,Riz ordinaire 1re qual.,550.0,3
2024-06-01,Matam,Matam,Sorgho,450.0,3
2024-06-01,Matam,Matam,Sorgho importé,400.0,3
2024-06-01,Saint Louis,Saint-Louis,Arachide décortiquée,883.5,2
2024-06-01,Saint Louis,Saint-Louis,Maïs importé,300.0,2
2024-06-01,Saint Louis,Saint-Louis,Maïs local,300.0,1
2024-06-01,Saint Louis,Saint-Louis,Mil,341.5,2
2024-06-01,Saint Louis,Saint-Louis,Niébé (haricot),1250.0,2
2024-06-01,Saint Louis,Saint-Louis,Riz importé (brisé),442.0,2
2024-06-01,Saint Louis,Saint-Louis,Riz local,433.5,2
2024-06-01,Saint Louis,Saint-Louis,Riz ordinaire 1re qual.,558.0,2
2024-06-01,Saint Louis,Saint-Louis,Sorgho importé,400.0,1
2024-06-01,Sedhiou,Sédhiou,Arachide décortiquée,1000.0,1
2024-06-01,Sedhiou,Sédhiou,Maïs local,400.0,1
2024-06-01,Sedhiou,Sédhiou,Mil,325.0,1
2024-06-01,Sedhiou,Sédhiou,Niébé (haricot),1200.0,1
2024-06-01,Sedhiou,Sédhiou,Riz importé (brisé),450.0,1
2024-06-01,Sedhiou,Sédhiou,Riz local,450.0,1
2024-06-01,Sedhiou,Sédhiou,Riz ordinaire 1re qual.,550.0,1
2024-06-01,Sedhiou,Sédhiou,Sorgho,400.0,1
2024-06-01,Tambacounda,Tambacounda,Arachide décortiquée,800.0,4
2024-06-01,Tambacounda,Tambacounda,Arachide en coque,342.0,1
2024-06-01,Tambacounda,Tambacounda,Maïs importé,316.5,4
2024-06-01,Tambacounda,Tambacounda,Maïs local,325.0,4
2024-06-01,Tambacounda,Tambacounda,Mil,354.0,4
2024-06-01,Tambacounda,Tambacounda,Niébé (haricot),931.5,4
2024-06-01,Tambacounda,Tambacounda,Riz importé (brisé),450.0,4
2024-06-01,Tambacounda,Tambacounda,Riz local,422.0,2
2024-06-01,Tambacounda,Tambacounda,Riz ordinaire 1re qual.,612.5,4
2024-06-01,Tambacounda,Tambacounda,Sorgho,333.5,4
2024-06-01,Tambacounda,Tambacounda,Sorgho importé,321.0,4
2024-06-01,Thies,Thiès,Arachide décortiquée,858.5,4
2024-06-01,Thies,Thiès,Arachide en coque,400.0,4
2024-06-01,Thies,Thiès,Maïs importé,325.0,4
2024-06-01,Thies,Thiès,Maïs local,306.5,4
2024-06-01,Thies,Thiès,Mil,366.5,4
2024-06-01,Thies,Thiès,Niébé (haricot),975.0,4
2024-06-01,Thies,Thiès,Riz importé (brisé),431.5,4
2024-06-01,Thies,Thiès,Riz local,400.0,4
2024-06-01,Thies,Thiès,Riz ordinaire 1re qual.,533.0,3
2024-06-01,Thies,Thiès,Sorgho,350.0,4
2024-06-01,Thies,Thiès,Sorgho importé,350.0,1
2024-06-01,Ziguinchor,Ziguinchor,Arachide décortiquée,1225.0,2
2024-06-01,Ziguinchor,Ziguinchor,Arachide en coque,650.0,2
2024-06-01,Ziguinchor,Ziguinchor,Maïs local,425.0,2
2024-06-01,Ziguinchor,Ziguinchor,Mil,437.5,2
2024-06-01,Ziguinchor,Ziguinchor,Niébé (haricot),1200.0,2
2024-06-01,Ziguinchor,Ziguinchor,Riz importé (brisé),444.0,2
2024-06-01,Ziguinchor,Ziguinchor,Riz local,500.0,2
2024-06-01,Ziguinchor,Ziguinchor,Riz ordinaire 1re qual.,587.5,2
2024-06-01,Ziguinchor,Ziguinchor,Sorgho,500.0,2
2024-07-01,Dakar,Dakar,Arachide décortiquée,791.5,2
2024-07-01,Dakar,Dakar,Maïs importé,287.5,2
2024-07-01,Dakar,Dakar,Maïs local,304.0,2
2024-07-01,Dakar,Dakar,Mil,333.0,1
2024-07-01,Dakar,Dakar,Niébé (haricot),945.5,2
2024-07-01,Dakar,Dakar,Riz importé (brisé),437.5,2
2024-07-01,Dakar,Dakar,Riz local,475.0,2
2024-07-01,Dakar,Dakar,Riz ordinaire 1re qual.,483.5,2
2024-07-01,Dakar,Dakar,Sorgho importé,358.5,2
2024-07-01,Diourbel,Diourbel,Arachide décortiquée,875.0,4
2024-07-01,Diourbel,Diourbel,Arachide en coque,450.0,4
2024-07-01,Diourbel,Diourbel,Maïs importé,300.0,4
2024-07-01,Diourbel,Diourbel,Maïs local,325.0,3
2024-07-01,Diourbel,Diourbel,Mil,312.5,4
2024-07-01,Diourbel,Diourbel,Niébé (haricot),906.5,4
2024-07-01,Diourbel,Diourbel,Riz importé (brisé),420.0,4
2024-07-01,Diourbel,Diourbel,Riz local,450.0,4
2024-07-01,Diourbel,Diourbel,Riz ordinaire 1re qual.,550.0,4
2024-07-01,Diourbel,Diourbel,Sorgho,438.0,3
2024-07-01,Diourbel,Diourbel,Sorgho importé,400.0,2
2024-07-01,Fatick,Fatick,Arachide décortiquée,800.0,4
2024-07-01,Fatick,Fatick,Arachide en coque,400.0,4
2024-07-01,Fatick,Fatick,Maïs importé,300.0,6
2024-07-01,Fatick,Fatick,Maïs local,300.0,6
2024-07-01,Fatick,Fatick,Mil,350.0,6
2024-07-01,Fatick,Fatick,Niébé (haricot),969.0,4
2024-07-01,Fatick,Fatick,Riz importé (brisé),425.0,6
2024-07-01,Fatick,Fatick,Riz local,425.0,5
2024-07-01,Fatick,Fatick,Riz ordinaire 1re qual.,500.0,6
2024-07-01,Fatick,Fatick,Sorgho,375.0,6
2024-07-01,Fatick,Fatick,Sorgho importé,377.5,4
2024-07-01,Kaffrine,Kaffrine,Maïs importé,300.0,3
2024-07-01,Kaffrine,Kaffrine,Maïs local,283.0,3
2024-07-01,Kaffrine,Kaffrine,Mil,242.0,3
2024-07-01,Kaffrine,Kaffrine,Riz importé (brisé),431.0,3
2024-07-01,Kaffrine,Kaffrine,Riz ordinaire 1re qual.,600.0,3
2024-07-01,Kaffrine,Kaffrine,Sorgho,350.0,3
2024-07-01,Kaolack,Kaolack,Maïs importé,272.0,4
2024-07-01,Kaolack,Kaolack,Maïs local,250.0,4
2024-07-01,Kaolack,Kaolack,Mil,234.5,4
2024-07-01,Kaolack,Kaolack,Riz importé (brisé),425.0,4
2024-07-01,Kaolack,Kaolack,Riz local,425.0,1
2024-07-01,Kaolack,Kaolack,Riz ordinaire 1re qual.,490.5,4
2024-07-01,Kaolack,Kaolack,Sorgho,350.0,3
2024-07-01,Kaolack,Kaolack,Sorgho importé,350.0,1
2024-07-01,Kedougou,Kédougou,Maïs local,335.0,3
2024-07-01,Kedougou,Kédougou,Mil,430.0,3
2024-07-01,Kedougou,Kédougou,Riz importé (brisé),425.0,3
2024-07-01,Kedougou,Kédougou,Riz local,560.0,1
2024-07-01,Kedougou,Kédougou,Riz ordinaire 1re qual.,555.0,3
2024-07-01,Kedougou,Kédougou,Sorgho,460.0,3
2024-07-01,Kolda,Kolda,Maïs local,275.0,3
2024-07-01,Kolda,Kolda,Mil,313.0,3
2024-07-01,Kolda,Kolda,Riz importé (brisé),425.0,3
2024-07-01,Kolda,Kolda,Riz local,600.0,3
2024-07-01,Kolda,Kolda,Riz ordinaire 1re qual.,600.0,3
2024-07-01,Kolda,Kolda,Sorgho,300.0,3
2024-07-01,Louga,Louga,Maïs importé,291.5,2
2024-07-01,Louga,Louga,Mil,300.0,2
2024-07-01,Louga,Louga,Riz importé (brisé),438.5,2
2024-07-01,Louga,Louga,Riz local,387.5,2
2024-07-01,Louga,Louga,Riz ordinaire 1re qual.,508.5,2
2024-07-01,Louga,Louga,Sorgho importé,450.0,2
2024-07-01,Matam,Matam,Maïs importé,350.0,3
2024-07-01,Matam,Matam,Maïs local,350.0,1
2024-07-01,Matam,Matam,Mil,410.0,3
2024-07-01,Matam,Matam,Riz importé (brisé),425.0,3
2024-07-01,Matam,Matam,Riz local,438.0,3
2024-07-01,Matam,Matam,Riz ordinaire 1re qual.,550.0,3
2024-07-01,Matam,Matam,Sorgho,400.0,3
2024-07-01,Matam,Matam,Sorgho importé,410.0,3
2024-07-01,Saint Louis,Saint-Louis,Maïs importé,297.5,2
2024-07-01,Saint Louis,Saint-Louis,Maïs local,300.0,1
2024-07-01,Saint Louis,Saint-Louis,Mil,324.5,2
2024-07-01,Saint Louis,Saint-Louis,Riz importé (brisé),431.5,2
2024-07-01,Saint Louis,Saint-Louis,Riz local,412.5,2
2024-07-01,Saint Louis,Saint-Louis,Riz ordinaire 1re qual.,530.0,2
2024-07-01,Saint Louis,Saint-Louis,Sorgho importé,430.0,1
2024-07-01,Sedhiou,Sédhiou,Maïs local,350.0,1
2024-07-01,Sedhiou,Sédhiou,Mil,400.0,1
2024-07-01,Sedhiou,Sédhiou,Riz importé (brisé),425.0,1
2024-07-01,Sedhiou,Sédhiou,Riz local,450.0,1
2024-07-01,Sedhiou,Sédhiou,Riz ordinaire 1re qual.,550.0,1
2024-07-01,Sedhiou,Sédhiou,Sorgho,500.0,1
2024-07-01,Tambacounda,Tambacounda,Maïs importé,337.5,4
2024-07-01,Tambacounda,Tambacounda,Maïs local,344.0,4
2024-07-01,Tambacounda,Tambacounda,Mil,375.0,4
2024-07-01,Tambacounda,Tambacounda,Riz importé (brisé),450.0,4
2024-07-01,Tambacounda,Tambacounda,Riz local,402.5,2
2024-07-01,Tambacounda,Tambacounda,Riz ordinaire 1re qual.,600.0,4
2024-07-01,Tambacounda,Tambacounda,Sorgho,350.0,4
2024-07-01,Tambacounda,Tambacounda,Sorgho importé,347.0,4
2024-07-01,Thies,Thiès,Maïs importé,334.0,4
2024-07-01,Thies,Thiès,Maïs local,331.5,4
2024-07-01,Thies,Thiès,Mil,395.0,4
2024-07-01,Thies,Thiès,Riz importé (brisé),425.0,4
2024-07-01,Thies,Thiès,Riz local,422.5,4
2024-07-01,Thies,Thiès,Riz ordinaire 1re qual.,500.0,3
2024-07-01,Thies,Thiès,Sorgho,360.0,4
2024-07-01,Thies,Thiès,Sorgho importé,350.0,1
2024-07-01,Ziguinchor,Ziguinchor,Maïs local,441.5,2
2024-07-01,Ziguinchor,Ziguinchor,Mil,450.0,2
2024-07-01,Ziguinchor,Ziguinchor,Riz importé (brisé),429.0,2
2024-07-01,Ziguinchor,Ziguinchor,Riz local,500.0,2
2024-07-01,Ziguinchor,Ziguinchor,Riz ordinaire 1re qual.,583.5,2
2024-07-01,Ziguinchor,Ziguinchor,Sorgho,500.0,2
2024-08-01,Dakar,Dakar,Arachide décortiquée,817.0,1
2024-08-01,Dakar,Dakar,Maïs importé,287.5,2
2024-08-01,Dakar,Dakar,Maïs local,308.5,2
2024-08-01,Dakar,Dakar,Mil,325.0,1
2024-08-01,Dakar,Dakar,Niébé (haricot),929.5,2
2024-08-01,Dakar,Dakar,Riz importé (brisé),437.5,2
2024-08-01,Dakar,Dakar,Riz local,454.5,2
2024-08-01,Dakar,Dakar,Riz ordinaire 1re qual.,483.5,2
2024-08-01,Dakar,Dakar,Sorgho importé,350.0,2
2024-08-01,Diourbel,Diourbel,Arachide décortiquée,700.0,4
2024-08-01,Diourbel,Diourbel,Arachide en coque,450.0,3
2024-08-01,Diourbel,Diourbel,Maïs importé,300.0,4
2024-08-01,Diourbel,Diourbel,Maïs local,294.0,2
2024-08-01,Diourbel,Diourbel,Mil,300.0,3
2024-08-01,Diourbel,Diourbel,Niébé (haricot),1000.0,4
2024-08-01,Diourbel,Diourbel,Riz importé (brisé),421.25,4
2024-08-01,Diourbel,Diourbel,Riz local,444.0,4
2024-08-01,Diourbel,Diourbel,Riz ordinaire 1re qual.,550.0,4
2024-08-01,Diourbel,Diourbel,Sorgho,500.0,3
2024-08-01,Diourbel,Diourbel,Sorgho importé,425.0,2
2024-08-01,Fatick,Fatick,Arachide décortiquée,683.5,6
2024-08-01,Fatick,Fatick,Arachide en coque,392.0,5
2024-08-01,Fatick,Fatick,Maïs importé,296.0,4
2024-08-01,Fatick,Fatick,Maïs local,287.5,6
2024-08-01,Fatick,Fatick,Mil,300.0,6
2024-08-01,Fatick,Fatick,Niébé (haricot),850.0,5
2024-08-01,Fatick,Fatick,Riz importé (brisé),425.0,5
2024-08-01,Fatick,Fatick,Riz local,425.0,5
2024-08-01,Fatick,Fatick,Riz ordinaire 1re qual.,500.0,6
2024-08-01,Fatick,Fatick,Sorgho,400.0,6
2024-08-01,Fatick,Fatick,Sorgho importé,387.0,3
2024-08-01,Kaffrine,Kaffrine,Arachide décortiquée,600.0,3
2024-08-01,Kaffrine,Kaffrine,Arachide en coque,375.0,3
2024-08-01,Kaffrine,Kaffrine,Maïs importé,300.0,3
2024-08-01,Kaffrine,Kaffrine,Maïs local,275.0,3
2024-08-01,Kaffrine,Kaffrine,Mil,300.0,2
2024-08-01,Kaffrine,Kaffrine,Niébé (haricot),950.0,3
2024-08-01,Kaffrine,Kaffrine,Riz importé (brisé),425.0,3
2024-08-01,Kaffrine,Kaffrine,Riz ordinaire 1re qual.,600.0,3
2024-08-01,Kaffrine,Kaffrine,Sorgho,350.0,3
2024-08-01,Kaolack,Kaolack,Arachide décortiquée,508.5,4
2024-08-01,Kaolack,Kaolack,Arachide en coque,258.0,3
2024-08-01,Kaolack,Kaolack,Maïs importé,254.0,4
2024-08-01,Kaolack,Kaolack,Maïs local,241.0,4
2024-08-01,Kaolack,Kaolack,Mil,220.0,4
2024-08-01,Kaolack,Kaolack,Niébé (haricot),950.0,4
2024-08-01,Kaolack,Kaolack,Riz importé (brisé),425.0,4
2024-08-01,Kaolack,Kaolack,Riz local,431.0,1
2024-08-01,Kaolack,Kaolack,Riz ordinaire 1re qual.,500.0,3
2024-08-01,Kaolack,Kaolack,Sorgho,350.0,2
2024-08-01,Kaolack,Kaolack,Sorgho importé,383.0,1
2024-08-01,Kedougou,Kédougou,Arachide décortiquée,1000.0,3
2024-08-01,Kedougou,Kédougou,Maïs local,400.0,3
2024-08-01,Kedougou,Kédougou,Mil,460.0,3
2024-08-01,Kedougou,Kédougou,Niébé (haricot),1000.0,3
2024-08-01,Kedougou,Kédougou,Riz importé (brisé),425.0,3
2024-08-01,Kedougou,Kédougou,Riz local,550.0,1
2024-08-01,Kedougou,Kédougou,Riz ordinaire 1re qual.,600.0,3
2024-08-01,Kedougou,Kédougou,Sorgho,500.0,3
2024-08-01,Kolda,Kolda,Arachide décortiquée,700.0,3
2024-08-01,Kolda,Kolda,Arachide en coque,400.0,1
2024-08-01,Kolda,Kolda,Maïs local,275.0,3
2024-08-01,Kolda,Kolda,Mil,306.0,3
2024-08-01,Kolda,Kolda,Niébé (haricot),1100.0,3
2024-08-01,Kolda,Kolda,Riz importé (brisé),425.0,3
2024-08-01,Kolda,Kolda,Riz local,494.0,2
2024-08-01,Kolda,Kolda,Riz ordinaire 1re qual.,600.0,3
2024-08-01,Kolda,Kolda,Sorgho,294.0,3
2024-08-01,Louga,Louga,Arachide décortiquée,775.0,2
2024-08-01,Louga,Louga,Maïs importé,306.5,2
2024-08-01,Louga,Louga,Mil,319.0,2
2024-08-01,Louga,Louga,Niébé (haricot),687.5,2
2024-08-01,Louga,Louga,Riz importé (brisé),438.0,2
2024-08-01,Louga,Louga,Riz local,394.0,2
2024-08-01,Louga,Louga,Riz ordinaire 1re qual.,512.5,2
2024-08-01,Louga,Louga,Sorgho importé,469.0,2
2024-08-01,Matam,Matam,Arachide décortiquée,800.0,3
2024-08-01,Matam,Matam,Arachide en coque,500.0,2
2024-08-01,Matam,Matam,Maïs importé,350.0,3
2024-08-01,Matam,Matam,Mil,400.0,3
2024-08-01,Matam,Matam,Niébé (haricot),1250.0,3
2024-08-01,Matam,Matam,Riz importé (brisé),425.0,3
2024-08-01,Matam,Matam,Riz local,444.0,3
2024-08-01,Matam,Matam,Riz ordinaire 1re qual.,550.0,3
2024-08-01,Matam,Matam,Sorgho,450.0,3
2024-08-01,Matam,Matam,Sorgho importé,425.0,3
2024-08-01,Saint Louis,Saint-Louis,Arachide décortiquée,760.0,2
2024-08-01,Saint Louis,Saint-Louis,Maïs importé,292.5,2
2024-08-01,Saint Louis,Saint-Louis,Maïs local,308.0,1
2024-08-01,Saint Louis,Saint-Louis,Mil,327.5,2
2024-08-01,Saint Louis,Saint-Louis,Niébé (haricot),1130.0,2
2024-08-01,Saint Louis,Saint-Louis,Riz importé (brisé),415.0,2
2024-08-01,Saint Louis,Saint-Louis,Riz local,405.0,2
2024-08-01,Saint Louis,Saint-Louis,Riz ordinaire 1re qual.,525.0,2
2024-08-01,Saint Louis,Saint-Louis,Sorgho importé,488.0,1
2024-08-01,Sedhiou,Sédhiou,Arachide décortiquée,800.0,1
2024-08-01,Sedhiou,Sédhiou,Maïs local,325.0,1
2024-08-01,Sedhiou,Sédhiou,Mil,350.0,1
2024-08-01,Sedhiou,Sédhiou,Niébé (haricot),1000.0,1
2024-08-01,Sedhiou,Sédhiou,Riz importé (brisé),425.0,1
2024-08-01,Sedhiou,Sédhiou,Riz local,450.0,1
2024-08-01,Sedhiou,Sédhiou,Riz ordinaire 1re qual.,525.0,1
2024-08-01,Sedhiou,Sédhiou,Sorgho,500.0,1
2024-08-01,Tambacounda,Tambacounda,Arachide décortiquée,712.5,4
2024-08-01,Tambacounda,Tambacounda,Arachide en coque,375.0,1
2024-08-01,Tambacounda,Tambacounda,Maïs importé,347.0,4
2024-08-01,Tambacounda,Tambacounda,Maïs local,344.0,4
2024-08-01,Tambacounda,Tambacounda,Mil,356.5,4
2024-08-01,Tambacounda,Tambacounda,Niébé (haricot),875.0,4
2024-08-01,Tambacounda,Tambacounda,Riz importé (brisé),450.0,4
2024-08-01,Tambacounda,Tambacounda,Riz local,413.0,2
2024-08-01,Tambacounda,Tambacounda,Riz ordinaire 1re qual.,600.0,4
2024-08-01,Tambacounda,Tambacounda,Sorgho,340.5,4
2024-08-01,Tambacounda,Tambacounda,Sorgho importé,350.0,4
2024-08-01,Thies,Thiès,Arachide décortiquée,875.0,4
2024-08-01,Thies,Thiès,Arachide en coque,400.0,4
2024-08-01,Thies,Thiès,Maïs importé,350.0,4
2024-08-01,Thies,Thiès,Maïs local,350.0,4
2024-08-01,Thies,Thiès,Mil,387.5,4
2024-08-01,Thies,Thiès,Niébé (haricot),1000.0,4
2024-08-01,Thies,Thiès,Riz importé (brisé),425.0,4
2024-08-01,Thies,Thiès,Riz local,425.0,4
2024-08-01,Thies,Thiès,Riz ordinaire 1re qual.,500.0,3
2024-08-01,Thies,Thiès,Sorgho,425.0,4
2024-08-01,Thies,Thiès,Sorgho importé,375.0,1
2024-08-01,Ziguinchor,Ziguinchor,Arachide décortiquée,1200.0,2
2024-08-01,Ziguinchor,Ziguinchor,Arachide en coque,700.0,1
2024-08-01,Ziguinchor,Ziguinchor,Maïs local,437.5,2
2024-08-01,Ziguinchor,Ziguinchor,Mil,450.0,1
2024-08-01,Ziguinchor,Ziguinchor,Niébé (haricot),1100.0,2
2024-08-01,Ziguinchor,Ziguinchor,Riz importé (brisé),425.0,2
2024-08-01,Ziguinchor,Ziguinchor,Riz local,500.0,2
2024-08-01,Ziguinchor,Ziguinchor,Riz ordinaire 1re qual.,575.0,2
2024-08-01,Ziguinchor,Ziguinchor,Sorgho,500.0,2
2024-09-01,Dakar,Dakar,Arachide décortiquée,842.0,2
2024-09-01,Dakar,Dakar,Maïs importé,308.5,2
2024-09-01,Dakar,Dakar,Maïs local,337.5,2
2024-09-01,Dakar,Dakar,Mil,383.5,2
2024-09-01,Dakar,Dakar,Niébé (haricot),1000.0,2
2024-09-01,Dakar,Dakar,Riz importé (brisé),412.5,2
2024-09-01,Dakar,Dakar,Riz local,437.5,2
2024-09-01,Dakar,Dakar,Riz ordinaire 1re qual.,483.5,2
2024-09-01,Dakar,Dakar,Sorgho importé,375.0,2
2024-09-01,Diourbel,Diourbel,Arachide décortiquée,700.0,4
2024-09-01,Diourbel,Diourbel,Arachide en coque,425.0,4
2024-09-01,Diourbel,Diourbel,Maïs importé,287.5,4
2024-09-01,Diourbel,Diourbel,Maïs local,325.0,3
2024-09-01,Diourbel,Diourbel,Mil,288.0,3
2024-09-01,Diourbel,Diourbel,Niébé (haricot),912.5,4
2024-09-01,Diourbel,Diourbel,Riz importé (brisé),423.75,4
2024-09-01,Diourbel,Diourbel,Riz local,450.0,4
2024-09-01,Diourbel,Diourbel,Riz ordinaire 1re qual.,550.0,4
2024-09-01,Diourbel,Diourbel,Sorgho,500.0,3
2024-09-01,Diourbel,Diourbel,Sorgho importé,500.0,1
2024-09-01,Fatick,Fatick,Arachide décortiquée,737.5,6
2024-09-01,Fatick,Fatick,Arachide en coque,450.0,6
2024-09-01,Fatick,Fatick,Maïs importé,288.0,5
2024-09-01,Fatick,Fatick,Maïs local,281.5,6
2024-09-01,Fatick,Fatick,Mil,275.0,6
2024-09-01,Fatick,Fatick,Niébé (haricot),850.0,6
2024-09-01,Fatick,Fatick,Riz importé (brisé),425.0,4
2024-09-01,Fatick,Fatick,Riz local,425.0,5
2024-09-01,Fatick,Fatick,Riz ordinaire 1re qual.,525.0,6
2024-09-01,Fatick,Fatick,Sorgho,400.0,6
2024-09-01,Fatick,Fatick,Sorgho importé,400.0,4
2024-09-01,Kaffrine,Kaffrine,Arachide décortiquée,600.0,1
2024-09-01,Kaffrine,Kaffrine,Arachide en coque,400.0,2
2024-09-01,Kaffrine,Kaffrine,Maïs importé,275.0,2
2024-09-01,Kaffrine,Kaffrine,Maïs local,263.0,2
2024-09-01,Kaffrine,Kaffrine,Mil,263.0,2
2024-09-01,Kaffrine,Kaffrine,Niébé (haricot),900.0,1
2024-09-01,Kaffrine,Kaffrine,Riz importé (brisé),425.0,2
2024-09-01,Kaffrine,Kaffrine,Riz ordinaire 1re qual.,600.0,2
2024-09-01,Kaffrine,Kaffrine,Sorgho,400.0,1
2024-09-01,Kaffrine,Kaffrine,Sorgho importé,400.0,1
2024-09-01,Kaolack,Kaolack,Arachide décortiquée,537.5,4
2024-09-01,Kaolack,Kaolack,Arachide en coque,275.0,3
2024-09-01,Kaolack,Kaolack,Maïs importé,236.5,4
2024-09-01,Kaolack,Kaolack,Maïs local,238.5,4
2024-09-01,Kaolack,Kaolack,Mil,218.0,3
2024-09-01,Kaolack,Kaolack,Niébé (haricot),930.0,4
2024-09-01,Kaolack,Kaolack,Riz importé (brisé),425.0,4
2024-09-01,Kaolack,Kaolack,Riz local,444.0,1
2024-09-01,Kaolack,Kaolack,Riz ordinaire 1re qual.,500.0,4
2024-09-01,Kaolack,Kaolack,Sorgho importé,394.0,1
2024-09-01,Kedougou,Kédougou,Arachide décortiquée,1000.0,3
2024-09-01,Kedougou,Kédougou,Maïs local,363.0,3
2024-09-01,Kedougou,Kédougou,Mil,513.0,3
2024-09-01,Kedougou,Kédougou,Niébé (haricot),1000.0,3
2024-09-01,Kedougou,Kédougou,Riz importé (brisé),425.0,3
2024-09-01,Kedougou,Kédougou,Riz local,550.0,1
2024-09-01,Kedougou,Kédougou,Riz ordinaire 1re qual.,600.0,3
2024-09-01,Kedougou,Kédougou,Sorgho,500.0,3
2024-09-01,Kolda,Kolda,Arachide décortiquée,750.0,3
2024-09-01,Kolda,Kolda,Arachide en coque,325.0,1
2024-09-01,Kolda,Kolda,Maïs local,300.0,3
2024-09-01,Kolda,Kolda,Mil,350.0,3
2024-09-01,Kolda,Kolda,Niébé (haricot),1000.0,3
2024-09-01,Kolda,Kolda,Riz importé (brisé),425.0,3
2024-09-01,Kolda,Kolda,Riz local,525.0,2
2024-09-01,Kolda,Kolda,Riz ordinaire 1re qual.,600.0,3
2024-09-01,Kolda,Kolda,Sorgho,350.0,3
2024-09-01,Louga,Louga,Arachide décortiquée,800.0,2
2024-09-01,Louga,Louga,Maïs importé,260.0,2
2024-09-01,Louga,Louga,Mil,300.0,2
2024-09-01,Louga,Louga,Niébé (haricot),679.0,2
2024-09-01,Louga,Louga,Riz importé (brisé),425.0,2
2024-09-01,Louga,Louga,Riz local,403.5,2
2024-09-01,Louga,Louga,Riz ordinaire 1re qual.,500.0,2
2024-09-01,Louga,Louga,Sorgho importé,461.0,2
2024-09-01,Matam,Matam,Arachide décortiquée,800.0,3
2024-09-01,Matam,Matam,Maïs importé,350.0,3
2024-09-01,Matam,Matam,Mil,400.0,3
2024-09-01,Matam,Matam,Niébé (haricot),800.0,3
2024-09-01,Matam,Matam,Riz importé (brisé),425.0,3
2024-09-01,Matam,Matam,Riz local,425.0,3
2024-09-01,Matam,Matam,Riz ordinaire 1re qual.,550.0,3
2024-09-01,Matam,Matam,Sorgho,417.0,3
2024-09-01,Matam,Matam,Sorgho importé,425.0,3
2024-09-01,Saint Louis,Saint-Louis,Arachide décortiquée,777.5,2
2024-09-01,Saint Louis,Saint-Louis,Maïs importé,287.5,2
2024-09-01,Saint Louis,Saint-Louis,Maïs local,300.0,1
2024-09-01,Saint Louis,Saint-Louis,Mil,300.0,2
2024-09-01,Saint Louis,Saint-Louis,Niébé (haricot),990.0,2
2024-09-01,Saint Louis,Saint-Louis,Riz importé (brisé),402.5,2
2024-09-01,Saint Louis,Saint-Louis,Riz local,403.0,2
2024-09-01,Saint Louis,Saint-Louis,Riz ordinaire 1re qual.,535.0,2
2024-09-01,Saint Louis,Saint-Louis,Sorgho importé,500.0,1
2024-09-01,Sedhiou,Sédhiou,Arachide décortiquée,600.0,1
2024-09-01,Sedhiou,Sédhiou,Maïs local,350.0,1
2024-09-01,Sedhiou,Sédhiou,Mil,350.0,1
2024-09-01,Sedhiou,Sédhiou,Niébé (haricot),1250.0,1
2024-09-01,Sedhiou,Sédhiou,Riz importé (brisé),425.0,1
2024-09-01,Sedhiou,Sédhiou,Riz local,500.0,1
2024-09-01,Sedhiou,Sédhiou,Riz ordinaire 1re qual.,500.0,1
2024-09-01,Sedhiou,Sédhiou,Sorgho,600.0,1
2024-09-01,Tambacounda,Tambacounda,Arachide décortiquée,767.0,4
2024-09-01,Tambacounda,Tambacounda,Arachide en coque,441.5,2
2024-09-01,Tambacounda,Tambacounda,Maïs importé,350.0,4
2024-09-01,Tambacounda,Tambacounda,Maïs local,333.5,4
2024-09-01,Tambacounda,Tambacounda,Mil,358.5,4
2024-09-01,Tambacounda,Tambacounda,Niébé (haricot),808.5,4
2024-09-01,Tambacounda,Tambacounda,Riz importé (brisé),446.5,4
2024-09-01,Tambacounda,Tambacounda,Riz local,421.0,2
2024-09-01,Tambacounda,Tambacounda,Riz ordinaire 1re qual.,600.0,4
2024-09-01,Tambacounda,Tambacounda,Sorgho,350.0,4
2024-09-01,Tambacounda,Tambacounda,Sorgho importé,350.0,4
2024-09-01,Thies,Thiès,Arachide décortiquée,875.0,4
2024-09-01,Thies,Thiès,Arachide en coque,400.0,4
2024-09-01,Thies,Thiès,Maïs importé,350.0,4
2024-09-01,Thies,Thiès,Maïs local,350.0,4
2024-09-01,Thies,Thiès,Mil,415.0,4
2024-09-01,Thies,Thiès,Niébé (haricot),1000.0,4
2024-09-01,Thies,Thiès,Riz importé (brisé),425.0,4
2024-09-01,Thies,Thiès,Riz local,425.0,4
2024-09-01,Thies,Thiès,Riz ordinaire 1re qual.,500.0,3
2024-09-01,Thies,Thiès,Sorgho,431.5,4
2024-09-01,Thies,Thiès,Sorgho importé,400.0,1
2024-09-01,Ziguinchor,Ziguinchor,Arachide décortiquée,1125.0,2
2024-09-01,Ziguinchor,Ziguinchor,Maïs local,387.5,2
2024-09-01,Ziguinchor,Ziguinchor,Mil,400.0,2
2024-09-01,Ziguinchor,Ziguinchor,Niébé (haricot),1100.0,2
2024-09-01,Ziguinchor,Ziguinchor,Riz importé (brisé),425.0,2
2024-09-01,Ziguinchor,Ziguinchor,Riz local,500.0,2
2024-09-01,Ziguinchor,Ziguinchor,Riz ordinaire 1re qual.,600.0,2
2024-09-01,Ziguinchor,Ziguinchor,Sorgho,500.0,2
2024-10-01,Dakar,Dakar,Arachide décortiquée,890.0,2
2024-10-01,Dakar,Dakar,Arachide en coque,580.5,2
2024-10-01,Dakar,Dakar,Maïs importé,350.0,3
2024-10-01,Dakar,Dakar,Maïs local,400.0,3
2024-10-01,Dakar,Dakar,Mil,406.0,3
2024-10-01,Dakar,Dakar,Niébé (haricot),969.5,2
2024-10-01,Dakar,Dakar,Riz importé (brisé),413.0,3
2024-10-01,Dakar,Dakar,Riz local,450.0,3
2024-10-01,Dakar,Dakar,Riz ordinaire 1re qual.,500.0,3
2024-10-01,Dakar,Dakar,Sorgho importé,450.0,3
2024-10-01,Diourbel,Diourbel,Arachide décortiquée,842.5,4
2024-10-01,Diourbel,Diourbel,Arachide en coque,463.5,4
2024-10-01,Diourbel,Diourbel,Maïs importé,281.5,4
2024-10-01,Diourbel,Diourbel,Maïs local,325.0,3
2024-10-01,Diourbel,Diourbel,Mil,262.5,4
2024-10-01,Diourbel,Diourbel,Niébé (haricot),586.25,4
2024-10-01,Diourbel,Diourbel,Riz importé (brisé),422.0,4
2024-10-01,Diourbel,Diourbel,Riz local,431.5,4
2024-10-01,Diourbel,Diourbel,Riz ordinaire 1re qual.,550.0,4
2024-10-01,Diourbel,Diourbel,Sorgho,475.0,3
2024-10-01,Diourbel,Diourbel,Sorgho importé,500.0,1
2024-10-01,Fatick,Fatick,Arachide décortiquée,795.25,6
2024-10-01,Fatick,Fatick,Arachide en coque,432.0,6
2024-10-01,Fatick,Fatick,Maïs importé,275.0,5
2024-10-01,Fatick,Fatick,Maïs local,256.5,6
2024-10-01,Fatick,Fatick,Mil,250.0,6
2024-10-01,Fatick,Fatick,Niébé (haricot),827.0,6
2024-10-01,Fatick,Fatick,Riz importé (brisé),425.0,6
2024-10-01,Fatick,Fatick,Riz local,425.0,5
2024-10-01,Fatick,Fatick,Riz ordinaire 1re qual.,550.0,6
2024-10-01,Fatick,Fatick,Sorgho,400.0,6
2024-10-01,Fatick,Fatick,Sorgho importé,400.0,1
2024-10-01,Kaffrine,Kaffrine,Arachide décortiquée,819.0,3
2024-10-01,Kaffrine,Kaffrine,Arachide en coque,348.0,3
2024-10-01,Kaffrine,Kaffrine,Maïs importé,250.0,3
2024-10-01,Kaffrine,Kaffrine,Maïs local,250.0,3
2024-10-01,Kaffrine,Kaffrine,Mil,225.0,3
2024-10-01,Kaffrine,Kaffrine,Niébé (haricot),660.0,3
2024-10-01,Kaffrine,Kaffrine,Riz importé (brisé),425.0,3
2024-10-01,Kaffrine,Kaffrine,Riz ordinaire 1re qual.,600.0,2
2024-10-01,Kaffrine,Kaffrine,Sorgho importé,425.0,3
2024-10-01,Kaolack,Kaolack,Arachide décortiquée,708.0,4
2024-10-01,Kaolack,Kaolack,Arachide en coque,373.0,3
2024-10-01,Kaolack,Kaolack,Maïs importé,225.0,4
2024-10-01,Kaolack,Kaolack,Maïs local,220.0,4
2024-10-01,Kaolack,Kaolack,Mil,225.0,3
2024-10-01,Kaolack,Kaolack,Niébé (haricot),595.5,4
2024-10-01,Kaolack,Kaolack,Riz importé (brisé),422.0,4
2024-10-01,Kaolack,Kaolack,Riz local,425.0,1
2024-10-01,Kaolack,Kaolack,Riz ordinaire 1re qual.,500.0,3
2024-10-01,Kaolack,Kaolack,Sorgho importé,365.0,1
2024-10-01,Kedougou,Kédougou,Arachide décortiquée,784.0,3
2024-10-01,Kedougou,Kédougou,Arachide en coque,425.0,2
2024-10-01,Kedougou,Kédougou,Maïs importé,292.5,2
2024-10-01,Kedougou,Kédougou,Maïs local,344.0,3
2024-10-01,Kedougou,Kédougou,Mil,500.0,3
2024-10-01,Kedougou,Kédougou,Niébé (haricot),725.0,3
2024-10-01,Kedougou,Kédougou,Riz importé (brisé),425.0,3
2024-10-01,Kedougou,Kédougou,Riz local,550.0,1
2024-10-01,Kedougou,Kédougou,Riz ordinaire 1re qual.,600.0,3
2024-10-01,Kedougou,Kédougou,Sorgho,500.0,3
2024-10-01,Kolda,Kolda,Arachide décortiquée,800.0,3
2024-10-01,Kolda,Kolda,Arachide en coque,389.0,3
2024-10-01,Kolda,Kolda,Maïs local,300.0,3
2024-10-01,Kolda,Kolda,Mil,287.5,2
2024-10-01,Kolda,Kolda,Niébé (haricot),869.0,3
2024-10-01,Kolda,Kolda,Riz importé (brisé),417.0,3
2024-10-01,Kolda,Kolda,Riz local,525.0,2
2024-10-01,Kolda,Kolda,Riz ordinaire 1re qual.,600.0,3
2024-10-01,Kolda,Kolda,Sorgho,306.5,2
2024-10-01,Louga,Louga,Arachide décortiquée,820.25,2
2024-10-01,Louga,Louga,Arachide en coque,626.5,2
2024-10-01,Louga,Louga,Maïs importé,262.5,2
2024-10-01,Louga,Louga,Mil,279.5,2
2024-10-01,Louga,Louga,Niébé (haricot),529.75,2
2024-10-01,Louga,Louga,Riz importé (brisé),428.0,2
2024-10-01,Louga,Louga,Riz local,397.0,2
2024-10-01,Louga,Louga,Riz ordinaire 1re qual.,500.0,2
2024-10-01,Louga,Louga,Sorgho importé,459.5,2
2024-10-01,Matam,Matam,Arachide décortiquée,829.0,3
2024-10-01,Matam,Matam,Arachide en coque,504.0,3
2024-10-01,Matam,Matam,Maïs importé,350.0,2
2024-10-01,Matam,Matam,Mil,381.5,2
2024-10-01,Matam,Matam,Niébé (haricot),932.0,3
2024-10-01,Matam,Matam,Riz importé (brisé),425.0,2
2024-10-01,Matam,Matam,Riz local,425.0,2
2024-10-01,Matam,Matam,Riz ordinaire 1re qual.,550.0,2
2024-10-01,Matam,Matam,Sorgho,400.0,1
2024-10-01,Matam,Matam,Sorgho importé,422.0,2
2024-10-01,Saint Louis,Saint-Louis,Arachide décortiquée,986.0,3
2024-10-01,Saint Louis,Saint-Louis,Arachide en coque,728.0,2
2024-10-01,Saint Louis,Saint-Louis,Maïs importé,287.5,2
2024-10-01,Saint Louis,Saint-Louis,Maïs local,300.0,1
2024-10-01,Saint Louis,Saint-Louis,Mil,300.0,2
2024-10-01,Saint Louis,Saint-Louis,Niébé (haricot),713.0,3
2024-10-01,Saint Louis,Saint-Louis,Riz importé (brisé),406.5,2
2024-10-01,Saint Louis,Saint-Louis,Riz local,415.5,2
2024-10-01,Saint Louis,Saint-Louis,Riz ordinaire 1re qual.,537.5,2
2024-10-01,Saint Louis,Saint-Louis,Sorgho importé,488.0,1
2024-10-01,Sedhiou,Sédhiou,Arachide décortiquée,921.0,1
2024-10-01,Sedhiou,Sédhiou,Arachide en coque,500.0,1
2024-10-01,Sedhiou,Sédhiou,Maïs local,325.0,1
2024-10-01,Sedhiou,Sédhiou,Mil,350.0,1
2024-10-01,Sedhiou,Sédhiou,Niébé (haricot),1113.0,1
2024-10-01,Sedhiou,Sédhiou,Riz importé (brisé),413.0,1
2024-10-01,Sedhiou,Sédhiou,Riz local,500.0,1
2024-10-01,Sedhiou,Sédhiou,Riz ordinaire 1re qual.,500.0,1
2024-10-01,Sedhiou,Sédhiou,Sorgho,550.0,1
2024-10-01,Tambacounda,Tambacounda,Arachide décortiquée,669.0,3
2024-10-01,Tambacounda,Tambacounda,Arachide en coque,444.5,4
2024-10-01,Tambacounda,Tambacounda,Maïs importé,400.0,2
2024-10-01,Tambacounda,Tambacounda,Maïs local,300.0,4
2024-10-01,Tambacounda,Tambacounda,Mil,325.0,4
2024-10-01,Tambacounda,Tambacounda,Niébé (haricot),633.5,4
2024-10-01,Tambacounda,Tambacounda,Riz importé (brisé),450.0,4
2024-10-01,Tambacounda,Tambacounda,Riz local,400.0,2
2024-10-01,Tambacounda,Tambacounda,Riz ordinaire 1re qual.,600.0,4
2024-10-01,Tambacounda,Tambacounda,Sorgho,337.5,4
2024-10-01,Thies,Thiès,Arachide décortiquée,867.0,4
2024-10-01,Thies,Thiès,Arachide en coque,616.0,4
2024-10-01,Thies,Thiès,Maïs importé,347.0,4
2024-10-01,Thies,Thiès,Maïs local,345.0,4
2024-10-01,Thies,Thiès,Mil,424.0,4
2024-10-01,Thies,Thiès,Niébé (haricot),832.0,4
2024-10-01,Thies,Thiès,Riz importé (brisé),425.0,4
2024-10-01,Thies,Thiès,Riz local,425.0,4
2024-10-01,Thies,Thiès,Riz ordinaire 1re qual.,500.0,3
2024-10-01,Thies,Thiès,Sorgho,450.0,4
2024-10-01,Thies,Thiès,Sorgho importé,400.0,1
2024-10-01,Ziguinchor,Ziguinchor,Arachide décortiquée,1100.0,2
2024-10-01,Ziguinchor,Ziguinchor,Arachide en coque,538.0,2
2024-10-01,Ziguinchor,Ziguinchor,Maïs local,400.0,2
2024-10-01,Ziguinchor,Ziguinchor,Mil,400.0,2
2024-10-01,Ziguinchor,Ziguinchor,Niébé (haricot),1003.25,2
2024-10-01,Ziguinchor,Ziguinchor,Riz importé (brisé),425.0,2
2024-10-01,Ziguinchor,Ziguinchor,Riz local,500.0,2
2024-10-01,Ziguinchor,Ziguinchor,Riz ordinaire 1re qual.,600.0,2
2024-10-01,Ziguinchor,Ziguinchor,Sorgho,500.0,2
2024-11-01,Dakar,Dakar,Arachide décortiquée,800.0,3
2024-11-01,Dakar,Dakar,Arachide en coque,725.0,2
2024-11-01,Dakar,Dakar,Maïs importé,275.0,3
2024-11-01,Dakar,Dakar,Maïs local,300.0,3
2024-11-01,Dakar,Dakar,Mil,300.0,2
2024-11-01,Dakar,Dakar,Niébé (haricot),800.0,3
2024-11-01,Dakar,Dakar,Riz importé (brisé),375.0,3
2024-11-01,Dakar,Dakar,Riz local,400.0,3
2024-11-01,Dakar,Dakar,Riz ordinaire 1re qual.,500.0,3
2024-11-01,Dakar,Dakar,Sorgho,300.0,1
2024-11-01,Dakar,Dakar,Sorgho importé,325.0,3
2024-11-01,Diourbel,Diourbel,Arachide décortiquée,800.0,4
2024-11-01,Diourbel,Diourbel,Arachide en coque,358.5,4
2024-11-01,Diourbel,Diourbel,Maïs importé,287.5,4
2024-11-01,Diourbel,Diourbel,Maïs local,275.0,4
2024-11-01,Diourbel,Diourbel,Mil,257.5,4
2024-11-01,Diourbel,Diourbel,Niébé (haricot),687.5,4
2024-11-01,Diourbel,Diourbel,Riz importé (brisé),425.0,4
2024-11-01,Diourbel,Diourbel,Riz local,438.0,4
2024-11-01,Diourbel,Diourbel,Riz ordinaire 1re qual.,550.0,4
2024-11-01,Diourbel,Diourbel,Sorgho,475.0,4
2024-11-01,Diourbel,Diourbel,Sorgho importé,450.0,3
2024-11-01,Fatick,Fatick,Arachide décortiquée,733.5,6
2024-11-01,Fatick,Fatick,Arachide en coque,379.5,6
2024-11-01,Fatick,Fatick,Maïs importé,275.0,5
2024-11-01,Fatick,Fatick,Maïs local,250.0,5
2024-11-01,Fatick,Fatick,Mil,258.5,6
2024-11-01,Fatick,Fatick,Niébé (haricot),691.5,6
2024-11-01,Fatick,Fatick,Riz importé (brisé),425.0,6
2024-11-01,Fatick,Fatick,Riz local,425.0,5
2024-11-01,Fatick,Fatick,Riz ordinaire 1re qual.,550.0,6
2024-11-01,Fatick,Fatick,Sorgho,400.0,6
2024-11-01,Fatick,Fatick,Sorgho importé,369.0,2
2024-11-01,Kaffrine,Kaffrine,Arachide décortiquée,800.0,2
2024-11-01,Kaffrine,Kaffrine,Arachide en coque,400.0,3
2024-11-01,Kaffrine,Kaffrine,Maïs importé,250.0,3
2024-11-01,Kaffrine,Kaffrine,Maïs local,250.0,3
2024-11-01,Kaffrine,Kaffrine,Mil,222.5,2
2024-11-01,Kaffrine,Kaffrine,Niébé (haricot),650.0,3
2024-11-01,Kaffrine,Kaffrine,Riz importé (brisé),425.0,3
2024-11-01,Kaffrine,Kaffrine,Riz ordinaire 1re qual.,600.0,3
2024-11-01,Kaffrine,Kaffrine,Sorgho importé,425.0,3
2024-11-01,Kaolack,Kaolack,Arachide décortiquée,762.5,4
2024-11-01,Kaolack,Kaolack,Arachide en coque,324.0,3
2024-11-01,Kaolack,Kaolack,Maïs importé,224.0,2
2024-11-01,Kaolack,Kaolack,Maïs local,205.5,4
2024-11-01,Kaolack,Kaolack,Mil,212.0,3
2024-11-01,Kaolack,Kaolack,Niébé (haricot),542.5,4
2024-11-01,Kaolack,Kaolack,Riz importé (brisé),414.5,4
2024-11-01,Kaolack,Kaolack,Riz local,425.0,1
2024-11-01,Kaolack,Kaolack,Riz ordinaire 1re qual.,500.0,4
2024-11-01,Kaolack,Kaolack,Sorgho importé,400.0,1
2024-11-01,Kedougou,Kédougou,Arachide décortiquée,1000.0,3
2024-11-01,Kedougou,Kédougou,Maïs importé,300.0,1
2024-11-01,Kedougou,Kédougou,Maïs local,325.0,3
2024-11-01,Kedougou,Kédougou,Mil,500.0,3
2024-11-01,Kedougou,Kédougou,Niébé (haricot),800.0,3
2024-11-01,Kedougou,Kédougou,Riz importé (brisé),437.5,2
2024-11-01,Kedougou,Kédougou,Riz local,550.0,1
2024-11-01,Kedougou,Kédougou,Riz ordinaire 1re qual.,600.0,3
2024-11-01,Kedougou,Kédougou,Sorgho,475.0,2
2024-11-01,Kedougou,Kédougou,Sorgho importé,400.0,1
2024-11-01,Kolda,Kolda,Arachide décortiquée,775.0,3
2024-11-01,Kolda,Kolda,Arachide en coque,475.0,2
2024-11-01,Kolda,Kolda,Maïs local,250.0,3
2024-11-01,Kolda,Kolda,Mil,262.5,2
2024-11-01,Kolda,Kolda,Niébé (haricot),875.0,3
2024-11-01,Kolda,Kolda,Riz importé (brisé),400.0,3
2024-11-01,Kolda,Kolda,Riz local,500.0,3
2024-11-01,Kolda,Kolda,Riz ordinaire 1re qual.,550.0,3
2024-11-01,Kolda,Kolda,Sorgho,275.0,3
2024-11-01,Louga,Louga,Arachide décortiquée,837.5,2
2024-11-01,Louga,Louga,Maïs importé,263.0,2
2024-11-01,Louga,Louga,Mil,259.5,2
2024-11-01,Louga,Louga,Niébé (haricot),572.0,2
2024-11-01,Louga,Louga,Riz importé (brisé),425.0,2
2024-11-01,Louga,Louga,Riz local,400.0,2
2024-11-01,Louga,Louga,Riz ordinaire 1re qual.,500.0,2
2024-11-01,Louga,Louga,Sorgho importé,500.0,2
2024-11-01,Matam,Matam,Arachide décortiquée,800.0,2
2024-11-01,Matam,Matam,Arachide en coque,558.5,2
2024-11-01,Matam,Matam,Maïs importé,344.0,2
2024-11-01,Matam,Matam,Mil,381.5,2
2024-11-01,Matam,Matam,Niébé (haricot),775.5,2
2024-11-01,Matam,Matam,Riz importé (brisé),425.0,2
2024-11-01,Matam,Matam,Riz local,425.0,2
2024-11-01,Matam,Matam,Riz ordinaire 1re qual.,550.0,2
2024-11-01,Matam,Matam,Sorgho,400.0,1
2024-11-01,Matam,Matam,Sorgho importé,431.5,2
2024-11-01,Saint Louis,Saint-Louis,Arachide décortiquée,825.0,2
2024-11-01,Saint Louis,Saint-Louis,Arachide en coque,415.0,1
2024-11-01,Saint Louis,Saint-Louis,Maïs importé,269.0,2
2024-11-01,Saint Louis,Saint-Louis,Maïs local,265.5,2
2024-11-01,Saint Louis,Saint-Louis,Mil,293.5,2
2024-11-01,Saint Louis,Saint-Louis,Niébé (haricot),800.0,2
2024-11-01,Saint Louis,Saint-Louis,Riz importé (brisé),400.0,2
2024-11-01,Saint Louis,Saint-Louis,Riz local,397.0,2
2024-11-01,Saint Louis,Saint-Louis,Riz ordinaire 1re qual.,550.0,2
2024-11-01,Saint Louis,Saint-Louis,Sorgho importé,450.0,1
2024-11-01,Sedhiou,Sédhiou,Arachide décortiquée,750.0,1
2024-11-01,Sedhiou,Sédhiou,Maïs local,300.0,1
2024-11-01,Sedhiou,Sédhiou,Mil,350.0,1
2024-11-01,Sedhiou,Sédhiou,Niébé (haricot),1000.0,1
2024-11-01,Sedhiou,Sédhiou,Riz importé (brisé),400.0,1
2024-11-01,Sedhiou,Sédhiou,Riz local,550.0,1
2024-11-01,Sedhiou,Sédhiou,Riz ordinaire 1re qual.,550.0,1
2024-11-01,Sedhiou,Sédhiou,Sorgho,475.0,1
2024-11-01,Tambacounda,Tambacounda,Arachide décortiquée,733.0,3
2024-11-01,Tambacounda,Tambacounda,Arachide en coque,425.0,4
2024-11-01,Tambacounda,Tambacounda,Maïs local,275.0,4
2024-11-01,Tambacounda,Tambacounda,Mil,316.5,4
2024-11-01,Tambacounda,Tambacounda,Niébé (haricot),650.0,4
2024-11-01,Tambacounda,Tambacounda,Riz importé (brisé),450.0,4
2024-11-01,Tambacounda,Tambacounda,Riz local,400.0,2
2024-11-01,Tambacounda,Tambacounda,Riz ordinaire 1re qual.,600.0,4
2024-11-01,Tambacounda,Tambacounda,Sorgho,341.5,4
2024-11-01,Thies,Thiès,Arachide décortiquée,850.0,4
2024-11-01,Thies,Thiès,Arachide en coque,375.5,4
2024-11-01,Thies,Thiès,Maïs importé,322.0,4
2024-11-01,Thies,Thiès,Maïs local,309.5,4
2024-11-01,Thies,Thiès,Mil,344.0,4
2024-11-01,Thies,Thiès,Niébé (haricot),825.5,4
2024-11-01,Thies,Thiès,Riz importé (brisé),422.5,4
2024-11-01,Thies,Thiès,Riz local,425.0,4
2024-11-01,Thies,Thiès,Riz ordinaire 1re qual.,500.0,3
2024-11-01,Thies,Thiès,Sorgho,431.5,4
2024-11-01,Thies,Thiès,Sorgho importé,400.0,1
2024-11-01,Ziguinchor,Ziguinchor,Arachide décortiquée,925.0,2
2024-11-01,Ziguinchor,Ziguinchor,Arachide en coque,500.0,2
2024-11-01,Ziguinchor,Ziguinchor,Maïs local,375.0,2
2024-11-01,Ziguinchor,Ziguinchor,Mil,400.0,2
2024-11-01,Ziguinchor,Ziguinchor,Niébé (haricot),975.0,2
2024-11-01,Ziguinchor,Ziguinchor,Riz importé (brisé),419.0,2
2024-11-01,Ziguinchor,Ziguinchor,Riz local,500.0,2
2024-11-01,Ziguinchor,Ziguinchor,Riz ordinaire 1re qual.,600.0,2
2024-11-01,Ziguinchor,Ziguinchor,Sorgho,500.0,2
2024-12-01,Dakar,Dakar,Arachide décortiquée,800.0,2
2024-12-01,Dakar,Dakar,Arachide en coque,450.0,3
2024-12-01,Dakar,Dakar,Maïs importé,275.0,3
2024-12-01,Dakar,Dakar,Maïs local,300.0,3
2024-12-01,Dakar,Dakar,Mil,300.0,3
2024-12-01,Dakar,Dakar,Niébé (haricot),800.0,3
2024-12-01,Dakar,Dakar,Riz importé (brisé),375.0,3
2024-12-01,Dakar,Dakar,Riz local,400.0,3
2024-12-01,Dakar,Dakar,Riz ordinaire 1re qual.,500.0,3
2024-12-01,Dakar,Dakar,Sorgho,337.5,2
2024-12-01,Dakar,Dakar,Sorgho importé,338.0,3
2024-12-01,Diourbel,Diourbel,Arachide décortiquée,731.25,4
2024-12-01,Diourbel,Diourbel,Arachide en coque,333.75,4
2024-12-01,Diourbel,Diourbel,Maïs importé,275.0,4
2024-12-01,Diourbel,Diourbel,Maïs local,287.5,4
2024-12-01,Diourbel,Diourbel,Mil,255.75,4
2024-12-01,Diourbel,Diourbel,Niébé (haricot),700.0,4
2024-12-01,Diourbel,Diourbel,Riz importé (brisé),435.0,4
2024-12-01,Diourbel,Diourbel,Riz local,450.0,3
2024-12-01,Diourbel,Diourbel,Riz ordinaire 1re qual.,550.0,4
2024-12-01,Diourbel,Diourbel,Sorgho,450.0,3
2024-12-01,Diourbel,Diourbel,Sorgho importé,475.0,2
2024-12-01,Fatick,Fatick,Arachide décortiquée,771.0,6
2024-12-01,Fatick,Fatick,Arachide en coque,363.5,6
2024-12-01,Fatick,Fatick,Maïs importé,275.0,4
2024-12-01,Fatick,Fatick,Maïs local,267.0,5
2024-12-01,Fatick,Fatick,Mil,275.0,5
2024-12-01,Fatick,Fatick,Niébé (haricot),766.5,6
2024-12-01,Fatick,Fatick,Riz importé (brisé),425.0,5
2024-12-01,Fatick,Fatick,Riz local,425.0,5
2024-12-01,Fatick,Fatick,Riz ordinaire 1re qual.,550.0,5
2024-12-01,Fatick,Fatick,Sorgho,358.0,5
2024-12-01,Fatick,Fatick,Sorgho importé,350.0,1
2024-12-01,Kaffrine,Kaffrine,Arachide décortiquée,800.0,2
2024-12-01,Kaffrine,Kaffrine,Arachide en coque,400.0,3
2024-12-01,Kaffrine,Kaffrine,Maïs importé,250.0,3
2024-12-01,Kaffrine,Kaffrine,Maïs local,250.0,3
2024-12-01,Kaffrine,Kaffrine,Mil,215.0,3
2024-12-01,Kaffrine,Kaffrine,Niébé (haricot),650.0,3
2024-12-01,Kaffrine,Kaffrine,Riz importé (brisé),425.0,3
2024-12-01,Kaffrine,Kaffrine,Riz ordinaire 1re qual.,600.0,3
2024-12-01,Kaffrine,Kaffrine,Sorgho importé,425.0,3
2024-12-01,Kaolack,Kaolack,Arachide décortiquée,745.0,4
2024-12-01,Kaolack,Kaolack,Arachide en coque,305.0,3
2024-12-01,Kaolack,Kaolack,Maïs importé,215.0,1
2024-12-01,Kaolack,Kaolack,Maïs local,180.0,4
2024-12-01,Kaolack,Kaolack,Mil,221.5,2
2024-12-01,Kaolack,Kaolack,Niébé (haricot),680.0,4
2024-12-01,Kaolack,Kaolack,Riz importé (brisé),417.0,4
2024-12-01,Kaolack,Kaolack,Riz local,410.0,1
2024-12-01,Kaolack,Kaolack,Riz ordinaire 1re qual.,510.0,2
2024-12-01,Kaolack,Kaolack,Sorgho importé,345.0,1
2024-12-01,Kedougou,Kédougou,Arachide décortiquée,950.0,3
2024-12-01,Kedougou,Kédougou,Arachide en coque,353.0,3
2024-12-01,Kedougou,Kédougou,Maïs local,275.0,3
2024-12-01,Kedougou,Kédougou,Mil,400.0,3
2024-12-01,Kedougou,Kédougou,Niébé (haricot),800.0,3
2024-12-01,Kedougou,Kédougou,Riz importé (brisé),425.0,3
2024-12-01,Kedougou,Kédougou,Riz local,550.0,1
2024-12-01,Kedougou,Kédougou,Riz ordinaire 1re qual.,600.0,3
2024-12-01,Kedougou,Kédougou,Sorgho,400.0,3
2024-12-01,Kedougou,Kédougou,Sorgho importé,400.0,1
2024-12-01,Kolda,Kolda,Arachide décortiquée,700.0,3
2024-12-01,Kolda,Kolda,Arachide en coque,305.0,3
2024-12-01,Kolda,Kolda,Maïs local,250.0,3
2024-12-01,Kolda,Kolda,Mil,262.5,2
2024-12-01,Kolda,Kolda,Niébé (haricot),967.0,3
2024-12-01,Kolda,Kolda,Riz importé (brisé),400.0,3
2024-12-01,Kolda,Kolda,Riz local,500.0,3
2024-12-01,Kolda,Kolda,Riz ordinaire 1re qual.,575.0,3
2024-12-01,Kolda,Kolda,Sorgho,250.0,3
2024-12-01,Louga,Louga,Arachide décortiquée,981.5,2
2024-12-01,Louga,Louga,Arachide en coque,284.5,2
2024-12-01,Louga,Louga,Maïs importé,287.5,2
2024-12-01,Louga,Louga,Mil,282.0,2
2024-12-01,Louga,Louga,Niébé (haricot),600.0,2
2024-12-01,Louga,Louga,Riz importé (brisé),425.0,2
2024-12-01,Louga,Louga,Riz local,399.0,2
2024-12-01,Louga,Louga,Riz ordinaire 1re qual.,500.0,2
2024-12-01,Louga,Louga,Sorgho importé,491.5,2
2024-12-01,Matam,Matam,Arachide décortiquée,800.0,3
2024-12-01,Matam,Matam,Arachide en coque,500.0,3
2024-12-01,Matam,Matam,Maïs importé,300.0,3
2024-12-01,Matam,Matam,Mil,350.0,3
2024-12-01,Matam,Matam,Niébé (haricot),938.0,3
2024-12-01,Matam,Matam,Riz importé (brisé),425.0,3
2024-12-01,Matam,Matam,Riz local,425.0,3
2024-12-01,Matam,Matam,Riz ordinaire 1re qual.,550.0,3
2024-12-01,Matam,Matam,Sorgho importé,400.0,3
2024-12-01,Saint Louis,Saint-Louis,Arachide décortiquée,787.5,2
2024-12-01,Saint Louis,Saint-Louis,Arachide en coque,328.0,1
2024-12-01,Saint Louis,Saint-Louis,Maïs importé,262.5,2
2024-12-01,Saint Louis,Saint-Louis,Maïs local,272.0,2
2024-12-01,Saint Louis,Saint-Louis,Mil,301.5,2
2024-12-01,Saint Louis,Saint-Louis,Niébé (haricot),812.5,2
2024-12-01,Saint Louis,Saint-Louis,Riz importé (brisé),400.0,2
2024-12-01,Saint Louis,Saint-Louis,Riz local,394.0,2
2024-12-01,Saint Louis,Saint-Louis,Riz ordinaire 1re qual.,550.0,2
2024-12-01,Saint Louis,Saint-Louis,Sorgho importé,413.0,1
2024-12-01,Sedhiou,Sédhiou,Arachide décortiquée,800.0,1
2024-12-01,Sedhiou,Sédhiou,Maïs local,300.0,1
2024-12-01,Sedhiou,Sédhiou,Mil,350.0,1
2024-12-01,Sedhiou,Sédhiou,Niébé (haricot),1000.0,1
2024-12-01,Sedhiou,Sédhiou,Riz importé (brisé),400.0,1
2024-12-01,Sedhiou,Sédhiou,Riz local,600.0,1
2024-12-01,Sedhiou,Sédhiou,Riz ordinaire 1re qual.,600.0,1
2024-12-01,Sedhiou,Sédhiou,Sorgho,450.0,1
2024-12-01,Tambacounda,Tambacounda,Arachide décortiquée,744.0,4
2024-12-01,Tambacounda,Tambacounda,Arachide en coque,382.0,4
2024-12-01,Tambacounda,Tambacounda,Maïs importé,275.0,2
2024-12-01,Tambacounda,Tambacounda,Maïs local,237.5,4
2024-12-01,Tambacounda,Tambacounda,Mil,290.5,4
2024-12-01,Tambacounda,Tambacounda,Niébé (haricot),750.0,4
2024-12-01,Tambacounda,Tambacounda,Riz importé (brisé),450.0,4
2024-12-01,Tambacounda,Tambacounda,Riz local,409.5,2
2024-12-01,Tambacounda,Tambacounda,Riz ordinaire 1re qual.,600.0,4
2024-12-01,Tambacounda,Tambacounda,Sorgho,281.5,4
2024-12-01,Thies,Thiès,Arachide décortiquée,775.0,4
2024-12-01,Thies,Thiès,Arachide en coque,350.0,4
2024-12-01,Thies,Thiès,Maïs importé,319.0,4
2024-12-01,Thies,Thiès,Maïs local,300.0,4
2024-12-01,Thies,Thiès,Mil,300.0,4
2024-12-01,Thies,Thiès,Niébé (haricot),791.5,4
2024-12-01,Thies,Thiès,Riz importé (brisé),422.5,4
2024-12-01,Thies,Thiès,Riz local,425.0,4
2024-12-01,Thies,Thiès,Riz ordinaire 1re qual.,500.0,3
2024-12-01,Thies,Thiès,Sorgho,366.5,4
2024-12-01,Thies,Thiès,Sorgho importé,400.0,1
2024-12-01,Ziguinchor,Ziguinchor,Arachide décortiquée,1000.0,2
2024-12-01,Ziguinchor,Ziguinchor,Arachide en coque,500.0,2
2024-12-01,Ziguinchor,Ziguinchor,Maïs local,387.5,2
2024-12-01,Ziguinchor,Ziguinchor,Mil,400.0,2
2024-12-01,Ziguinchor,Ziguinchor,Niébé (haricot),1000.0,2
2024-12-01,Ziguinchor,Ziguinchor,Riz importé (brisé),400.0,2
2024-12-01,Ziguinchor,Ziguinchor,Riz local,500.0,2
2024-12-01,Ziguinchor,Ziguinchor,Riz ordinaire 1re qual.,600.0,2
2024-12-01,Ziguinchor,Ziguinchor,Sorgho,475.0,2
2025-01-01,Dakar,Dakar,Arachide décortiquée,883.33,1
2025-01-01,Dakar,Dakar,Maïs importé,291.66499999999996,2
2025-01-01,Dakar,Dakar,Maïs local,300.0,2
2025-01-01,Dakar,Dakar,Mil,300.0,2
2025-01-01,Dakar,Dakar,Niébé (haricot),916.665,2
2025-01-01,Dakar,Dakar,Riz importé (brisé),400.0,2
2025-01-01,Dakar,Dakar,Riz local,404.16499999999996,2
2025-01-01,Dakar,Dakar,Riz ordinaire 1re qual.,500.0,2
2025-01-01,Dakar,Dakar,Sorgho,350.0,1
2025-01-01,Dakar,Dakar,Sorgho importé,333.33,2
2025-01-01,Diourbel,Diourbel,Arachide décortiquée,825.0,4
2025-01-01,Diourbel,Diourbel,Arachide en coque,345.0,4
2025-01-01,Diourbel,Diourbel,Maïs importé,250.0,4
2025-01-01,Diourbel,Diourbel,Maïs local,237.5,4
2025-01-01,Diourbel,Diourbel,Mil,255.0,4
2025-01-01,Diourbel,Diourbel,Niébé (haricot),775.0,4
2025-01-01,Diourbel,Diourbel,Riz importé (brisé),425.0,4
2025-01-01,Diourbel,Diourbel,Riz local,442.5,4
2025-01-01,Diourbel,Diourbel,Riz ordinaire 1re qual.,550.0,4
2025-01-01,Diourbel,Diourbel,Sorgho,450.0,3
2025-01-01,Fatick,Fatick,Arachide décortiquée,754.165,6
2025-01-01,Fatick,Fatick,Arachide en coque,316.66499999999996,6
2025-01-01,Fatick,Fatick,Maïs importé,258.33500000000004,4
2025-01-01,Fatick,Fatick,Maïs local,254.165,6
2025-01-01,Fatick,Fatick,Mil,275.0,6
2025-01-01,Fatick,Fatick,Niébé (haricot),783.33,6
2025-01-01,Fatick,Fatick,Riz importé (brisé),425.0,6
2025-01-01,Fatick,Fatick,Riz local,425.0,5
2025-01-01,Fatick,Fatick,Riz ordinaire 1re qual.,550.0,6
2025-01-01,Fatick,Fatick,Sorgho,325.0,6
2025-01-01,Fatick,Fatick,Sorgho importé,324.16499999999996,2
2025-01-01,Kaffrine,Kaffrine,Arachide décortiquée,700.0,3
2025-01-01,Kaffrine,Kaffrine,Arachide en coque,325.0,3
2025-01-01,Kaffrine,Kaffrine,Maïs importé,250.0,3
2025-01-01,Kaffrine,Kaffrine,Maïs local,200.0,3
2025-01-01,Kaffrine,Kaffrine,Mil,200.0,3
2025-01-01,Kaffrine,Kaffrine,Niébé (haricot),650.0,3
2025-01-01,Kaffrine,Kaffrine,Riz importé (brisé),425.0,2
2025-01-01,Kaffrine,Kaffrine,Riz ordinaire 1re qual.,600.0,2
2025-01-01,Kaffrine,Kaffrine,Sorgho,250.0,3
2025-01-01,Kaolack,Kaolack,Arachide décortiquée,791.665,4
2025-01-01,Kaolack,Kaolack,Arachide en coque,305.0,4
2025-01-01,Kaolack,Kaolack,Maïs importé,215.0,1
2025-01-01,Kaolack,Kaolack,Maïs local,193.125,2
2025-01-01,Kaolack,Kaolack,Mil,192.5,4
2025-01-01,Kaolack,Kaolack,Niébé (haricot),770.835,4
2025-01-01,Kaolack,Kaolack,Riz importé (brisé),417.71000000000004,4
2025-01-01,Kaolack,Kaolack,Riz local,425.0,1
2025-01-01,Kaolack,Kaolack,Riz ordinaire 1re qual.,500.0,3
2025-01-01,Kaolack,Kaolack,Sorgho,300.0,1
2025-01-01,Kaolack,Kaolack,Sorgho importé,325.0,1
2025-01-01,Kedougou,Kédougou,Arachide décortiquée,1000.0,3
2025-01-01,Kedougou,Kédougou,Arachide en coque,325.0,3
2025-01-01,Kedougou,Kédougou,Maïs local,268.75,3
2025-01-01,Kedougou,Kédougou,Mil,343.75,3
2025-01-01,Kedougou,Kédougou,Niébé (haricot),1000.0,3
2025-01-01,Kedougou,Kédougou,Riz importé (brisé),425.0,3
2025-01-01,Kedougou,Kédougou,Riz ordinaire 1re qual.,600.0,3
2025-01-01,Kedougou,Kédougou,Sorgho,400.0,3
2025-01-01,Kolda,Kolda,Arachide décortiquée,700.0,3
2025-01-01,Kolda,Kolda,Arachide en coque,315.0,3
2025-01-01,Kolda,Kolda,Maïs local,287.5,3
2025-01-01,Kolda,Kolda,Mil,300.0,3
2025-01-01,Kolda,Kolda,Niébé (haricot),1000.0,3
2025-01-01,Kolda,Kolda,Riz importé (brisé),400.0,3
2025-01-01,Kolda,Kolda,Riz local,550.0,3
2025-01-01,Kolda,Kolda,Riz ordinaire 1re qual.,600.0,3
2025-01-01,Kolda,Kolda,Sorgho,300.0,3
2025-01-01,Louga,Louga,Arachide décortiquée,837.5,2
2025-01-01,Louga,Louga,Arachide en coque,335.0,2
2025-01-01,Louga,Louga,Maïs importé,281.25,2
2025-01-01,Louga,Louga,Mil,270.0,2
2025-01-01,Louga,Louga,Niébé (haricot),631.25,2
2025-01-01,Louga,Louga,Riz importé (brisé),425.0,2
2025-01-01,Louga,Louga,Riz local,397.5,2
2025-01-01,Louga,Louga,Riz ordinaire 1re qual.,500.0,2
2025-01-01,Louga,Louga,Sorgho importé,475.0,2
2025-01-01,Matam,Matam,Arachide décortiquée,800.0,3
2025-01-01,Matam,Matam,Arachide en coque,500.0,2
2025-01-01,Matam,Matam,Maïs importé,300.0,3
2025-01-01,Matam,Matam,Maïs local,316.66499999999996,2
2025-01-01,Matam,Matam,Mil,362.5,3
2025-01-01,Matam,Matam,Niébé (haricot),1000.0,3
2025-01-01,Matam,Matam,Riz importé (brisé),425.0,3
2025-01-01,Matam,Matam,Riz local,427.5,3
2025-01-01,Matam,Matam,Riz ordinaire 1re qual.,550.0,3
2025-01-01,Matam,Matam,Sorgho,400.0,1
2025-01-01,Matam,Matam,Sorgho importé,362.5,3
2025-01-01,Saint Louis,Saint-Louis,Arachide décortiquée,831.25,2
2025-01-01,Saint Louis,Saint-Louis,Maïs importé,262.5,2
2025-01-01,Saint Louis,Saint-Louis,Maïs local,284.375,2
2025-01-01,Saint Louis,Saint-Louis,Mil,296.875,2
2025-01-01,Saint Louis,Saint-Louis,Niébé (haricot),868.75,2
2025-01-01,Saint Louis,Saint-Louis,Riz importé (brisé),400.0,2
2025-01-01,Saint Louis,Saint-Louis,Riz local,396.875,2
2025-01-01,Saint Louis,Saint-Louis,Riz ordinaire 1re qual.,550.0,2
2025-01-01,Saint Louis,Saint-Louis,Sorgho importé,400.0,1
2025-01-01,Sedhiou,Sédhiou,Arachide décortiquée,1000.0,1
2025-01-01,Sedhiou,Sédhiou,Maïs local,300.0,1
2025-01-01,Sedhiou,Sédhiou,Mil,300.0,1
2025-01-01,Sedhiou,Sédhiou,Niébé (haricot),1000.0,1
2025-01-01,Sedhiou,Sédhiou,Riz importé (brisé),400.0,1
2025-01-01,Sedhiou,Sédhiou,Riz local,600.0,1
2025-01-01,Sedhiou,Sédhiou,Riz ordinaire 1re qual.,600.0,1
2025-01-01,Sedhiou,Sédhiou,Sorgho,400.0,1
2025-01-01,Tambacounda,Tambacounda,Arachide décortiquée,687.5,4
2025-01-01,Tambacounda,Tambacounda,Arachide en coque,320.0,4
2025-01-01,Tambacounda,Tambacounda,Maïs importé,306.25,2
2025-01-01,Tambacounda,Tambacounda,Maïs local,262.5,4
2025-01-01,Tambacounda,Tambacounda,Mil,284.375,4
2025-01-01,Tambacounda,Tambacounda,Niébé (haricot),875.0,4
2025-01-01,Tambacounda,Tambacounda,Riz importé (brisé),450.0,4
2025-01-01,Tambacounda,Tambacounda,Riz local,450.0,2
2025-01-01,Tambacounda,Tambacounda,Riz ordinaire 1re qual.,600.0,4
2025-01-01,Tambacounda,Tambacounda,Sorgho,290.625,4
2025-01-01,Tambacounda,Tambacounda,Sorgho importé,325.0,2
2025-01-01,Thies,Thiès,Arachide décortiquée,745.0,4
2025-01-01,Thies,Thiès,Arachide en coque,350.0,4
2025-01-01,Thies,Thiès,Maïs importé,300.0,4
2025-01-01,Thies,Thiès,Maïs local,300.0,4
2025-01-01,Thies,Thiès,Mil,272.5,4
2025-01-01,Thies,Thiès,Niébé (haricot),722.5,4
2025-01-01,Thies,Thiès,Riz importé (brisé),424.0,4
2025-01-01,Thies,Thiès,Riz local,425.0,4
2025-01-01,Thies,Thiès,Riz ordinaire 1re qual.,500.0,3
2025-01-01,Thies,Thiès,Sorgho,322.5,4
2025-01-01,Thies,Thiès,Sorgho importé,355.0,1
2025-01-01,Ziguinchor,Ziguinchor,Arachide décortiquée,1000.0,2
2025-01-01,Ziguinchor,Ziguinchor,Arachide en coque,500.0,1
2025-01-01,Ziguinchor,Ziguinchor,Maïs local,400.0,2
2025-01-01,Ziguinchor,Ziguinchor,Mil,400.0,2
2025-01-01,Ziguinchor,Ziguinchor,Niébé (haricot),1000.0,2
2025-01-01,Ziguinchor,Ziguinchor,Riz importé (brisé),400.0,2
2025-01-01,Ziguinchor,Ziguinchor,Riz local,500.0,1
2025-01-01,Ziguinchor,Ziguinchor,Riz ordinaire 1re qual.,600.0,2
2025-01-01,Ziguinchor,Ziguinchor,Sorgho,450.0,2
2025-02-01,Dakar,Dakar,Arachide décortiquée,887.5,2
2025-02-01,Dakar,Dakar,Arachide en coque,1000.0,2
2025-02-01,Dakar,Dakar,Maïs importé,300.0,2
2025-02-01,Dakar,Dakar,Maïs local,300.0,2
2025-02-01,Dakar,Dakar,Mil,300.0,2
2025-02-01,Dakar,Dakar,Niébé (haricot),1031.25,2
2025-02-01,Dakar,Dakar,Riz importé (brisé),400.0,2
2025-02-01,Dakar,Dakar,Riz local,400.0,1
2025-02-01,Dakar,Dakar,Riz ordinaire 1re qual.,500.0,2
2025-02-01,Dakar,Dakar,Sorgho,350.0,1
2025-02-01,Dakar,Dakar,Sorgho importé,337.5,2
2025-02-01,Diourbel,Diourbel,Arachide décortiquée,725.0,2
2025-02-01,Diourbel,Diourbel,Arachide en coque,380.0,2
2025-02-01,Diourbel,Diourbel,Maïs importé,255.0,2
2025-02-01,Diourbel,Diourbel,Maïs local,255.0,2
2025-02-01,Diourbel,Diourbel,Mil,255.0,2
2025-02-01,Diourbel,Diourbel,Niébé (haricot),812.5,2
2025-02-01,Diourbel,Diourbel,Riz importé (brisé),450.0,2
2025-02-01,Diourbel,Diourbel,Riz local,435.0,2
2025-02-01,Diourbel,Diourbel,Riz ordinaire 1re qual.,550.0,2
2025-02-01,Diourbel,Diourbel,Sorgho,500.0,1
2025-02-01,Fatick,Fatick,Arachide décortiquée,762.5,4
2025-02-01,Fatick,Fatick,Arachide en coque,310.0,3
2025-02-01,Fatick,Fatick,Maïs importé,250.0,2
2025-02-01,Fatick,Fatick,Maïs local,300.0,3
2025-02-01,Fatick,Fatick,Mil,285.0,4
2025-02-01,Fatick,Fatick,Niébé (haricot),762.5,4
2025-02-01,Fatick,Fatick,Riz importé (brisé),425.0,4
2025-02-01,Fatick,Fatick,Riz local,360.0,3
2025-02-01,Fatick,Fatick,Riz ordinaire 1re qual.,575.0,4
2025-02-01,Fatick,Fatick,Sorgho,305.0,4
2025-02-01,Fatick,Fatick,Sorgho importé,300.0,3
2025-02-01,Kaffrine,Kaffrine,Arachide décortiquée,700.0,3
2025-02-01,Kaffrine,Kaffrine,Arachide en coque,320.0,3
2025-02-01,Kaffrine,Kaffrine,Maïs importé,250.0,3
2025-02-01,Kaffrine,Kaffrine,Maïs local,200.0,3
2025-02-01,Kaffrine,Kaffrine,Mil,200.0,3
2025-02-01,Kaffrine,Kaffrine,Niébé (haricot),600.0,3
2025-02-01,Kaffrine,Kaffrine,Riz importé (brisé),415.0,3
2025-02-01,Kaffrine,Kaffrine,Riz ordinaire 1re qual.,600.0,2
2025-02-01,Kaffrine,Kaffrine,Sorgho,250.0,3
2025-02-01,Kaolack,Kaolack,Arachide décortiquée,800.0,3
2025-02-01,Kaolack,Kaolack,Arachide en coque,312.5,4
2025-02-01,Kaolack,Kaolack,Maïs importé,218.33,1
2025-02-01,Kaolack,Kaolack,Maïs local,191.0,3
2025-02-01,Kaolack,Kaolack,Mil,176.66500000000002,4
2025-02-01,Kaolack,Kaolack,Niébé (haricot),712.5,4
2025-02-01,Kaolack,Kaolack,Riz importé (brisé),391.67,3
2025-02-01,Kaolack,Kaolack,Riz local,383.33,1
2025-02-01,Kaolack,Kaolack,Riz ordinaire 1re qual.,433.33,3
2025-02-01,Kaolack,Kaolack,Sorgho,291.67,1
2025-02-01,Kedougou,Kédougou,Arachide décortiquée,1000.0,3
2025-02-01,Kedougou,Kédougou,Arachide en coque,305.0,2
2025-02-01,Kedougou,Kédougou,Maïs local,300.0,3
2025-02-01,Kedougou,Kédougou,Mil,300.0,3
2025-02-01,Kedougou,Kédougou,Niébé (haricot),950.0,3
2025-02-01,Kedougou,Kédougou,Riz importé (brisé),425.0,3
2025-02-01,Kedougou,Kédougou,Riz ordinaire 1re qual.,600.0,3
2025-02-01,Kedougou,Kédougou,Sorgho,400.0,2
2025-02-01,Kolda,Kolda,Arachide décortiquée,700.0,3
2025-02-01,Kolda,Kolda,Arachide en coque,305.0,1
2025-02-01,Kolda,Kolda,Maïs local,300.0,2
2025-02-01,Kolda,Kolda,Mil,300.0,2
2025-02-01,Kolda,Kolda,Niébé (haricot),1000.0,3
2025-02-01,Kolda,Kolda,Riz importé (brisé),387.5,2
2025-02-01,Kolda,Kolda,Riz local,600.0,1
2025-02-01,Kolda,Kolda,Riz ordinaire 1re qual.,550.0,2
2025-02-01,Kolda,Kolda,Sorgho,325.0,2
2025-02-01,Louga,Louga,Arachide décortiquée,800.0,2
2025-02-01,Louga,Louga,Arachide en coque,307.5,2
2025-02-01,Louga,Louga,Maïs importé,287.5,2
2025-02-01,Louga,Louga,Maïs local,287.5,2
2025-02-01,Louga,Louga,Mil,262.5,2
2025-02-01,Louga,Louga,Niébé (haricot),656.25,2
2025-02-01,Louga,Louga,Riz importé (brisé),412.5,2
2025-02-01,Louga,Louga,Riz local,397.5,2
2025-02-01,Louga,Louga,Riz ordinaire 1re qual.,500.0,2
2025-02-01,Louga,Louga,Sorgho,775.0,2
2025-02-01,Louga,Louga,Sorgho importé,775.0,2
2025-02-01,Matam,Matam,Arachide décortiquée,800.0,3
2025-02-01,Matam,Matam,Arachide en coque,500.0,3
2025-02-01,Matam,Matam,Maïs importé,305.0,2
2025-02-01,Matam,Matam,Maïs local,375.0,1
2025-02-01,Matam,Matam,Mil,350.0,2
2025-02-01,Matam,Matam,Niébé (haricot),800.0,3
2025-02-01,Matam,Matam,Riz importé (brisé),425.0,2
2025-02-01,Matam,Matam,Riz local,425.0,2
2025-02-01,Matam,Matam,Riz ordinaire 1re qual.,550.0,2
2025-02-01,Matam,Matam,Sorgho,337.5,2
2025-02-01,Matam,Matam,Sorgho importé,360.0,2
2025-02-01,Saint Louis,Saint-Louis,Arachide décortiquée,800.0,2
2025-02-01,Saint Louis,Saint-Louis,Arachide en coque,305.0,1
2025-02-01,Saint Louis,Saint-Louis,Maïs importé,300.0,1
2025-02-01,Saint Louis,Saint-Louis,Maïs local,300.0,1
2025-02-01,Saint Louis,Saint-Louis,Mil,275.0,2
2025-02-01,Saint Louis,Saint-Louis,Niébé (haricot),982.0,2
2025-02-01,Saint Louis,Saint-Louis,Riz importé (brisé),400.0,1
2025-02-01,Saint Louis,Saint-Louis,Riz local,387.5,2
2025-02-01,Saint Louis,Saint-Louis,Riz ordinaire 1re qual.,600.0,1
2025-02-01,Saint Louis,Saint-Louis,Sorgho importé,350.0,1
2025-02-01,Tambacounda,Tambacounda,Arachide décortiquée,687.5,4
2025-02-01,Tambacounda,Tambacounda,Arachide en coque,315.0,3
2025-02-01,Tambacounda,Tambacounda,Maïs importé,312.5,2
2025-02-01,Tambacounda,Tambacounda,Maïs local,262.5,4
2025-02-01,Tambacounda,Tambacounda,Mil,296.875,4
2025-02-01,Tambacounda,Tambacounda,Niébé (haricot),746.875,4
2025-02-01,Tambacounda,Tambacounda,Riz importé (brisé),450.0,4
2025-02-01,Tambacounda,Tambacounda,Riz local,450.0,2
2025-02-01,Tambacounda,Tambacounda,Riz ordinaire 1re qual.,600.0,4
2025-02-01,Tambacounda,Tambacounda,Sorgho,275.0,4
2025-02-01,Tambacounda,Tambacounda,Sorgho importé,325.0,2
2025-02-01,Thies,Thiès,Arachide décortiquée,700.0,4
2025-02-01,Thies,Thiès,Arachide en coque,350.0,4
2025-02-01,Thies,Thiès,Maïs importé,300.0,4
2025-02-01,Thies,Thiès,Maïs local,291.66499999999996,4
2025-02-01,Thies,Thiès,Mil,250.0,4
2025-02-01,Thies,Thiès,Niébé (haricot),679.165,4
2025-02-01,Thies,Thiès,Riz importé (brisé),420.0,4
2025-02-01,Thies,Thiès,Riz local,408.33,4
2025-02-01,Thies,Thiès,Riz ordinaire 1re qual.,500.0,3
2025-02-01,Thies,Thiès,Sorgho,316.67,3
2025-02-01,Thies,Thiès,Sorgho importé,325.0,1
2025-02-01,Ziguinchor,Ziguinchor,Arachide décortiquée,1000.0,2
2025-02-01,Ziguinchor,Ziguinchor,Arachide en coque,675.0,2
2025-02-01,Ziguinchor,Ziguinchor,Maïs local,400.0,2
2025-02-01,Ziguinchor,Ziguinchor,Mil,400.0,2
2025-02-01,Ziguinchor,Ziguinchor,Niébé (haricot),1100.0,2
2025-02-01,Ziguinchor,Ziguinchor,Riz importé (brisé),400.0,2
2025-02-01,Ziguinchor,Ziguinchor,Riz local,600.0,1
2025-02-01,Ziguinchor,Ziguinchor,Riz ordinaire 1re qual.,600.0,2
2025-02-01,Ziguinchor,Ziguinchor,Sorgho,500.0,2
2025-03-01,Dakar,Dakar,Arachide décortiquée,800.0,1
2025-03-01,Dakar,Dakar,Arachide en coque,1000.0,2
2025-03-01,Dakar,Dakar,Maïs importé,350.0,1
2025-03-01,Dakar,Dakar,Maïs local,250.0,1
2025-03-01,Dakar,Dakar,Mil,250.0,2
2025-03-01,Dakar,Dakar,Niébé (haricot),950.0,2
2025-03-01,Dakar,Dakar,Riz importé (brisé),500.0,2
2025-03-01,Dakar,Dakar,Riz local,475.0,2
2025-03-01,Dakar,Dakar,Riz ordinaire 1re qual.,550.0,2
2025-03-01,Dakar,Dakar,Sorgho importé,335.0,2
2025-03-01,Diourbel,Diourbel,Arachide décortiquée,806.25,4
2025-03-01,Diourbel,Diourbel,Arachide en coque,362.5,4
2025-03-01,Diourbel,Diourbel,Maïs importé,275.0,3
2025-03-01,Diourbel,Diourbel,Maïs local,262.5,4
2025-03-01,Diourbel,Diourbel,Mil,250.0,4
2025-03-01,Diourbel,Diourbel,Niébé (haricot),825.0,4
2025-03-01,Diourbel,Diourbel,Riz importé (brisé),450.0,4
2025-03-01,Diourbel,Diourbel,Riz local,435.0,4
2025-03-01,Diourbel,Diourbel,Riz ordinaire 1re qual.,550.0,3
2025-03-01,Diourbel,Diourbel,Sorgho,500.0,3
2025-03-01,Diourbel,Diourbel,Sorgho importé,380.0,2
2025-03-01,Fatick,Fatick,Arachide décortiquée,762.5,6
2025-03-01,Fatick,Fatick,Arachide en coque,310.0,5
2025-03-01,Fatick,Fatick,Maïs importé,252.5,4
2025-03-01,Fatick,Fatick,Maïs local,293.75,6
2025-03-01,Fatick,Fatick,Mil,283.75,6
2025-03-01,Fatick,Fatick,Niébé (haricot),762.5,6
2025-03-01,Fatick,Fatick,Riz importé (brisé),425.0,6
2025-03-01,Fatick,Fatick,Riz local,390.0,4
2025-03-01,Fatick,Fatick,Riz ordinaire 1re qual.,575.0,6
2025-03-01,Fatick,Fatick,Sorgho,295.0,6
2025-03-01,Fatick,Fatick,Sorgho importé,300.0,3
2025-03-01,Kaffrine,Kaffrine,Arachide décortiquée,700.0,3
2025-03-01,Kaffrine,Kaffrine,Arachide en coque,320.0,3
2025-03-01,Kaffrine,Kaffrine,Maïs importé,250.0,3
2025-03-01,Kaffrine,Kaffrine,Maïs local,200.0,3
2025-03-01,Kaffrine,Kaffrine,Mil,200.0,3
2025-03-01,Kaffrine,Kaffrine,Niébé (haricot),600.0,3
2025-03-01,Kaffrine,Kaffrine,Riz importé (brisé),415.0,3
2025-03-01,Kaffrine,Kaffrine,Riz ordinaire 1re qual.,600.0,2
2025-03-01,Kaffrine,Kaffrine,Sorgho,250.0,3
2025-03-01,Kaolack,Kaolack,Arachide décortiquée,768.75,3
2025-03-01,Kaolack,Kaolack,Arachide en coque,284.375,4
2025-03-01,Kaolack,Kaolack,Maïs importé,215.0,2
2025-03-01,Kaolack,Kaolack,Maïs local,184.375,4
2025-03-01,Kaolack,Kaolack,Mil,176.875,4
2025-03-01,Kaolack,Kaolack,Niébé (haricot),671.875,4
2025-03-01,Kaolack,Kaolack,Riz importé (brisé),400.0,3
2025-03-01,Kaolack,Kaolack,Riz ordinaire 1re qual.,500.0,2
2025-03-01,Kaolack,Kaolack,Sorgho,300.0,1
2025-03-01,Kedougou,Kédougou,Arachide décortiquée,850.0,3
2025-03-01,Kedougou,Kédougou,Arachide en coque,305.0,2
2025-03-01,Kedougou,Kédougou,Maïs local,300.0,3
2025-03-01,Kedougou,Kédougou,Mil,366.67,3
2025-03-01,Kedougou,Kédougou,Niébé (haricot),950.0,3
2025-03-01,Kedougou,Kédougou,Riz importé (brisé),425.0,3
2025-03-01,Kedougou,Kédougou,Riz local,350.0,1
2025-03-01,Kedougou,Kédougou,Riz ordinaire 1re qual.,600.0,3
2025-03-01,Kedougou,Kédougou,Sorgho,400.0,2
2025-03-01,Kolda,Kolda,Arachide décortiquée,750.0,1
2025-03-01,Kolda,Kolda,Maïs local,250.0,1
2025-03-01,Kolda,Kolda,Mil,300.0,1
2025-03-01,Kolda,Kolda,Niébé (haricot),1000.0,1
2025-03-01,Kolda,Kolda,Riz importé (brisé),400.0,1
2025-03-01,Kolda,Kolda,Riz local,600.0,1
2025-03-01,Kolda,Kolda,Riz ordinaire 1re qual.,600.0,1
2025-03-01,Kolda,Kolda,Sorgho,300.0,1
2025-03-01,Louga,Louga,Arachide en coque,320.625,2
2025-03-01,Louga,Louga,Maïs importé,287.5,2
2025-03-01,Louga,Louga,Maïs local,250.0,2
2025-03-01,Louga,Louga,Mil,269.375,2
2025-03-01,Louga,Louga,Niébé (haricot),682.75,2
2025-03-01,Louga,Louga,Riz importé (brisé),400.0,2
2025-03-01,Louga,Louga,Riz local,397.5,2
2025-03-01,Louga,Louga,Riz ordinaire 1re qual.,500.0,2
2025-03-01,Louga,Louga,Sorgho importé,765.625,2
2025-03-01,Matam,Matam,Arachide décortiquée,800.0,3
2025-03-01,Matam,Matam,Arachide en coque,500.0,3
2025-03-01,Matam,Matam,Maïs importé,325.0,3
2025-03-01,Matam,Matam,Maïs local,350.0,3
2025-03-01,Matam,Matam,Mil,325.0,3
2025-03-01,Matam,Matam,Niébé (haricot),900.0,3
2025-03-01,Matam,Matam,Riz importé (brisé),425.0,3
2025-03-01,Matam,Matam,Riz local,450.0,3
2025-03-01,Matam,Matam,Riz ordinaire 1re qual.,550.0,3
2025-03-01,Matam,Matam,Sorgho,350.0,3
2025-03-01,Matam,Matam,Sorgho importé,373.33,3
2025-03-01,Saint Louis,Saint-Louis,Arachide décortiquée,806.25,2
2025-03-01,Saint Louis,Saint-Louis,Arachide en coque,302.5,1
2025-03-01,Saint Louis,Saint-Louis,Maïs importé,272.5,2
2025-03-01,Saint Louis,Saint-Louis,Maïs local,266.66499999999996,2
2025-03-01,Saint Louis,Saint-Louis,Mil,260.875,2
2025-03-01,Saint Louis,Saint-Louis,Niébé (haricot),1033.75,2
2025-03-01,Saint Louis,Saint-Louis,Riz importé (brisé),392.5,2
2025-03-01,Saint Louis,Saint-Louis,Riz local,400.0,1
2025-03-01,Saint Louis,Saint-Louis,Riz ordinaire 1re qual.,600.0,1
2025-03-01,Saint Louis,Saint-Louis,Sorgho importé,390.0,1
2025-03-01,Tambacounda,Tambacounda,Arachide décortiquée,764.585,4
2025-03-01,Tambacounda,Tambacounda,Arachide en coque,325.0,1
2025-03-01,Tambacounda,Tambacounda,Maïs importé,300.0,3
2025-03-01,Tambacounda,Tambacounda,Maïs local,279.375,4
2025-03-01,Tambacounda,Tambacounda,Mil,317.5,4
2025-03-01,Tambacounda,Tambacounda,Niébé (haricot),700.0,3
2025-03-01,Tambacounda,Tambacounda,Riz importé (brisé),450.0,4
2025-03-01,Tambacounda,Tambacounda,Riz ordinaire 1re qual.,600.0,4
2025-03-01,Tambacounda,Tambacounda,Sorgho,280.0,4
2025-03-01,Thies,Thiès,Arachide décortiquée,700.0,4
2025-03-01,Thies,Thiès,Arachide en coque,350.0,4
2025-03-01,Thies,Thiès,Maïs importé,312.5,4
2025-03-01,Thies,Thiès,Maïs local,300.0,4
2025-03-01,Thies,Thiès,Mil,250.0,4
2025-03-01,Thies,Thiès,Niébé (haricot),675.0,4
2025-03-01,Thies,Thiès,Riz importé (brisé),420.0,4
2025-03-01,Thies,Thiès,Riz local,412.5,4
2025-03-01,Thies,Thiès,Riz ordinaire 1re qual.,500.0,3
2025-03-01,Thies,Thiès,Sorgho,350.0,3
2025-03-01,Thies,Thiès,Sorgho importé,325.0,1
2025-03-01,Ziguinchor,Ziguinchor,Arachide décortiquée,950.0,2
2025-03-01,Ziguinchor,Ziguinchor,Arachide en coque,650.0,2
2025-03-01,Ziguinchor,Ziguinchor,Maïs local,350.0,2
2025-03-01,Ziguinchor,Ziguinchor,Mil,350.0,2
2025-03-01,Ziguinchor,Ziguinchor,Niébé (haricot),950.0,2
2025-03-01,Ziguinchor,Ziguinchor,Riz importé (brisé),400.0,2
2025-03-01,Ziguinchor,Ziguinchor,Riz ordinaire 1re qual.,600.0,2
2025-03-01,Ziguinchor,Ziguinchor,Sorgho,425.0,2
2025-04-01,Dakar,Dakar,Maïs importé,325.0,2
2025-04-01,Dakar,Dakar,Maïs local,250.0,1
2025-04-01,Dakar,Dakar,Mil,250.0,2
2025-04-01,Dakar,Dakar,Riz importé (brisé),500.0,2
2025-04-01,Dakar,Dakar,Riz local,475.0,2
2025-04-01,Dakar,Dakar,Riz ordinaire 1re qual.,500.0,2
2025-04-01,Dakar,Dakar,Sorgho importé,335.0,2
2025-04-01,Diourbel,Diourbel,Arachide décortiquée,825.0,4
2025-04-01,Diourbel,Diourbel,Arachide en coque,370.0,4
2025-04-01,Diourbel,Diourbel,Maïs importé,262.5,4
2025-04-01,Diourbel,Diourbel,Maïs local,262.5,4
2025-04-01,Diourbel,Diourbel,Mil,262.5,4
2025-04-01,Diourbel,Diourbel,Niébé (haricot),825.0,4
2025-04-01,Diourbel,Diourbel,Riz importé (brisé),440.0,4
2025-04-01,Diourbel,Diourbel,Riz local,428.75,4
2025-04-01,Diourbel,Diourbel,Riz ordinaire 1re qual.,550.0,3
2025-04-01,Diourbel,Diourbel,Sorgho,500.0,3
2025-04-01,Diourbel,Diourbel,Sorgho importé,500.0,1
2025-04-01,Fatick,Fatick,Arachide décortiquée,793.75,6
2025-04-01,Fatick,Fatick,Arachide en coque,310.0,4
2025-04-01,Fatick,Fatick,Maïs importé,300.0,4
2025-04-01,Fatick,Fatick,Maïs local,293.75,6
2025-04-01,Fatick,Fatick,Mil,287.5,6
2025-04-01,Fatick,Fatick,Niébé (haricot),797.5,5
2025-04-01,Fatick,Fatick,Riz importé (brisé),425.0,6
2025-04-01,Fatick,Fatick,Riz local,380.0,4
2025-04-01,Fatick,Fatick,Riz ordinaire 1re qual.,532.5,6
2025-04-01,Fatick,Fatick,Sorgho,285.0,6
2025-04-01,Fatick,Fatick,Sorgho importé,275.0,3
2025-04-01,Kaffrine,Kaffrine,Arachide décortiquée,700.0,2
2025-04-01,Kaffrine,Kaffrine,Maïs importé,250.0,2
2025-04-01,Kaffrine,Kaffrine,Maïs local,200.0,2
2025-04-01,Kaffrine,Kaffrine,Mil,200.0,2
2025-04-01,Kaffrine,Kaffrine,Niébé (haricot),587.5,2
2025-04-01,Kaffrine,Kaffrine,Riz importé (brisé),425.0,2
2025-04-01,Kaffrine,Kaffrine,Riz ordinaire 1re qual.,600.0,1
2025-04-01,Kaffrine,Kaffrine,Sorgho,250.0,2
2025-04-01,Kaolack,Kaolack,Arachide décortiquée,937.5,3
2025-04-01,Kaolack,Kaolack,Arachide en coque,347.5,4
2025-04-01,Kaolack,Kaolack,Maïs importé,218.75,1
2025-04-01,Kaolack,Kaolack,Maïs local,210.625,4
2025-04-01,Kaolack,Kaolack,Mil,194.375,4
2025-04-01,Kaolack,Kaolack,Niébé (haricot),712.5,2
2025-04-01,Kaolack,Kaolack,Riz importé (brisé),358.75,3
2025-04-01,Kaolack,Kaolack,Riz local,341.25,2
2025-04-01,Kaolack,Kaolack,Riz ordinaire 1re qual.,406.25,4
2025-04-01,Kaolack,Kaolack,Sorgho,350.0,1
2025-04-01,Kedougou,Kédougou,Arachide décortiquée,1000.0,3
2025-04-01,Kedougou,Kédougou,Maïs local,400.0,3
2025-04-01,Kedougou,Kédougou,Mil,425.0,3
2025-04-01,Kedougou,Kédougou,Niébé (haricot),1000.0,3
2025-04-01,Kedougou,Kédougou,Riz importé (brisé),425.0,3
2025-04-01,Kedougou,Kédougou,Riz local,487.5,2
2025-04-01,Kedougou,Kédougou,Riz ordinaire 1re qual.,600.0,3
2025-04-01,Kedougou,Kédougou,Sorgho,400.0,1
2025-04-01,Kolda,Kolda,Arachide décortiquée,750.0,1
2025-04-01,Kolda,Kolda,Maïs local,250.0,1
2025-04-01,Kolda,Kolda,Mil,300.0,1
2025-04-01,Kolda,Kolda,Niébé (haricot),1000.0,1
2025-04-01,Kolda,Kolda,Riz importé (brisé),350.0,1
2025-04-01,Kolda,Kolda,Riz local,600.0,1
2025-04-01,Kolda,Kolda,Riz ordinaire 1re qual.,600.0,1
2025-04-01,Louga,Louga,Arachide décortiquée,759.72,2
2025-04-01,Louga,Louga,Maïs importé,287.5,2
2025-04-01,Louga,Louga,Maïs local,250.0,2
2025-04-01,Louga,Louga,Mil,250.0,2
2025-04-01,Louga,Louga,Niébé (haricot),700.0,2
2025-04-01,Louga,Louga,Riz importé (brisé),377.5,2
2025-04-01,Louga,Louga,Riz local,365.83500000000004,2
2025-04-01,Louga,Louga,Riz ordinaire 1re qual.,500.0,2
2025-04-01,Louga,Louga,Sorgho,750.0,1
2025-04-01,Louga,Louga,Sorgho importé,725.0,2
2025-04-01,Matam,Matam,Arachide décortiquée,800.0,3
2025-04-01,Matam,Matam,Arachide en coque,520.0,3
2025-04-01,Matam,Matam,Maïs importé,326.0,3
2025-04-01,Matam,Matam,Maïs local,373.33,3
2025-04-01,Matam,Matam,Mil,350.0,3
2025-04-01,Matam,Matam,Niébé (haricot),1000.0,3
2025-04-01,Matam,Matam,Riz importé (brisé),400.0,3
2025-04-01,Matam,Matam,Riz local,437.5,3
2025-04-01,Matam,Matam,Riz ordinaire 1re qual.,520.0,3
2025-04-01,Matam,Matam,Sorgho,400.0,3
2025-04-01,Matam,Matam,Sorgho importé,370.0,3
2025-04-01,Saint Louis,Saint-Louis,Arachide décortiquée,825.0,2
2025-04-01,Saint Louis,Saint-Louis,Maïs importé,262.5,2
2025-04-01,Saint Louis,Saint-Louis,Maïs local,275.0,2
2025-04-01,Saint Louis,Saint-Louis,Mil,270.0,2
2025-04-01,Saint Louis,Saint-Louis,Niébé (haricot),950.0,2
2025-04-01,Saint Louis,Saint-Louis,Riz importé (brisé),372.91499999999996,2
2025-04-01,Saint Louis,Saint-Louis,Riz local,375.0,2
2025-04-01,Saint Louis,Saint-Louis,Riz ordinaire 1re qual.,600.0,1
2025-04-01,Saint Louis,Saint-Louis,Sorgho importé,400.0,1
2025-04-01,Tambacounda,Tambacounda,Arachide décortiquée,768.75,4
2025-04-01,Tambacounda,Tambacounda,Arachide en coque,362.5,2
2025-04-01,Tambacounda,Tambacounda,Maïs importé,325.0,3
2025-04-01,Tambacounda,Tambacounda,Maïs local,310.0,4
2025-04-01,Tambacounda,Tambacounda,Mil,328.125,4
2025-04-01,Tambacounda,Tambacounda,Niébé (haricot),768.75,4
2025-04-01,Tambacounda,Tambacounda,Riz importé (brisé),450.0,4
2025-04-01,Tambacounda,Tambacounda,Riz ordinaire 1re qual.,600.0,4
2025-04-01,Tambacounda,Tambacounda,Sorgho,300.0,4
2025-04-01,Tambacounda,Tambacounda,Sorgho importé,300.0,3
2025-04-01,Thies,Thiès,Arachide décortiquée,725.0,4
2025-04-01,Thies,Thiès,Arachide en coque,350.0,4
2025-04-01,Thies,Thiès,Maïs importé,325.0,4
2025-04-01,Thies,Thiès,Maïs local,300.0,4
2025-04-01,Thies,Thiès,Mil,262.5,4
2025-04-01,Thies,Thiès,Niébé (haricot),725.0,4
2025-04-01,Thies,Thiès,Riz importé (brisé),420.0,4
2025-04-01,Thies,Thiès,Riz local,425.0,3
2025-04-01,Thies,Thiès,Riz ordinaire 1re qual.,500.0,3
2025-04-01,Thies,Thiès,Sorgho,350.0,3
2025-04-01,Thies,Thiès,Sorgho importé,325.0,1
2025-04-01,Ziguinchor,Ziguinchor,Arachide décortiquée,1000.0,2
2025-04-01,Ziguinchor,Ziguinchor,Arachide en coque,650.0,2
2025-04-01,Ziguinchor,Ziguinchor,Maïs local,450.0,2
2025-04-01,Ziguinchor,Ziguinchor,Mil,400.0,2
2025-04-01,Ziguinchor,Ziguinchor,Niébé (haricot),1000.0,2
2025-04-01,Ziguinchor,Ziguinchor,Riz importé (brisé),380.0,2
2025-04-01,Ziguinchor,Ziguinchor,Riz local,600.0,1
2025-04-01,Ziguinchor,Ziguinchor,Riz ordinaire 1re qual.,600.0,2
2025-04-01,Ziguinchor,Ziguinchor,Sorgho,500.0,2
2025-05-01,Dakar,Dakar,Arachide décortiquée,687.5,2
2025-05-01,Dakar,Dakar,Arachide en coque,1000.0,2
2025-05-01,Dakar,Dakar,Maïs local,250.0,1
2025-05-01,Dakar,Dakar,Mil,287.5,2
2025-05-01,Dakar,Dakar,Niébé (haricot),1100.0,2
2025-05-01,Dakar,Dakar,Riz importé (brisé),500.0,2
2025-05-01,Dakar,Dakar,Riz local,475.0,2
2025-05-01,Dakar,Dakar,Riz ordinaire 1re qual.,500.0,2
2025-05-01,Diourbel,Diourbel,Arachide décortiquée,862.5,4
2025-05-01,Diourbel,Diourbel,Arachide en coque,362.5,4
2025-05-01,Diourbel,Diourbel,Maïs local,300.0,3
2025-05-01,Diourbel,Diourbel,Mil,250.0,3
2025-05-01,Diourbel,Diourbel,Niébé (haricot),870.0,4
2025-05-01,Diourbel,Diourbel,Riz importé (brisé),375.0,4
2025-05-01,Diourbel,Diourbel,Riz local,405.0,4
2025-05-01,Diourbel,Diourbel,Riz ordinaire 1re qual.,550.0,3
2025-05-01,Diourbel,Diourbel,Sorgho,500.0,2
2025-05-01,Fatick,Fatick,Arachide décortiquée,800.0,5
2025-05-01,Fatick,Fatick,Arachide en coque,320.0,4
2025-05-01,Fatick,Fatick,Maïs local,275.0,5
2025-05-01,Fatick,Fatick,Mil,290.0,5
2025-05-01,Fatick,Fatick,Niébé (haricot),837.5,4
2025-05-01,Fatick,Fatick,Riz importé (brisé),375.0,5
2025-05-01,Fatick,Fatick,Riz local,325.0,5
2025-05-01,Fatick,Fatick,Riz ordinaire 1re qual.,500.0,5
2025-05-01,Fatick,Fatick,Sorgho,300.0,5
2025-05-01,Kaolack,Kaolack,Arachide décortiquée,943.75,3
2025-05-01,Kaolack,Kaolack,Arachide en coque,395.83500000000004,4
2025-05-01,Kaolack,Kaolack,Maïs local,230.0,4
2025-05-01,Kaolack,Kaolack,Mil,196.25,4
2025-05-01,Kaolack,Kaolack,Niébé (haricot),750.0,2
2025-05-01,Kaolack,Kaolack,Riz importé (brisé),365.0,4
2025-05-01,Kaolack,Kaolack,Riz local,350.0,1
2025-05-01,Kaolack,Kaolack,Riz ordinaire 1re qual.,410.0,4
2025-05-01,Kaolack,Kaolack,Sorgho,322.5,1
2025-05-01,Kedougou,Kédougou,Arachide décortiquée,1000.0,3
2025-05-01,Kedougou,Kédougou,Arachide en coque,305.0,1
2025-05-01,Kedougou,Kédougou,Maïs local,375.0,3
2025-05-01,Kedougou,Kédougou,Mil,480.0,3
2025-05-01,Kedougou,Kédougou,Niébé (haricot),964.29,3
2025-05-01,Kedougou,Kédougou,Riz importé (brisé),375.0,3
2025-05-01,Kedougou,Kédougou,Riz local,350.0,3
2025-05-01,Kedougou,Kédougou,Riz ordinaire 1re qual.,600.0,3
2025-05-01,Kedougou,Kédougou,Sorgho,360.0,1
2025-05-01,Kolda,Kolda,Arachide décortiquée,850.0,3
2025-05-01,Kolda,Kolda,Arachide en coque,307.0,1
2025-05-01,Kolda,Kolda,Maïs local,262.5,2
2025-05-01,Kolda,Kolda,Mil,287.5,3
2025-05-01,Kolda,Kolda,Niébé (haricot),1000.0,3
2025-05-01,Kolda,Kolda,Riz importé (brisé),350.0,3
2025-05-01,Kolda,Kolda,Riz local,532.5,2
2025-05-01,Kolda,Kolda,Riz ordinaire 1re qual.,575.0,2
2025-05-01,Kolda,Kolda,Sorgho,300.0,3
2025-05-01,Louga,Louga,Arachide décortiquée,825.0,2
2025-05-01,Louga,Louga,Maïs local,250.0,2
2025-05-01,Louga,Louga,Mil,257.915,2
2025-05-01,Louga,Louga,Niébé (haricot),791.665,2
2025-05-01,Louga,Louga,Riz importé (brisé),366.66499999999996,2
2025-05-01,Louga,Louga,Riz local,377.5,2
2025-05-01,Louga,Louga,Riz ordinaire 1re qual.,500.0,2
2025-05-01,Matam,Matam,Arachide décortiquée,775.0,3
2025-05-01,Matam,Matam,Arachide en coque,500.0,3
2025-05-01,Matam,Matam,Maïs local,375.0,3
2025-05-01,Matam,Matam,Mil,325.0,3
2025-05-01,Matam,Matam,Niébé (haricot),950.0,3
2025-05-01,Matam,Matam,Riz importé (brisé),362.5,3
2025-05-01,Matam,Matam,Riz local,450.0,3
2025-05-01,Matam,Matam,Riz ordinaire 1re qual.,562.5,3
2025-05-01,Matam,Matam,Sorgho,400.0,3
2025-05-01,Saint Louis,Saint-Louis,Arachide décortiquée,891.665,2
2025-05-01,Saint Louis,Saint-Louis,Arachide en coque,500.0,1
2025-05-01,Saint Louis,Saint-Louis,Maïs local,265.0,2
2025-05-01,Saint Louis,Saint-Louis,Mil,278.33500000000004,2
2025-05-01,Saint Louis,Saint-Louis,Niébé (haricot),1012.5,2
2025-05-01,Saint Louis,Saint-Louis,Riz importé (brisé),351.66499999999996,2
2025-05-01,Saint Louis,Saint-Louis,Riz local,381.25,2
2025-05-01,Saint Louis,Saint-Louis,Riz ordinaire 1re qual.,487.5,2
2025-05-01,Sedhiou,Sédhiou,Arachide décortiquée,1200.0,1
2025-05-01,Sedhiou,Sédhiou,Arachide en coque,450.0,1
2025-05-01,Sedhiou,Sédhiou,Maïs local,350.0,1
2025-05-01,Sedhiou,Sédhiou,Mil,325.0,1
2025-05-01,Sedhiou,Sédhiou,Niébé (haricot),1175.0,1
2025-05-01,Sedhiou,Sédhiou,Riz importé (brisé),350.0,1
2025-05-01,Sedhiou,Sédhiou,Riz local,600.0,1
2025-05-01,Sedhiou,Sédhiou,Riz ordinaire 1re qual.,525.0,1
2025-05-01,Sedhiou,Sédhiou,Sorgho,600.0,1
2025-05-01,Tambacounda,Tambacounda,Arachide décortiquée,775.0,4
2025-05-01,Tambacounda,Tambacounda,Arachide en coque,356.25,2
2025-05-01,Tambacounda,Tambacounda,Maïs local,268.75,4
2025-05-01,Tambacounda,Tambacounda,Mil,309.375,4
2025-05-01,Tambacounda,Tambacounda,Niébé (haricot),731.25,3
2025-05-01,Tambacounda,Tambacounda,Riz importé (brisé),384.375,4
2025-05-01,Tambacounda,Tambacounda,Riz ordinaire 1re qual.,600.0,4
2025-05-01,Tambacounda,Tambacounda,Sorgho,293.75,4
2025-05-01,Thies,Thiès,Arachide décortiquée,975.0,4
2025-05-01,Thies,Thiès,Arachide en coque,375.0,4
2025-05-01,Thies,Thiès,Maïs local,300.0,4
2025-05-01,Thies,Thiès,Mil,262.5,4
2025-05-01,Thies,Thiès,Niébé (haricot),937.5,4
2025-05-01,Thies,Thiès,Riz importé (brisé),350.0,4
2025-05-01,Thies,Thiès,Riz local,425.0,4
2025-05-01,Thies,Thiès,Riz ordinaire 1re qual.,500.0,3
2025-05-01,Thies,Thiès,Sorgho,300.0,3
2025-05-01,Ziguinchor,Ziguinchor,Arachide décortiquée,1025.0,2
2025-05-01,Ziguinchor,Ziguinchor,Arachide en coque,650.0,2
2025-05-01,Ziguinchor,Ziguinchor,Maïs local,375.0,2
2025-05-01,Ziguinchor,Ziguinchor,Mil,362.5,2
2025-05-01,Ziguinchor,Ziguinchor,Niébé (haricot),1100.0,2
2025-05-01,Ziguinchor,Ziguinchor,Riz importé (brisé),361.25,2
2025-05-01,Ziguinchor,Ziguinchor,Riz local,525.0,1
2025-05-01,Ziguinchor,Ziguinchor,Riz ordinaire 1re qual.,600.0,2
2025-05-01,Ziguinchor,Ziguinchor,Sorgho,475.0,2
2025-06-01,Dakar,Dakar,Arachide décortiquée,862.5,1
2025-06-01,Dakar,Dakar,Arachide en coque,975.0,2
2025-06-01,Dakar,Dakar,Maïs local,256.25,2
2025-06-01,Dakar,Dakar,Mil,265.0,1
2025-06-01,Dakar,Dakar,Niébé (haricot),987.5,2
2025-06-01,Dakar,Dakar,Riz importé (brisé),500.0,2
2025-06-01,Dakar,Dakar,Riz local,487.5,2
2025-06-01,Dakar,Dakar,Riz ordinaire 1re qual.,500.0,2
2025-06-01,Diourbel,Diourbel,Arachide décortiquée,975.0,3
2025-06-01,Diourbel,Diourbel,Arachide en coque,390.0,3
2025-06-01,Diourbel,Diourbel,Maïs local,300.0,2
2025-06-01,Diourbel,Diourbel,Mil,262.5,2
2025-06-01,Diourbel,Diourbel,Niébé (haricot),900.0,3
2025-06-01,Diourbel,Diourbel,Riz importé (brisé),350.0,3
2025-06-01,Diourbel,Diourbel,Riz local,420.0,3
2025-06-01,Diourbel,Diourbel,Riz ordinaire 1re qual.,550.0,2
2025-06-01,Diourbel,Diourbel,Sorgho,500.0,3
2025-06-01,Fatick,Fatick,Arachide décortiquée,866.67,5
2025-06-01,Fatick,Fatick,Arachide en coque,315.0,4
2025-06-01,Fatick,Fatick,Maïs local,287.5,5
2025-06-01,Fatick,Fatick,Mil,300.0,5
2025-06-01,Fatick,Fatick,Niébé (haricot),862.5,5
2025-06-01,Fatick,Fatick,Riz importé (brisé),350.0,5
2025-06-01,Fatick,Fatick,Riz local,300.0,5
2025-06-01,Fatick,Fatick,Riz ordinaire 1re qual.,525.0,5
2025-06-01,Fatick,Fatick,Sorgho,306.67,5
2025-06-01,Kaolack,Kaolack,Arachide décortiquée,1275.0,3
2025-06-01,Kaolack,Kaolack,Arachide en coque,403.125,4
2025-06-01,Kaolack,Kaolack,Maïs local,247.5,4
2025-06-01,Kaolack,Kaolack,Mil,220.0,4
2025-06-01,Kaolack,Kaolack,Niébé (haricot),800.0,2
2025-06-01,Kaolack,Kaolack,Riz importé (brisé),360.0,3
2025-06-01,Kaolack,Kaolack,Riz local,350.0,1
2025-06-01,Kaolack,Kaolack,Riz ordinaire 1re qual.,410.0,3
2025-06-01,Kaolack,Kaolack,Sorgho,357.5,1
2025-06-01,Kedougou,Kédougou,Arachide décortiquée,1000.0,3
2025-06-01,Kedougou,Kédougou,Maïs local,300.0,3
2025-06-01,Kedougou,Kédougou,Mil,400.0,3
2025-06-01,Kedougou,Kédougou,Niébé (haricot),950.0,3
2025-06-01,Kedougou,Kédougou,Riz importé (brisé),375.0,3
2025-06-01,Kedougou,Kédougou,Riz local,387.5,3
2025-06-01,Kedougou,Kédougou,Riz ordinaire 1re qual.,600.0,3
2025-06-01,Kedougou,Kédougou,Sorgho,430.0,1
2025-06-01,Kolda,Kolda,Arachide décortiquée,800.0,2
2025-06-01,Kolda,Kolda,Maïs local,250.0,2
2025-06-01,Kolda,Kolda,Mil,275.0,2
2025-06-01,Kolda,Kolda,Niébé (haricot),1125.0,2
2025-06-01,Kolda,Kolda,Riz importé (brisé),350.0,2
2025-06-01,Kolda,Kolda,Riz local,600.0,2
2025-06-01,Kolda,Kolda,Riz ordinaire 1re qual.,600.0,2
2025-06-01,Kolda,Kolda,Sorgho,300.0,1
2025-06-01,Louga,Louga,Arachide décortiquée,800.0,2
2025-06-01,Louga,Louga,Maïs local,250.0,2
2025-06-01,Louga,Louga,Mil,275.0,2
2025-06-01,Louga,Louga,Niébé (haricot),600.0,2
2025-06-01,Louga,Louga,Riz importé (brisé),370.0,2
2025-06-01,Louga,Louga,Riz local,360.0,2
2025-06-01,Louga,Louga,Riz ordinaire 1re qual.,500.0,2
2025-06-01,Matam,Matam,Arachide décortiquée,800.0,2
2025-06-01,Matam,Matam,Arachide en coque,500.0,2
2025-06-01,Matam,Matam,Maïs local,362.5,2
2025-06-01,Matam,Matam,Mil,337.5,2
2025-06-01,Matam,Matam,Niébé (haricot),868.75,2
2025-06-01,Matam,Matam,Riz importé (brisé),362.5,2
2025-06-01,Matam,Matam,Riz local,450.0,2
2025-06-01,Matam,Matam,Riz ordinaire 1re qual.,497.5,2
2025-06-01,Matam,Matam,Sorgho,400.0,2
2025-06-01,Saint Louis,Saint-Louis,Arachide décortiquée,937.5,2
2025-06-01,Saint Louis,Saint-Louis,Arachide en coque,500.0,1
2025-06-01,Saint Louis,Saint-Louis,Maïs local,250.0,2
2025-06-01,Saint Louis,Saint-Louis,Mil,280.0,2
2025-06-01,Saint Louis,Saint-Louis,Niébé (haricot),1062.5,2
2025-06-01,Saint Louis,Saint-Louis,Riz importé (brisé),350.0,2
2025-06-01,Saint Louis,Saint-Louis,Riz local,387.5,2
2025-06-01,Saint Louis,Saint-Louis,Riz ordinaire 1re qual.,600.0,1
2025-06-01,Tambacounda,Tambacounda,Arachide décortiquée,800.0,4
2025-06-01,Tambacounda,Tambacounda,Arachide en coque,350.0,2
2025-06-01,Tambacounda,Tambacounda,Maïs local,256.25,4
2025-06-01,Tambacounda,Tambacounda,Mil,300.0,4
2025-06-01,Tambacounda,Tambacounda,Niébé (haricot),800.0,4
2025-06-01,Tambacounda,Tambacounda,Riz importé (brisé),350.0,4
2025-06-01,Tambacounda,Tambacounda,Riz ordinaire 1re qual.,600.0,4
2025-06-01,Tambacounda,Tambacounda,Sorgho,300.0,3
2025-06-01,Thies,Thiès,Arachide décortiquée,983.335,4
2025-06-01,Thies,Thiès,Arachide en coque,435.41499999999996,4
2025-06-01,Thies,Thiès,Maïs local,316.66499999999996,4
2025-06-01,Thies,Thiès,Mil,335.41499999999996,4
2025-06-01,Thies,Thiès,Niébé (haricot),962.5,4
2025-06-01,Thies,Thiès,Riz importé (brisé),350.0,4
2025-06-01,Thies,Thiès,Riz local,425.0,4
2025-06-01,Thies,Thiès,Riz ordinaire 1re qual.,500.0,3
2025-06-01,Thies,Thiès,Sorgho,350.0,3
2025-06-01,Ziguinchor,Ziguinchor,Arachide décortiquée,1000.0,1
2025-06-01,Ziguinchor,Ziguinchor,Arachide en coque,600.0,1
2025-06-01,Ziguinchor,Ziguinchor,Maïs local,400.0,1
2025-06-01,Ziguinchor,Ziguinchor,Mil,400.0,1
2025-06-01,Ziguinchor,Ziguinchor,Niébé (haricot),1200.0,1
2025-06-01,Ziguinchor,Ziguinchor,Riz importé (brisé),350.0,1
2025-06-01,Ziguinchor,Ziguinchor,Riz ordinaire 1re qual.,600.0,1
2025-06-01,Ziguinchor,Ziguinchor,Sorgho,500.0,1
2025-07-01,Dakar,Dakar,Arachide décortiquée,818.75,2
2025-07-01,Dakar,Dakar,Arachide en coque,837.5,2
2025-07-01,Dakar,Dakar,Maïs importé,293.75,2
2025-07-01,Dakar,Dakar,Maïs local,300.0,2
2025-07-01,Dakar,Dakar,Mil,250.0,1
2025-07-01,Dakar,Dakar,Niébé (haricot),909.25,2
2025-07-01,Dakar,Dakar,Riz importé (brisé),443.75,2
2025-07-01,Dakar,Dakar,Riz local,475.0,2
2025-07-01,Dakar,Dakar,Riz ordinaire 1re qual.,500.0,2
2025-07-01,Dakar,Dakar,Sorgho importé,337.5,2
2025-07-01,Diourbel,Diourbel,Arachide décortiquée,1262.5,4
2025-07-01,Diourbel,Diourbel,Arachide en coque,425.0,4
2025-07-01,Diourbel,Diourbel,Maïs importé,275.0,4
2025-07-01,Diourbel,Diourbel,Maïs local,300.0,3
2025-07-01,Diourbel,Diourbel,Mil,275.0,4
2025-07-01,Diourbel,Diourbel,Niébé (haricot),893.75,4
2025-07-01,Diourbel,Diourbel,Riz importé (brisé),350.0,4
2025-07-01,Diourbel,Diourbel,Riz local,415.0,4
2025-07-01,Diourbel,Diourbel,Riz ordinaire 1re qual.,550.0,3
2025-07-01,Diourbel,Diourbel,Sorgho,475.0,4
2025-07-01,Fatick,Fatick,Arachide décortiquée,1212.5,2
2025-07-01,Fatick,Fatick,Arachide en coque,355.0,2
2025-07-01,Fatick,Fatick,Maïs importé,287.5,2
2025-07-01,Fatick,Fatick,Maïs local,312.5,2
2025-07-01,Fatick,Fatick,Mil,287.5,2
2025-07-01,Fatick,Fatick,Niébé (haricot),887.5,2
2025-07-01,Fatick,Fatick,Riz importé (brisé),345.0,2
2025-07-01,Fatick,Fatick,Riz local,350.0,2
2025-07-01,Fatick,Fatick,Riz ordinaire 1re qual.,537.5,2
2025-07-01,Fatick,Fatick,Sorgho,437.5,2
2025-07-01,Kaolack,Kaolack,Arachide décortiquée,1150.0,3
2025-07-01,Kaolack,Kaolack,Arachide en coque,375.0,4
2025-07-01,Kaolack,Kaolack,Maïs importé,245.0,4
2025-07-01,Kaolack,Kaolack,Maïs local,231.875,4
2025-07-01,Kaolack,Kaolack,Mil,210.625,4
2025-07-01,Kaolack,Kaolack,Niébé (haricot),833.33,3
2025-07-01,Kaolack,Kaolack,Riz importé (brisé),365.0,4
2025-07-01,Kaolack,Kaolack,Riz local,350.0,1
2025-07-01,Kaolack,Kaolack,Riz ordinaire 1re qual.,410.0,3
2025-07-01,Kaolack,Kaolack,Sorgho,328.0,1
2025-07-01,Kedougou,Kédougou,Arachide décortiquée,1000.0,3
2025-07-01,Kedougou,Kédougou,Maïs local,300.0,3
2025-07-01,Kedougou,Kédougou,Mil,500.0,3
2025-07-01,Kedougou,Kédougou,Niébé (haricot),933.33,3
2025-07-01,Kedougou,Kédougou,Riz importé (brisé),375.0,3
2025-07-01,Kedougou,Kédougou,Riz local,350.0,3
2025-07-01,Kedougou,Kédougou,Riz ordinaire 1re qual.,600.0,3
2025-07-01,Kedougou,Kédougou,Sorgho,500.0,1
2025-07-01,Kolda,Kolda,Arachide décortiquée,1100.0,3
2025-07-01,Kolda,Kolda,Arachide en coque,385.0,1
2025-07-01,Kolda,Kolda,Maïs local,300.0,3
2025-07-01,Kolda,Kolda,Mil,300.0,3
2025-07-01,Kolda,Kolda,Niébé (haricot),1000.0,3
2025-07-01,Kolda,Kolda,Riz importé (brisé),350.0,3
2025-07-01,Kolda,Kolda,Riz local,540.0,2
2025-07-01,Kolda,Kolda,Riz ordinaire 1re qual.,575.0,2
2025-07-01,Kolda,Kolda,Sorgho,300.0,3
2025-07-01,Louga,Louga,Arachide décortiquée,1118.75,2
2025-07-01,Louga,Louga,Maïs importé,300.0,2
2025-07-01,Louga,Louga,Maïs local,250.0,2
2025-07-01,Louga,Louga,Mil,285.0,2
2025-07-01,Louga,Louga,Niébé (haricot),906.25,2
2025-07-01,Louga,Louga,Riz importé (brisé),367.5,2
2025-07-01,Louga,Louga,Riz local,375.0,2
2025-07-01,Louga,Louga,Riz ordinaire 1re qual.,500.0,2
2025-07-01,Louga,Louga,Sorgho importé,300.0,2
2025-07-01,Matam,Matam,Arachide décortiquée,833.33,3
2025-07-01,Matam,Matam,Arachide en coque,500.0,3
2025-07-01,Matam,Matam,Maïs importé,325.0,3
2025-07-01,Matam,Matam,Mil,350.0,3
2025-07-01,Matam,Matam,Niébé (haricot),933.33,3
2025-07-01,Matam,Matam,Riz importé (brisé),365.0,3
2025-07-01,Matam,Matam,Riz local,443.75,3
2025-07-01,Matam,Matam,Riz ordinaire 1re qual.,587.5,3
2025-07-01,Matam,Matam,Sorgho,400.0,3
2025-07-01,Matam,Matam,Sorgho importé,400.0,1
2025-07-01,Saint Louis,Saint-Louis,Arachide décortiquée,1116.665,2
2025-07-01,Saint Louis,Saint-Louis,Arachide en coque,925.0,2
2025-07-01,Saint Louis,Saint-Louis,Maïs importé,300.0,2
2025-07-01,Saint Louis,Saint-Louis,Maïs local,318.75,2
2025-07-01,Saint Louis,Saint-Louis,Mil,306.25,2
2025-07-01,Saint Louis,Saint-Louis,Niébé (haricot),1012.5,2
2025-07-01,Saint Louis,Saint-Louis,Riz importé (brisé),350.0,2
2025-07-01,Saint Louis,Saint-Louis,Riz local,375.0,2
2025-07-01,Saint Louis,Saint-Louis,Riz ordinaire 1re qual.,600.0,1
2025-07-01,Saint Louis,Saint-Louis,Sorgho,375.0,1
2025-07-01,Saint Louis,Saint-Louis,Sorgho importé,375.0,1
2025-07-01,Sedhiou,Sédhiou,Arachide décortiquée,1000.0,1
2025-07-01,Sedhiou,Sédhiou,Maïs local,300.0,1
2025-07-01,Sedhiou,Sédhiou,Mil,300.0,1
2025-07-01,Sedhiou,Sédhiou,Niébé (haricot),1250.0,1
2025-07-01,Sedhiou,Sédhiou,Riz importé (brisé),350.0,1
2025-07-01,Sedhiou,Sédhiou,Riz ordinaire 1re qual.,550.0,1
2025-07-01,Sedhiou,Sédhiou,Sorgho,550.0,1
2025-07-01,Tambacounda,Tambacounda,Arachide décortiquée,1012.5,4
2025-07-01,Tambacounda,Tambacounda,Arachide en coque,725.0,2
2025-07-01,Tambacounda,Tambacounda,Maïs importé,300.0,3
2025-07-01,Tambacounda,Tambacounda,Maïs local,278.125,4
2025-07-01,Tambacounda,Tambacounda,Mil,306.25,4
2025-07-01,Tambacounda,Tambacounda,Niébé (haricot),831.25,4
2025-07-01,Tambacounda,Tambacounda,Riz importé (brisé),350.0,3
2025-07-01,Tambacounda,Tambacounda,Riz ordinaire 1re qual.,600.0,4
2025-07-01,Tambacounda,Tambacounda,Sorgho,275.0,3
2025-07-01,Tambacounda,Tambacounda,Sorgho importé,300.0,3
2025-07-01,Thies,Thiès,Arachide décortiquée,970.835,4
2025-07-01,Thies,Thiès,Arachide en coque,487.5,4
2025-07-01,Thies,Thiès,Maïs importé,350.0,4
2025-07-01,Thies,Thiès,Maïs local,342.5,4
2025-07-01,Thies,Thiès,Mil,385.0,4
2025-07-01,Thies,Thiès,Niébé (haricot),972.915,4
2025-07-01,Thies,Thiès,Riz importé (brisé),350.0,4
2025-07-01,Thies,Thiès,Riz local,425.0,4
2025-07-01,Thies,Thiès,Riz ordinaire 1re qual.,500.0,3
2025-07-01,Thies,Thiès,Sorgho,350.0,3
2025-07-01,Thies,Thiès,Sorgho importé,350.0,1
2025-07-01,Ziguinchor,Ziguinchor,Arachide décortiquée,1200.0,2
2025-07-01,Ziguinchor,Ziguinchor,Arachide en coque,716.665,2
2025-07-01,Ziguinchor,Ziguinchor,Maïs importé,300.0,2
2025-07-01,Ziguinchor,Ziguinchor,Maïs local,366.66499999999996,2
2025-07-01,Ziguinchor,Ziguinchor,Mil,358.33500000000004,2
2025-07-01,Ziguinchor,Ziguinchor,Niébé (haricot),1100.0,2
2025-07-01,Ziguinchor,Ziguinchor,Riz importé (brisé),350.0,2
2025-07-01,Ziguinchor,Ziguinchor,Riz local,500.0,2
2025-07-01,Ziguinchor,Ziguinchor,Riz ordinaire 1re qual.,600.0,2
2025-07-01,Ziguinchor,Ziguinchor,Sorgho,441.66499999999996,2
2025-08-01,Dakar,Dakar,Arachide décortiquée,975.0,1
2025-08-01,Dakar,Dakar,Arachide en coque,850.0,2
2025-08-01,Dakar,Dakar,Maïs importé,300.0,2
2025-08-01,Dakar,Dakar,Maïs local,300.0,2
2025-08-01,Dakar,Dakar,Mil,266.67,1
2025-08-01,Dakar,Dakar,Niébé (haricot),950.0,2
2025-08-01,Dakar,Dakar,Riz importé (brisé),450.0,2
2025-08-01,Dakar,Dakar,Riz local,500.0,2
2025-08-01,Dakar,Dakar,Riz ordinaire 1re qual.,500.0,2
2025-08-01,Dakar,Dakar,Sorgho importé,337.5,2
2025-08-01,Diourbel,Diourbel,Arachide décortiquée,1025.0,4
2025-08-01,Diourbel,Diourbel,Arachide en coque,500.0,4
2025-08-01,Diourbel,Diourbel,Maïs importé,287.5,4
2025-08-01,Diourbel,Diourbel,Maïs local,300.0,3
2025-08-01,Diourbel,Diourbel,Mil,290.0,3
2025-08-01,Diourbel,Diourbel,Niébé (haricot),825.0,4
2025-08-01,Diourbel,Diourbel,Riz importé (brisé),366.25,4
2025-08-01,Diourbel,Diourbel,Riz local,445.0,4
2025-08-01,Diourbel,Diourbel,Riz ordinaire 1re qual.,550.0,3
2025-08-01,Diourbel,Diourbel,Sorgho,487.5,4
2025-08-01,Fatick,Fatick,Arachide décortiquée,1125.0,6
2025-08-01,Fatick,Fatick,Arachide en coque,450.0,5
2025-08-01,Fatick,Fatick,Maïs importé,300.0,6
2025-08-01,Fatick,Fatick,Maïs local,250.0,6
2025-08-01,Fatick,Fatick,Mil,282.5,6
2025-08-01,Fatick,Fatick,Niébé (haricot),937.5,6
2025-08-01,Fatick,Fatick,Riz importé (brisé),350.0,5
2025-08-01,Fatick,Fatick,Riz local,322.5,4
2025-08-01,Fatick,Fatick,Riz ordinaire 1re qual.,550.0,6
2025-08-01,Fatick,Fatick,Sorgho,400.0,6
2025-08-01,Fatick,Fatick,Sorgho importé,400.0,4
2025-08-01,Kaffrine,Kaffrine,Arachide décortiquée,700.0,2
2025-08-01,Kaffrine,Kaffrine,Arachide en coque,725.0,2
2025-08-01,Kaffrine,Kaffrine,Maïs importé,320.0,2
2025-08-01,Kaffrine,Kaffrine,Maïs local,210.0,2
2025-08-01,Kaffrine,Kaffrine,Mil,220.0,2
2025-08-01,Kaffrine,Kaffrine,Niébé (haricot),625.0,3
2025-08-01,Kaffrine,Kaffrine,Riz importé (brisé),360.0,2
2025-08-01,Kaffrine,Kaffrine,Riz ordinaire 1re qual.,600.0,2
2025-08-01,Kaffrine,Kaffrine,Sorgho,283.33500000000004,2
2025-08-01,Kaolack,Kaolack,Arachide décortiquée,939.585,4
2025-08-01,Kaolack,Kaolack,Maïs importé,224.375,4
2025-08-01,Kaolack,Kaolack,Maïs local,229.625,4
2025-08-01,Kaolack,Kaolack,Mil,226.25,4
2025-08-01,Kaolack,Kaolack,Niébé (haricot),752.5,4
2025-08-01,Kaolack,Kaolack,Riz importé (brisé),363.0,4
2025-08-01,Kaolack,Kaolack,Riz local,350.0,1
2025-08-01,Kaolack,Kaolack,Riz ordinaire 1re qual.,405.0,4
2025-08-01,Kaolack,Kaolack,Sorgho,302.5,1
2025-08-01,Kedougou,Kédougou,Arachide décortiquée,1000.0,3
2025-08-01,Kedougou,Kédougou,Maïs local,300.0,3
2025-08-01,Kedougou,Kédougou,Mil,500.0,3
2025-08-01,Kedougou,Kédougou,Niébé (haricot),962.5,3
2025-08-01,Kedougou,Kédougou,Riz importé (brisé),375.0,3
2025-08-01,Kedougou,Kédougou,Riz local,350.0,3
2025-08-01,Kedougou,Kédougou,Riz ordinaire 1re qual.,600.0,3
2025-08-01,Kedougou,Kédougou,Sorgho,400.0,1
2025-08-01,Kolda,Kolda,Arachide décortiquée,1050.0,3
2025-08-01,Kolda,Kolda,Arachide en coque,350.0,1
2025-08-01,Kolda,Kolda,Maïs local,300.0,3
2025-08-01,Kolda,Kolda,Mil,300.0,3
2025-08-01,Kolda,Kolda,Niébé (haricot),1000.0,3
2025-08-01,Kolda,Kolda,Riz importé (brisé),350.0,3
2025-08-01,Kolda,Kolda,Riz local,500.0,2
2025-08-01,Kolda,Kolda,Riz ordinaire 1re qual.,575.0,2
2025-08-01,Kolda,Kolda,Sorgho,300.0,3
2025-08-01,Louga,Louga,Arachide décortiquée,1033.335,4
2025-08-01,Louga,Louga,Maïs importé,294.16499999999996,4
2025-08-01,Louga,Louga,Mil,295.83500000000004,4
2025-08-01,Louga,Louga,Niébé (haricot),916.665,4
2025-08-01,Louga,Louga,Riz importé (brisé),370.0,4
2025-08-01,Louga,Louga,Riz local,360.0,4
2025-08-01,Louga,Louga,Riz ordinaire 1re qual.,500.0,3
2025-08-01,Matam,Matam,Arachide décortiquée,900.0,3
2025-08-01,Matam,Matam,Arachide en coque,600.0,3
2025-08-01,Matam,Matam,Maïs importé,312.5,3
2025-08-01,Matam,Matam,Maïs local,343.75,2
2025-08-01,Matam,Matam,Mil,381.25,3
2025-08-01,Matam,Matam,Niébé (haricot),1000.0,3
2025-08-01,Matam,Matam,Riz importé (brisé),366.0,3
2025-08-01,Matam,Matam,Riz local,431.25,3
2025-08-01,Matam,Matam,Riz ordinaire 1re qual.,600.0,3
2025-08-01,Matam,Matam,Sorgho,387.5,2
2025-08-01,Matam,Matam,Sorgho importé,375.0,3
2025-08-01,Saint Louis,Saint-Louis,Arachide décortiquée,975.0,2
2025-08-01,Saint Louis,Saint-Louis,Arachide en coque,1000.0,1
2025-08-01,Saint Louis,Saint-Louis,Maïs importé,300.0,1
2025-08-01,Saint Louis,Saint-Louis,Maïs local,300.0,2
2025-08-01,Saint Louis,Saint-Louis,Mil,300.0,2
2025-08-01,Saint Louis,Saint-Louis,Niébé (haricot),1037.5,2
2025-08-01,Saint Louis,Saint-Louis,Riz importé (brisé),350.0,2
2025-08-01,Saint Louis,Saint-Louis,Riz local,362.5,2
2025-08-01,Saint Louis,Saint-Louis,Riz ordinaire 1re qual.,600.0,1
2025-08-01,Saint Louis,Saint-Louis,Sorgho importé,325.0,1
2025-08-01,Sedhiou,Sédhiou,Arachide décortiquée,1000.0,1
2025-08-01,Sedhiou,Sédhiou,Maïs local,400.0,1
2025-08-01,Sedhiou,Sédhiou,Mil,350.0,1
2025-08-01,Sedhiou,Sédhiou,Niébé (haricot),1250.0,1
2025-08-01,Sedhiou,Sédhiou,Riz importé (brisé),350.0,1
2025-08-01,Sedhiou,Sédhiou,Riz ordinaire 1re qual.,550.0,1
2025-08-01,Sedhiou,Sédhiou,Sorgho,300.0,1
2025-08-01,Tambacounda,Tambacounda,Arachide décortiquée,1075.0,4
2025-08-01,Tambacounda,Tambacounda,Arachide en coque,800.0,1
2025-08-01,Tambacounda,Tambacounda,Maïs importé,340.625,4
2025-08-01,Tambacounda,Tambacounda,Maïs local,328.125,4
2025-08-01,Tambacounda,Tambacounda,Mil,350.0,4
2025-08-01,Tambacounda,Tambacounda,Niébé (haricot),765.625,4
2025-08-01,Tambacounda,Tambacounda,Riz importé (brisé),359.375,4
2025-08-01,Tambacounda,Tambacounda,Riz ordinaire 1re qual.,600.0,4
2025-08-01,Tambacounda,Tambacounda,Sorgho,300.0,3
2025-08-01,Tambacounda,Tambacounda,Sorgho importé,325.0,4
2025-08-01,Thies,Thiès,Arachide décortiquée,1000.0,4
2025-08-01,Thies,Thiès,Arachide en coque,512.5,4
2025-08-01,Thies,Thiès,Maïs importé,350.0,4
2025-08-01,Thies,Thiès,Maïs local,350.0,4
2025-08-01,Thies,Thiès,Mil,400.0,4
2025-08-01,Thies,Thiès,Niébé (haricot),1100.0,4
2025-08-01,Thies,Thiès,Riz importé (brisé),350.0,4
2025-08-01,Thies,Thiès,Riz local,420.83500000000004,4
2025-08-01,Thies,Thiès,Riz ordinaire 1re qual.,500.0,3
2025-08-01,Thies,Thiès,Sorgho,400.0,3
2025-08-01,Thies,Thiès,Sorgho importé,350.0,1
2025-08-01,Ziguinchor,Ziguinchor,Arachide décortiquée,1350.0,2
2025-08-01,Ziguinchor,Ziguinchor,Arachide en coque,800.0,1
2025-08-01,Ziguinchor,Ziguinchor,Maïs local,425.0,2
2025-08-01,Ziguinchor,Ziguinchor,Mil,400.0,1
2025-08-01,Ziguinchor,Ziguinchor,Niébé (haricot),1075.0,2
2025-08-01,Ziguinchor,Ziguinchor,Riz importé (brisé),350.0,2
2025-08-01,Ziguinchor,Ziguinchor,Riz local,500.0,2
2025-08-01,Ziguinchor,Ziguinchor,Riz ordinaire 1re qual.,600.0,2
2025-08-01,Ziguinchor,Ziguinchor,Sorgho,500.0,2
2025-09-01,Dakar,Dakar,Arachide décortiquée,1175.0,2
2025-09-01,Dakar,Dakar,Arachide en coque,925.0,2
2025-09-01,Dakar,Dakar,Maïs importé,300.0,2
2025-09-01,Dakar,Dakar,Maïs local,275.0,2
2025-09-01,Dakar,Dakar,Mil,325.0,2
2025-09-01,Dakar,Dakar,Niébé (haricot),950.0,2
2025-09-01,Dakar,Dakar,Riz importé (brisé),450.0,2
2025-09-01,Dakar,Dakar,Riz local,500.0,2
2025-09-01,Dakar,Dakar,Riz ordinaire 1re qual.,500.0,2
2025-09-01,Dakar,Dakar,Sorgho importé,325.0,2
2025-09-01,Diourbel,Diourbel,Arachide décortiquée,850.0,4
2025-09-01,Diourbel,Diourbel,Arachide en coque,400.0,4
2025-09-01,Diourbel,Diourbel,Maïs importé,262.5,4
2025-09-01,Diourbel,Diourbel,Maïs local,287.5,4
2025-09-01,Diourbel,Diourbel,Mil,300.0,3
2025-09-01,Diourbel,Diourbel,Niébé (haricot),787.5,4
2025-09-01,Diourbel,Diourbel,Riz importé (brisé),368.75,4
2025-09-01,Diourbel,Diourbel,Riz local,445.0,4
2025-09-01,Diourbel,Diourbel,Riz ordinaire 1re qual.,550.0,3
2025-09-01,Diourbel,Diourbel,Sorgho,387.5,4
2025-09-01,Fatick,Fatick,Arachide décortiquée,1150.0,5
2025-09-01,Fatick,Fatick,Arachide en coque,450.0,5
2025-09-01,Fatick,Fatick,Maïs importé,279.16499999999996,4
2025-09-01,Fatick,Fatick,Maïs local,250.0,5
2025-09-01,Fatick,Fatick,Mil,296.67,5
2025-09-01,Fatick,Fatick,Niébé (haricot),950.0,5
2025-09-01,Fatick,Fatick,Riz importé (brisé),350.0,3
2025-09-01,Fatick,Fatick,Riz local,333.33,5
2025-09-01,Fatick,Fatick,Riz ordinaire 1re qual.,530.0,5
2025-09-01,Fatick,Fatick,Sorgho,400.0,5
2025-09-01,Fatick,Fatick,Sorgho importé,400.0,3
2025-09-01,Kaolack,Kaolack,Arachide décortiquée,908.335,4
2025-09-01,Kaolack,Kaolack,Arachide en coque,350.0,3
2025-09-01,Kaolack,Kaolack,Maïs importé,230.0,3
2025-09-01,Kaolack,Kaolack,Maïs local,222.29000000000002,4
2025-09-01,Kaolack,Kaolack,Mil,238.33,3
2025-09-01,Kaolack,Kaolack,Niébé (haricot),708.335,4
2025-09-01,Kaolack,Kaolack,Riz importé (brisé),350.0,3
2025-09-01,Kaolack,Kaolack,Riz local,350.0,1
2025-09-01,Kaolack,Kaolack,Riz ordinaire 1re qual.,405.0,3
2025-09-01,Kaolack,Kaolack,Sorgho,300.0,1
2025-09-01,Kedougou,Kédougou,Arachide décortiquée,1000.0,3
2025-09-01,Kedougou,Kédougou,Maïs local,350.0,3
2025-09-01,Kedougou,Kédougou,Mil,500.0,3
2025-09-01,Kedougou,Kédougou,Niébé (haricot),950.0,3
2025-09-01,Kedougou,Kédougou,Riz importé (brisé),375.0,3
2025-09-01,Kedougou,Kédougou,Riz local,400.0,3
2025-09-01,Kedougou,Kédougou,Riz ordinaire 1re qual.,575.0,3
2025-09-01,Kedougou,Kédougou,Sorgho,462.5,2
2025-09-01,Kolda,Kolda,Arachide décortiquée,1000.0,3
2025-09-01,Kolda,Kolda,Arachide en coque,350.0,1
2025-09-01,Kolda,Kolda,Maïs local,275.0,3
2025-09-01,Kolda,Kolda,Mil,300.0,3
2025-09-01,Kolda,Kolda,Niébé (haricot),1000.0,3
2025-09-01,Kolda,Kolda,Riz importé (brisé),350.0,3
2025-09-01,Kolda,Kolda,Riz local,500.0,2
2025-09-01,Kolda,Kolda,Riz ordinaire 1re qual.,550.0,2
2025-09-01,Kolda,Kolda,Sorgho,275.0,2
2025-09-01,Louga,Louga,Arachide décortiquée,1016.665,2
2025-09-01,Louga,Louga,Maïs importé,250.0,3
2025-09-01,Louga,Louga,Maïs local,400.0,1
2025-09-01,Louga,Louga,Mil,312.5,3
2025-09-01,Louga,Louga,Niébé (haricot),764.585,2
2025-09-01,Louga,Louga,Riz importé (brisé),370.0,2
2025-09-01,Louga,Louga,Riz local,360.0,3
2025-09-01,Louga,Louga,Riz ordinaire 1re qual.,525.0,2
2025-09-01,Louga,Louga,Sorgho,375.0,2
2025-09-01,Matam,Matam,Arachide décortiquée,900.0,3
2025-09-01,Matam,Matam,Arachide en coque,750.0,3
2025-09-01,Matam,Matam,Maïs importé,310.0,3
2025-09-01,Matam,Matam,Maïs local,350.0,3
2025-09-01,Matam,Matam,Mil,366.67,3
2025-09-01,Matam,Matam,Niébé (haricot),1050.0,3
2025-09-01,Matam,Matam,Riz importé (brisé),377.5,3
2025-09-01,Matam,Matam,Riz local,458.33,3
2025-09-01,Matam,Matam,Riz ordinaire 1re qual.,600.0,3
2025-09-01,Matam,Matam,Sorgho,400.0,3
2025-09-01,Matam,Matam,Sorgho importé,366.67,3
2025-09-01,Saint Louis,Saint-Louis,Arachide décortiquée,1025.0,2
2025-09-01,Saint Louis,Saint-Louis,Maïs importé,266.66499999999996,2
2025-09-01,Saint Louis,Saint-Louis,Maïs local,300.0,1
2025-09-01,Saint Louis,Saint-Louis,Mil,312.5,2
2025-09-01,Saint Louis,Saint-Louis,Niébé (haricot),883.335,2
2025-09-01,Saint Louis,Saint-Louis,Riz importé (brisé),350.0,2
2025-09-01,Saint Louis,Saint-Louis,Riz local,350.0,2
2025-09-01,Saint Louis,Saint-Louis,Riz ordinaire 1re qual.,600.0,1
2025-09-01,Saint Louis,Saint-Louis,Sorgho importé,350.0,1
2025-09-01,Tambacounda,Tambacounda,Arachide décortiquée,1233.335,4
2025-09-01,Tambacounda,Tambacounda,Maïs importé,350.0,4
2025-09-01,Tambacounda,Tambacounda,Maïs local,337.5,4
2025-09-01,Tambacounda,Tambacounda,Mil,366.66499999999996,4
2025-09-01,Tambacounda,Tambacounda,Niébé (haricot),491.67,3
2025-09-01,Tambacounda,Tambacounda,Riz importé (brisé),362.5,4
2025-09-01,Tambacounda,Tambacounda,Riz ordinaire 1re qual.,600.0,4
2025-09-01,Tambacounda,Tambacounda,Sorgho,300.0,3
2025-09-01,Tambacounda,Tambacounda,Sorgho importé,337.5,4
2025-09-01,Thies,Thiès,Arachide décortiquée,1000.0,4
2025-09-01,Thies,Thiès,Arachide en coque,525.0,4
2025-09-01,Thies,Thiès,Maïs importé,350.0,4
2025-09-01,Thies,Thiès,Maïs local,350.0,4
2025-09-01,Thies,Thiès,Mil,400.0,4
2025-09-01,Thies,Thiès,Niébé (haricot),1100.0,4
2025-09-01,Thies,Thiès,Riz importé (brisé),350.0,4
2025-09-01,Thies,Thiès,Riz local,420.83500000000004,4
2025-09-01,Thies,Thiès,Riz ordinaire 1re qual.,500.0,3
2025-09-01,Thies,Thiès,Sorgho,400.0,3
2025-09-01,Thies,Thiès,Sorgho importé,350.0,1
2025-09-01,Ziguinchor,Ziguinchor,Arachide décortiquée,1350.0,2
2025-09-01,Ziguinchor,Ziguinchor,Arachide en coque,1000.0,1
2025-09-01,Ziguinchor,Ziguinchor,Maïs local,375.0,1
2025-09-01,Ziguinchor,Ziguinchor,Mil,375.0,1
2025-09-01,Ziguinchor,Ziguinchor,Niébé (haricot),1050.0,2
2025-09-01,Ziguinchor,Ziguinchor,Riz importé (brisé),350.0,2
2025-09-01,Ziguinchor,Ziguinchor,Riz local,500.0,2
2025-09-01,Ziguinchor,Ziguinchor,Riz ordinaire 1re qual.,600.0,2
2025-09-01,Ziguinchor,Ziguinchor,Sorgho,500.0,1
2025-10-01,Dakar,Dakar,Maïs importé,325.0,2
2025-10-01,Dakar,Dakar,Maïs local,260.0,2
2025-10-01,Dakar,Dakar,Mil,325.0,2
2025-10-01,Dakar,Dakar,Riz importé (brisé),450.0,2
2025-10-01,Dakar,Dakar,Riz local,450.0,2
2025-10-01,Dakar,Dakar,Riz ordinaire 1re qual.,500.0,2
2025-10-01,Dakar,Dakar,Sorgho importé,325.0,2
2025-10-01,Diourbel,Diourbel,Maïs importé,262.5,4
2025-10-01,Diourbel,Diourbel,Maïs local,250.0,4
2025-10-01,Diourbel,Diourbel,Mil,287.5,4
2025-10-01,Diourbel,Diourbel,Riz importé (brisé),375.0,4
2025-10-01,Diourbel,Diourbel,Riz local,445.0,4
2025-10-01,Diourbel,Diourbel,Riz ordinaire 1re qual.,550.0,3
2025-10-01,Diourbel,Diourbel,Sorgho,412.5,4
2025-10-01,Fatick,Fatick,Maïs importé,250.0,1
2025-10-01,Fatick,Fatick,Maïs local,275.0,1
2025-10-01,Fatick,Fatick,Mil,270.0,1
2025-10-01,Fatick,Fatick,Riz importé (brisé),375.0,1
2025-10-01,Fatick,Fatick,Riz local,440.0,1
2025-10-01,Fatick,Fatick,Riz ordinaire 1re qual.,550.0,1
2025-10-01,Fatick,Fatick,Sorgho,375.0,1
2025-10-01,Kaolack,Kaolack,Maïs importé,208.0,1
2025-10-01,Kaolack,Kaolack,Maïs local,214.25,4
2025-10-01,Kaolack,Kaolack,Mil,253.75,4
2025-10-01,Kaolack,Kaolack,Riz importé (brisé),350.0,4
2025-10-01,Kaolack,Kaolack,Riz local,350.0,1
2025-10-01,Kaolack,Kaolack,Riz ordinaire 1re qual.,400.0,3
2025-10-01,Kaolack,Kaolack,Sorgho,300.0,1
2025-10-01,Kedougou,Kédougou,Maïs local,400.0,3
2025-10-01,Kedougou,Kédougou,Mil,500.0,3
2025-10-01,Kedougou,Kédougou,Riz importé (brisé),375.0,3
2025-10-01,Kedougou,Kédougou,Riz local,350.0,3
2025-10-01,Kedougou,Kédougou,Riz ordinaire 1re qual.,500.0,3
2025-10-01,Kedougou,Kédougou,Sorgho,440.0,2
2025-10-01,Kolda,Kolda,Maïs local,250.0,3
2025-10-01,Kolda,Kolda,Mil,300.0,3
2025-10-01,Kolda,Kolda,Riz importé (brisé),350.0,3
2025-10-01,Kolda,Kolda,Riz local,465.0,2
2025-10-01,Kolda,Kolda,Riz ordinaire 1re qual.,575.0,2
2025-10-01,Kolda,Kolda,Sorgho,262.5,2
2025-10-01,Louga,Louga,Maïs importé,250.0,4
2025-10-01,Louga,Louga,Maïs local,337.5,2
2025-10-01,Louga,Louga,Mil,308.96000000000004,4
2025-10-01,Louga,Louga,Riz importé (brisé),357.5,4
2025-10-01,Louga,Louga,Riz local,370.83500000000004,4
2025-10-01,Louga,Louga,Riz ordinaire 1re qual.,500.0,4
2025-10-01,Louga,Louga,Sorgho,400.0,1
2025-10-01,Louga,Louga,Sorgho importé,300.0,2
2025-10-01,Matam,Matam,Maïs importé,325.0,3
2025-10-01,Matam,Matam,Maïs local,350.0,3
2025-10-01,Matam,Matam,Mil,362.5,3
2025-10-01,Matam,Matam,Riz importé (brisé),377.5,3
2025-10-01,Matam,Matam,Riz local,418.75,3
2025-10-01,Matam,Matam,Riz ordinaire 1re qual.,587.5,3
2025-10-01,Matam,Matam,Sorgho,400.0,3
2025-10-01,Matam,Matam,Sorgho importé,350.0,3
2025-10-01,Saint Louis,Saint-Louis,Maïs importé,300.0,1
2025-10-01,Saint Louis,Saint-Louis,Maïs local,300.0,1
2025-10-01,Saint Louis,Saint-Louis,Mil,300.0,1
2025-10-01,Saint Louis,Saint-Louis,Riz importé (brisé),350.0,1
2025-10-01,Saint Louis,Saint-Louis,Riz local,350.0,1
2025-10-01,Sedhiou,Sédhiou,Maïs local,300.0,1
2025-10-01,Sedhiou,Sédhiou,Mil,350.0,1
2025-10-01,Sedhiou,Sédhiou,Riz importé (brisé),350.0,1
2025-10-01,Sedhiou,Sédhiou,Riz local,550.0,1
2025-10-01,Sedhiou,Sédhiou,Riz ordinaire 1re qual.,550.0,1
2025-10-01,Tambacounda,Tambacounda,Maïs importé,345.83500000000004,4
2025-10-01,Tambacounda,Tambacounda,Maïs local,337.5,4
2025-10-01,Tambacounda,Tambacounda,Mil,362.5,4
2025-10-01,Tambacounda,Tambacounda,Riz importé (brisé),350.0,4
2025-10-01,Tambacounda,Tambacounda,Riz ordinaire 1re qual.,600.0,4
2025-10-01,Tambacounda,Tambacounda,Sorgho,300.0,3
2025-10-01,Tambacounda,Tambacounda,Sorgho importé,329.16499999999996,4
2025-10-01,Thies,Thiès,Maïs importé,350.0,4
2025-10-01,Thies,Thiès,Maïs local,350.0,4
2025-10-01,Thies,Thiès,Mil,375.0,4
2025-10-01,Thies,Thiès,Riz importé (brisé),350.0,4
2025-10-01,Thies,Thiès,Riz local,425.0,4
2025-10-01,Thies,Thiès,Riz ordinaire 1re qual.,500.0,3
2025-10-01,Thies,Thiès,Sorgho,400.0,3
2025-10-01,Thies,Thiès,Sorgho importé,350.0,1
2025-10-01,Ziguinchor,Ziguinchor,Maïs local,400.0,2
2025-10-01,Ziguinchor,Ziguinchor,Mil,400.0,2
2025-10-01,Ziguinchor,Ziguinchor,Riz importé (brisé),350.0,2
2025-10-01,Ziguinchor,Ziguinchor,Riz local,500.0,2
2025-10-01,Ziguinchor,Ziguinchor,Riz ordinaire 1re qual.,600.0,2
2025-10-01,Ziguinchor,Ziguinchor,Sorgho,500.0,2
2025-11-01,Dakar,Dakar,Arachide décortiquée,800.0,1
2025-11-01,Dakar,Dakar,Arachide en coque,850.0,2
2025-11-01,Dakar,Dakar,Maïs importé,325.0,2
2025-11-01,Dakar,Dakar,Maïs local,287.5,2
2025-11-01,Dakar,Dakar,Mil,350.0,1
2025-11-01,Dakar,Dakar,Niébé (haricot),950.0,2
2025-11-01,Dakar,Dakar,Riz importé (brisé),450.0,2
2025-11-01,Dakar,Dakar,Riz local,466.5,2
2025-11-01,Dakar,Dakar,Riz ordinaire 1re qual.,500.0,2
2025-11-01,Dakar,Dakar,Sorgho importé,358.5,2
2025-11-01,Diourbel,Diourbel,Arachide décortiquée,950.0,3
2025-11-01,Diourbel,Diourbel,Arachide en coque,350.0,3
2025-11-01,Diourbel,Diourbel,Maïs importé,243.5,2
2025-11-01,Diourbel,Diourbel,Maïs local,300.0,3
2025-11-01,Diourbel,Diourbel,Mil,300.0,3
2025-11-01,Diourbel,Diourbel,Niébé (haricot),650.0,3
2025-11-01,Diourbel,Diourbel,Riz importé (brisé),350.0,3
2025-11-01,Diourbel,Diourbel,Riz local,425.0,3
2025-11-01,Diourbel,Diourbel,Riz ordinaire 1re qual.,533.0,3
2025-11-01,Diourbel,Diourbel,Sorgho,450.0,3
2025-11-01,Fatick,Fatick,Arachide décortiquée,850.0,1
2025-11-01,Fatick,Fatick,Arachide en coque,350.0,1
2025-11-01,Fatick,Fatick,Maïs importé,260.0,1
2025-11-01,Fatick,Fatick,Maïs local,275.0,1
2025-11-01,Fatick,Fatick,Mil,300.0,1
2025-11-01,Fatick,Fatick,Niébé (haricot),600.0,1
2025-11-01,Fatick,Fatick,Riz importé (brisé),350.0,1
2025-11-01,Fatick,Fatick,Riz local,425.0,1
2025-11-01,Fatick,Fatick,Riz ordinaire 1re qual.,550.0,1
2025-11-01,Fatick,Fatick,Sorgho,400.0,1
2025-11-01,Kaolack,Kaolack,Arachide décortiquée,575.0,3
2025-11-01,Kaolack,Kaolack,Arachide en coque,378.0,3
2025-11-01,Kaolack,Kaolack,Maïs importé,210.0,1
2025-11-01,Kaolack,Kaolack,Maïs local,197.5,4
2025-11-01,Kaolack,Kaolack,Mil,269.5,4
2025-11-01,Kaolack,Kaolack,Niébé (haricot),533.5,4
2025-11-01,Kaolack,Kaolack,Riz importé (brisé),350.0,3
2025-11-01,Kaolack,Kaolack,Riz local,340.0,1
2025-11-01,Kaolack,Kaolack,Riz ordinaire 1re qual.,480.0,2
2025-11-01,Kaolack,Kaolack,Sorgho,325.0,1
2025-11-01,Kedougou,Kédougou,Arachide décortiquée,1300.0,1
2025-11-01,Kedougou,Kédougou,Maïs local,322.5,2
2025-11-01,Kedougou,Kédougou,Mil,459.0,2
2025-11-01,Kedougou,Kédougou,Niébé (haricot),800.0,3
2025-11-01,Kedougou,Kédougou,Riz importé (brisé),364.0,2
2025-11-01,Kedougou,Kédougou,Riz local,365.0,2
2025-11-01,Kedougou,Kédougou,Riz ordinaire 1re qual.,510.0,2
2025-11-01,Kedougou,Kédougou,Sorgho,471.5,2
2025-11-01,Kolda,Kolda,Arachide décortiquée,800.0,3
2025-11-01,Kolda,Kolda,Arachide en coque,260.0,1
2025-11-01,Kolda,Kolda,Maïs local,250.0,2
2025-11-01,Kolda,Kolda,Mil,300.0,2
2025-11-01,Kolda,Kolda,Niébé (haricot),1000.0,3
2025-11-01,Kolda,Kolda,Riz importé (brisé),337.5,2
2025-11-01,Kolda,Kolda,Riz local,600.0,1
2025-11-01,Kolda,Kolda,Riz ordinaire 1re qual.,600.0,1
2025-11-01,Kolda,Kolda,Sorgho,300.0,2
2025-11-01,Louga,Louga,Arachide décortiquée,700.0,4
2025-11-01,Louga,Louga,Arachide en coque,287.5,4
2025-11-01,Louga,Louga,Maïs importé,250.0,4
2025-11-01,Louga,Louga,Maïs local,233.0,3
2025-11-01,Louga,Louga,Mil,325.16499999999996,4
2025-11-01,Louga,Louga,Niébé (haricot),566.5,4
2025-11-01,Louga,Louga,Riz importé (brisé),360.0,4
2025-11-01,Louga,Louga,Riz local,360.0,4
2025-11-01,Louga,Louga,Riz ordinaire 1re qual.,499.0,4
2025-11-01,Louga,Louga,Sorgho,433.5,2
2025-11-01,Louga,Louga,Sorgho importé,325.0,2
2025-11-01,Matam,Matam,Arachide décortiquée,900.0,3
2025-11-01,Matam,Matam,Arachide en coque,700.0,3
2025-11-01,Matam,Matam,Maïs importé,313.0,3
2025-11-01,Matam,Matam,Maïs local,350.0,3
2025-11-01,Matam,Matam,Mil,363.0,3
2025-11-01,Matam,Matam,Niébé (haricot),900.0,3
2025-11-01,Matam,Matam,Riz importé (brisé),366.0,3
2025-11-01,Matam,Matam,Riz local,375.0,3
2025-11-01,Matam,Matam,Riz ordinaire 1re qual.,475.0,3
2025-11-01,Matam,Matam,Sorgho,400.0,3
2025-11-01,Matam,Matam,Sorgho importé,375.0,3
2025-11-01,Saint Louis,Saint-Louis,Arachide décortiquée,917.0,2
2025-11-01,Saint Louis,Saint-Louis,Arachide en coque,587.5,2
2025-11-01,Saint Louis,Saint-Louis,Maïs importé,258.5,2
2025-11-01,Saint Louis,Saint-Louis,Mil,375.0,2
2025-11-01,Saint Louis,Saint-Louis,Niébé (haricot),725.0,2
2025-11-01,Saint Louis,Saint-Louis,Riz importé (brisé),350.0,2
2025-11-01,Saint Louis,Saint-Louis,Riz local,375.0,2
2025-11-01,Saint Louis,Saint-Louis,Riz ordinaire 1re qual.,600.0,1
2025-11-01,Saint Louis,Saint-Louis,Sorgho importé,350.0,1
2025-11-01,Sedhiou,Sédhiou,Arachide décortiquée,1000.0,1
2025-11-01,Sedhiou,Sédhiou,Maïs local,225.0,1
2025-11-01,Sedhiou,Sédhiou,Mil,250.0,1
2025-11-01,Sedhiou,Sédhiou,Niébé (haricot),1200.0,1
2025-11-01,Sedhiou,Sédhiou,Riz importé (brisé),350.0,1
2025-11-01,Sedhiou,Sédhiou,Riz local,500.0,1
2025-11-01,Sedhiou,Sédhiou,Riz ordinaire 1re qual.,500.0,1
2025-11-01,Sedhiou,Sédhiou,Sorgho,300.0,1
2025-11-01,Tambacounda,Tambacounda,Arachide décortiquée,800.0,3
2025-11-01,Tambacounda,Tambacounda,Arachide en coque,350.0,2
2025-11-01,Tambacounda,Tambacounda,Maïs importé,319.0,4
2025-11-01,Tambacounda,Tambacounda,Maïs local,269.0,4
2025-11-01,Tambacounda,Tambacounda,Mil,319.0,4
2025-11-01,Tambacounda,Tambacounda,Niébé (haricot),700.0,4
2025-11-01,Tambacounda,Tambacounda,Riz importé (brisé),350.0,4
2025-11-01,Tambacounda,Tambacounda,Riz ordinaire 1re qual.,600.0,4
2025-11-01,Tambacounda,Tambacounda,Sorgho,252.5,2
2025-11-01,Tambacounda,Tambacounda,Sorgho importé,315.0,4
2025-11-01,Thies,Thiès,Arachide décortiquée,994.0,4
2025-11-01,Thies,Thiès,Arachide en coque,850.0,4
2025-11-01,Thies,Thiès,Maïs importé,347.5,2
2025-11-01,Thies,Thiès,Maïs local,320.0,2
2025-11-01,Thies,Thiès,Mil,345.0,2
2025-11-01,Thies,Thiès,Niébé (haricot),950.0,4
2025-11-01,Thies,Thiès,Riz importé (brisé),350.0,2
2025-11-01,Thies,Thiès,Riz local,425.0,2
2025-11-01,Thies,Thiès,Riz ordinaire 1re qual.,500.0,2
2025-11-01,Thies,Thiès,Sorgho,330.0,1
2025-11-01,Ziguinchor,Ziguinchor,Arachide décortiquée,1100.0,2
2025-11-01,Ziguinchor,Ziguinchor,Arachide en coque,500.0,2
2025-11-01,Ziguinchor,Ziguinchor,Maïs local,350.0,1
2025-11-01,Ziguinchor,Ziguinchor,Mil,400.0,1
2025-11-01,Ziguinchor,Ziguinchor,Niébé (haricot),1000.0,2
2025-11-01,Ziguinchor,Ziguinchor,Riz importé (brisé),320.0,2
2025-11-01,Ziguinchor,Ziguinchor,Riz local,500.0,2
2025-11-01,Ziguinchor,Ziguinchor,Riz ordinaire 1re qual.,600.0,2
2025-11-01,Ziguinchor,Ziguinchor,Sorgho,500.0,1
2025-12-01,Diourbel,Diourbel,Arachide décortiquée,600.0,3
2025-12-01,Diourbel,Diourbel,Arachide en coque,310.0,3
2025-12-01,Diourbel,Diourbel,Maïs importé,185.0,1
2025-12-01,Diourbel,Diourbel,Maïs local,250.0,1
2025-12-01,Diourbel,Diourbel,Mil,275.0,1
2025-12-01,Diourbel,Diourbel,Niébé (haricot),600.0,3
2025-12-01,Diourbel,Diourbel,Riz importé (brisé),350.0,1
2025-12-01,Diourbel,Diourbel,Riz ordinaire 1re qual.,500.0,1
2025-12-01,Diourbel,Diourbel,Sorgho,275.0,1
2025-12-01,Fatick,Fatick,Arachide décortiquée,650.0,1
2025-12-01,Fatick,Fatick,Arachide en coque,375.0,1
2025-12-01,Fatick,Fatick,Niébé (haricot),600.0,1
2025-12-01,Kaolack,Kaolack,Arachide décortiquée,575.0,4
2025-12-01,Kaolack,Kaolack,Arachide en coque,250.0,3
2025-12-01,Kaolack,Kaolack,Maïs importé,195.0,1
2025-12-01,Kaolack,Kaolack,Maïs local,150.0,4
2025-12-01,Kaolack,Kaolack,Mil,205.0,4
2025-12-01,Kaolack,Kaolack,Niébé (haricot),475.0,4
2025-12-01,Kaolack,Kaolack,Riz importé (brisé),350.0,4
2025-12-01,Kaolack,Kaolack,Riz local,325.0,1
2025-12-01,Kaolack,Kaolack,Riz ordinaire 1re qual.,400.0,3
2025-12-01,Kedougou,Kédougou,Arachide décortiquée,987.5,2
2025-12-01,Kedougou,Kédougou,Arachide en coque,625.0,1
2025-12-01,Kedougou,Kédougou,Maïs local,300.0,3
2025-12-01,Kedougou,Kédougou,Mil,300.0,3
2025-12-01,Kedougou,Kédougou,Niébé (haricot),750.0,3
2025-12-01,Kedougou,Kédougou,Riz importé (brisé),356.0,3
2025-12-01,Kedougou,Kédougou,Riz ordinaire 1re qual.,575.0,3
2025-12-01,Kedougou,Kédougou,Sorgho,400.0,3
2025-12-01,Kolda,Kolda,Arachide décortiquée,650.0,3
2025-12-01,Kolda,Kolda,Maïs local,175.0,2
2025-12-01,Kolda,Kolda,Mil,281.5,2
2025-12-01,Kolda,Kolda,Niébé (haricot),850.0,3
2025-12-01,Kolda,Kolda,Riz importé (brisé),350.0,2
2025-12-01,Kolda,Kolda,Riz local,525.0,2
2025-12-01,Kolda,Kolda,Riz ordinaire 1re qual.,562.5,2
2025-12-01,Kolda,Kolda,Sorgho,313.0,2
2025-12-01,Louga,Louga,Arachide décortiquée,712.5,2
2025-12-01,Louga,Louga,Arachide en coque,305.0,2
2025-12-01,Louga,Louga,Maïs importé,237.5,2
2025-12-01,Louga,Louga,Maïs local,287.5,2
2025-12-01,Louga,Louga,Mil,300.0,4
2025-12-01,Louga,Louga,Niébé (haricot),562.5,2
2025-12-01,Louga,Louga,Riz importé (brisé),350.0,3
2025-12-01,Louga,Louga,Riz local,360.0,2
2025-12-01,Louga,Louga,Riz ordinaire 1re qual.,500.0,3
2025-12-01,Louga,Louga,Sorgho,400.0,1
2025-12-01,Louga,Louga,Sorgho importé,300.0,3
2025-12-01,Matam,Matam,Arachide décortiquée,750.0,3
2025-12-01,Matam,Matam,Arachide en coque,500.0,3
2025-12-01,Matam,Matam,Maïs importé,300.0,3
2025-12-01,Matam,Matam,Maïs local,362.5,2
2025-12-01,Matam,Matam,Mil,350.0,2
2025-12-01,Matam,Matam,Niébé (haricot),900.0,3
2025-12-01,Matam,Matam,Riz importé (brisé),400.0,3
2025-12-01,Matam,Matam,Riz local,375.0,3
2025-12-01,Matam,Matam,Riz ordinaire 1re qual.,525.0,3
2025-12-01,Matam,Matam,Sorgho,400.0,2
2025-12-01,Matam,Matam,Sorgho importé,387.5,2
2025-12-01,Tambacounda,Tambacounda,Arachide décortiquée,800.0,2
2025-12-01,Tambacounda,Tambacounda,Maïs importé,300.0,3
2025-12-01,Tambacounda,Tambacounda,Maïs local,250.0,4
2025-12-01,Tambacounda,Tambacounda,Mil,256.0,3
2025-12-01,Tambacounda,Tambacounda,Niébé (haricot),650.0,4
2025-12-01,Tambacounda,Tambacounda,Riz importé (brisé),350.0,4
2025-12-01,Tambacounda,Tambacounda,Riz ordinaire 1re qual.,600.0,4
2025-12-01,Tambacounda,Tambacounda,Sorgho,250.0,4
2025-12-01,Tambacounda,Tambacounda,Sorgho importé,300.0,3
2025-12-01,Thies,Thiès,Arachide décortiquée,900.0,3
2025-12-01,Thies,Thiès,Arachide en coque,850.0,3
2025-12-01,Thies,Thiès,Maïs importé,309.5,4
2025-12-01,Thies,Thiès,Maïs local,300.0,4
2025-12-01,Thies,Thiès,Mil,294.0,4
2025-12-01,Thies,Thiès,Niébé (haricot),900.0,3
2025-12-01,Thies,Thiès,Riz importé (brisé),338.0,4
2025-12-01,Thies,Thiès,Riz local,425.0,4
2025-12-01,Thies,Thiès,Riz ordinaire 1re qual.,500.0,3
2025-12-01,Thies,Thiès,Sorgho,300.0,3
2025-12-01,Thies,Thiès,Sorgho importé,300.0,1
2025-12-01,Ziguinchor,Ziguinchor,Arachide décortiquée,950.0,2
2025-12-01,Ziguinchor,Ziguinchor,Arachide en coque,575.0,2
2025-12-01,Ziguinchor,Ziguinchor,Maïs local,331.5,2
2025-12-01,Ziguinchor,Ziguinchor,Mil,350.0,2
2025-12-01,Ziguinchor,Ziguinchor,Niébé (haricot),900.0,2
2025-12-01,Ziguinchor,Ziguinchor,Riz importé (brisé),350.0,2
2025-12-01,Ziguinchor,Ziguinchor,Riz local,490.0,2
2025-12-01,Ziguinchor,Ziguinchor,Riz ordinaire 1re qual.,600.0,2
2025-12-01,Ziguinchor,Ziguinchor,Sorgho,437.5,2
2026-01-01,Dakar,Dakar,Arachide décortiquée,700.0,1
2026-01-01,Dakar,Dakar,Arachide en coque,850.0,2
2026-01-01,Dakar,Dakar,Maïs importé,237.5,2
2026-01-01,Dakar,Dakar,Maïs local,235.0,2
2026-01-01,Dakar,Dakar,Mil,275.0,2
2026-01-01,Dakar,Dakar,Niébé (haricot),1062.5,2
2026-01-01,Dakar,Dakar,Riz importé (brisé),400.0,2
2026-01-01,Dakar,Dakar,Riz local,500.0,2
2026-01-01,Dakar,Dakar,Riz ordinaire 1re qual.,500.0,2
2026-01-01,Dakar,Dakar,Sorgho importé,275.0,2
2026-01-01,Diourbel,Diourbel,Arachide décortiquée,700.0,2
2026-01-01,Diourbel,Diourbel,Arachide en coque,362.5,2
2026-01-01,Diourbel,Diourbel,Maïs importé,287.5,2
2026-01-01,Diourbel,Diourbel,Maïs local,287.5,2
2026-01-01,Diourbel,Diourbel,Mil,237.5,2
2026-01-01,Diourbel,Diourbel,Niébé (haricot),725.0,2
2026-01-01,Diourbel,Diourbel,Riz importé (brisé),337.5,2
2026-01-01,Diourbel,Diourbel,Riz local,432.5,2
2026-01-01,Diourbel,Diourbel,Riz ordinaire 1re qual.,495.0,2
2026-01-01,Diourbel,Diourbel,Sorgho,375.0,2
2026-01-01,Fatick,Fatick,Arachide décortiquée,775.0,5
2026-01-01,Fatick,Fatick,Arachide en coque,310.0,5
2026-01-01,Fatick,Fatick,Maïs importé,300.0,4
2026-01-01,Fatick,Fatick,Maïs local,295.0,4
2026-01-01,Fatick,Fatick,Mil,287.5,4
2026-01-01,Fatick,Fatick,Niébé (haricot),790.0,5
2026-01-01,Fatick,Fatick,Riz importé (brisé),425.0,4
2026-01-01,Fatick,Fatick,Riz local,390.0,4
2026-01-01,Fatick,Fatick,Riz ordinaire 1re qual.,550.0,3
2026-01-01,Fatick,Fatick,Sorgho,300.0,3
2026-01-01,Fatick,Fatick,Sorgho importé,300.0,3
2026-01-01,Kaolack,Kaolack,Arachide décortiquée,550.0,3
2026-01-01,Kaolack,Kaolack,Arachide en coque,250.0,4
2026-01-01,Kaolack,Kaolack,Maïs local,185.0,4
2026-01-01,Kaolack,Kaolack,Mil,177.5,4
2026-01-01,Kaolack,Kaolack,Niébé (haricot),800.0,4
2026-01-01,Kaolack,Kaolack,Riz importé (brisé),320.0,4
2026-01-01,Kaolack,Kaolack,Riz local,325.0,1
2026-01-01,Kaolack,Kaolack,Riz ordinaire 1re qual.,400.0,4
2026-01-01,Kaolack,Kaolack,Sorgho,300.0,1
2026-01-01,Kedougou,Kédougou,Arachide décortiquée,975.0,3
2026-01-01,Kedougou,Kédougou,Arachide en coque,500.0,3
2026-01-01,Kedougou,Kédougou,Maïs local,250.0,3
2026-01-01,Kedougou,Kédougou,Mil,300.0,3
2026-01-01,Kedougou,Kédougou,Niébé (haricot),850.0,3
2026-01-01,Kedougou,Kédougou,Riz importé (brisé),375.0,2
2026-01-01,Kedougou,Kédougou,Riz local,350.0,3
2026-01-01,Kedougou,Kédougou,Riz ordinaire 1re qual.,550.0,3
2026-01-01,Kedougou,Kédougou,Sorgho,400.0,3
2026-01-01,Kolda,Kolda,Arachide décortiquée,575.0,2
2026-01-01,Kolda,Kolda,Arachide en coque,247.0,1
2026-01-01,Kolda,Kolda,Maïs local,200.0,3
2026-01-01,Kolda,Kolda,Mil,265.0,3
2026-01-01,Kolda,Kolda,Niébé (haricot),1100.0,2
2026-01-01,Kolda,Kolda,Riz importé (brisé),315.0,3
2026-01-01,Kolda,Kolda,Riz local,525.0,2
2026-01-01,Kolda,Kolda,Riz ordinaire 1re qual.,550.0,3
2026-01-01,Kolda,Kolda,Sorgho,275.0,3
2026-01-01,Louga,Louga,Arachide décortiquée,706.5,4
2026-01-01,Louga,Louga,Arachide en coque,290.0,4
2026-01-01,Louga,Louga,Maïs importé,282.5,4
2026-01-01,Louga,Louga,Maïs local,227.5,4
2026-01-01,Louga,Louga,Mil,300.0,3
2026-01-01,Louga,Louga,Niébé (haricot),642.5,4
2026-01-01,Louga,Louga,Riz importé (brisé),317.5,4
2026-01-01,Louga,Louga,Riz local,352.0,4
2026-01-01,Louga,Louga,Riz ordinaire 1re qual.,460.0,3
2026-01-01,Louga,Louga,Sorgho,371.0,1
2026-01-01,Louga,Louga,Sorgho importé,285.0,3
2026-01-01,Matam,Matam,Arachide décortiquée,800.0,3
2026-01-01,Matam,Matam,Arachide en coque,500.0,3
2026-01-01,Matam,Matam,Maïs importé,300.0,2
2026-01-01,Matam,Matam,Maïs local,350.0,3
2026-01-01,Matam,Matam,Mil,350.0,3
2026-01-01,Matam,Matam,Niébé (haricot),1050.0,3
2026-01-01,Matam,Matam,Riz importé (brisé),345.0,3
2026-01-01,Matam,Matam,Riz local,400.0,3
2026-01-01,Matam,Matam,Riz ordinaire 1re qual.,600.0,3
2026-01-01,Matam,Matam,Sorgho,400.0,3
2026-01-01,Matam,Matam,Sorgho importé,325.0,2
2026-01-01,Saint Louis,Saint-Louis,Arachide décortiquée,687.5,2
2026-01-01,Saint Louis,Saint-Louis,Arachide en coque,300.0,1
2026-01-01,Saint Louis,Saint-Louis,Maïs importé,250.0,2
2026-01-01,Saint Louis,Saint-Louis,Maïs local,250.0,2
2026-01-01,Saint Louis,Saint-Louis,Mil,262.5,2
2026-01-01,Saint Louis,Saint-Louis,Niébé (haricot),800.0,2
2026-01-01,Saint Louis,Saint-Louis,Riz importé (brisé),362.5,2
2026-01-01,Saint Louis,Saint-Louis,Riz local,350.0,2
2026-01-01,Saint Louis,Saint-Louis,Riz ordinaire 1re qual.,600.0,1
2026-01-01,Saint Louis,Saint-Louis,Sorgho importé,375.0,2
2026-01-01,Sedhiou,Sédhiou,Arachide décortiquée,700.0,1
2026-01-01,Sedhiou,Sédhiou,Arachide en coque,300.0,1
2026-01-01,Sedhiou,Sédhiou,Maïs local,225.0,1
2026-01-01,Sedhiou,Sédhiou,Mil,262.5,1
2026-01-01,Sedhiou,Sédhiou,Niébé (haricot),800.0,1
2026-01-01,Sedhiou,Sédhiou,Riz importé (brisé),312.5,1
2026-01-01,Sedhiou,Sédhiou,Riz local,500.0,1
2026-01-01,Sedhiou,Sédhiou,Riz ordinaire 1re qual.,550.0,1
2026-01-01,Tambacounda,Tambacounda,Arachide décortiquée,737.5,4
2026-01-01,Tambacounda,Tambacounda,Arachide en coque,250.0,2
2026-01-01,Tambacounda,Tambacounda,Maïs importé,250.0,3
2026-01-01,Tambacounda,Tambacounda,Maïs local,225.0,4
2026-01-01,Tambacounda,Tambacounda,Mil,250.0,4
2026-01-01,Tambacounda,Tambacounda,Niébé (haricot),719.0,4
2026-01-01,Tambacounda,Tambacounda,Riz importé (brisé),325.0,3
2026-01-01,Tambacounda,Tambacounda,Riz local,387.5,2
2026-01-01,Tambacounda,Tambacounda,Riz ordinaire 1re qual.,600.0,3
2026-01-01,Tambacounda,Tambacounda,Sorgho,200.0,3
2026-01-01,Tambacounda,Tambacounda,Sorgho importé,250.0,3
2026-01-01,Thies,Thiès,Arachide décortiquée,708.5,4
2026-01-01,Thies,Thiès,Arachide en coque,550.0,4
2026-01-01,Thies,Thiès,Maïs importé,300.0,4
2026-01-01,Thies,Thiès,Maïs local,300.0,4
2026-01-01,Thies,Thiès,Mil,300.0,4
2026-01-01,Thies,Thiès,Niébé (haricot),708.0,4
2026-01-01,Thies,Thiès,Riz importé (brisé),300.0,4
2026-01-01,Thies,Thiès,Riz local,425.0,4
2026-01-01,Thies,Thiès,Riz ordinaire 1re qual.,500.0,3
2026-01-01,Thies,Thiès,Sorgho,300.0,3
2026-01-01,Thies,Thiès,Sorgho importé,300.0,1
2026-01-01,Ziguinchor,Ziguinchor,Arachide décortiquée,925.0,2
2026-01-01,Ziguinchor,Ziguinchor,Arachide en coque,525.0,2
2026-01-01,Ziguinchor,Ziguinchor,Maïs local,366.5,2
2026-01-01,Ziguinchor,Ziguinchor,Mil,375.0,2
2026-01-01,Ziguinchor,Ziguinchor,Niébé (haricot),987.5,2
2026-01-01,Ziguinchor,Ziguinchor,Riz importé (brisé),331.0,2
2026-01-01,Ziguinchor,Ziguinchor,Riz local,500.0,2
2026-01-01,Ziguinchor,Ziguinchor,Riz ordinaire 1re qual.,550.0,2
2026-01-01,Ziguinchor,Ziguinchor,Sorgho,450.0,2
2026-02-01,Dakar,Dakar,Arachide décortiquée,800.0,3
2026-02-01,Dakar,Dakar,Arachide en coque,900.0,3
2026-02-01,Dakar,Dakar,Maïs importé,350.0,3
2026-02-01,Dakar,Dakar,Maïs local,300.0,2
2026-02-01,Dakar,Dakar,Mil,300.0,3
2026-02-01,Dakar,Dakar,Niébé (haricot),1000.0,3
2026-02-01,Dakar,Dakar,Riz importé (brisé),400.0,3
2026-02-01,Dakar,Dakar,Riz local,420.0,3
2026-02-01,Dakar,Dakar,Riz ordinaire 1re qual.,500.0,3
2026-02-01,Dakar,Dakar,Sorgho importé,300.0,3
2026-02-01,Diourbel,Diourbel,Arachide décortiquée,650.0,1
2026-02-01,Diourbel,Diourbel,Arachide en coque,338.75,2
2026-02-01,Diourbel,Diourbel,Maïs importé,200.0,1
2026-02-01,Diourbel,Diourbel,Maïs local,250.0,2
2026-02-01,Diourbel,Diourbel,Mil,255.0,2
2026-02-01,Diourbel,Diourbel,Niébé (haricot),662.5,2
2026-02-01,Diourbel,Diourbel,Riz importé (brisé),312.5,2
2026-02-01,Diourbel,Diourbel,Riz local,432.5,2
2026-02-01,Diourbel,Diourbel,Riz ordinaire 1re qual.,500.0,2
2026-02-01,Diourbel,Diourbel,Sorgho,335.0,2
2026-02-01,Fatick,Fatick,Arachide décortiquée,700.0,5
2026-02-01,Fatick,Fatick,Arachide en coque,300.0,5
2026-02-01,Fatick,Fatick,Maïs importé,275.0,4
2026-02-01,Fatick,Fatick,Maïs local,250.0,3
2026-02-01,Fatick,Fatick,Mil,280.0,5
2026-02-01,Fatick,Fatick,Niébé (haricot),800.0,5
2026-02-01,Fatick,Fatick,Riz importé (brisé),325.0,4
2026-02-01,Fatick,Fatick,Riz local,350.0,4
2026-02-01,Fatick,Fatick,Riz ordinaire 1re qual.,512.5,4
2026-02-01,Fatick,Fatick,Sorgho,300.0,5
2026-02-01,Fatick,Fatick,Sorgho importé,290.0,2
2026-02-01,Kaolack,Kaolack,Arachide décortiquée,525.0,3
2026-02-01,Kaolack,Kaolack,Arachide en coque,275.0,3
2026-02-01,Kaolack,Kaolack,Maïs importé,210.0,1
2026-02-01,Kaolack,Kaolack,Maïs local,174.0,4
2026-02-01,Kaolack,Kaolack,Mil,180.5,4
2026-02-01,Kaolack,Kaolack,Niébé (haricot),716.5,4
2026-02-01,Kaolack,Kaolack,Riz importé (brisé),320.0,3
2026-02-01,Kaolack,Kaolack,Riz local,325.0,1
2026-02-01,Kaolack,Kaolack,Riz ordinaire 1re qual.,400.0,4
2026-02-01,Kaolack,Kaolack,Sorgho,300.0,1
2026-02-01,Kedougou,Kédougou,Arachide décortiquée,863.0,3
2026-02-01,Kedougou,Kédougou,Arachide en coque,500.0,3
2026-02-01,Kedougou,Kédougou,Maïs local,287.5,2
2026-02-01,Kedougou,Kédougou,Mil,450.0,3
2026-02-01,Kedougou,Kédougou,Niébé (haricot),904.0,3
2026-02-01,Kedougou,Kédougou,Riz importé (brisé),300.0,3
2026-02-01,Kedougou,Kédougou,Riz local,400.0,3
2026-02-01,Kedougou,Kédougou,Riz ordinaire 1re qual.,500.0,3
2026-02-01,Kedougou,Kédougou,Sorgho,400.0,2
2026-02-01,Kolda,Kolda,Arachide décortiquée,575.0,2
2026-02-01,Kolda,Kolda,Arachide en coque,255.0,1
2026-02-01,Kolda,Kolda,Maïs local,180.0,2
2026-02-01,Kolda,Kolda,Mil,275.0,2
2026-02-01,Kolda,Kolda,Niébé (haricot),1000.0,2
2026-02-01,Kolda,Kolda,Riz importé (brisé),325.0,2
2026-02-01,Kolda,Kolda,Riz local,525.0,2
2026-02-01,Kolda,Kolda,Riz ordinaire 1re qual.,575.0,2
2026-02-01,Kolda,Kolda,Sorgho,275.0,2
2026-02-01,Louga,Louga,Arachide décortiquée,700.0,4
2026-02-01,Louga,Louga,Arachide en coque,290.0,4
2026-02-01,Louga,Louga,Maïs importé,270.5,4
2026-02-01,Louga,Louga,Maïs local,230.0,3
2026-02-01,Louga,Louga,Mil,250.0,4
2026-02-01,Louga,Louga,Niébé (haricot),615.0,4
2026-02-01,Louga,Louga,Riz importé (brisé),317.66499999999996,4
2026-02-01,Louga,Louga,Riz local,381.5,4
2026-02-01,Louga,Louga,Riz ordinaire 1re qual.,462.5,4
2026-02-01,Louga,Louga,Sorgho,225.0,1
2026-02-01,Louga,Louga,Sorgho importé,382.0,4
2026-02-01,Matam,Matam,Arachide décortiquée,775.0,3
2026-02-01,Matam,Matam,Arachide en coque,500.0,3
2026-02-01,Matam,Matam,Maïs importé,310.0,3
2026-02-01,Matam,Matam,Maïs local,350.0,3
2026-02-01,Matam,Matam,Mil,325.0,3
2026-02-01,Matam,Matam,Niébé (haricot),900.0,3
2026-02-01,Matam,Matam,Riz importé (brisé),325.0,3
2026-02-01,Matam,Matam,Riz local,310.0,3
2026-02-01,Matam,Matam,Riz ordinaire 1re qual.,550.0,3
2026-02-01,Matam,Matam,Sorgho,350.0,3
2026-02-01,Matam,Matam,Sorgho importé,350.0,2
2026-02-01,Saint Louis,Saint-Louis,Arachide décortiquée,683.0,2
2026-02-01,Saint Louis,Saint-Louis,Arachide en coque,452.5,2
2026-02-01,Saint Louis,Saint-Louis,Maïs importé,250.0,2
2026-02-01,Saint Louis,Saint-Louis,Maïs local,275.0,1
2026-02-01,Saint Louis,Saint-Louis,Mil,275.0,2
2026-02-01,Saint Louis,Saint-Louis,Niébé (haricot),650.0,2
2026-02-01,Saint Louis,Saint-Louis,Riz importé (brisé),375.0,2
2026-02-01,Saint Louis,Saint-Louis,Riz local,340.0,2
2026-02-01,Saint Louis,Saint-Louis,Riz ordinaire 1re qual.,600.0,1
2026-02-01,Saint Louis,Saint-Louis,Sorgho,362.5,2
2026-02-01,Saint Louis,Saint-Louis,Sorgho importé,375.0,2
2026-02-01,Sedhiou,Sédhiou,Arachide décortiquée,750.0,1
2026-02-01,Sedhiou,Sédhiou,Arachide en coque,275.0,1
2026-02-01,Sedhiou,Sédhiou,Mil,275.0,1
2026-02-01,Sedhiou,Sédhiou,Niébé (haricot),800.0,1
2026-02-01,Sedhiou,Sédhiou,Riz ordinaire 1re qual.,600.0,1
2026-02-01,Sedhiou,Sédhiou,Sorgho,500.0,1
2026-02-01,Tambacounda,Tambacounda,Arachide décortiquée,700.0,4
2026-02-01,Tambacounda,Tambacounda,Arachide en coque,240.5,2
2026-02-01,Tambacounda,Tambacounda,Maïs importé,250.0,3
2026-02-01,Tambacounda,Tambacounda,Maïs local,237.5,4
2026-02-01,Tambacounda,Tambacounda,Mil,262.5,4
2026-02-01,Tambacounda,Tambacounda,Niébé (haricot),675.0,4
2026-02-01,Tambacounda,Tambacounda,Riz importé (brisé),325.0,4
2026-02-01,Tambacounda,Tambacounda,Riz local,350.0,2
2026-02-01,Tambacounda,Tambacounda,Riz ordinaire 1re qual.,600.0,4
2026-02-01,Tambacounda,Tambacounda,Sorgho,225.0,3
2026-02-01,Tambacounda,Tambacounda,Sorgho importé,250.0,3
2026-02-01,Thies,Thiès,Arachide décortiquée,700.0,4
2026-02-01,Thies,Thiès,Arachide en coque,550.0,4
2026-02-01,Thies,Thiès,Maïs importé,300.0,4
2026-02-01,Thies,Thiès,Maïs local,287.5,4
2026-02-01,Thies,Thiès,Mil,262.5,4
2026-02-01,Thies,Thiès,Niébé (haricot),622.5,4
2026-02-01,Thies,Thiès,Riz importé (brisé),300.0,4
2026-02-01,Thies,Thiès,Riz local,425.0,3
2026-02-01,Thies,Thiès,Riz ordinaire 1re qual.,500.0,3
2026-02-01,Thies,Thiès,Sorgho,275.0,3
2026-02-01,Thies,Thiès,Sorgho importé,300.0,1
2026-02-01,Ziguinchor,Ziguinchor,Arachide décortiquée,991.5,2
2026-02-01,Ziguinchor,Ziguinchor,Arachide en coque,510.75,2
2026-02-01,Ziguinchor,Ziguinchor,Maïs local,375.0,2
2026-02-01,Ziguinchor,Ziguinchor,Mil,350.0,2
2026-02-01,Ziguinchor,Ziguinchor,Niébé (haricot),1000.0,1
2026-02-01,Ziguinchor,Ziguinchor,Riz importé (brisé),300.0,2
2026-02-01,Ziguinchor,Ziguinchor,Riz local,500.0,2
2026-02-01,Ziguinchor,Ziguinchor,Riz ordinaire 1re qual.,500.0,2
2026-02-01,Ziguinchor,Ziguinchor,Sorgho,400.0,2
2026-03-01,Dakar,Dakar,Arachide décortiquée,800.0,3
2026-03-01,Dakar,Dakar,Arachide en coque,900.0,3
2026-03-01,Dakar,Dakar,Maïs importé,325.0,3
2026-03-01,Dakar,Dakar,Maïs local,270.0,3
2026-03-01,Dakar,Dakar,Mil,275.0,3
2026-03-01,Dakar,Dakar,Niébé (haricot),1008.0,3
2026-03-01,Dakar,Dakar,Riz importé (brisé),400.0,3
2026-03-01,Dakar,Dakar,Riz local,421.0,3
2026-03-01,Dakar,Dakar,Riz ordinaire 1re qual.,500.0,3
2026-03-01,Dakar,Dakar,Sorgho,325.0,1
2026-03-01,Dakar,Dakar,Sorgho importé,300.0,3
2026-03-01,Diourbel,Diourbel,Arachide décortiquée,737.5,4
2026-03-01,Diourbel,Diourbel,Arachide en coque,344.0,4
2026-03-01,Diourbel,Diourbel,Maïs importé,262.5,4
2026-03-01,Diourbel,Diourbel,Maïs local,252.5,2
2026-03-01,Diourbel,Diourbel,Mil,262.5,4
2026-03-01,Diourbel,Diourbel,Niébé (haricot),712.5,4
2026-03-01,Diourbel,Diourbel,Riz importé (brisé),325.0,4
2026-03-01,Diourbel,Diourbel,Riz local,425.0,4
2026-03-01,Diourbel,Diourbel,Riz ordinaire 1re qual.,500.0,4
2026-03-01,Diourbel,Diourbel,Sorgho,375.0,2
2026-03-01,Fatick,Fatick,Arachide décortiquée,675.0,6
2026-03-01,Fatick,Fatick,Arachide en coque,300.0,6
2026-03-01,Fatick,Fatick,Maïs importé,210.0,3
2026-03-01,Fatick,Fatick,Maïs local,280.0,3
2026-03-01,Fatick,Fatick,Mil,280.0,4
2026-03-01,Fatick,Fatick,Niébé (haricot),937.5,6
2026-03-01,Fatick,Fatick,Riz importé (brisé),325.0,5
2026-03-01,Fatick,Fatick,Riz local,337.5,4
2026-03-01,Fatick,Fatick,Riz ordinaire 1re qual.,525.0,5
2026-03-01,Fatick,Fatick,Sorgho,290.0,4
2026-03-01,Fatick,Fatick,Sorgho importé,235.0,2
2026-03-01,Kaolack,Kaolack,Arachide décortiquée,612.5,4
2026-03-01,Kaolack,Kaolack,Arachide en coque,280.0,3
2026-03-01,Kaolack,Kaolack,Maïs importé,210.0,1
2026-03-01,Kaolack,Kaolack,Maïs local,190.0,4
2026-03-01,Kaolack,Kaolack,Mil,195.0,4
2026-03-01,Kaolack,Kaolack,Niébé (haricot),691.5,4
2026-03-01,Kaolack,Kaolack,Riz importé (brisé),320.0,4
2026-03-01,Kaolack,Kaolack,Riz local,325.0,1
2026-03-01,Kaolack,Kaolack,Riz ordinaire 1re qual.,400.0,4
2026-03-01,Kaolack,Kaolack,Sorgho,300.0,1
2026-03-01,Kedougou,Kédougou,Arachide décortiquée,800.0,3
2026-03-01,Kedougou,Kédougou,Arachide en coque,500.0,3
2026-03-01,Kedougou,Kédougou,Maïs local,367.0,3
2026-03-01,Kedougou,Kédougou,Mil,500.0,3
2026-03-01,Kedougou,Kédougou,Niébé (haricot),950.0,3
2026-03-01,Kedougou,Kédougou,Riz importé (brisé),333.0,3
2026-03-01,Kedougou,Kédougou,Riz local,433.5,2
2026-03-01,Kedougou,Kédougou,Riz ordinaire 1re qual.,500.0,2
2026-03-01,Kedougou,Kédougou,Sorgho,425.0,2
2026-03-01,Kolda,Kolda,Arachide décortiquée,750.0,2
2026-03-01,Kolda,Kolda,Arachide en coque,270.0,1
2026-03-01,Kolda,Kolda,Maïs local,187.5,2
2026-03-01,Kolda,Kolda,Mil,287.5,2
2026-03-01,Kolda,Kolda,Niébé (haricot),1000.0,2
2026-03-01,Kolda,Kolda,Riz importé (brisé),325.0,2
2026-03-01,Kolda,Kolda,Riz local,525.0,2
2026-03-01,Kolda,Kolda,Riz ordinaire 1re qual.,600.0,2
2026-03-01,Kolda,Kolda,Sorgho,275.0,2
2026-03-01,Louga,Louga,Arachide décortiquée,725.0,4
2026-03-01,Louga,Louga,Arachide en coque,290.0,4
2026-03-01,Louga,Louga,Maïs importé,275.0,3
2026-03-01,Louga,Louga,Maïs local,243.75,3
2026-03-01,Louga,Louga,Mil,262.5,2
2026-03-01,Louga,Louga,Niébé (haricot),606.5,4
2026-03-01,Louga,Louga,Riz importé (brisé),316.67,3
2026-03-01,Louga,Louga,Riz local,400.0,3
2026-03-01,Louga,Louga,Riz ordinaire 1re qual.,458.33500000000004,2
2026-03-01,Louga,Louga,Sorgho,290.0,3
2026-03-01,Louga,Louga,Sorgho importé,400.0,3
2026-03-01,Matam,Matam,Arachide décortiquée,800.0,2
2026-03-01,Matam,Matam,Arachide en coque,475.0,2
2026-03-01,Matam,Matam,Maïs importé,300.0,2
2026-03-01,Matam,Matam,Maïs local,344.0,2
2026-03-01,Matam,Matam,Mil,325.5,2
2026-03-01,Matam,Matam,Niébé (haricot),937.5,2
2026-03-01,Matam,Matam,Riz importé (brisé),337.5,2
2026-03-01,Matam,Matam,Riz local,425.0,2
2026-03-01,Matam,Matam,Riz ordinaire 1re qual.,512.5,2
2026-03-01,Matam,Matam,Sorgho,350.0,2
2026-03-01,Saint Louis,Saint-Louis,Arachide décortiquée,737.5,2
2026-03-01,Saint Louis,Saint-Louis,Arachide en coque,450.0,2
2026-03-01,Saint Louis,Saint-Louis,Maïs importé,275.0,2
2026-03-01,Saint Louis,Saint-Louis,Maïs local,279.0,2
2026-03-01,Saint Louis,Saint-Louis,Mil,291.5,2
2026-03-01,Saint Louis,Saint-Louis,Niébé (haricot),812.5,2
2026-03-01,Saint Louis,Saint-Louis,Riz importé (brisé),317.0,1
2026-03-01,Saint Louis,Saint-Louis,Riz local,325.0,2
2026-03-01,Saint Louis,Saint-Louis,Sorgho,362.5,2
2026-03-01,Saint Louis,Saint-Louis,Sorgho importé,350.0,1
2026-03-01,Tambacounda,Tambacounda,Arachide décortiquée,687.5,4
2026-03-01,Tambacounda,Tambacounda,Arachide en coque,275.0,3
2026-03-01,Tambacounda,Tambacounda,Maïs importé,300.0,1
2026-03-01,Tambacounda,Tambacounda,Maïs local,250.0,3
2026-03-01,Tambacounda,Tambacounda,Mil,262.5,4
2026-03-01,Tambacounda,Tambacounda,Niébé (haricot),687.5,4
2026-03-01,Tambacounda,Tambacounda,Riz importé (brisé),300.0,3
2026-03-01,Tambacounda,Tambacounda,Riz local,312.5,4
2026-03-01,Tambacounda,Tambacounda,Riz ordinaire 1re qual.,600.0,3
2026-03-01,Tambacounda,Tambacounda,Sorgho,225.0,3
2026-03-01,Tambacounda,Tambacounda,Sorgho importé,275.0,2
2026-03-01,Thies,Thiès,Arachide décortiquée,700.0,4
2026-03-01,Thies,Thiès,Arachide en coque,550.0,4
2026-03-01,Thies,Thiès,Maïs importé,308.5,2
2026-03-01,Thies,Thiès,Maïs local,296.0,3
2026-03-01,Thies,Thiès,Mil,258.25,4
2026-03-01,Thies,Thiès,Niébé (haricot),637.5,4
2026-03-01,Thies,Thiès,Riz importé (brisé),300.0,2
2026-03-01,Thies,Thiès,Riz local,429.0,2
2026-03-01,Thies,Thiès,Riz ordinaire 1re qual.,500.0,3
2026-03-01,Thies,Thiès,Sorgho,275.0,3
2026-03-01,Thies,Thiès,Sorgho importé,300.0,1
2026-03-01,Ziguinchor,Ziguinchor,Arachide décortiquée,925.0,2
2026-03-01,Ziguinchor,Ziguinchor,Arachide en coque,550.0,2
2026-03-01,Ziguinchor,Ziguinchor,Maïs local,362.5,2
2026-03-01,Ziguinchor,Ziguinchor,Mil,350.0,2
2026-03-01,Ziguinchor,Ziguinchor,Niébé (haricot),1025.0,2
2026-03-01,Ziguinchor,Ziguinchor,Riz importé (brisé),300.0,2
2026-03-01,Ziguinchor,Ziguinchor,Riz local,500.0,2
2026-03-01,Ziguinchor,Ziguinchor,Riz ordinaire 1re qual.,500.0,2
2026-03-01,Ziguinchor,Ziguinchor,Sorgho,400.0,2
