date,region,indice_panier,region_fr,var_annuelle_pct
2007-01-01,Dakar,71.69035325627698,Dakar,
2007-02-01,Dakar,72.28743554919166,Dakar,
2007-03-01,Dakar,77.22548003622929,Dakar,
2007-04-01,Dakar,78.21755538548878,Dakar,
2007-05-01,Dakar,77.2018311379675,Dakar,
2007-06-01,Dakar,75.80879407906272,Dakar,
2007-07-01,Dakar,75.2739848995867,Dakar,
2007-08-01,Dakar,76.18814822243658,Dakar,
2007-09-01,Dakar,78.77464567096744,Dakar,
2007-10-01,Dakar,81.68216109274356,Dakar,
2007-11-01,Dakar,81.05667536153693,Dakar,
2007-12-01,Dakar,80.25620047806618,Dakar,
2008-01-01,Dakar,94.92483469572802,Dakar,32.40949497960064
2008-02-01,Dakar,99.15137352636506,Dakar,37.16266564594406
2008-03-01,Dakar,99.07264823870962,Dakar,28.290103463560246
2008-04-01,Dakar,102.92524970333116,Dakar,31.58842563676727
2008-05-01,Dakar,92.58841571902146,Dakar,19.930336307122776
2008-06-01,Dakar,93.7435910266396,Dakar,23.657937268956264
2008-07-01,Dakar,117.42610876640764,Dakar,55.9982627770413
2008-08-01,Dakar,124.1931686711353,Dakar,63.008514537647955
2008-09-01,Dakar,115.99035084055124,Dakar,47.24325301954322
2008-10-01,Dakar,116.55354496216346,Dakar,42.69155394875783
2008-11-01,Dakar,121.82471882523083,Dakar,50.295726146990695
2008-12-01,Dakar,108.43238638693596,Dakar,35.107799448555085
2009-01-01,Dakar,110.15340929605314,Dakar,16.042771787950727
2009-02-01,Dakar,107.60064920490426,Dakar,8.521592165631953
2009-03-01,Dakar,104.03718197378963,Dakar,5.011003363025357
2009-04-01,Dakar,100.23368219837924,Dakar,-2.6150701724892755
2009-05-01,Dakar,85.56169935398492,Dakar,-7.589196024652312
2009-06-01,Dakar,97.93928596291661,Dakar,4.475713902494616
2009-07-01,Dakar,99.06788465098344,Dakar,-15.633852052394648
2009-08-01,Dakar,100.28162034983043,Dakar,-19.253513359195196
2009-09-01,Dakar,97.31488648120884,Dakar,-16.10087755059475
2009-10-01,Dakar,90.69092617666084,Dakar,-22.18947419737285
2009-11-01,Dakar,78.91731007975365,Dakar,-35.220609708143016
2009-12-01,Dakar,93.44967481401497,Dakar,-13.817561405921541
2010-01-01,Dakar,97.14131865261045,Dakar,-11.812698968282342
2010-02-01,Dakar,96.94838264139989,Dakar,-9.899816257817573
2010-03-01,Dakar,96.838434443916,Dakar,-6.919398808482946
2010-04-01,Dakar,96.79264605101575,Dakar,-3.4330138052327652
2010-05-01,Dakar,84.34849417869431,Dakar,-1.4179302006045336
2010-06-01,Dakar,95.03251258315768,Dakar,-2.967934012567275
2010-07-01,Dakar,94.42585710328547,Dakar,-4.685703711199507
2010-08-01,Dakar,95.03923905887044,Dakar,-5.227659139004793
2010-09-01,Dakar,95.30956093558895,Dakar,-2.0606565122049614
2010-10-01,Dakar,94.73743543546374,Dakar,4.461867828894506
2010-11-01,Dakar,93.86096702262043,Dakar,18.93584174088645
2010-12-01,Dakar,94.16464456805345,Dakar,0.7650853311811145
2011-01-01,Dakar,94.57825507263034,Dakar,-2.6384895897346716
2011-02-01,Dakar,95.69914504164105,Dakar,-1.2885595052984256
2011-03-01,Dakar,93.18486455820921,Dakar,-3.772851044822245
2011-04-01,Dakar,91.4072909058797,Dakar,-5.563806099791535
2011-05-01,Dakar,101.73875349423231,Dakar,20.61715444344072
2011-06-01,Dakar,101.61915314033665,Dakar,6.93093382269081
2011-07-01,Dakar,108.14536822658228,Dakar,14.529400679191129
2011-08-01,Dakar,105.73584079997919,Dakar,11.254932012326947
2011-09-01,Dakar,93.41982993375964,Dakar,-1.982729731706978
2011-10-01,Dakar,104.9225428942478,Dakar,10.750879430045668
2011-11-01,Dakar,93.03634761803117,Dakar,-0.8785541325080581
2011-12-01,Dakar,93.36426672513015,Dakar,-0.8499770233241444
2012-01-01,Dakar,92.2479631370196,Dakar,-2.4638770654218822
2012-02-01,Dakar,93.79657403304586,Dakar,-1.9880752411814528
2012-03-01,Dakar,90.79621218726757,Dakar,-2.563348009643285
2012-04-01,Dakar,90.19804362136051,Dakar,-1.3229221351328868
2012-05-01,Dakar,100.39656581625442,Dakar,-1.319249186647431
2012-06-01,Dakar,93.90474533112241,Dakar,-7.591489961110575
2012-07-01,Dakar,94.59134949278928,Dakar,-12.533147703002046
2012-08-01,Dakar,95.86287741882255,Dakar,-9.337385796962971
2012-09-01,Dakar,79.95804216263483,Dakar,-14.409989592862726
2012-10-01,Dakar,80.43973773103559,Dakar,-23.334170606109506
2012-11-01,Dakar,94.03465545986596,Dakar,1.0730299150751632
2012-12-01,Dakar,82.72386034994561,Dakar,-11.396658216692812
2013-01-01,Dakar,106.54580741376004,Dakar,15.499360409186803
2013-02-01,Dakar,109.32042667852468,Dakar,16.550554010650266
2013-03-01,Dakar,108.2209447036859,Dakar,19.191034622104873
2013-04-01,Dakar,107.81328614913035,Dakar,19.529517293874243
2013-05-01,Dakar,106.89355110036917,Dakar,6.47132223228184
2013-06-01,Dakar,106.75677301855677,Dakar,13.686238796682915
2013-07-01,Dakar,97.48106020466828,Dakar,3.054941839157599
2013-08-01,Dakar,100.40987564235347,Dakar,4.743231526073632
2013-09-01,Dakar,95.8842697765093,Dakar,19.91823109110211
2013-10-01,Dakar,107.38630787187847,Dakar,33.499077571515066
2013-11-01,Dakar,106.40960189089334,Dakar,13.159984869949382
2013-12-01,Dakar,107.09626669654837,Dakar,29.462365807761515
2014-01-01,Dakar,107.50644219861036,Dakar,0.9016166925459368
2014-02-01,Dakar,105.89090659483914,Dakar,-3.1371265077208554
2014-03-01,Dakar,103.81513597098152,Dakar,-4.071123888973338
2014-04-01,Dakar,95.319283761417,Dakar,-11.588555394213007
2014-05-01,Dakar,102.29985927445836,Dakar,-4.297445242133923
2014-06-01,Dakar,102.76591594717173,Dakar,-3.738270611356276
2014-07-01,Dakar,100.68036183164509,Dakar,3.2819725393421484
2014-08-01,Dakar,108.03377599702291,Dakar,7.592779401325789
2014-09-01,Dakar,102.9473034136688,Dakar,7.36620683832947
2014-10-01,Dakar,101.96956584431413,Dakar,-5.044164507477989
2014-11-01,Dakar,89.73274701225581,Dakar,-15.672321465629647
2014-12-01,Dakar,77.99622120899967,Dakar,-27.171857978954716
2015-01-01,Dakar,91.7464845178382,Dakar,-14.65954724058004
2015-02-01,Dakar,93.16442362227271,Dakar,-12.018485233354959
2015-03-01,Dakar,98.72723296883305,Dakar,-4.900926010991924
2015-04-01,Dakar,98.52226846842491,Dakar,3.3602693816132234
2015-05-01,Dakar,87.99547687908195,Dakar,-13.982797725067686
2015-06-01,Dakar,88.90029437036024,Dakar,-13.4924322417749
2015-07-01,Dakar,89.20302154195343,Dakar,-11.399780534046688
2015-08-01,Dakar,92.46515091892695,Dakar,-14.410886719839343
2015-09-01,Dakar,94.19469480224146,Dakar,-8.50202804852217
2015-10-01,Dakar,94.71089843425021,Dakar,-7.118464563383908
2015-11-01,Dakar,104.34679034771926,Dakar,16.286187397636944
2015-12-01,Dakar,86.02326312809772,Dakar,10.291577969641242
2016-01-01,Dakar,86.34354029770809,Dakar,-5.888993184343338
2016-02-01,Dakar,85.82733666569932,Dakar,-7.87541710805939
2016-03-01,Dakar,86.32830005683613,Dakar,-12.558776883690348
2016-04-01,Dakar,86.32830005683613,Dakar,-12.376865252038716
2016-05-01,Dakar,86.5595139296685,Dakar,-1.6318599550141255
2016-06-01,Dakar,86.5595139296685,Dakar,-2.6330401460089803
2016-07-01,Dakar,89.88794959455342,Dakar,0.7678305518808548
2016-08-01,Dakar,89.88794959455342,Dakar,-2.7872136678100623
2016-09-01,Dakar,95.93726699745345,Dakar,1.8499685134820698
2016-10-01,Dakar,95.93726699745345,Dakar,1.2948547458396353
2016-11-01,Dakar,95.93726699745345,Dakar,-8.059206538353891
2016-12-01,Dakar,91.32813118547084,Dakar,6.166783105488105
2017-01-01,Dakar,91.32813118547084,Dakar,5.772974875220704
2017-02-01,Dakar,91.22041525508665,Dakar,6.283637357166949
2017-03-01,Dakar,92.19115562672816,Dakar,6.791348336561809
2017-04-01,Dakar,93.91720450924278,Dakar,8.790749322540027
2017-05-01,Dakar,94.90485973343594,Dakar,9.641165280281294
2017-06-01,Dakar,94.90485973343594,Dakar,9.641165280281294
2017-07-01,Dakar,95.16663904695804,Dakar,5.872521818791676
2017-08-01,Dakar,94.27024171284361,Dakar,4.875283214331683
2017-09-01,Dakar,99.85322952357618,Dakar,4.08179495693437
2017-10-01,Dakar,100.4450674311003,Dakar,4.698695902778338
2017-11-01,Dakar,101.10350424722908,Dakar,5.385016075049087
2017-12-01,Dakar,101.10350424722908,Dakar,10.703572858516331
2018-01-01,Dakar,92.82343316960547,Dakar,1.6372852096337542
2018-02-01,Dakar,96.1556014315412,Dakar,5.410177275178918
2018-03-01,Dakar,102.05208236516049,Dakar,10.696174347090448
2018-04-01,Dakar,103.6426580113054,Dakar,10.355348152537381
2018-05-01,Dakar,106.80872938371222,Dakar,12.542950575672606
2018-06-01,Dakar,106.00500692913099,Dakar,11.696078817114941
2018-07-01,Dakar,107.58292696489542,Dakar,13.04689126597276
2018-08-01,Dakar,108.09841275868267,Dakar,14.66864918832076
2018-09-01,Dakar,107.3623819301663,Dakar,7.520189825024293
2018-10-01,Dakar,97.4845532955685,Dakar,-2.947396234825117
2018-11-01,Dakar,101.67983091258458,Dakar,0.5700362906771339
2018-12-01,Dakar,105.49421949204229,Dakar,4.3427923468177365
2019-01-01,Dakar,104.75296055173179,Dakar,12.85184890794644
2019-02-01,Dakar,106.14982080501386,Dakar,10.393798410785383
2019-03-01,Dakar,103.45462319821202,Dakar,1.3743382795786463
2019-04-01,Dakar,102.85250373771105,Dakar,-0.7623832587429047
2019-05-01,Dakar,101.7565566651135,Dakar,-4.730112180670842
2019-06-01,Dakar,105.54726535028088,Dakar,-0.43181128147665726
2019-07-01,Dakar,105.30562733477748,Dakar,-2.116785343515548
2019-08-01,Dakar,106.49642397854258,Dakar,-1.4819725278634288
2019-09-01,Dakar,107.91592545771822,Dakar,0.5155842461766369
2019-10-01,Dakar,107.64587519440502,Dakar,10.423519988882624
2019-11-01,Dakar,115.1716489231039,Dakar,13.26892254779457
2019-12-01,Dakar,102.65867208079527,Dakar,-2.6878699372347215
2020-01-01,Dakar,102.92112687272426,Dakar,-1.7487178112764568
2020-02-01,Dakar,103.16023389493827,Dakar,-2.8163843211446826
2020-03-01,Dakar,101.78480499741319,Dakar,-1.6140585593739654
2020-04-01,Dakar,101.5685754301801,Dakar,-1.2483199347340657
2020-05-01,Dakar,111.04694261312312,Dakar,9.130012111735276
2020-06-01,Dakar,109.50464328935597,Dakar,3.749389362141864
2020-07-01,Dakar,108.24504615569073,Dakar,2.791321694109028
2020-08-01,Dakar,109.64124431212741,Dakar,2.952982096580503
2020-09-01,Dakar,109.29245048676209,Dakar,1.2755531893976046
2020-10-01,Dakar,112.59719135428846,Dakar,4.599633893023314
2020-11-01,Dakar,107.12525374697611,Dakar,-6.986437418726277
2020-12-01,Dakar,108.30939213446608,Dakar,5.504376726423588
2021-01-01,Dakar,106.07607166826888,Dakar,3.0654005561425057
2021-02-01,Dakar,106.07607166826888,Dakar,2.826513340693082
2021-03-01,Dakar,106.80583658296874,Dakar,4.932987380270704
2021-04-01,Dakar,107.62831158782194,Dakar,5.966152554544202
2021-05-01,Dakar,108.45078659267513,Dakar,-2.337890588751057
2021-06-01,Dakar,108.70762666974643,Dakar,-0.727838195411945
2021-07-01,Dakar,103.32936997255366,Dakar,-4.541248175058987
2021-08-01,Dakar,105.69416775549224,Dakar,-3.5999924858555965
2021-09-01,Dakar,106.28676089000813,Dakar,-2.7501346921652403
2021-10-01,Dakar,94.40295889232947,Dakar,-16.158691209899377
2021-11-01,Dakar,94.93843034707425,Dakar,-11.376237603774053
2021-12-01,Dakar,94.4222267150655,Dakar,-12.821755478194962
2022-01-01,Dakar,115.40846944806736,Dakar,8.797835018800138
2022-02-01,Dakar,122.10394869448135,Dakar,15.109795050043285
2022-03-01,Dakar,121.05834802264863,Dakar,13.344318902093221
2022-04-01,Dakar,127.87515360513173,Dakar,18.811817930256105
2022-05-01,Dakar,132.36005043272704,Dakar,22.046187576169007
2022-06-01,Dakar,132.3329634122709,Dakar,21.73291558861663
2022-07-01,Dakar,132.70353524060903,Dakar,28.42770189720283
2022-08-01,Dakar,131.2440661141683,Dakar,24.173423095380198
2022-09-01,Dakar,130.79049207220373,Dakar,23.05435877150639
2022-10-01,Dakar,127.85682868625466,Dakar,35.43731063777433
2022-11-01,Dakar,123.27123923840726,Dakar,29.843350883045396
2022-12-01,Dakar,136.92420728220068,Dakar,45.01268615004372
2023-01-01,Dakar,132.21522840340532,Dakar,14.562847107941955
2023-02-01,Dakar,141.74146191196255,Dakar,16.08261929891932
2023-03-01,Dakar,135.42352590884465,Dakar,11.866325718824822
2023-04-01,Dakar,130.94215625478284,Dakar,2.3984351636610945
2023-05-01,Dakar,151.1311720487315,Dakar,14.181863450970056
2023-06-01,Dakar,132.03487725780417,Dakar,-0.22525465067844141
2023-07-01,Dakar,134.72777551740882,Dakar,1.5253853434496367
2023-08-01,Dakar,135.97880546805348,Dakar,3.6075835609713947
2023-09-01,Dakar,135.5508215375698,Dakar,3.6396601847312304
2023-10-01,Dakar,143.00159374830048,Dakar,11.845096752093909
2023-11-01,Dakar,140.9833249902239,Dakar,14.36838459744967
2023-12-01,Dakar,133.25945570414595,Dakar,-2.676481865987135
2024-01-01,Dakar,126.69419358502827,Dakar,-4.175793427918661
2024-02-01,Dakar,129.87642337957413,Dakar,-8.3709017617992
2024-03-01,Dakar,131.9672344633766,Dakar,-2.552209021491969
2024-04-01,Dakar,136.53449921164332,Dakar,4.270849905647722
2024-05-01,Dakar,140.09054469039765,Dakar,-7.305327688965346
2024-06-01,Dakar,137.9375104608376,Dakar,4.470510614788736
2024-07-01,Dakar,136.01780890797562,Dakar,0.9575110890182481
2024-08-01,Dakar,134.73686698121307,Dakar,-0.9133323995350051
2024-09-01,Dakar,138.3935219879319,Dakar,2.0971473415778874
2024-10-01,Dakar,145.3631730116686,Dakar,1.6514356249237139
2024-11-01,Dakar,131.9860927427502,Dakar,-6.3817705023608955
2024-12-01,Dakar,133.4311794479525,Dakar,0.12886420922189057
2025-01-01,Dakar,137.73487423267517,Dakar,8.714433025880663
2025-02-01,Dakar,137.58222948516837,Dakar,5.933183179115886
2025-03-01,Dakar,146.480024886271,Dakar,10.99726798239602
2025-04-01,Dakar,146.4059178757478,Dakar,7.2299812289952525
2025-05-01,Dakar,150.20333810529027,Dakar,7.218755153848577
2025-06-01,Dakar,135.4849073771955,Dakar,-1.7780537545212693
2025-07-01,Dakar,128.10279250738256,Dakar,-5.819103001393044
2025-08-01,Dakar,131.65738901273582,Dakar,-2.285549632756889
2025-09-01,Dakar,136.033328543428,Dakar,-1.705421908916882
2025-10-01,Dakar,133.21320336117023,Dakar,-8.358354732338624
2025-11-01,Dakar,138.20963785172944,Dakar,4.715303695753259
2025-12-01,Dakar,129.55423693646233,Dakar,-2.905574639698405
2026-01-01,Dakar,120.89883602119524,Dakar,-12.223511514621087
2026-02-01,Dakar,124.82774155317264,Dakar,-9.270447193451448
2026-03-01,Dakar,132.83214712232387,Dakar,-9.31722791182178
2007-01-01,Diourbel,52.70052045510706,Diourbel,
2007-02-01,Diourbel,53.833543086896526,Diourbel,
2007-03-01,Diourbel,55.97650978332241,Diourbel,
2007-04-01,Diourbel,58.50791650460847,Diourbel,
2007-05-01,Diourbel,52.36966612807183,Diourbel,
2007-06-01,Diourbel,52.689912669039934,Diourbel,
2007-07-01,Diourbel,54.19101688558294,Diourbel,
2007-08-01,Diourbel,58.207177922988365,Diourbel,
2007-09-01,Diourbel,63.39974523421168,Diourbel,
2007-10-01,Diourbel,57.41360662823021,Diourbel,
2007-11-01,Diourbel,50.357495555736264,Diourbel,
2007-12-01,Diourbel,49.28540108712221,Diourbel,
2008-01-01,Diourbel,62.801136757423016,Diourbel,19.16606556271141
2008-02-01,Diourbel,95.75149861315167,Diourbel,77.86586786344792
2008-03-01,Diourbel,95.07862844638521,Diourbel,69.85451364227937
2008-04-01,Diourbel,98.20358309391924,Diourbel,67.84665898363357
2008-05-01,Diourbel,95.48390453805946,Diourbel,82.32673911754618
2008-06-01,Diourbel,100.36890775564407,Diourbel,90.48979713838061
2008-07-01,Diourbel,103.17359449188683,Diourbel,90.38874046177068
2008-08-01,Diourbel,112.20517204238705,Diourbel,92.76861728435162
2008-09-01,Diourbel,120.75098435012124,Diourbel,90.45973119299188
2008-10-01,Diourbel,112.25700920130593,Diourbel,95.52335377256944
2008-11-01,Diourbel,107.87846609386695,Diourbel,114.2252407577851
2008-12-01,Diourbel,107.99274527455373,Diourbel,119.11710748514363
2009-01-01,Diourbel,107.31374161575202,Diourbel,70.87866105077735
2009-02-01,Diourbel,103.79383951635896,Diourbel,8.399180190066136
2009-03-01,Diourbel,99.02825307586761,Diourbel,4.154061426863764
2009-04-01,Diourbel,95.15881744264081,Diourbel,-3.1004628908158027
2009-05-01,Diourbel,92.07377490001892,Diourbel,-3.5714182977103603
2009-06-01,Diourbel,91.20981026365536,Diourbel,-9.125433061688037
2009-07-01,Diourbel,92.2112770620016,Diourbel,-10.625119231207236
2009-08-01,Diourbel,92.07305919444529,Diourbel,-17.942232502737554
2009-09-01,Diourbel,91.18109754470129,Diourbel,-24.488319465521823
2009-10-01,Diourbel,82.70845107670955,Diourbel,-26.322238882748206
2009-11-01,Diourbel,74.19018715789724,Diourbel,-31.22799216171367
2009-12-01,Diourbel,80.01895939421536,Diourbel,-25.9033936115057
2010-01-01,Diourbel,81.365995132762,Diourbel,-24.179332574106517
2010-02-01,Diourbel,81.27537576796824,Diourbel,-21.695376000462506
2010-03-01,Diourbel,80.91405734323934,Diourbel,-18.291947166583466
2010-04-01,Diourbel,82.41493908500715,Diourbel,-13.392220185286908
2010-05-01,Diourbel,85.51868110074902,Diourbel,-7.119392906816236
2010-06-01,Diourbel,83.12579857793973,Diourbel,-8.863094509623037
2010-07-01,Diourbel,88.10676646036343,Diourbel,-4.451202426009515
2010-08-01,Diourbel,86.67587443775608,Diourbel,-5.861850148034209
2010-09-01,Diourbel,78.6085894274145,Diourbel,-13.788502722423523
2010-10-01,Diourbel,76.94604801084166,Diourbel,-6.967127289717268
2010-11-01,Diourbel,79.75338856883354,Diourbel,7.498567700194991
2010-12-01,Diourbel,83.47115711874166,Diourbel,4.314224717068571
2011-01-01,Diourbel,81.8374293255666,Diourbel,0.5793995292940002
2011-02-01,Diourbel,89.8517221380869,Diourbel,10.552207589421837
2011-03-01,Diourbel,92.68427368740335,Diourbel,14.546565492612086
2011-04-01,Diourbel,88.99832692582672,Diourbel,7.988100111351315
2011-05-01,Diourbel,94.55697921276696,Diourbel,10.568799700465426
2011-06-01,Diourbel,92.451987289722,Diourbel,11.219367358062637
2011-07-01,Diourbel,92.65795171315972,Diourbel,5.165534312105002
2011-08-01,Diourbel,84.43204053806868,Diourbel,-2.588764075635319
2011-09-01,Diourbel,83.49392312234633,Diourbel,6.214758120603148
2011-10-01,Diourbel,99.05845438509283,Diourbel,28.737546561371865
2011-11-01,Diourbel,91.5116529407911,Diourbel,14.743278728287802
2011-12-01,Diourbel,93.4140660012267,Diourbel,11.911789923243532
2012-01-01,Diourbel,93.22874103783627,Diourbel,13.91943980419108
2012-02-01,Diourbel,93.22874103783627,Diourbel,3.758435363720092
2012-03-01,Diourbel,96.65242379422736,Diourbel,4.281362898961061
2012-04-01,Diourbel,98.73043483838039,Diourbel,10.935158276250112
2012-05-01,Diourbel,96.68524883824446,Diourbel,2.250780051558743
2012-06-01,Diourbel,90.84354332920094,Diourbel,-1.739761369845505
2012-07-01,Diourbel,91.88699183668203,Diourbel,-0.8320493408534912
2012-08-01,Diourbel,93.42130261911365,Diourbel,10.646742662806897
2012-09-01,Diourbel,98.70773692428276,Diourbel,18.221462392709874
2012-10-01,Diourbel,103.48217072063068,Diourbel,4.465763536285872
2012-11-01,Diourbel,92.44939967751992,Diourbel,1.0247293176264272
2012-12-01,Diourbel,76.27055399184394,Diourbel,-18.352174081746575
2013-01-01,Diourbel,104.18067002992245,Diourbel,11.747374114642838
2013-02-01,Diourbel,104.75952735543751,Diourbel,12.368274192313233
2013-03-01,Diourbel,126.8804023344045,Diourbel,31.274930677923173
2013-04-01,Diourbel,104.74090764789335,Diourbel,6.0877609010352
2013-05-01,Diourbel,103.1046860908252,Diourbel,6.639520846991376
2013-06-01,Diourbel,102.72703640641944,Diourbel,13.081274289527457
2013-07-01,Diourbel,94.5207067908031,Diourbel,2.8662544082433072
2013-08-01,Diourbel,96.49832276972703,Diourbel,3.293702896820694
2013-09-01,Diourbel,93.99642593316798,Diourbel,-4.772990586065962
2013-10-01,Diourbel,92.45772575137201,Diourbel,-10.65347285671191
2013-11-01,Diourbel,92.97628631405549,Diourbel,0.5699189376820568
2013-12-01,Diourbel,92.8921466422002,Diourbel,21.792935517596625
2014-01-01,Diourbel,92.80789529671345,Diourbel,-10.916396227767155
2014-02-01,Diourbel,91.9588646981139,Diourbel,-12.219091647762381
2014-03-01,Diourbel,93.24270585818664,Diourbel,-26.51134127677396
2014-04-01,Diourbel,93.14444285887059,Diourbel,-11.071571795049262
2014-05-01,Diourbel,92.89410843533403,Diourbel,-9.903116960655545
2014-06-01,Diourbel,93.17694211624124,Diourbel,-9.296573350364291
2014-07-01,Diourbel,92.55543807646498,Diourbel,-2.0791938412899613
2014-08-01,Diourbel,100.5531124441252,Diourbel,4.201927616995049
2014-09-01,Diourbel,101.83224116538891,Diourbel,8.336290613636987
2014-10-01,Diourbel,101.52148914550078,Diourbel,9.803143350618559
2014-11-01,Diourbel,100.86823477327466,Diourbel,8.4881304385096
2014-12-01,Diourbel,101.83224116538891,Diourbel,9.624166139279723
2015-01-01,Diourbel,90.68943180181878,Diourbel,-2.282632838641363
2015-02-01,Diourbel,89.75607956067111,Diourbel,-2.3954027104120645
2015-03-01,Diourbel,90.81691085256179,Diourbel,-2.601592246061857
2015-04-01,Diourbel,103.69500676343347,Diourbel,11.327099696703048
2015-05-01,Diourbel,100.17678285674546,Diourbel,7.8397592097900315
2015-06-01,Diourbel,105.62799981454407,Diourbel,13.362809956533805
2015-07-01,Diourbel,97.61686927549792,Diourbel,5.468540049317716
2015-08-01,Diourbel,98.0519221033413,Diourbel,-2.4874320446060305
2015-09-01,Diourbel,99.58706249523777,Diourbel,-2.2047817512968915
2015-10-01,Diourbel,103.3683172393408,Diourbel,1.8191499251879018
2015-11-01,Diourbel,110.32874336554116,Diourbel,9.379076191361179
2015-12-01,Diourbel,110.28487387126638,Diourbel,8.300546672786368
2016-01-01,Diourbel,90.43974447822588,Diourbel,-0.27532130109553243
2016-02-01,Diourbel,90.3102390951708,Diourbel,0.6174061269299314
2016-03-01,Diourbel,88.32714841444323,Diourbel,-2.741518528592768
2016-04-01,Diourbel,88.9175901011818,Diourbel,-14.250846905255909
2016-05-01,Diourbel,90.41074534442545,Diourbel,-9.748803299348928
2016-06-01,Diourbel,90.59674727066779,Diourbel,-14.230367488040418
2016-07-01,Diourbel,91.6730244324408,Diourbel,-6.088952541883086
2016-08-01,Diourbel,90.75425168426518,Diourbel,-7.4426592182300855
2016-09-01,Diourbel,83.77572229091673,Diourbel,-15.87690188680596
2016-10-01,Diourbel,86.37076310185796,Diourbel,-16.44367886741003
2016-11-01,Diourbel,86.37076310185796,Diourbel,-21.715084875303635
2016-12-01,Diourbel,95.59702978109735,Diourbel,-13.318094834395788
2017-01-01,Diourbel,97.0192485359733,Diourbel,7.275013983848111
2017-02-01,Diourbel,94.38034964299365,Diourbel,4.506809624912722
2017-03-01,Diourbel,102.195065481347,Diourbel,15.700628080772617
2017-04-01,Diourbel,99.1833559696833,Diourbel,11.545258769181444
2017-05-01,Diourbel,101.34283579386074,Diourbel,12.091583149534713
2017-06-01,Diourbel,99.19900256226357,Diourbel,9.495103909079194
2017-07-01,Diourbel,108.61251289878547,Diourbel,18.47816036529739
2017-08-01,Diourbel,102.48753199364933,Diourbel,12.928628787777697
2017-09-01,Diourbel,101.2404851298366,Diourbel,20.84704537464006
2017-10-01,Diourbel,88.85759364556684,Diourbel,2.8792504018705145
2017-11-01,Diourbel,102.18390135860191,Diourbel,18.308438745753985
2017-12-01,Diourbel,101.96176948321613,Diourbel,6.657884368053146
2018-01-01,Diourbel,98.5258957131857,Diourbel,1.5529363502065907
2018-02-01,Diourbel,94.92224366428773,Diourbel,0.5741597942197307
2018-03-01,Diourbel,95.07019849279887,Diourbel,-6.9718307385874585
2018-04-01,Diourbel,95.47913842738308,Diourbel,-3.734716884789091
2018-05-01,Diourbel,99.7481931974015,Diourbel,-1.5735129019902927
2018-06-01,Diourbel,99.3090334062962,Diourbel,0.11091930482221013
2018-07-01,Diourbel,103.3047978992621,Diourbel,-4.8868356489178755
2018-08-01,Diourbel,103.0928625921448,Diourbel,0.5906382822575829
2018-09-01,Diourbel,110.13701602056305,Diourbel,8.787522974941343
2018-10-01,Diourbel,107.96589261101221,Diourbel,21.504407424833172
2018-11-01,Diourbel,100.7805321752901,Diourbel,-1.3733760060568256
2018-12-01,Diourbel,99.08754528246571,Diourbel,-2.818923421315811
2019-01-01,Diourbel,98.92113073063652,Diourbel,0.4011483626612966
2019-02-01,Diourbel,98.06869008624258,Diourbel,3.314761957253043
2019-03-01,Diourbel,99.45145218273512,Diourbel,4.6084406674170575
2019-04-01,Diourbel,102.24555164862798,Diourbel,7.086797527389832
2019-05-01,Diourbel,102.54435076351287,Diourbel,2.8032162553338402
2019-06-01,Diourbel,104.49794465596425,Diourbel,5.225014353366042
2019-07-01,Diourbel,104.3692568890545,Diourbel,1.0304061490255423
2019-08-01,Diourbel,105.98589208696848,Diourbel,2.806236457192046
2019-09-01,Diourbel,112.28054695838344,Diourbel,1.946240251706266
2019-10-01,Diourbel,113.95497070789952,Diourbel,5.547194537135192
2019-11-01,Diourbel,101.91306811572483,Diourbel,1.1237645961869713
2019-12-01,Diourbel,105.25215718084988,Diourbel,6.221379166080765
2020-01-01,Diourbel,106.39125212433585,Diourbel,7.551593212213237
2020-02-01,Diourbel,106.83103748188891,Diourbel,8.934908162779198
2020-03-01,Diourbel,109.72742599025923,Diourbel,10.332653351951793
2020-04-01,Diourbel,105.79035242133101,Diourbel,3.466948650132884
2020-05-01,Diourbel,119.716493663786,Diourbel,16.746064285760042
2020-06-01,Diourbel,116.99868227542827,Diourbel,11.962663630007132
2020-07-01,Diourbel,114.72727429207941,Diourbel,9.924395086989634
2020-08-01,Diourbel,104.26919676459079,Diourbel,-1.619739465861203
2020-09-01,Diourbel,102.51235890868888,Diourbel,-8.699804475761164
2020-10-01,Diourbel,105.38261749215309,Diourbel,-7.522579456160738
2020-11-01,Diourbel,99.37158085001847,Diourbel,-2.493779563991172
2020-12-01,Diourbel,115.08729266740399,Diourbel,9.34435526072388
2021-01-01,Diourbel,106.10429232679621,Diourbel,-0.2697212334753618
2021-02-01,Diourbel,106.33053667068761,Diourbel,-0.46849756681073274
2021-03-01,Diourbel,111.89376160419961,Diourbel,1.9742881912974797
2021-04-01,Diourbel,95.92351172563086,Diourbel,-9.326786866541003
2021-05-01,Diourbel,95.6080845871654,Diourbel,-20.137917791283723
2021-06-01,Diourbel,101.89647306450772,Diourbel,-12.908016498312536
2021-07-01,Diourbel,86.78618497451393,Diourbel,-24.354356442245304
2021-08-01,Diourbel,116.27367462976078,Diourbel,11.51296666480761
2021-09-01,Diourbel,124.33694864762815,Diourbel,21.289715670653074
2021-10-01,Diourbel,119.63640397267287,Diourbel,13.525747243449459
2021-11-01,Diourbel,124.05722161330482,Diourbel,24.841751084290763
2021-12-01,Diourbel,128.90124048266196,Diourbel,12.003017444488439
2022-01-01,Diourbel,130.44645690439526,Diourbel,22.941734065410223
2022-02-01,Diourbel,129.220099969888,Diourbel,21.526801251921455
2022-03-01,Diourbel,134.4576304915685,Diourbel,20.165439577573395
2022-04-01,Diourbel,133.17255267819712,Diourbel,38.83202385157598
2022-05-01,Diourbel,150.2790123378472,Diourbel,57.182327192046834
2022-06-01,Diourbel,152.1160684486697,Diourbel,49.284920148678154
2022-07-01,Diourbel,152.58742656317767,Diourbel,75.8199494631401
2022-08-01,Diourbel,162.15915387158458,Diourbel,39.46334317542863
2022-09-01,Diourbel,162.3772414594367,Diourbel,30.59452015314854
2022-10-01,Diourbel,172.03406902966603,Diourbel,43.79742563054783
2022-11-01,Diourbel,152.14973326790167,Diourbel,22.644801559528084
2022-12-01,Diourbel,151.69605038826157,Diourbel,17.683933700130417
2023-01-01,Diourbel,153.11083188116925,Diourbel,17.374465749870694
2023-02-01,Diourbel,148.47246552478646,Diourbel,14.898893871297748
2023-03-01,Diourbel,160.02791823897792,Diourbel,19.017357106417897
2023-04-01,Diourbel,166.17405385840837,Diourbel,24.781008185641106
2023-05-01,Diourbel,159.08159008921024,Diourbel,5.857489754839262
2023-06-01,Diourbel,150.93783832867362,Diourbel,-0.7745599344053944
2023-07-01,Diourbel,165.89499162070163,Diourbel,8.721272359891374
2023-08-01,Diourbel,164.66797855628334,Diourbel,1.5471372567012365
2023-09-01,Diourbel,163.68611556703,Diourbel,0.8060699244729186
2023-10-01,Diourbel,153.91440642616692,Diourbel,-10.532601307229738
2023-11-01,Diourbel,136.3198478408063,Diourbel,-10.404149312061229
2023-12-01,Diourbel,135.1548497973363,Diourbel,-10.904173542151252
2024-01-01,Diourbel,147.3932454582302,Diourbel,-3.7342795102677684
2024-02-01,Diourbel,153.3728980101615,Diourbel,3.300566517875292
2024-03-01,Diourbel,154.16620529474972,Diourbel,-3.6629314489204368
2024-04-01,Diourbel,157.1689617219396,Diourbel,-5.41907230844938
2024-05-01,Diourbel,151.1311223991289,Diourbel,-4.997729583682709
2024-06-01,Diourbel,147.56437472426643,Diourbel,-2.2350019330880655
2024-07-01,Diourbel,157.00713727548572,Diourbel,-5.35751818568272
2024-08-01,Diourbel,155.8852303296088,Diourbel,-5.333610276677215
2024-09-01,Diourbel,157.22279907503858,Diourbel,-3.9486039909992554
2024-10-01,Diourbel,151.94065177729715,Diourbel,-1.2823716081552083
2024-11-01,Diourbel,148.37207417740518,Diourbel,8.84113834301916
2024-12-01,Diourbel,149.7909432405631,Diourbel,10.829129302554442
2025-01-01,Diourbel,144.42122855506352,Diourbel,-2.0163860928138155
2025-02-01,Diourbel,150.96617567209717,Diourbel,-1.56919662423336
2025-03-01,Diourbel,150.88765805766027,Diourbel,-2.126631599202433
2025-04-01,Diourbel,150.83656271776127,Diourbel,-4.029039153024061
2025-05-01,Diourbel,142.26445025137872,Diourbel,-5.866873749758705
2025-06-01,Diourbel,141.0733131317806,Diourbel,-4.39879991672435
2025-07-01,Diourbel,141.30880830718868,Diourbel,-9.9984811141118
2025-08-01,Diourbel,147.15801539125374,Diourbel,-5.598487374270123
2025-09-01,Diourbel,143.38713129342818,Diourbel,-8.80003909293523
2025-10-01,Diourbel,141.07120415815191,Diourbel,-7.153745552623292
2025-11-01,Diourbel,143.71875323720985,Diourbel,-3.136251188772532
2025-12-01,Diourbel,129.36691734370038,Diourbel,-13.635020552652444
2026-01-01,Diourbel,130.33842163799642,Diourbel,-9.751202823827077
2026-02-01,Diourbel,124.65497738061185,Diourbel,-17.42853866062951
2026-03-01,Diourbel,128.9188669206022,Diourbel,-14.559700521472019
2007-01-01,Fatick,65.18933518189985,Fatick,
2007-02-01,Fatick,66.44745521355213,Fatick,
2007-03-01,Fatick,70.37817946648781,Fatick,
2007-04-01,Fatick,75.23554304037583,Fatick,
2007-05-01,Fatick,76.20894067233294,Fatick,
2007-06-01,Fatick,75.78248543297562,Fatick,
2007-07-01,Fatick,77.76636673037612,Fatick,
2007-08-01,Fatick,81.08860012494894,Fatick,
2007-09-01,Fatick,81.46102705664744,Fatick,
2007-10-01,Fatick,74.77648193903318,Fatick,
2007-11-01,Fatick,76.19460118080691,Fatick,
2007-12-01,Fatick,75.95832004144167,Fatick,
2008-01-01,Fatick,94.49207409305718,Fatick,44.95020363283808
2008-02-01,Fatick,95.99858175434913,Fatick,44.47292442701398
2008-03-01,Fatick,98.72612273467259,Fatick,40.279449515575074
2008-04-01,Fatick,103.78964188737604,Fatick,37.95293779121975
2008-05-01,Fatick,103.78721682106658,Fatick,36.18771748489309
2008-06-01,Fatick,113.1967949073759,Fatick,49.37065505391831
2008-07-01,Fatick,123.4426084868571,Fatick,58.735213790873296
2008-08-01,Fatick,98.84062511860617,Fatick,21.892133994548235
2008-09-01,Fatick,131.99902782547932,Fatick,62.03948390398772
2008-10-01,Fatick,128.3671601398571,Fatick,71.66782497806933
2008-11-01,Fatick,115.87026371216282,Fatick,52.071487896113624
2008-12-01,Fatick,119.85882107812328,Fatick,57.79551339830871
2009-01-01,Fatick,108.08476863557686,Fatick,14.385010248725628
2009-02-01,Fatick,117.44866186875488,Fatick,22.34416355159745
2009-03-01,Fatick,115.71312332774674,Fatick,17.206186288432377
2009-04-01,Fatick,105.01148824667308,Fatick,1.1772334281901609
2009-05-01,Fatick,99.945365185404,Fatick,-3.7016616817908243
2009-06-01,Fatick,106.00921193616479,Fatick,-6.349634702194884
2009-07-01,Fatick,107.32072758112758,Fatick,-13.060223777955892
2009-08-01,Fatick,98.66063556481316,Fatick,-0.18210078454787837
2009-09-01,Fatick,93.4688327897464,Fatick,-29.189756675083302
2009-10-01,Fatick,86.84839380516775,Fatick,-32.34376010924781
2009-11-01,Fatick,84.31800885187009,Fatick,-27.230674937163123
2009-12-01,Fatick,84.0674142664481,Fatick,-29.861303898814885
2010-01-01,Fatick,90.76981792506369,Fatick,-16.01978792117601
2010-02-01,Fatick,82.10771771693187,Fatick,-30.090546447702728
2010-03-01,Fatick,84.12813573309106,Fatick,-27.29594248803926
2010-04-01,Fatick,84.98640275694372,Fatick,-19.069423568867272
2010-05-01,Fatick,94.0897433601158,Fatick,-5.858822782252792
2010-06-01,Fatick,88.36957575800893,Fatick,-16.639720129961777
2010-07-01,Fatick,87.29812922014621,Fatick,-18.65678589054065
2010-08-01,Fatick,86.25951246508875,Fatick,-12.569474166399164
2010-09-01,Fatick,82.72233174415682,Fatick,-11.497416545003091
2010-10-01,Fatick,79.88718082259427,Fatick,-8.015361801842857
2010-11-01,Fatick,76.12244878036529,Fatick,-9.71982164083448
2010-12-01,Fatick,85.54928713919449,Fatick,1.762719700227322
2011-01-01,Fatick,89.95386762807453,Fatick,-0.8989224784639038
2011-02-01,Fatick,100.56452031090501,Fatick,22.478767047944714
2011-03-01,Fatick,101.81658727110863,Fatick,21.02560740694028
2011-04-01,Fatick,102.65691353829709,Fatick,20.792162284936367
2011-05-01,Fatick,103.68353267839368,Fatick,10.196424153862282
2011-06-01,Fatick,97.33626818572948,Fatick,10.14680940901529
2011-07-01,Fatick,101.79351038315325,Fatick,16.60445795631307
2011-08-01,Fatick,101.26386074162053,Fatick,17.39442740602597
2011-09-01,Fatick,92.98709325597544,Fatick,12.408694599622038
2011-10-01,Fatick,107.3350896107126,Fatick,34.358339480112576
2011-11-01,Fatick,103.58426933815319,Fatick,36.07585015692676
2011-12-01,Fatick,103.0752211595398,Fatick,20.48635892410118
2012-01-01,Fatick,102.49572901885227,Fatick,13.942548243321372
2012-02-01,Fatick,102.34723322231133,Fatick,1.7727056280832265
2012-03-01,Fatick,101.64961288419565,Fatick,-0.16399526971806466
2012-04-01,Fatick,101.52987352504499,Fatick,-1.097870542183843
2012-05-01,Fatick,104.2660316377849,Fatick,0.5618046996894277
2012-06-01,Fatick,101.3721209622224,Fatick,4.146299063769332
2012-07-01,Fatick,106.14118149083359,Fatick,4.271069040959086
2012-08-01,Fatick,106.897161163335,Fatick,5.562991950393936
2012-09-01,Fatick,104.27346498956172,Fatick,12.137568062824688
2012-10-01,Fatick,94.7354180867364,Fatick,-11.73863232394291
2012-11-01,Fatick,91.33730057238554,Fatick,-11.823193660600284
2012-12-01,Fatick,99.42912285027025,Fatick,-3.5373179589167414
2013-01-01,Fatick,110.71221369848716,Fatick,8.016416643198475
2013-02-01,Fatick,107.24999479331944,Fatick,4.7903215520821
2013-03-01,Fatick,104.25319242369379,Fatick,2.5613275502232025
2013-04-01,Fatick,110.22999851325145,Fatick,8.569029671902761
2013-05-01,Fatick,112.1391377345085,Fatick,7.550978945927822
2013-06-01,Fatick,112.13255637102812,Fatick,10.614787681926607
2013-07-01,Fatick,110.62784394871119,Fatick,4.227070393280918
2013-08-01,Fatick,115.31398229702235,Fatick,7.87375552548748
2013-09-01,Fatick,111.88895261525688,Fatick,7.3033802285725535
2013-10-01,Fatick,103.79680807116362,Fatick,9.564944312728873
2013-11-01,Fatick,107.06020775162321,Fatick,17.21411414691103
2013-12-01,Fatick,108.85374453243676,Fatick,9.478733606409273
2014-01-01,Fatick,108.49208225621427,Fatick,-2.005317541856022
2014-02-01,Fatick,110.14564309868648,Fatick,2.699905310902073
2014-03-01,Fatick,107.95598034756647,Fatick,3.5517261752755047
2014-04-01,Fatick,110.40205335509674,Fatick,0.15608713069574787
2014-05-01,Fatick,109.38420914334172,Fatick,-2.4567057022403027
2014-06-01,Fatick,99.18093415745804,Fatick,-11.550278199950503
2014-07-01,Fatick,98.40698830003839,Fatick,-11.04681715964615
2014-08-01,Fatick,111.28676439822718,Fatick,-3.4923933928688533
2014-09-01,Fatick,113.87713248424569,Fatick,1.7769224061158218
2014-10-01,Fatick,109.82829370921766,Fatick,5.810858493759086
2014-11-01,Fatick,107.82163882240155,Fatick,0.7112176286308447
2014-12-01,Fatick,104.359275261021,Fatick,-4.128906442971725
2015-01-01,Fatick,100.94238989767669,Fatick,-6.958749617053417
2015-02-01,Fatick,101.16147240908938,Fatick,-8.156628294001244
2015-03-01,Fatick,102.19029203300707,Fatick,-5.340777135269992
2015-04-01,Fatick,97.23538430280904,Fatick,-11.926108846851314
2015-05-01,Fatick,104.3097792363087,Fatick,-4.6390881707461755
2015-06-01,Fatick,101.89323941570179,Fatick,2.734704286952705
2015-07-01,Fatick,103.22445936338069,Fatick,4.895456254238817
2015-08-01,Fatick,102.18771313438602,Fatick,-8.176220517366495
2015-09-01,Fatick,100.9583304919599,Fatick,-11.344509393993608
2015-10-01,Fatick,93.69228406230295,Fatick,-14.692033447807674
2015-11-01,Fatick,96.42341684343015,Fatick,-10.571367773166562
2015-12-01,Fatick,95.78123880994775,Fatick,-8.219716388043185
2016-01-01,Fatick,97.33300868954595,Fatick,-3.5756843203232025
2016-02-01,Fatick,93.40567437351932,Fatick,-7.666750839891101
2016-03-01,Fatick,95.56377625988208,Fatick,-6.48448658017794
2016-04-01,Fatick,96.80424921264618,Fatick,-0.4433932084026315
2016-05-01,Fatick,94.96611128106963,Fatick,-8.957614543571646
2016-06-01,Fatick,94.76248999049182,Fatick,-6.998255690073895
2016-07-01,Fatick,97.54292065108697,Fatick,-5.504062455094116
2016-08-01,Fatick,103.41771025076703,Fatick,1.2036643923750923
2016-09-01,Fatick,104.17203551165338,Fatick,3.1831994487561577
2016-10-01,Fatick,109.31851993896021,Fatick,16.678252679021277
2016-11-01,Fatick,109.51082763126792,Fatick,13.572855242299454
2016-12-01,Fatick,104.28831128005814,Fatick,8.881773273981564
2017-01-01,Fatick,103.43580743842386,Fatick,6.270019627507306
2017-02-01,Fatick,101.89635443578115,Fatick,9.090111622457231
2017-03-01,Fatick,104.55692620576743,Fatick,9.410626387794485
2017-04-01,Fatick,105.87473676778686,Fatick,9.369927073362128
2017-05-01,Fatick,107.78442880782136,Fatick,13.497780791311499
2017-06-01,Fatick,107.81858001702071,Fatick,13.77769835705973
2017-07-01,Fatick,109.78891007470224,Fatick,12.554462529802057
2017-08-01,Fatick,112.42621057569782,Fatick,8.710790736989837
2017-09-01,Fatick,117.24208731860004,Fatick,12.546603071305595
2017-10-01,Fatick,119.33902630478607,Fatick,9.16633921811325
2017-11-01,Fatick,107.75867388863912,Fatick,-1.5999821940241743
2017-12-01,Fatick,106.06257555400646,Fatick,1.701306936674496
2018-01-01,Fatick,102.85472776006665,Fatick,-0.5617780657855231
2018-02-01,Fatick,104.24744423923602,Fatick,2.307334562137453
2018-03-01,Fatick,103.30514547254673,Fatick,-1.19722411383556
2018-04-01,Fatick,93.59851244228696,Fatick,-11.595045900728064
2018-05-01,Fatick,105.52396948897777,Fatick,-2.097203968927608
2018-06-01,Fatick,109.90600887097223,Fatick,1.9360567108396287
2018-07-01,Fatick,127.01203089334074,Fatick,15.687486838989106
2018-08-01,Fatick,117.23882919709669,Fatick,4.280690949872823
2018-09-01,Fatick,131.71900317176465,Fatick,12.347883071907662
2018-10-01,Fatick,116.99901307923318,Fatick,-1.9608113942346184
2018-11-01,Fatick,111.52462615808642,Fatick,3.4948019807102826
2018-12-01,Fatick,106.9177019779243,Fatick,0.8062470852241432
2019-01-01,Fatick,94.8224416620146,Fatick,-7.809350404182968
2019-02-01,Fatick,93.14477310478195,Fatick,-10.650305353265743
2019-03-01,Fatick,110.05077256855941,Fatick,6.5298074603702405
2019-04-01,Fatick,111.60775356532247,Fatick,19.240948016283955
2019-05-01,Fatick,117.36598679267627,Fatick,11.222111299495264
2019-06-01,Fatick,117.1723113957493,Fatick,6.6113787584695105
2019-07-01,Fatick,114.96403007377289,Fatick,-9.485716222965712
2019-08-01,Fatick,115.30136115523385,Fatick,-1.6525822162601567
2019-09-01,Fatick,115.30136115523385,Fatick,-12.464140800641966
2019-10-01,Fatick,115.30136115523385,Fatick,-1.4509967899042575
2019-11-01,Fatick,105.89952620992064,Fatick,-5.043818699012892
2019-12-01,Fatick,107.42308672999843,Fatick,0.4726857599113732
2020-01-01,Fatick,119.69104689926185,Fatick,26.226497442334363
2020-02-01,Fatick,125.85789876749217,Fatick,35.12073149387571
2020-03-01,Fatick,127.23626188498572,Fatick,15.61596426387657
2020-04-01,Fatick,113.53117963157825,Fatick,1.7233803251223367
2020-05-01,Fatick,137.45958232968673,Fatick,17.120458904763638
2020-06-01,Fatick,117.67162742098435,Fatick,0.42613823973192133
2020-07-01,Fatick,111.97199387872413,Fatick,-2.6025846459355573
2020-08-01,Fatick,112.67231588339396,Fatick,-2.2801511148687337
2020-09-01,Fatick,112.80737471410498,Fatick,-2.1630156106926868
2020-10-01,Fatick,113.68718714065373,Fatick,-1.39996093576632
2020-11-01,Fatick,120.50264957503535,Fatick,13.789602170804315
2020-12-01,Fatick,117.83041728323784,Fatick,9.688169340541863
2021-01-01,Fatick,116.68999895691512,Fatick,-2.5073286766992386
2021-02-01,Fatick,116.68999895691512,Fatick,-7.2843261331683955
2021-03-01,Fatick,112.55490960443447,Fatick,-11.538654203643883
2021-04-01,Fatick,112.2354777297841,Fatick,-1.141274058808217
2021-05-01,Fatick,118.0763939259132,Fatick,-14.101009238689798
2021-06-01,Fatick,120.29816800812432,Fatick,2.2320933641405416
2021-07-01,Fatick,119.80705016743902,Fatick,6.99733568842309
2021-08-01,Fatick,128.54436948514,Fatick,14.08691520832166
2021-09-01,Fatick,128.54436948514,Fatick,13.950324445470264
2021-10-01,Fatick,130.39975830109418,Fatick,14.700487874472312
2021-11-01,Fatick,131.40212108607548,Fatick,9.045005690313213
2021-12-01,Fatick,127.4543398793848,Fatick,8.167604611815316
2022-01-01,Fatick,128.58207331239993,Fatick,10.191168447842447
2022-02-01,Fatick,130.13439442734813,Fatick,11.52146335642441
2022-03-01,Fatick,131.17487899378204,Fatick,16.543009500683723
2022-04-01,Fatick,139.35948284461585,Fatick,24.167050974857496
2022-05-01,Fatick,161.67335346487147,Fatick,36.92267191553385
2022-06-01,Fatick,161.21265336280305,Fatick,34.01089645181927
2022-07-01,Fatick,166.93565632200617,Fatick,39.33708916854353
2022-08-01,Fatick,173.77714655192386,Fatick,35.18845457638877
2022-09-01,Fatick,176.65840476578518,Fatick,37.42990492182332
2022-10-01,Fatick,185.33809345838108,Fatick,42.13070321068679
2022-11-01,Fatick,170.19028606724288,Fatick,29.518674935056065
2022-12-01,Fatick,164.95187060720414,Fatick,29.42036400118251
2023-01-01,Fatick,162.95930356062942,Fatick,26.735632240668107
2023-02-01,Fatick,170.35575889140577,Fatick,30.907558790318546
2023-03-01,Fatick,172.76639067486087,Fatick,31.70691827590735
2023-04-01,Fatick,170.35575889140577,Fatick,22.241956854382416
2023-05-01,Fatick,167.14116127898768,Fatick,3.3820092779261124
2023-06-01,Fatick,165.96607314737778,Fatick,2.948540133433153
2023-07-01,Fatick,170.836528122175,Fatick,2.3367517078821898
2023-08-01,Fatick,169.21607601259248,Fatick,-2.6246664937432107
2023-09-01,Fatick,169.0985671994315,Fatick,-4.279353465450209
2023-10-01,Fatick,162.9650154908432,Fatick,-12.071494612931211
2023-11-01,Fatick,157.28022553366807,Fatick,-7.585662397014826
2023-12-01,Fatick,154.69721127848214,Fatick,-6.216758434429137
2024-01-01,Fatick,153.86146230860044,Fatick,-5.582891589030458
2024-02-01,Fatick,160.74274638687427,Fatick,-5.6429043356610915
2024-03-01,Fatick,166.2143097233796,Fatick,-3.7924511393028992
2024-04-01,Fatick,168.5548112845306,Fatick,-1.0571686091476407
2024-05-01,Fatick,162.71139508521048,Fatick,-2.650314356966288
2024-06-01,Fatick,164.12718483381957,Fatick,-1.107990493891653
2024-07-01,Fatick,168.37709069090334,Fatick,-1.4396437684057628
2024-08-01,Fatick,161.78918226387563,Fatick,-4.389000101954954
2024-09-01,Fatick,157.9280114831452,Fatick,-6.605943445465123
2024-10-01,Fatick,152.52195080969884,Fatick,-6.408163524969046
2024-11-01,Fatick,153.1403615233685,Fatick,-2.632157981877614
2024-12-01,Fatick,154.7748685039153,Fatick,0.05019949926139411
2025-01-01,Fatick,152.18013839266345,Fatick,-1.0927518110836254
2025-02-01,Fatick,153.81623580441078,Fatick,-4.3090657203235905
2025-03-01,Fatick,153.8231937001733,Fatick,-7.454903277478387
2025-04-01,Fatick,153.47453968510544,Fatick,-8.946805780565203
2025-05-01,Fatick,143.49047485248767,Fatick,-11.812891299135497
2025-06-01,Fatick,141.51489826795876,Fatick,-13.77729508292973
2025-07-01,Fatick,149.19489067455527,Fatick,-11.39240495107593
2025-08-01,Fatick,141.35667953778744,Fatick,-12.629090795924224
2025-09-01,Fatick,143.6852105690466,Fatick,-9.018540017277854
2025-10-01,Fatick,148.74016751870653,Fatick,-2.4795009970144055
2025-11-01,Fatick,149.69305465915863,Fatick,-2.251076613583569
2025-12-01,Fatick,152.1794500503936,Fatick,-1.6768991494610974
2026-01-01,Fatick,154.6658454416286,Fatick,1.633397810791437
2026-02-01,Fatick,133.68343734581308,Fatick,-13.088864353824203
2026-03-01,Fatick,135.17193269300407,Fatick,-12.12512922045008
2007-01-01,Kaffrine,68.68018534677728,Kaffrine,
2007-02-01,Kaffrine,70.78750294506224,Kaffrine,
2007-03-01,Kaffrine,72.64210670258545,Kaffrine,
2007-04-01,Kaffrine,76.21044042099082,Kaffrine,
2007-05-01,Kaffrine,81.35938910079379,Kaffrine,
2007-06-01,Kaffrine,81.44153840356375,Kaffrine,
2007-07-01,Kaffrine,81.29076446409809,Kaffrine,
2007-08-01,Kaffrine,88.46223742546604,Kaffrine,
2007-09-01,Kaffrine,83.43294578577589,Kaffrine,
2007-10-01,Kaffrine,79.94165216816579,Kaffrine,
2007-11-01,Kaffrine,86.32502298981281,Kaffrine,
2007-12-01,Kaffrine,86.01900540473973,Kaffrine,
2008-01-01,Kaffrine,88.78374599698164,Kaffrine,29.271267322151573
2008-02-01,Kaffrine,86.4117794786068,Kaffrine,22.072083183482928
2008-03-01,Kaffrine,90.44542346080102,Kaffrine,24.50826052045365
2008-04-01,Kaffrine,93.9396895641138,Kaffrine,23.263543741757164
2008-05-01,Kaffrine,96.9734208062481,Kaffrine,19.191431840903505
2008-06-01,Kaffrine,102.7047068534519,Kaffrine,26.10850539748362
2008-07-01,Kaffrine,110.18691080822123,Kaffrine,35.54665346625576
2008-08-01,Kaffrine,100.52814709013236,Kaffrine,13.639616197626104
2008-09-01,Kaffrine,121.66215584909668,Kaffrine,45.82028082944463
2008-10-01,Kaffrine,111.48835674393784,Kaffrine,39.46216236488358
2008-11-01,Kaffrine,101.31455763877901,Kaffrine,17.364066790616572
2008-12-01,Kaffrine,100.87357520646917,Kaffrine,17.268939267357464
2009-01-01,Kaffrine,100.43259277415933,Kaffrine,13.120472273803042
2009-02-01,Kaffrine,97.38332995220009,Kaffrine,12.696822747770797
2009-03-01,Kaffrine,96.78224380815458,Kaffrine,7.006236584319736
2009-04-01,Kaffrine,97.38393058172427,Kaffrine,3.66643857733826
2009-05-01,Kaffrine,94.46413560531897,Kaffrine,-2.5876009942380485
2009-06-01,Kaffrine,93.43563050064472,Kaffrine,-9.024977176589488
2009-07-01,Kaffrine,94.1715351154704,Kaffrine,-14.534735183406088
2009-08-01,Kaffrine,91.0054554887956,Kaffrine,-9.472662012559352
2009-09-01,Kaffrine,79.97994988683438,Kaffrine,-34.260617585934206
2009-10-01,Kaffrine,75.00227255485453,Kaffrine,-32.726362872925954
2009-11-01,Kaffrine,71.63961281388485,Kaffrine,-29.289912048666757
2009-12-01,Kaffrine,74.11084442786512,Kaffrine,-26.530962864978058
2010-01-01,Kaffrine,80.05344255857804,Kaffrine,-20.291371209949205
2010-02-01,Kaffrine,79.20863776995377,Kaffrine,-18.66304242334621
2010-03-01,Kaffrine,87.51287171146537,Kaffrine,-9.577554447966008
2010-04-01,Kaffrine,84.7857111299183,Kaffrine,-12.936651228339556
2010-05-01,Kaffrine,88.33187677349042,Kaffrine,-6.491626470229683
2010-06-01,Kaffrine,92.05505623109066,Kaffrine,-1.477567242985034
2010-07-01,Kaffrine,93.50170478199755,Kaffrine,-0.7112874741306174
2010-08-01,Kaffrine,89.39138628817784,Kaffrine,-1.773596090419527
2010-09-01,Kaffrine,91.1591049440655,Kaffrine,13.977446938950067
2010-10-01,Kaffrine,89.51447176766715,Kaffrine,19.349012661181455
2010-11-01,Kaffrine,79.37375847340074,Kaffrine,10.795906560255574
2010-12-01,Kaffrine,82.40127078267199,Kaffrine,11.18652259167854
2011-01-01,Kaffrine,84.21528502114266,Kaffrine,5.198830093433204
2011-02-01,Kaffrine,85.24103314652578,Kaffrine,7.615830225602349
2011-03-01,Kaffrine,89.20130205626631,Kaffrine,1.9293508620855215
2011-04-01,Kaffrine,86.59173944355084,Kaffrine,2.1301092950263056
2011-05-01,Kaffrine,92.31789288955576,Kaffrine,4.51254548376312
2011-06-01,Kaffrine,93.3317468635012,Kaffrine,1.3868772500726045
2011-07-01,Kaffrine,93.25813852881845,Kaffrine,-0.26049391692587465
2011-08-01,Kaffrine,93.25723707036464,Kaffrine,4.32463455676162
2011-09-01,Kaffrine,95.71634241767075,Kaffrine,4.9992126144739135
2011-10-01,Kaffrine,110.22155936278226,Kaffrine,23.13267026683674
2011-11-01,Kaffrine,107.27863293464685,Kaffrine,35.15629724223961
2011-12-01,Kaffrine,108.68107139297344,Kaffrine,31.892470056211543
2012-01-01,Kaffrine,121.8609523505345,Kaffrine,44.70170387708205
2012-02-01,Kaffrine,121.23588077363888,Kaffrine,42.22713674204237
2012-03-01,Kaffrine,139.34673227388498,Kaffrine,56.2160294319336
2012-04-01,Kaffrine,114.9152952975082,Kaffrine,32.70930464726545
2012-05-01,Kaffrine,108.58682700905663,Kaffrine,17.622731206575693
2012-06-01,Kaffrine,119.95264195657627,Kaffrine,28.522872428401524
2012-07-01,Kaffrine,109.69054902075708,Kaffrine,17.620350085435945
2012-08-01,Kaffrine,108.72327986660393,Kaffrine,16.584281587250782
2012-09-01,Kaffrine,110.62296398031773,Kaffrine,15.573747581787023
2012-10-01,Kaffrine,105.0911350868096,Kaffrine,-4.65464679109322
2012-11-01,Kaffrine,96.49597613657451,Kaffrine,-10.0510758788668
2012-12-01,Kaffrine,95.4670260368555,Kaffrine,-12.158552714610305
2013-01-01,Kaffrine,95.26382875797157,Kaffrine,-21.82579659812275
2013-02-01,Kaffrine,95.36384742812332,Kaffrine,-21.340244472526727
2013-03-01,Kaffrine,94.97943410692037,Kaffrine,-31.839496659140178
2013-04-01,Kaffrine,94.92930990145689,Kaffrine,-17.391927979916765
2013-05-01,Kaffrine,98.36930040009133,Kaffrine,-9.40954523711528
2013-06-01,Kaffrine,96.275748685397,Kaffrine,-19.73853421231896
2013-07-01,Kaffrine,94.79352917057099,Kaffrine,-13.580951124027173
2013-08-01,Kaffrine,96.48694009283552,Kaffrine,-11.254571963595616
2013-09-01,Kaffrine,95.35239011749893,Kaffrine,-13.804162637999628
2013-10-01,Kaffrine,96.33118245538282,Kaffrine,-8.33557713901435
2013-11-01,Kaffrine,94.40318367160793,Kaffrine,-2.168787289124441
2013-12-01,Kaffrine,87.5659973952003,Kaffrine,-8.276185998090035
2014-01-01,Kaffrine,88.76944493069944,Kaffrine,-6.8172609813655916
2014-02-01,Kaffrine,89.05182274384156,Kaffrine,-6.618886354222653
2014-03-01,Kaffrine,91.90881751470981,Kaffrine,-3.232927865998758
2014-04-01,Kaffrine,92.07169554347938,Kaffrine,-3.0102550634191982
2014-05-01,Kaffrine,96.33478828919809,Kaffrine,-2.0682388739356683
2014-06-01,Kaffrine,93.60702679306702,Kaffrine,-2.771956519445662
2014-07-01,Kaffrine,91.9879344938704,Kaffrine,-2.9596900772121515
2014-08-01,Kaffrine,106.34455867249778,Kaffrine,10.216531449932686
2014-09-01,Kaffrine,106.28092200010228,Kaffrine,11.461203929064133
2014-10-01,Kaffrine,106.07177677569108,Kaffrine,10.111569350682226
2014-11-01,Kaffrine,103.76392034333273,Kaffrine,9.915700199568667
2014-12-01,Kaffrine,89.75200522915196,Kaffrine,2.4964117339814518
2015-01-01,Kaffrine,89.32839642564922,Kaffrine,0.6296665427908632
2015-02-01,Kaffrine,86.28558966697663,Kaffrine,-3.1063183117789994
2015-03-01,Kaffrine,92.0064365704667,Kaffrine,0.10621293842809632
2015-04-01,Kaffrine,95.5331620731057,Kaffrine,3.759533816765326
2015-05-01,Kaffrine,104.49186286843516,Kaffrine,8.467423579890433
2015-06-01,Kaffrine,98.10438519379576,Kaffrine,4.804509399354018
2015-07-01,Kaffrine,102.71405073666186,Kaffrine,11.660351220850806
2015-08-01,Kaffrine,100.62892575240973,Kaffrine,-5.374635986491894
2015-09-01,Kaffrine,100.49854225823277,Kaffrine,-5.440656359627683
2015-10-01,Kaffrine,98.65071253816076,Kaffrine,-6.996266549983011
2015-11-01,Kaffrine,96.8028828180888,Kaffrine,-6.70853366200056
2015-12-01,Kaffrine,94.95505309801682,Kaffrine,5.797138298560123
2016-01-01,Kaffrine,84.52581784413374,Kaffrine,-5.376317916456507
2016-02-01,Kaffrine,98.0154205285227,Kaffrine,13.594194473049214
2016-03-01,Kaffrine,96.94927371110354,Kaffrine,5.372273207050227
2016-04-01,Kaffrine,95.28122679065578,Kaffrine,-0.2637150042800074
2016-05-01,Kaffrine,97.65342937576261,Kaffrine,-6.54446509512685
2016-06-01,Kaffrine,89.23118709593822,Kaffrine,-9.044649818995742
2016-07-01,Kaffrine,91.96940437891035,Kaffrine,-10.460736657439995
2016-08-01,Kaffrine,94.54825816411119,Kaffrine,-6.042663720031738
2016-09-01,Kaffrine,95.41253169796025,Kaffrine,-5.060780431226486
2016-10-01,Kaffrine,105.85702157856576,Kaffrine,7.304872772832138
2016-11-01,Kaffrine,106.09080184316835,Kaffrine,9.594671929898336
2016-12-01,Kaffrine,99.13904451055237,Kaffrine,4.406286212295241
2017-01-01,Kaffrine,104.73721422931244,Kaffrine,23.91150644936517
2017-02-01,Kaffrine,97.80534813842559,Kaffrine,-0.2143258570583617
2017-03-01,Kaffrine,97.72605436906724,Kaffrine,0.8012238031595897
2017-04-01,Kaffrine,98.52506469143262,Kaffrine,3.404487966872982
2017-05-01,Kaffrine,99.64140302728637,Kaffrine,2.035743817940272
2017-06-01,Kaffrine,102.14657926202894,Kaffrine,14.474078611331853
2017-07-01,Kaffrine,93.98110128751982,Kaffrine,2.1873545035926867
2017-08-01,Kaffrine,95.13923992939166,Kaffrine,0.6250583318570424
2017-09-01,Kaffrine,98.85090377113991,Kaffrine,3.6036902197126963
2017-10-01,Kaffrine,91.99075827246281,Kaffrine,-13.099049169649636
2017-11-01,Kaffrine,80.04064061147707,Kaffrine,-24.554589822217242
2017-12-01,Kaffrine,83.90229386461334,Kaffrine,-15.36907151078829
2018-01-01,Kaffrine,83.00390972282078,Kaffrine,-20.75031751265467
2018-02-01,Kaffrine,81.16938718377102,Kaffrine,-17.009254883597368
2018-03-01,Kaffrine,88.96680977979028,Kaffrine,-8.963059693576946
2018-04-01,Kaffrine,91.9491136266375,Kaffrine,-6.674394059410282
2018-05-01,Kaffrine,92.56966360628911,Kaffrine,-7.097189728511443
2018-06-01,Kaffrine,97.4431483917519,Kaffrine,-4.604589702619089
2018-07-01,Kaffrine,101.89634084157589,Kaffrine,8.422160887262532
2018-08-01,Kaffrine,100.35895691834841,Kaffrine,5.4863976134669645
2018-09-01,Kaffrine,104.36352079277023,Kaffrine,5.57669865557644
2018-10-01,Kaffrine,98.4984084045068,Kaffrine,7.074243385155388
2018-11-01,Kaffrine,92.63329601624338,Kaffrine,15.732826859659887
2018-12-01,Kaffrine,92.63819469450635,Kaffrine,10.41199284013552
2019-01-01,Kaffrine,94.37108696352904,Kaffrine,13.69474917346334
2019-02-01,Kaffrine,93.55565858304813,Kaffrine,15.259781832815932
2019-03-01,Kaffrine,98.42914336851092,Kaffrine,10.635801836821734
2019-04-01,Kaffrine,99.08019667542446,Kaffrine,7.755466874583439
2019-05-01,Kaffrine,99.65926599636039,Kaffrine,7.65866712039085
2019-06-01,Kaffrine,100.4509873135237,Kaffrine,3.0867628677999415
2019-07-01,Kaffrine,88.15431355658134,Kaffrine,-13.486281422372237
2019-08-01,Kaffrine,90.2710361623291,Kaffrine,-10.051838984562988
2019-09-01,Kaffrine,101.83953031999701,Kaffrine,-2.418460448248949
2019-10-01,Kaffrine,92.06393335976801,Kaffrine,-6.5325675297352115
2019-11-01,Kaffrine,90.91069339615913,Kaffrine,-1.859593358075251
2019-12-01,Kaffrine,91.88397339482398,Kaffrine,-0.8141580286290862
2020-01-01,Kaffrine,104.24092307802863,Kaffrine,10.458538130766604
2020-02-01,Kaffrine,94.18069013559466,Kaffrine,0.6680852468070597
2020-03-01,Kaffrine,103.18254469011531,Kaffrine,4.829262105642873
2020-04-01,Kaffrine,103.80953934790523,Kaffrine,4.773247158535177
2020-05-01,Kaffrine,110.20818560456769,Kaffrine,10.584986255660912
2020-06-01,Kaffrine,112.46385062097835,Kaffrine,11.958930050095539
2020-07-01,Kaffrine,109.16020997221536,Kaffrine,23.82855196547076
2020-08-01,Kaffrine,108.0850562900582,Kaffrine,19.733926722293525
2020-09-01,Kaffrine,110.91940738496753,Kaffrine,8.91586698842779
2020-10-01,Kaffrine,111.56743190411338,Kaffrine,21.184733079054396
2020-11-01,Kaffrine,97.51392792549385,Kaffrine,7.263429947190003
2020-12-01,Kaffrine,95.59186131947908,Kaffrine,4.035402244439701
2021-01-01,Kaffrine,106.15848396093949,Kaffrine,1.839547105195427
2021-02-01,Kaffrine,106.15848396093949,Kaffrine,12.7178870829042
2021-03-01,Kaffrine,113.81020146809487,Kaffrine,10.2998591572802
2021-04-01,Kaffrine,114.57902811050079,Kaffrine,10.37427661296415
2021-05-01,Kaffrine,128.01091923782292,Kaffrine,16.153730810098168
2021-06-01,Kaffrine,120.61900442902824,Kaffrine,7.251355669417814
2021-07-01,Kaffrine,120.91535604429272,Kaffrine,10.76870965626524
2021-08-01,Kaffrine,108.02406078028788,Kaffrine,-0.056432879681933557
2021-09-01,Kaffrine,112.5907553298209,Kaffrine,1.5068129052047796
2021-10-01,Kaffrine,107.97507399765806,Kaffrine,-3.219898356666284
2021-11-01,Kaffrine,110.86882188578016,Kaffrine,13.69537074795122
2021-12-01,Kaffrine,111.01108861258746,Kaffrine,16.13027205483062
2022-01-01,Kaffrine,123.37401364096144,Kaffrine,16.216819454916397
2022-02-01,Kaffrine,123.50333819201231,Kaffrine,16.338641608196646
2022-03-01,Kaffrine,126.861734641168,Kaffrine,11.467806053161178
2022-04-01,Kaffrine,128.5287124770307,Kaffrine,12.174727431861921
2022-05-01,Kaffrine,147.10678154129883,Kaffrine,14.91736987529868
2022-06-01,Kaffrine,148.9094760952637,Kaffrine,23.454406542446193
2022-07-01,Kaffrine,159.13118971875286,Kaffrine,31.60544278632502
2022-08-01,Kaffrine,170.18590342146788,Kaffrine,57.54444166620629
2022-09-01,Kaffrine,171.93237583528247,Kaffrine,52.70558877736236
2022-10-01,Kaffrine,162.6438089582938,Kaffrine,50.630884459335014
2022-11-01,Kaffrine,137.55823155214196,Kaffrine,24.072962274153053
2022-12-01,Kaffrine,158.30327868342673,Kaffrine,42.60132087874764
2023-01-01,Kaffrine,164.25598712553082,Kaffrine,33.13661627605195
2023-02-01,Kaffrine,163.0700038663434,Kaffrine,32.03692001653935
2023-03-01,Kaffrine,163.0700038663434,Kaffrine,28.54152146633617
2023-04-01,Kaffrine,159.22587065431384,Kaffrine,23.88350243745654
2023-05-01,Kaffrine,156.23223244864081,Kaffrine,6.203283636370016
2023-06-01,Kaffrine,159.5334013112762,Kaffrine,7.134485658398226
2023-07-01,Kaffrine,164.3034264558983,Kaffrine,3.2502972838239996
2023-08-01,Kaffrine,165.44197038471822,Kaffrine,-2.787500575180568
2023-09-01,Kaffrine,164.21184775686876,Kaffrine,-4.490444595385723
2023-10-01,Kaffrine,148.87043969287436,Kaffrine,-8.468425176239746
2023-11-01,Kaffrine,150.05642295206178,Kaffrine,9.085745912037503
2023-12-01,Kaffrine,145.83277509709222,Kaffrine,-7.87760284565735
2024-01-01,Kaffrine,150.92620095893068,Kaffrine,-8.115251321958205
2024-02-01,Kaffrine,161.50998483806384,Kaffrine,-0.9566560319445361
2024-03-01,Kaffrine,160.1764025693737,Kaffrine,-1.7744534423028369
2024-04-01,Kaffrine,164.02053578140325,Kaffrine,3.0112349879994227
2024-05-01,Kaffrine,144.9992193420706,Kaffrine,-7.189945973704825
2024-06-01,Kaffrine,143.21500565332778,Kaffrine,-10.22882701918235
2024-07-01,Kaffrine,143.55350026753027,Kaffrine,-12.629028277713761
2024-08-01,Kaffrine,150.8661573232283,Kaffrine,-8.810226950026879
2024-09-01,Kaffrine,146.70546077798494,Kaffrine,-10.66085499799241
2024-10-01,Kaffrine,137.62858230310982,Kaffrine,-7.551436949442037
2024-11-01,Kaffrine,135.24379557887164,Kaffrine,-9.871371769219305
2024-12-01,Kaffrine,132.09018221222752,Kaffrine,-9.423528336284615
2025-01-01,Kaffrine,123.03939584522489,Kaffrine,-18.477113275576464
2025-02-01,Kaffrine,121.62822466134047,Kaffrine,-24.693061680805904
2025-03-01,Kaffrine,121.62822466134047,Kaffrine,-24.06607795510809
2025-04-01,Kaffrine,123.03939584522489,Kaffrine,-24.985371338376538
2025-05-01,Kaffrine,122.19681561492396,Kaffrine,-15.72588033964033
2025-06-01,Kaffrine,121.35423538462302,Kaffrine,-15.264301508755196
2025-07-01,Kaffrine,120.51165515432209,Kaffrine,-16.051050702537218
2025-08-01,Kaffrine,119.66907492402117,Kaffrine,-20.678648513839903
2007-01-01,Kaolack,71.28459785554871,Kaolack,
2007-02-01,Kaolack,74.82323956275047,Kaolack,
2007-03-01,Kaolack,75.63378254086807,Kaolack,
2007-04-01,Kaolack,78.75650130836638,Kaolack,
2007-05-01,Kaolack,82.74509336095815,Kaolack,
2007-06-01,Kaolack,82.21868548355009,Kaolack,
2007-07-01,Kaolack,83.34652583905624,Kaolack,
2007-08-01,Kaolack,88.437698202037,Kaolack,
2007-09-01,Kaolack,87.27582569000855,Kaolack,
2007-10-01,Kaolack,82.15773372611292,Kaolack,
2007-11-01,Kaolack,86.56089203429713,Kaolack,
2007-12-01,Kaolack,85.40497842687653,Kaolack,
2008-01-01,Kaolack,87.70878258548417,Kaolack,23.040299340984525
2008-02-01,Kaolack,86.37560244153225,Kaolack,15.43953849939015
2008-03-01,Kaolack,91.93103060987116,Kaolack,21.547577711318368
2008-04-01,Kaolack,95.66218742021881,Kaolack,21.46576578568318
2008-05-01,Kaolack,98.19437658236545,Kaolack,18.67093575447796
2008-06-01,Kaolack,107.87714550704334,Kaolack,31.207577538595977
2008-07-01,Kaolack,112.47412923057786,Kaolack,34.94759151421329
2008-08-01,Kaolack,120.5653458565915,Kaolack,36.32800073692386
2008-09-01,Kaolack,130.59652124379178,Kaolack,49.63653475780596
2008-10-01,Kaolack,122.47484445928959,Kaolack,49.072812630860476
2008-11-01,Kaolack,107.50339328228993,Kaolack,24.193952668249974
2008-12-01,Kaolack,109.16033842494414,Kaolack,27.814959309903564
2009-01-01,Kaolack,102.1901532262458,Kaolack,16.51074181385148
2009-02-01,Kaolack,95.49227872593761,Kaolack,10.554689086627732
2009-03-01,Kaolack,100.29573190520726,Kaolack,9.098887763842756
2009-04-01,Kaolack,93.35398095995127,Kaolack,-2.412872340173655
2009-05-01,Kaolack,99.1621579741764,Kaolack,0.9855772046163613
2009-06-01,Kaolack,94.62556876979302,Kaolack,-12.283951966809425
2009-07-01,Kaolack,93.50494894185259,Kaolack,-16.865371991311406
2009-08-01,Kaolack,90.25443980442775,Kaolack,-25.140645379326145
2009-09-01,Kaolack,93.53410846347727,Kaolack,-28.379326208182874
2009-10-01,Kaolack,89.17123856995826,Kaolack,-27.19220100777624
2009-11-01,Kaolack,81.56104425553195,Kaolack,-24.13165597353448
2009-12-01,Kaolack,89.1579288027751,Kaolack,-18.323880184671825
2010-01-01,Kaolack,93.62094619465442,Kaolack,-8.385550624060045
2010-02-01,Kaolack,79.80728081080784,Kaolack,-16.42540959792743
2010-03-01,Kaolack,82.7364357483338,Kaolack,-17.50752083196254
2010-04-01,Kaolack,86.99868133071283,Kaolack,-6.807743562606994
2010-05-01,Kaolack,88.55870055147247,Kaolack,-10.693048274993423
2010-06-01,Kaolack,91.08724088362194,Kaolack,-3.7392936519929254
2010-07-01,Kaolack,90.5389208104505,Kaolack,-3.172054704020588
2010-08-01,Kaolack,82.82772967190962,Kaolack,-8.228636894330133
2010-09-01,Kaolack,94.3912641419567,Kaolack,0.9164097381803016
2010-10-01,Kaolack,95.7237190596189,Kaolack,7.348199480844908
2010-11-01,Kaolack,93.37483746093574,Kaolack,14.48460268408407
2010-12-01,Kaolack,99.16634030898972,Kaolack,11.225486774545956
2011-01-01,Kaolack,86.71046720694366,Kaolack,-7.381338545054494
2011-02-01,Kaolack,86.55760657374765,Kaolack,8.458283121990107
2011-03-01,Kaolack,87.23555995974249,Kaolack,5.437899482513409
2011-04-01,Kaolack,90.20999053146357,Kaolack,3.691215949059523
2011-05-01,Kaolack,93.79750997279695,Kaolack,5.915634927682301
2011-06-01,Kaolack,94.25308895067903,Kaolack,3.475621872334389
2011-07-01,Kaolack,95.2119558603517,Kaolack,5.161354926777295
2011-08-01,Kaolack,99.24956251483806,Kaolack,19.82649157229981
2011-09-01,Kaolack,100.57255418334961,Kaolack,6.548582750302789
2011-10-01,Kaolack,96.18999004881151,Kaolack,0.4871007873212818
2011-11-01,Kaolack,100.61824327432852,Kaolack,7.757342352990038
2011-12-01,Kaolack,100.2375867078533,Kaolack,1.0802520245535963
2012-01-01,Kaolack,100.68610955228827,Kaolack,16.117595482434965
2012-02-01,Kaolack,113.60024364174761,Kaolack,31.242357706551704
2012-03-01,Kaolack,115.00245322939229,Kaolack,31.829787396863928
2012-04-01,Kaolack,114.2209789741446,Kaolack,26.616773043897446
2012-05-01,Kaolack,108.8516000466779,Kaolack,16.04956259312953
2012-06-01,Kaolack,105.51833135962752,Kaolack,11.952120120798803
2012-07-01,Kaolack,105.39983702423908,Kaolack,10.700212039368306
2012-08-01,Kaolack,106.24609943902212,Kaolack,7.049438553583598
2012-09-01,Kaolack,107.19683853699959,Kaolack,6.586572656366596
2012-10-01,Kaolack,99.56864913046464,Kaolack,3.5124851140317492
2012-11-01,Kaolack,92.92211076201431,Kaolack,-7.648844048420966
2012-12-01,Kaolack,95.35435757704784,Kaolack,-4.871654726722263
2013-01-01,Kaolack,93.98427345554673,Kaolack,-6.6561674957369865
2013-02-01,Kaolack,94.55791104620583,Kaolack,-16.762580770155854
2013-03-01,Kaolack,95.62374366248198,Kaolack,-16.850692331107155
2013-04-01,Kaolack,96.70998782538757,Kaolack,-15.330801141812023
2013-05-01,Kaolack,105.67586699146847,Kaolack,-2.9174886302522074
2013-06-01,Kaolack,96.66065073869486,Kaolack,-8.394447208176492
2013-07-01,Kaolack,97.65068132843557,Kaolack,-7.3521514971806035
2013-08-01,Kaolack,100.39040535374242,Kaolack,-5.511443823535799
2013-09-01,Kaolack,105.72293648618428,Kaolack,-1.3749491784746826
2013-10-01,Kaolack,96.29325778654244,Kaolack,-3.2895809800838616
2013-11-01,Kaolack,95.608870680043,Kaolack,2.8914107697250113
2013-12-01,Kaolack,105.5942359990787,Kaolack,10.738762949304004
2014-01-01,Kaolack,101.6531497583248,Kaolack,8.159744200613893
2014-02-01,Kaolack,100.36010123590455,Kaolack,6.136123488243594
2014-03-01,Kaolack,103.37662588178952,Kaolack,8.107695769235379
2014-04-01,Kaolack,106.69867776943498,Kaolack,10.328498812431096
2014-05-01,Kaolack,107.05388958292451,Kaolack,1.3040087871408756
2014-06-01,Kaolack,103.97553644236783,Kaolack,7.567594101396535
2014-07-01,Kaolack,105.4913825569223,Kaolack,8.029335916372716
2014-08-01,Kaolack,111.62045721401209,Kaolack,11.186379635283572
2014-09-01,Kaolack,108.57435539941017,Kaolack,2.6970674557440955
2014-10-01,Kaolack,107.21533996138531,Kaolack,11.342520157594361
2014-11-01,Kaolack,101.68372058846668,Kaolack,6.353855939532327
2014-12-01,Kaolack,100.2476225592981,Kaolack,-5.063357283845738
2015-01-01,Kaolack,98.13516175468939,Kaolack,-3.460776190407522
2015-02-01,Kaolack,97.37994946059466,Kaolack,-2.969458717767537
2015-03-01,Kaolack,100.98586520458237,Kaolack,-2.312670448289711
2015-04-01,Kaolack,102.92937918460757,Kaolack,-3.532657258389349
2015-05-01,Kaolack,99.54396458562022,Kaolack,-7.015088406934589
2015-06-01,Kaolack,100.14301264201491,Kaolack,-3.685986080463488
2015-07-01,Kaolack,101.65836550521401,Kaolack,-3.6334883085260783
2015-08-01,Kaolack,99.73313129594021,Kaolack,-10.649773540418384
2015-09-01,Kaolack,95.83810836319377,Kaolack,-11.730437624394675
2015-10-01,Kaolack,94.5516956347146,Kaolack,-11.811410877614758
2015-11-01,Kaolack,112.52907891917758,Kaolack,10.665776456591436
2015-12-01,Kaolack,96.57228744965082,Kaolack,-3.6662566311467915
2016-01-01,Kaolack,94.38113223487058,Kaolack,-3.8253664157632317
2016-02-01,Kaolack,95.45832913801974,Kaolack,-1.9733223658660037
2016-03-01,Kaolack,97.13533315716425,Kaolack,-3.8129415830794766
2016-04-01,Kaolack,100.11003541766316,Kaolack,-2.7391049953656266
2016-05-01,Kaolack,99.42684255897417,Kaolack,-0.11765859149130975
2016-06-01,Kaolack,100.07218679704619,Kaolack,-0.07072469970711426
2016-07-01,Kaolack,104.14476771822521,Kaolack,2.4458412258100637
2016-08-01,Kaolack,103.7574709455672,Kaolack,4.03510809029497
2016-09-01,Kaolack,107.53271952089693,Kaolack,12.202464507526134
2016-10-01,Kaolack,106.1637315275426,Kaolack,12.28115034307713
2016-11-01,Kaolack,106.24442549566848,Kaolack,-5.584915013854297
2016-12-01,Kaolack,105.18885314700906,Kaolack,8.922399919180336
2017-01-01,Kaolack,104.4048132974148,Kaolack,10.620428919627667
2017-02-01,Kaolack,102.47136822082616,Kaolack,7.34670211194095
2017-03-01,Kaolack,105.95602319562754,Kaolack,9.08082543371882
2017-04-01,Kaolack,107.36196195481931,Kaolack,7.243955620333975
2017-05-01,Kaolack,109.78371494660485,Kaolack,10.416575766737823
2017-06-01,Kaolack,110.40429170296588,Kaolack,10.324651870428259
2017-07-01,Kaolack,113.00808463866697,Kaolack,8.510573420666145
2017-08-01,Kaolack,113.82057830748184,Kaolack,9.698682196286267
2017-09-01,Kaolack,121.72551550861826,Kaolack,13.198583697088795
2017-10-01,Kaolack,119.14394924816119,Kaolack,12.226602752043503
2017-11-01,Kaolack,103.42074066752528,Kaolack,-2.6577251606093144
2017-12-01,Kaolack,103.0217915322038,Kaolack,-2.060162792892728
2018-01-01,Kaolack,97.55842169708183,Kaolack,-6.557544028961448
2018-02-01,Kaolack,98.31822904571322,Kaolack,-4.052975233201639
2018-03-01,Kaolack,99.80472693208388,Kaolack,-5.805518249950225
2018-04-01,Kaolack,102.96905767092646,Kaolack,-4.0916766086498075
2018-05-01,Kaolack,101.51030731217969,Kaolack,-7.536097351459703
2018-06-01,Kaolack,104.09389311112724,Kaolack,-5.71571855994174
2018-07-01,Kaolack,104.06623424588379,Kaolack,-7.912575831520307
2018-08-01,Kaolack,107.75903586779268,Kaolack,-5.325524197666742
2018-09-01,Kaolack,110.35560702903926,Kaolack,-9.340612304717656
2018-10-01,Kaolack,101.08319006737965,Kaolack,-15.158771632761104
2018-11-01,Kaolack,105.98224576122804,Kaolack,2.476780844122395
2018-12-01,Kaolack,105.09601860932332,Kaolack,2.0133867274780615
2019-01-01,Kaolack,105.0353557095824,Kaolack,7.6640579894951655
2019-02-01,Kaolack,109.25491720982264,Kaolack,11.123764402860004
2019-03-01,Kaolack,110.08864136174307,Kaolack,10.304035435773784
2019-04-01,Kaolack,111.15895060483504,Kaolack,7.95374175422896
2019-05-01,Kaolack,109.29194224193564,Kaolack,7.665856931971149
2019-06-01,Kaolack,115.95297881489859,Kaolack,11.392681500643809
2019-07-01,Kaolack,114.67751991327926,Kaolack,10.196665368253367
2019-08-01,Kaolack,119.41085170206239,Kaolack,10.812843433904785
2019-09-01,Kaolack,117.69829150938439,Kaolack,6.653657823125347
2019-10-01,Kaolack,116.32982105757137,Kaolack,15.083250716591623
2019-11-01,Kaolack,119.51443116079389,Kaolack,12.768351248239341
2019-12-01,Kaolack,118.08713238848229,Kaolack,12.361185467406944
2020-01-01,Kaolack,117.10928902157731,Kaolack,11.495113460060757
2020-02-01,Kaolack,122.83866646136765,Kaolack,12.43307816110244
2020-03-01,Kaolack,118.10439825140682,Kaolack,7.2811843170309976
2020-04-01,Kaolack,114.15620614699203,Kaolack,2.6963690515684036
2020-05-01,Kaolack,130.61740082905553,Kaolack,19.512379549365576
2020-06-01,Kaolack,128.16961144725627,Kaolack,10.535850615670416
2020-07-01,Kaolack,129.22329060263536,Kaolack,12.68406458419733
2020-08-01,Kaolack,128.3727826864037,Kaolack,7.50512273934858
2020-09-01,Kaolack,124.44538636210697,Kaolack,5.732534233247244
2020-10-01,Kaolack,128.8033253337602,Kaolack,10.722533708717496
2020-11-01,Kaolack,118.97634895486907,Kaolack,-0.45022362630073864
2020-12-01,Kaolack,117.60831383370963,Kaolack,-0.40547902645095
2021-01-01,Kaolack,118.2092581132921,Kaolack,0.9392671588264179
2021-02-01,Kaolack,118.71980774148578,Kaolack,-3.3530636879530396
2021-03-01,Kaolack,125.46916552343367,Kaolack,6.235811181518902
2021-04-01,Kaolack,124.52778346487271,Kaolack,9.085425723176034
2021-05-01,Kaolack,125.96650627315961,Kaolack,-3.560700585355192
2021-06-01,Kaolack,124.19201897493676,Kaolack,-3.1033818604937813
2021-07-01,Kaolack,126.34385015754452,Kaolack,-2.2282673902378702
2021-08-01,Kaolack,131.6065112905785,Kaolack,2.5190141839289693
2021-09-01,Kaolack,131.36174589849475,Kaolack,5.5577468466872615
2021-10-01,Kaolack,138.07211020483825,Kaolack,7.196075758960729
2021-11-01,Kaolack,131.57922123870134,Kaolack,10.592754269685045
2021-12-01,Kaolack,133.9158450381933,Kaolack,13.865968036529663
2022-01-01,Kaolack,133.92771923488067,Kaolack,13.297148947947846
2022-02-01,Kaolack,139.57516700947653,Kaolack,17.566874192892577
2022-03-01,Kaolack,146.70688561615077,Kaolack,16.926644888500952
2022-04-01,Kaolack,150.39232977486716,Kaolack,20.770100928754132
2022-05-01,Kaolack,164.1523456791499,Kaolack,30.31427999057459
2022-06-01,Kaolack,165.59118175759247,Kaolack,33.33480132166182
2022-07-01,Kaolack,171.08913819718632,Kaolack,35.415485584653815
2022-08-01,Kaolack,180.95936850471696,Kaolack,37.50031569879593
2022-09-01,Kaolack,192.47026868803033,Kaolack,46.519268126015234
2022-10-01,Kaolack,173.14425011498878,Kaolack,25.401320989531406
2022-11-01,Kaolack,149.76166054370677,Kaolack,13.818625109522564
2022-12-01,Kaolack,179.71276624922373,Kaolack,34.19828415223678
2023-01-01,Kaolack,176.54287795679897,Kaolack,31.819520981448512
2023-02-01,Kaolack,174.25519482776738,Kaolack,24.846846728785387
2023-03-01,Kaolack,172.60974265295582,Kaolack,17.656197204389045
2023-04-01,Kaolack,170.77988628321816,Kaolack,13.556247541926215
2023-05-01,Kaolack,170.61894524737528,Kaolack,3.9393890726757697
2023-06-01,Kaolack,172.97275189389956,Kaolack,4.4577072631276415
2023-07-01,Kaolack,184.69723608652123,Kaolack,7.953805853911722
2023-08-01,Kaolack,171.25148183243914,Kaolack,-5.364677580660748
2023-09-01,Kaolack,168.52880344376462,Kaolack,-12.439045992641995
2023-10-01,Kaolack,140.82383166494503,Kaolack,-18.66675816758516
2023-11-01,Kaolack,130.58034191479348,Kaolack,-12.807896600021584
2023-12-01,Kaolack,145.8427208840001,Kaolack,-18.846766466358332
2024-01-01,Kaolack,152.0593771172107,Kaolack,-13.86830277321045
2024-02-01,Kaolack,154.0821215005146,Kaolack,-11.576741426384274
2024-03-01,Kaolack,153.15705785100914,Kaolack,-11.269749032102826
2024-04-01,Kaolack,154.01244639553428,Kaolack,-9.818158480253969
2024-05-01,Kaolack,146.37329389152754,Kaolack,-14.210409823302273
2024-06-01,Kaolack,151.29474575609933,Kaolack,-12.532613316516683
2024-07-01,Kaolack,154.73577559425902,Kaolack,-16.22193224279046
2024-08-01,Kaolack,151.806569325406,Kaolack,-11.354595183041393
2024-09-01,Kaolack,151.2717396196416,Kaolack,-10.239830504630277
2024-10-01,Kaolack,149.05847956749366,Kaolack,5.847481782871022
2024-11-01,Kaolack,144.08063601827894,Kaolack,10.33868797211046
2024-12-01,Kaolack,127.4240421234563,Kaolack,-12.62913819003253
2025-01-01,Kaolack,139.28267501107368,Kaolack,-8.402442748590532
2025-02-01,Kaolack,130.80394916617215,Kaolack,-15.107640073780216
2025-03-01,Kaolack,131.0073917998021,Kaolack,-14.462060294181278
2025-04-01,Kaolack,131.98786617543942,Kaolack,-14.300519688864243
2025-05-01,Kaolack,133.94551776675104,Kaolack,-8.490466938583975
2025-06-01,Kaolack,140.37573435518416,Kaolack,-7.217046002719485
2025-07-01,Kaolack,136.7054405783507,Kaolack,-11.652337635988353
2025-08-01,Kaolack,137.4913305705721,Kaolack,-9.42992046948138
2025-09-01,Kaolack,136.79968566401814,Kaolack,-9.566925052896247
2025-10-01,Kaolack,138.55388643528704,Kaolack,-7.04729657962877
2025-11-01,Kaolack,140.39876845054633,Kaolack,-2.555421512204814
2025-12-01,Kaolack,124.4572221739883,Kaolack,-2.3283046904080784
2026-01-01,Kaolack,118.33830318572893,Kaolack,-15.037313020933551
2026-02-01,Kaolack,117.8176892254461,Kaolack,-9.928033536837955
2026-03-01,Kaolack,121.61930923787942,Kaolack,-7.1660708857321564
2007-01-01,Kedougou,62.92680735568384,Kédougou,
2007-02-01,Kedougou,62.52092552326455,Kédougou,
2007-03-01,Kedougou,70.38258120479674,Kédougou,
2007-04-01,Kedougou,66.44979878117525,Kédougou,
2007-05-01,Kedougou,75.82496801211767,Kédougou,
2007-06-01,Kedougou,74.57305633474276,Kédougou,
2007-07-01,Kedougou,73.32114465736788,Kédougou,
2007-08-01,Kedougou,91.27524256456934,Kédougou,
2007-09-01,Kedougou,80.95935146255866,Kédougou,
2007-10-01,Kedougou,78.48887673021504,Kédougou,
2007-11-01,Kedougou,76.46726109680623,Kédougou,
2007-12-01,Kedougou,76.36431626481554,Kédougou,
2008-01-01,Kedougou,76.26137143282486,Kédougou,21.190593703204264
2008-02-01,Kedougou,76.15842660083418,Kédougou,21.812698649982387
2008-03-01,Kedougou,85.72447124396274,Kédougou,21.79785079851606
2008-04-01,Kedougou,94.04958974086946,Kédougou,41.534799902980346
2008-05-01,Kedougou,86.37152024988461,Kédougou,13.909075749404188
2008-06-01,Kedougou,94.21938201567409,Kédougou,26.34507239819044
2008-07-01,Kedougou,92.57661199888429,Kédougou,26.26182042233225
2008-08-01,Kedougou,95.84932741790003,Kédougou,5.011309446912637
2008-09-01,Kedougou,107.12816495977104,Kédougou,32.323398130621996
2008-10-01,Kedougou,100.63137726035576,Kédougou,28.211004479335045
2008-11-01,Kedougou,97.7609925061509,Kédougou,27.846860347707736
2008-12-01,Kedougou,97.47621705432832,Kédougou,27.646290600312717
2009-01-01,Kedougou,98.06106209867991,Kédougou,28.58549519406086
2009-02-01,Kedougou,107.13010493426613,Kédougou,40.66743460413442
2009-03-01,Kedougou,100.86717537805517,Kédougou,17.66438907625094
2009-04-01,Kedougou,86.78896308755236,Kédougou,-7.7199982193670085
2009-05-01,Kedougou,84.62336718774728,Kédougou,-2.023992465432689
2009-06-01,Kedougou,83.08307636014989,Kédougou,-11.819548608025887
2009-07-01,Kedougou,83.59337047023243,Kédougou,-9.703575595054314
2009-08-01,Kedougou,83.14689002330506,Kédougou,-13.252505507120294
2009-09-01,Kedougou,84.38562909555279,Kédougou,-21.229277914690847
2009-10-01,Kedougou,78.23024197861233,Kédougou,-22.260586997420017
2009-11-01,Kedougou,78.23024197861233,Kédougou,-19.978060806113174
2009-12-01,Kedougou,74.32976317376507,Kédougou,-23.7457449417252
2010-01-01,Kedougou,72.94185684973135,Kédougou,-25.615881279840547
2010-02-01,Kedougou,71.64819892795502,Kédougou,-33.12038761474416
2010-03-01,Kedougou,74.32976317376507,Kédougou,-26.309264738331926
2010-04-01,Kedougou,74.32976317376507,Kédougou,-14.355742332372945
2010-05-01,Kedougou,77.01132741957512,Kédougou,-8.995198396305726
2010-06-01,Kedougou,79.69289166538519,Kédougou,-4.080475643521996
2010-07-01,Kedougou,73.50300942236993,Kédougou,-12.070767084879863
2010-08-01,Kedougou,74.69265727205709,Kédougou,-10.167827983558198
2010-09-01,Kedougou,79.35174462827995,Kédougou,-5.965333814804885
2010-10-01,Kedougou,81.03367378829022,Kédougou,3.583565305146741
2010-11-01,Kedougou,66.35015729035497,Kédougou,-15.186051311851113
2010-12-01,Kedougou,68.42816072406028,Kédougou,-7.939756831874023
2011-01-01,Kedougou,71.455135879528,Kédougou,-2.0382274792732025
2011-02-01,Kedougou,71.7254975365186,Kédougou,0.10788632473692772
2011-03-01,Kedougou,70.11655898903257,Kédougou,-5.6682599336191135
2011-04-01,Kedougou,73.10890864023281,Kédougou,-1.642484089015861
2011-05-01,Kedougou,73.10890864023281,Kédougou,-5.067330885080135
2011-06-01,Kedougou,74.26572856131492,Kédougou,-6.810096848860581
2011-07-01,Kedougou,74.84379154527495,Kédougou,1.824118676829256
2011-08-01,Kedougou,79.50248080332626,Kédougou,6.439486432715991
2011-09-01,Kedougou,77.8361411964752,Kédougou,-1.9099812346969003
2011-10-01,Kedougou,89.55069916919153,Kédougou,10.510476673133473
2011-11-01,Kedougou,80.20692003689507,Kédougou,20.884295248768602
2011-12-01,Kedougou,90.84774455683733,Kédougou,32.76368032626955
2012-01-01,Kedougou,92.46481695905774,Kédougou,29.40261860946101
2012-02-01,Kedougou,91.56792288083125,Kédougou,27.66439554387197
2012-03-01,Kedougou,102.82741122518952,Kédougou,46.65210715955625
2012-04-01,Kedougou,98.53089166371008,Kédougou,34.772756831288845
2012-05-01,Kedougou,73.10890864023281,Kédougou,0.0
2012-06-01,Kedougou,83.74876317292753,Kédougou,12.7690588853286
2012-07-01,Kedougou,94.38861770562224,Kédougou,26.114158244540707
2012-08-01,Kedougou,94.38861770562224,Kédougou,18.72411621861385
2012-09-01,Kedougou,94.38861770562224,Kédougou,21.26579793744532
2012-10-01,Kedougou,91.20971545459005,Kédougou,1.8526000363928707
2012-11-01,Kedougou,91.82698104918494,Kédougou,14.487604070751825
2012-12-01,Kedougou,84.71997660150733,Kédougou,-6.745096408525885
2013-01-01,Kedougou,86.57766947665971,Kédougou,-6.36690546308526
2013-02-01,Kedougou,88.4353623518121,Kédougou,-3.42102390276553
2013-03-01,Kedougou,83.52303674102723,Kédougou,-18.773568500996475
2013-04-01,Kedougou,85.10882138939301,Kédougou,-13.622195077790566
2013-05-01,Kedougou,74.54559675963077,Kédougou,1.9651341349764317
2013-06-01,Kedougou,91.82698104918494,Kédougou,9.645775734714078
2013-07-01,Kedougou,90.70751909027364,Kédougou,-3.89993910794324
2013-08-01,Kedougou,92.89810320805721,Kédougou,-1.5791252523833177
2013-09-01,Kedougou,89.65404338811592,Kédougou,-5.016043705897289
2013-10-01,Kedougou,86.40998356817462,Kédougou,-5.262303322067741
2013-11-01,Kedougou,84.64887425348566,Kédougou,-7.8169909471971994
2013-12-01,Kedougou,86.48944319701573,Kédougou,2.088606095621759
2014-01-01,Kedougou,90.01072274189096,Kédougou,3.965287222424907
2014-02-01,Kedougou,89.1839689904958,Kédougou,0.8465014659018388
2014-03-01,Kedougou,89.1839689904958,Kédougou,6.777689689397848
2014-04-01,Kedougou,88.14303924747051,Kédougou,3.5651038382910283
2014-05-01,Kedougou,88.14303924747051,Kédougou,18.240436831814687
2014-06-01,Kedougou,88.66994061898592,Kédougou,-3.4380313869929235
2014-07-01,Kedougou,92.17631864169604,Kédougou,1.6192698975270536
2014-08-01,Kedougou,92.08957449644393,Kédougou,-0.8703393112370339
2014-09-01,Kedougou,90.186459295149,Kédougou,0.5938559901065954
2014-10-01,Kedougou,90.01072274189096,Kédougou,4.167040687926371
2014-11-01,Kedougou,90.01072274189096,Kédougou,6.334223030951303
2014-12-01,Kedougou,90.01072274189096,Kédougou,4.071340286992076
2015-01-01,Kedougou,87.92185320618586,Kédougou,-2.3206896601586147
2015-02-01,Kedougou,90.01072274189096,Kédougou,0.9270205853736613
2015-03-01,Kedougou,90.01072274189096,Kédougou,0.9270205853736613
2015-04-01,Kedougou,89.70241515635047,Kédougou,1.7691424327925143
2015-05-01,Kedougou,90.56588527150444,Kédougou,2.748766147297843
2015-06-01,Kedougou,92.61304709945418,Kédougou,4.446948371615322
2015-07-01,Kedougou,91.74560564693309,Kédougou,-0.4672707709636459
2015-08-01,Kedougou,93.13541433227758,Kédougou,1.1356766947316466
2015-09-01,Kedougou,93.1362767152782,Kédougou,3.2707985690795027
2015-10-01,Kedougou,87.62606280768007,Kédougou,-2.6493065065692045
2015-11-01,Kedougou,87.05268569607813,Kédougou,-3.286316291776825
2015-12-01,Kedougou,86.4793085844762,Kédougou,-3.9233260769844236
2016-01-01,Kedougou,76.15258670767611,Kédougou,-13.386053716258228
2016-02-01,Kedougou,81.34833914267057,Kédougou,-9.623724080141082
2016-03-01,Kedougou,79.61345623762841,Kédougou,-11.551142116786561
2016-04-01,Kedougou,79.55648746445456,Kédougou,-11.310651640997238
2016-05-01,Kedougou,87.92650224433771,Kédougou,-2.9143236653119575
2016-06-01,Kedougou,91.61732700303259,Kédougou,-1.0751401963400742
2016-07-01,Kedougou,91.84610930029528,Kédougou,0.10954601329786762
2016-08-01,Kedougou,92.07489159755798,Kédougou,-1.138689017838035
2016-09-01,Kedougou,91.65241065976086,Kédougou,-1.5932202873576107
2016-10-01,Kedougou,93.9579047108593,Kédougou,7.225980148253641
2016-11-01,Kedougou,93.9579047108593,Kédougou,7.932229729119378
2016-12-01,Kedougou,99.60921898138446,Kédougou,15.182718978473876
2017-01-01,Kedougou,90.27540662026371,Kédougou,18.54542376452728
2017-02-01,Kedougou,87.80851462946003,Kédougou,7.941373548462338
2017-03-01,Kedougou,88.32637031043913,Kédougou,10.94402188344219
2017-04-01,Kedougou,80.02772277646935,Kédougou,0.592327950910776
2017-05-01,Kedougou,91.57116527598313,Kédougou,4.1451245513182355
2017-06-01,Kedougou,96.95025436205952,Kédougou,5.820872026587742
2017-07-01,Kedougou,95.2153714570174,Kédougou,3.6683776617103536
2017-08-01,Kedougou,91.74560564693309,Kédougou,-0.3576283880562525
2017-09-01,Kedougou,93.48048855197524,Kédougou,1.9945769882700803
2017-10-01,Kedougou,93.48048855197524,Kédougou,-0.5081170768475807
2017-11-01,Kedougou,90.91286185251286,Kédougou,-3.240858624633103
2017-12-01,Kedougou,99.12248929389347,Kédougou,-0.48863919672129663
2018-01-01,Kedougou,95.09756095419567,Kédougou,5.341603560110197
2018-02-01,Kedougou,94.87979827161612,Kédougou,8.053072839229714
2018-03-01,Kedougou,94.66203558903658,Kédougou,7.173016683839251
2018-04-01,Kedougou,94.66203558903658,Kédougou,18.28655409006612
2018-05-01,Kedougou,90.01072274189096,Kédougou,-1.704076309817848
2018-06-01,Kedougou,98.37227566215354,Kédougou,1.4667535525832553
2018-07-01,Kedougou,99.65012471418251,Kédougou,4.657602222522517
2018-08-01,Kedougou,96.59413276203833,Kédougou,5.2847513305039895
2018-09-01,Kedougou,93.53814080989412,Kédougou,0.0616730387398734
2018-10-01,Kedougou,90.48214885774993,Kédougou,-3.2074497477173836
2018-11-01,Kedougou,89.580009747128,Kédougou,-1.466076502516367
2018-12-01,Kedougou,93.48048855197524,Kédougou,-5.691948196730568
2019-01-01,Kedougou,98.56732676427995,Kédougou,3.6486380673375285
2019-02-01,Kedougou,90.44143573665389,Kédougou,-4.677879396682904
2019-03-01,Kedougou,87.41441384732292,Kédougou,-7.656313005118864
2019-04-01,Kedougou,87.41441384732292,Kédougou,-7.656313005118864
2019-05-01,Kedougou,88.23922762422296,Kédougou,-1.9680934267663042
2019-06-01,Kedougou,72.21308950500496,Kédougou,-26.592031119610184
2019-07-01,Kedougou,73.96439118138589,Kédougou,-25.775917096409763
2019-08-01,Kedougou,80.8453241378437,Kédougou,-16.304104787598373
2019-09-01,Kedougou,76.6305274128785,Kédougou,-18.075635511484535
2019-10-01,Kedougou,72.41573068791328,Kédougou,-19.96683146665701
2019-11-01,Kedougou,82.57298848729164,Kédougou,-7.822081376878853
2019-12-01,Kedougou,88.07140815012238,Kédougou,-5.7863202103885065
2020-01-01,Kedougou,85.43047811369726,Kédougou,-13.32779236470415
2020-02-01,Kedougou,92.71059309401392,Kédougou,2.508979804309308
2020-03-01,Kedougou,90.92172600157656,Kédougou,4.012281270202722
2020-04-01,Kedougou,89.13285890913917,Kédougou,1.9658600752247457
2020-05-01,Kedougou,103.23565406911149,Kédougou,16.995192329598076
2020-06-01,Kedougou,100.50781364694447,Kédougou,39.18226506564084
2020-07-01,Kedougou,97.91524180914035,Kédougou,32.38159639416056
2020-08-01,Kedougou,99.65012471418251,Kédougou,23.26022039849338
2020-09-01,Kedougou,88.93816462198,Kédougou,16.061010702417633
2020-10-01,Kedougou,94.23011950167458,Kédougou,30.123826144589707
2020-11-01,Kedougou,96.97562896051403,Kédougou,17.442314656492087
2020-12-01,Kedougou,95.01753401967841,Kédougou,7.886924957207442
2021-01-01,Kedougou,97.3200377342823,Kédougou,13.917234086834341
2021-02-01,Kedougou,97.3200377342823,Kédougou,4.971864041031582
2021-03-01,Kedougou,96.86214596047279,Kédougou,6.533553882152687
2021-04-01,Kedougou,100.50181676648958,Kédougou,12.755069226422734
2021-05-01,Kedougou,100.255506505201,Kédougou,-2.8867425607779107
2021-06-01,Kedougou,94.34385451599623,Kédougou,-6.132815855094098
2021-07-01,Kedougou,106.18626214664661,Kédougou,8.447122413922447
2021-08-01,Kedougou,98.87611288072799,Kédougou,-0.7767294177248196
2021-09-01,Kedougou,100.45866091529271,Kédougou,12.953377599233207
2021-10-01,Kedougou,100.45866091529271,Kédougou,6.609926259838228
2021-11-01,Kedougou,98.33293467038835,Kédougou,1.3996358924642571
2021-12-01,Kedougou,96.22371960708463,Kédougou,1.2694347415461493
2022-01-01,Kedougou,98.39659953259633,Kédougou,1.1062077485557653
2022-02-01,Kedougou,99.25112051028178,Kédougou,1.984260200630028
2022-03-01,Kedougou,101.82005089000366,Kédougou,5.118516506493753
2022-04-01,Kedougou,104.4471577936633,Kédougou,3.9256414999347733
2022-05-01,Kedougou,114.04158888458397,Kédougou,13.75094781319348
2022-06-01,Kedougou,126.27850567716501,Kédougou,33.849211827310064
2022-07-01,Kedougou,124.45402883054825,Kédougou,17.203512313742884
2022-08-01,Kedougou,128.00943341569783,Kédougou,29.464467894397007
2022-09-01,Kedougou,130.742020873174,Kédougou,30.14509618380876
2022-10-01,Kedougou,129.69771881084233,Kédougou,29.105562058212332
2022-11-01,Kedougou,137.3868813807103,Kédougou,39.71603902724008
2022-12-01,Kedougou,119.83614383413666,Kédougou,24.539089034876092
2023-01-01,Kedougou,136.70835776971154,Kédougou,38.93605919219139
2023-02-01,Kedougou,125.54362968554605,Kédougou,26.490894047428437
2023-03-01,Kedougou,123.0303353491731,Kédougou,20.831146983105462
2023-04-01,Kedougou,121.61714818194937,Kédougou,16.438925434625638
2023-05-01,Kedougou,120.22431757527363,Kédougou,5.421468388121897
2023-06-01,Kedougou,129.26345113096127,Kédougou,2.3637795187625654
2023-07-01,Kedougou,133.25592807869262,Kédougou,7.072410054421541
2023-08-01,Kedougou,134.79581104690132,Kédougou,5.301466813906908
2023-09-01,Kedougou,124.05933033754795,Kédougou,-5.111356311455961
2023-10-01,Kedougou,137.2101781031751,Kédougou,5.792283288566802
2023-11-01,Kedougou,132.9579555206187,Kédougou,-3.2236890564672493
2023-12-01,Kedougou,134.62200306334145,Kédougou,12.33839704460924
2024-01-01,Kedougou,128.9821194079743,Kédougou,-5.651621077002678
2024-02-01,Kedougou,142.34855414049636,Kédougou,13.385724546153588
2024-03-01,Kedougou,143.27278725413532,Kédougou,16.453220132670545
2024-04-01,Kedougou,140.98469985848084,Kédougou,15.925017126331564
2024-05-01,Kedougou,134.5805286950041,Kédougou,11.941187447990199
2024-06-01,Kedougou,119.2772684983644,Kédougou,-7.72544949498487
2024-07-01,Kedougou,132.69118965334684,Kédougou,-0.42379985152501964
2024-08-01,Kedougou,141.1234062884548,Kédougou,4.6942076258970955
2024-09-01,Kedougou,143.1468428965792,Kédougou,15.385793641717083
2024-10-01,Kedougou,140.70222202084852,Kédougou,2.545032712549622
2024-11-01,Kedougou,140.23293491525263,Kédougou,5.471639035172848
2024-12-01,Kedougou,123.94454659813121,Kédougou,-7.931434848868168
2025-01-01,Kedougou,118.63823509730922,Kédougou,-8.019626563854999
2025-02-01,Kedougou,117.01704590395298,Kédougou,-17.79540957721388
2025-03-01,Kedougou,122.7922570495532,Kédougou,-14.294780325766986
2025-04-01,Kedougou,134.78455702314704,Kédougou,-4.397741628387653
2025-05-01,Kedougou,129.78726848091875,Kédougou,-3.561629799321242
2025-06-01,Kedougou,119.96762339032239,Kédougou,0.5787816074673602
2025-07-01,Kedougou,130.9449174934492,Kédougou,-1.3160422816765327
2025-08-01,Kedougou,127.6379024878686,Kédougou,-9.555823626466298
2025-09-01,Kedougou,133.17455267644075,Kédougou,-6.966475835826302
2025-10-01,Kedougou,135.90024011026944,Kédougou,-3.412868568534444
2025-11-01,Kedougou,126.53737522052077,Kédougou,-9.766293276974148
2025-12-01,Kedougou,107.76564925590829,Kédougou,-13.053335371567576
2026-01-01,Kedougou,106.84336947934355,Kédougou,-9.941875490891539
2026-02-01,Kedougou,112.38340331394964,Kédougou,-3.9598013727047965
2026-03-01,Kedougou,127.4828575085756,Kédougou,3.819948074681534
2007-01-01,Kolda,79.15496000028261,Kolda,
2007-02-01,Kolda,76.06522093237707,Kolda,
2007-03-01,Kolda,76.07744027587812,Kolda,
2007-04-01,Kolda,76.16588055078336,Kolda,
2007-05-01,Kolda,80.082514304293,Kolda,
2007-06-01,Kolda,74.55564436803074,Kolda,
2007-07-01,Kolda,79.32761727103437,Kolda,
2007-08-01,Kolda,78.89207253098147,Kolda,
2007-09-01,Kolda,81.64199694020529,Kolda,
2007-10-01,Kolda,77.18541420423868,Kolda,
2007-11-01,Kolda,76.32890976185735,Kolda,
2007-12-01,Kolda,74.9368155552568,Kolda,
2008-01-01,Kolda,81.88383598946152,Kolda,3.4475110456364977
2008-02-01,Kolda,84.0024864658932,Kolda,10.434815591441527
2008-03-01,Kolda,89.72930522289936,Kolda,17.9446954281266
2008-04-01,Kolda,85.65435577997307,Kolda,12.457645287594765
2008-05-01,Kolda,88.69794759566784,Kolda,10.75819530170894
2008-06-01,Kolda,110.9508966246413,Kolda,48.81622654476949
2008-07-01,Kolda,98.99122250623074,Kolda,24.787843013124665
2008-08-01,Kolda,98.49667860712204,Kolda,24.849906267124243
2008-09-01,Kolda,107.47814392180986,Kolda,31.645657810804174
2008-10-01,Kolda,101.75036150926655,Kolda,31.82589295955203
2008-11-01,Kolda,81.9417556914292,Kolda,7.353499410752318
2008-12-01,Kolda,77.35214693138053,Kolda,3.22315721348303
2009-01-01,Kolda,80.09172408373105,Kolda,-2.188602773764914
2009-02-01,Kolda,81.8861425182562,Kolda,-2.5193825048217877
2009-03-01,Kolda,81.67577326744771,Kolda,-8.975364219577564
2009-04-01,Kolda,84.93335091103579,Kolda,-0.8417608916345021
2009-05-01,Kolda,85.21193477638693,Kolda,-3.930206857967
2009-06-01,Kolda,85.53958864152938,Kolda,-22.903202007534095
2009-07-01,Kolda,87.98951263680286,Kolda,-11.113823620811846
2009-08-01,Kolda,87.29329003387544,Kolda,-11.374382092551604
2009-09-01,Kolda,84.25760769820008,Kolda,-21.60489135400652
2009-10-01,Kolda,72.54073031687041,Kolda,-28.707152249022705
2009-11-01,Kolda,66.35302620171052,Kolda,-19.02415851134759
2009-12-01,Kolda,70.09148992194636,Kolda,-9.38649707534961
2010-01-01,Kolda,76.43035408159494,Kolda,-4.5714710777213
2010-02-01,Kolda,74.1927554102568,Kolda,-9.395224724725782
2010-03-01,Kolda,76.69302732688297,Kolda,-6.100641281042685
2010-04-01,Kolda,79.32593700258472,Kolda,-6.602134318619546
2010-05-01,Kolda,80.22441283655752,Kolda,-5.853079093811986
2010-06-01,Kolda,81.70222612296772,Kolda,-4.486066135579502
2010-07-01,Kolda,86.30780640880111,Kolda,-1.9112575778699625
2010-08-01,Kolda,84.5847914898426,Kolda,-3.1027568590687338
2010-09-01,Kolda,84.59750761313174,Kolda,0.40340560836849004
2010-10-01,Kolda,79.83230016079739,Kolda,10.051690701315174
2010-11-01,Kolda,74.61271768630363,Kolda,12.448100648015625
2010-12-01,Kolda,77.88417451248736,Kolda,11.117875507025033
2011-01-01,Kolda,84.00303671646525,Kolda,9.907951789397607
2011-02-01,Kolda,86.81426549898414,Kolda,17.011782375429174
2011-03-01,Kolda,86.19777487235994,Kolda,12.393235574031515
2011-04-01,Kolda,89.66933610405522,Kolda,13.039113677451386
2011-05-01,Kolda,89.78725621224521,Kolda,11.92011638049657
2011-06-01,Kolda,89.90157633640779,Kolda,10.03565092718459
2011-07-01,Kolda,93.1639888336178,Kolda,7.943872877897085
2011-08-01,Kolda,92.14194373970061,Kolda,8.934410213407595
2011-09-01,Kolda,97.64211599304043,Kolda,15.419613116218844
2011-10-01,Kolda,95.35447938403988,Kolda,19.44348238993223
2011-11-01,Kolda,91.61780414148834,Kolda,22.791136662089805
2011-12-01,Kolda,93.91337608394355,Kolda,20.580819751625135
2012-01-01,Kolda,94.05119389483298,Kolda,11.961659448435412
2012-02-01,Kolda,96.4661901962772,Kolda,11.1179016971652
2012-03-01,Kolda,94.97592860420104,Kolda,10.18373588510797
2012-04-01,Kolda,94.53273779026806,Kolda,5.423706584120569
2012-05-01,Kolda,92.81929686111884,Kolda,3.3769164765501847
2012-06-01,Kolda,97.46838175447859,Kolda,8.416766119601892
2012-07-01,Kolda,99.6354917696477,Kolda,6.9463566524479825
2012-08-01,Kolda,101.99641110823005,Kolda,10.694876804822062
2012-09-01,Kolda,100.58114026270036,Kolda,3.0099964956406877
2012-10-01,Kolda,98.30232898290154,Kolda,3.0914642058808894
2012-11-01,Kolda,94.68937282231096,Kolda,3.352589280658913
2012-12-01,Kolda,90.8536728181158,Kolda,-3.2580058277245416
2013-01-01,Kolda,106.91331157784882,Kolda,13.675655938401077
2013-02-01,Kolda,111.56980473103354,Kolda,15.65689958733254
2013-03-01,Kolda,112.85384740558521,Kolda,18.823631486550553
2013-04-01,Kolda,108.40601253858071,Kolda,14.675629916793632
2013-05-01,Kolda,108.97191503718216,Kolda,17.40221992871991
2013-06-01,Kolda,104.54788954953897,Kolda,7.263389078207494
2013-07-01,Kolda,107.64465987076184,Kolda,8.038468982148395
2013-08-01,Kolda,103.19289604904972,Kolda,1.1730657263519406
2013-09-01,Kolda,106.7669852573587,Kolda,6.150104262590372
2013-10-01,Kolda,102.2857009747456,Kolda,4.052164412642667
2013-11-01,Kolda,104.18784033550929,Kolda,10.031186425769922
2013-12-01,Kolda,102.94543520925569,Kolda,13.309051814940887
2014-01-01,Kolda,103.71730382580185,Kolda,-2.9893450168923086
2014-02-01,Kolda,99.53725380618563,Kolda,-10.784773670488478
2014-03-01,Kolda,96.79831060408728,Kolda,-14.226840440624034
2014-04-01,Kolda,88.33126421222657,Kolda,-18.518113392658663
2014-05-01,Kolda,92.5857387915994,Kolda,-15.037063669103778
2014-06-01,Kolda,102.90588944720696,Kolda,-1.5705722127981936
2014-07-01,Kolda,104.97788141833524,Kolda,-2.4773903839060196
2014-08-01,Kolda,106.81485149340983,Kolda,3.509888357662261
2014-09-01,Kolda,105.9917807189338,Kolda,-0.7260713942201291
2014-10-01,Kolda,103.96030974538047,Kolda,1.6371875586484341
2014-11-01,Kolda,102.42169587629891,Kolda,-1.6951541115767244
2014-12-01,Kolda,104.51243987384262,Kolda,1.5221701296436407
2015-01-01,Kolda,100.47676180021108,Kolda,-3.1243986355771636
2015-02-01,Kolda,100.52920743408043,Kolda,0.9965651954054078
2015-03-01,Kolda,102.43185025920232,Kolda,5.81987394197061
2015-04-01,Kolda,96.59390598867671,Kolda,9.354153198349046
2015-05-01,Kolda,98.26193061285213,Kolda,6.130740970841342
2015-06-01,Kolda,95.98013834714345,Kolda,-6.730179523511692
2015-07-01,Kolda,96.73740928959809,Kolda,-7.849722262825054
2015-08-01,Kolda,99.28937737437738,Kolda,-7.0453443634631245
2015-09-01,Kolda,98.01854542959995,Kolda,-7.522503382103807
2015-10-01,Kolda,95.97984446657364,Kolda,-7.676453925880544
2015-11-01,Kolda,117.45137260184123,Kolda,14.674309575672906
2015-12-01,Kolda,98.24965639584357,Kolda,-5.992380893182558
2016-01-01,Kolda,97.49522609457722,Kolda,-2.9673883316048477
2016-02-01,Kolda,99.07850995710592,Kolda,-1.4430606925114442
2016-03-01,Kolda,98.61031519415572,Kolda,-3.730807415248538
2016-04-01,Kolda,99.47622581638956,Kolda,2.983956180476577
2016-05-01,Kolda,100.00668525498256,Kolda,1.7756160816793765
2016-06-01,Kolda,101.04865349120712,Kolda,5.280795830624596
2016-07-01,Kolda,100.83639683143456,Kolda,4.237231048399814
2016-08-01,Kolda,99.9032785588426,Kolda,0.618294928117491
2016-09-01,Kolda,99.08869051145805,Kolda,1.0917781703123852
2016-10-01,Kolda,105.03187896305752,Kolda,9.43118271007033
2016-11-01,Kolda,97.48602820439885,Kolda,-16.998817429852153
2016-12-01,Kolda,104.05350545427362,Kolda,5.907246163840596
2017-01-01,Kolda,102.73588395141539,Kolda,5.375296890695314
2017-02-01,Kolda,105.76053990308131,Kolda,6.7441768642546585
2017-03-01,Kolda,102.67321109535054,Kolda,4.120153041996977
2017-04-01,Kolda,102.53605801096029,Kolda,3.0759431909072266
2017-05-01,Kolda,102.62124368911813,Kolda,2.614383655921948
2017-06-01,Kolda,107.98525353319766,Kolda,6.864614027335003
2017-07-01,Kolda,111.3471059889603,Kolda,10.423527107078412
2017-08-01,Kolda,113.61958162358135,Kolda,13.729582514811977
2017-09-01,Kolda,116.45179374910757,Kolda,17.522790086363838
2017-10-01,Kolda,118.21353894842667,Kolda,12.550151549707579
2017-11-01,Kolda,111.8331231749348,Kolda,14.717078164733932
2017-12-01,Kolda,106.04087747109972,Kolda,1.9099520080074983
2018-01-01,Kolda,106.26326515255326,Kolda,3.4334461002992755
2018-02-01,Kolda,104.62644256477702,Kolda,-1.072325594539869
2018-03-01,Kolda,106.66257301891824,Kolda,3.8854944546955483
2018-04-01,Kolda,103.98503254974948,Kolda,1.4131365754613823
2018-05-01,Kolda,104.37220647407099,Kolda,1.7062381257600512
2018-06-01,Kolda,104.78974142685658,Kolda,-2.9592115606402625
2018-07-01,Kolda,108.60269406676855,Kolda,-2.464735744873192
2018-08-01,Kolda,109.74430351622975,Kolda,-3.4107484396398324
2018-09-01,Kolda,113.90405416407918,Kolda,-2.1878062183545377
2018-10-01,Kolda,110.56564219779136,Kolda,-6.469560778458616
2018-11-01,Kolda,100.85497959005863,Kolda,-9.816540281812236
2018-12-01,Kolda,97.10330689694959,Kolda,-8.428420046397644
2019-01-01,Kolda,101.35610605060529,Kolda,-4.617926143059103
2019-02-01,Kolda,102.25369412642328,Kolda,-2.2678286484649535
2019-03-01,Kolda,104.49798847954406,Kolda,-2.0293758889448954
2019-04-01,Kolda,106.12604097894493,Kolda,2.058958271875455
2019-05-01,Kolda,107.06188088528322,Kolda,2.577002539349804
2019-06-01,Kolda,107.06188088528322,Kolda,2.1682842494774146
2019-07-01,Kolda,107.09936911534066,Kolda,-1.3842427799292456
2019-08-01,Kolda,108.70355845398319,Kolda,-0.9483362952799168
2019-09-01,Kolda,109.85425372893883,Kolda,-3.5554488950029883
2019-10-01,Kolda,105.90723046669135,Kolda,-4.213254351443608
2019-11-01,Kolda,105.96063743163684,Kolda,5.062375563736143
2019-12-01,Kolda,104.300178920393,Kolda,7.411562235548841
2020-01-01,Kolda,118.13013321132487,Kolda,16.549597073455647
2020-02-01,Kolda,116.2160309971171,Kolda,13.654603865393078
2020-03-01,Kolda,113.16533121934341,Kolda,8.294267541327871
2020-04-01,Kolda,109.17020440588888,Kolda,2.8684415237424155
2020-05-01,Kolda,119.87190037855258,Kolda,11.965061128521825
2020-06-01,Kolda,117.42606652732618,Kolda,9.680556287954811
2020-07-01,Kolda,118.86827800743811,Kolda,10.988775180760335
2020-08-01,Kolda,119.42267810477938,Kolda,9.86087282076773
2020-09-01,Kolda,122.56724181492358,Kolda,11.572595192675529
2020-10-01,Kolda,121.66406604751714,Kolda,14.877960184013528
2020-11-01,Kolda,112.2832731673973,Kolda,5.966966497195392
2020-12-01,Kolda,110.79565669708768,Kolda,6.2276765427721426
2021-01-01,Kolda,110.33596648326392,Kolda,-6.597949664644709
2021-02-01,Kolda,110.33596648326392,Kolda,-5.059598459354586
2021-03-01,Kolda,111.96340935977801,Kolda,-1.0620937053908985
2021-04-01,Kolda,113.91789038287945,Kolda,4.348884389131413
2021-05-01,Kolda,102.79653124839795,Kolda,-14.244680426547863
2021-06-01,Kolda,115.45326797845772,Kolda,-1.6800346015246825
2021-07-01,Kolda,113.83563351594984,Kolda,-4.233799442415876
2021-08-01,Kolda,113.2429823899127,Kolda,-5.174641712058015
2021-09-01,Kolda,121.49451931178973,Kolda,-0.875211424561273
2021-10-01,Kolda,111.11251478630058,Kolda,-8.67269326433291
2021-11-01,Kolda,122.71255665724597,Kolda,9.288367889222648
2021-12-01,Kolda,119.34756301225457,Kolda,7.7186295655501835
2022-01-01,Kolda,118.65852070977759,Kolda,7.542920492544969
2022-02-01,Kolda,119.73039593870422,Kolda,8.514385431032846
2022-03-01,Kolda,124.21450802955626,Kolda,10.942055748241053
2022-04-01,Kolda,125.62592881609442,Kolda,10.277611702485089
2022-05-01,Kolda,134.9844187518995,Kolda,31.312231174145964
2022-06-01,Kolda,146.62083334000747,Kolda,26.995827755490875
2022-07-01,Kolda,143.5339989458061,Kolda,26.088812889766324
2022-08-01,Kolda,156.4449724647094,Kolda,38.14981658293466
2022-09-01,Kolda,161.93565753364243,Kolda,33.28638892596394
2022-10-01,Kolda,173.72378338179288,Kolda,56.34942986927325
2022-11-01,Kolda,150.90390161270466,Kolda,22.973480239843113
2022-12-01,Kolda,151.05059024057022,Kolda,26.563615065236302
2023-01-01,Kolda,167.71680811822324,Kolda,41.34409152835763
2023-02-01,Kolda,164.32298535230032,Kolda,37.244167668521875
2023-03-01,Kolda,162.3991561626813,Kolda,30.740892299021283
2023-04-01,Kolda,159.45210871128793,Kolda,26.92611327452323
2023-05-01,Kolda,158.7135817737432,Kolda,17.57918672484542
2023-06-01,Kolda,156.17846353573543,Kolda,6.5186031057157034
2023-07-01,Kolda,160.88725618644787,Kolda,12.089997748334035
2023-08-01,Kolda,160.60278364595004,Kolda,2.657682836166919
2023-09-01,Kolda,162.07255843852215,Kolda,0.08454030876510199
2023-10-01,Kolda,157.45152702059542,Kolda,-9.36674072164081
2023-11-01,Kolda,146.30586181262106,Kolda,-3.0469986202772192
2023-12-01,Kolda,147.58959614820026,Kolda,-2.2912814090019884
2024-01-01,Kolda,154.855177994725,Kolda,-7.668659013849166
2024-02-01,Kolda,155.4887515138393,Kolda,-5.376140057047318
2024-03-01,Kolda,156.01654944421247,Kolda,-3.930196972252198
2024-04-01,Kolda,154.60245708389147,Kolda,-3.041447157138255
2024-05-01,Kolda,152.8874180769194,Kolda,-3.670866495300551
2024-06-01,Kolda,155.24707547109173,Kolda,-0.5963613955201841
2024-07-01,Kolda,150.64863117477938,Kolda,-6.36385084459593
2024-08-01,Kolda,146.15285464111648,Kolda,-8.997309185305614
2024-09-01,Kolda,156.90884789841934,Kolda,-3.1860486376301234
2024-10-01,Kolda,146.36446788992217,Kolda,-7.0415697710083265
2024-11-01,Kolda,134.9097026334626,Kolda,-7.789270394206027
2024-12-01,Kolda,133.7244003813883,Kolda,-9.394426252707799
2025-01-01,Kolda,144.99855131251533,Kolda,-6.3650610911734855
2025-02-01,Kolda,147.00185046641445,Kolda,-5.458209011775028
2025-03-01,Kolda,143.71003899354668,Kolda,-7.887951947729932
2025-04-01,Kolda,136.7454423597684,Kolda,-11.55027873485437
2025-05-01,Kolda,134.0775707505104,Kolda,-12.303070823621043
2025-06-01,Kolda,133.798394908375,Kolda,-13.815835498112584
2025-07-01,Kolda,138.6764229804546,Kolda,-7.9471071864137155
2025-08-01,Kolda,137.39863780808668,Kolda,-5.98976794160202
2025-09-01,Kolda,134.28950636639337,Kolda,-14.415593406605998
2025-10-01,Kolda,130.65496402491533,Kolda,-10.733140420953568
2025-11-01,Kolda,135.0042932013238,Kolda,0.07011398440199823
2025-12-01,Kolda,127.01364964976906,Kolda,-5.018344230731165
2026-01-01,Kolda,120.31555045467076,Kolda,-17.022929287510824
2026-02-01,Kolda,121.34822541028853,Kolda,-17.451225936769422
2026-03-01,Kolda,123.39889789287093,Kolda,-14.133418404811525
2007-01-01,Louga,76.65949438862306,Louga,
2007-02-01,Louga,77.47012917234252,Louga,
2007-03-01,Louga,77.40840012210279,Louga,
2007-04-01,Louga,78.18364675799023,Louga,
2007-05-01,Louga,81.28407590508618,Louga,
2007-06-01,Louga,80.96902760540064,Louga,
2007-07-01,Louga,83.82625212764091,Louga,
2007-08-01,Louga,87.44316303926428,Louga,
2007-09-01,Louga,88.1661553500312,Louga,
2007-10-01,Louga,86.5933945996452,Louga,
2007-11-01,Louga,87.55826501712676,Louga,
2007-12-01,Louga,96.69382818631138,Louga,
2008-01-01,Louga,94.0587000723834,Louga,22.6967394221981
2008-02-01,Louga,94.46801612661172,Louga,21.94121416327466
2008-03-01,Louga,98.39758289480169,Louga,27.11486445862579
2008-04-01,Louga,101.97401891597681,Louga,30.42883409062169
2008-05-01,Louga,103.62225375421636,Louga,27.48161629494814
2008-06-01,Louga,104.74278332182335,Louga,29.361542826330055
2008-07-01,Louga,105.20496481922412,Louga,25.503600780135294
2008-08-01,Louga,111.83911436164922,Louga,27.899209583064287
2008-09-01,Louga,114.47327054281509,Louga,29.838110880917036
2008-10-01,Louga,111.0787909958052,Louga,28.276286556688856
2008-11-01,Louga,117.93371311078853,Louga,34.691697109028155
2008-12-01,Louga,114.13173460329436,Louga,18.03414627806783
2009-01-01,Louga,102.50233359834291,Louga,8.97698301110017
2009-02-01,Louga,102.83854981108897,Louga,8.860706541416686
2009-03-01,Louga,100.67466352652447,Louga,2.314163178334616
2009-04-01,Louga,112.30654074928054,Louga,10.132504282112675
2009-05-01,Louga,100.17628502807983,Louga,-3.325510304292445
2009-06-01,Louga,101.51500120392323,Louga,-3.0816272162471736
2009-07-01,Louga,95.5672479485937,Louga,-9.160895483583975
2009-08-01,Louga,99.25758426421429,Louga,-11.249668927769395
2009-09-01,Louga,93.12475401332439,Louga,-18.6493461995619
2009-10-01,Louga,92.21051159523448,Louga,-16.986392479985913
2009-11-01,Louga,84.89357940600941,Louga,-28.015851306013552
2009-12-01,Louga,83.70030068172746,Louga,-26.663428911636387
2010-01-01,Louga,90.17296509207702,Louga,-12.028378353393132
2010-02-01,Louga,92.55064396529204,Louga,-10.003939052714639
2010-03-01,Louga,93.54308508912246,Louga,-7.083786712158291
2010-04-01,Louga,95.25660148984223,Louga,-15.181608431428373
2010-05-01,Louga,94.9235563121964,Louga,-5.243485236461975
2010-06-01,Louga,98.48025947253963,Louga,-2.989451505090779
2010-07-01,Louga,96.95587958406605,Louga,1.453041355987672
2010-08-01,Louga,94.81779875350458,Louga,-4.472993719947304
2010-09-01,Louga,93.02602078635773,Louga,-0.10602253720051191
2010-10-01,Louga,91.51877862765906,Louga,-0.7501671508036267
2010-11-01,Louga,96.51281011377866,Louga,13.686819178868026
2010-12-01,Louga,98.78244174532483,Louga,18.019219693066102
2011-01-01,Louga,98.45612540203072,Louga,9.185857758470783
2011-02-01,Louga,98.65500216575884,Louga,6.595695004300595
2011-03-01,Louga,97.22693757129773,Louga,3.938134474253774
2011-04-01,Louga,97.64392103457251,Louga,2.5061985283874044
2011-05-01,Louga,99.79015596480937,Louga,5.126861910448333
2011-06-01,Louga,100.20341870710013,Louga,1.7497509082426754
2011-07-01,Louga,101.30990701746282,Louga,4.490730682940769
2011-08-01,Louga,104.42421864362831,Louga,10.131452128621232
2011-09-01,Louga,93.51780994828708,Louga,0.5286576355434836
2011-10-01,Louga,106.58755455155055,Louga,16.465228393397034
2011-11-01,Louga,109.27105731974156,Louga,13.219226744016922
2011-12-01,Louga,107.90334209134573,Louga,9.233321413066387
2012-01-01,Louga,110.54748460634526,Louga,12.28096185477674
2012-02-01,Louga,111.52030326325587,Louga,13.040698205936806
2012-03-01,Louga,111.41780206553794,Louga,14.59560986772197
2012-04-01,Louga,107.6216078392642,Louga,10.218441351980246
2012-05-01,Louga,101.74549196740395,Louga,1.9594477868980498
2012-06-01,Louga,95.87454228120305,Louga,-4.320088557607615
2012-07-01,Louga,97.15967415657657,Louga,-4.096571582254905
2012-08-01,Louga,96.88273952660914,Louga,-7.221963654577301
2012-09-01,Louga,80.41211394197578,Louga,-14.01411775314073
2012-10-01,Louga,86.43347416610025,Louga,-18.908474324460535
2012-11-01,Louga,88.22332152772117,Louga,-19.261949420359258
2012-12-01,Louga,90.37130905574077,Louga,-16.247905482633897
2013-01-01,Louga,110.94155584842873,Louga,0.3564723733757935
2013-02-01,Louga,110.1085996357344,Louga,-1.2658714029758267
2013-03-01,Louga,109.06056064228622,Louga,-2.115677548427275
2013-04-01,Louga,109.94857494674177,Louga,2.162174635927161
2013-05-01,Louga,97.06110400504862,Louga,-4.604025074502626
2013-06-01,Louga,101.79956334715823,Louga,6.17997324939179
2013-07-01,Louga,103.51323958580082,Louga,6.539302940626612
2013-08-01,Louga,105.17801587559318,Louga,8.562181859758123
2013-09-01,Louga,105.98408492949468,Louga,31.801142556669106
2013-10-01,Louga,105.27654718253838,Louga,21.800666001492864
2013-11-01,Louga,101.92754535676487,Louga,15.533561411806085
2013-12-01,Louga,101.14310410713568,Louga,11.919485469388192
2014-01-01,Louga,101.61988110123818,Louga,-8.402329204690506
2014-02-01,Louga,101.70612024875389,Louga,-7.631083688992424
2014-03-01,Louga,100.74123835756384,Louga,-7.62816753895974
2014-04-01,Louga,100.7717577012283,Louga,-8.34646310782896
2014-05-01,Louga,103.2822729805656,Louga,6.40953865020264
2014-06-01,Louga,107.44774644950466,Louga,5.548337258662817
2014-07-01,Louga,109.70219202355769,Louga,5.978899378013303
2014-08-01,Louga,108.97989213150949,Louga,3.614706195269224
2014-09-01,Louga,111.43278763876027,Louga,5.141057464326182
2014-10-01,Louga,107.04837498959276,Louga,1.683022339232143
2014-11-01,Louga,108.60590260897882,Louga,6.55206326105322
2014-12-01,Louga,109.81003444502281,Louga,8.568977998447313
2015-01-01,Louga,102.1208786353259,Louga,0.493011336618876
2015-02-01,Louga,98.79388426857601,Louga,-2.863383219274418
2015-03-01,Louga,100.39934992483059,Louga,-0.33937287083942724
2015-04-01,Louga,100.85801948906007,Louga,0.08560115433089432
2015-05-01,Louga,100.34532019433391,Louga,-2.8436174974424966
2015-06-01,Louga,114.85352694601603,Louga,6.892448414440899
2015-07-01,Louga,102.63898566122221,Louga,-6.438528011198452
2015-08-01,Louga,98.36193352208281,Louga,-9.743043787026007
2015-09-01,Louga,82.21544548472072,Louga,-26.21969958137952
2015-10-01,Louga,81.48725946464374,Louga,-23.87809766139287
2015-11-01,Louga,84.51688807689433,Louga,-22.18020747805375
2015-12-01,Louga,103.4085083322937,Louga,-5.829636740469358
2016-01-01,Louga,91.36644505875104,Louga,-10.531082106117573
2016-02-01,Louga,92.12624124655717,Louga,-6.749044307127883
2016-03-01,Louga,93.41375437592977,Louga,-6.957809541726078
2016-04-01,Louga,95.68673263905244,Louga,-5.127293671048694
2016-05-01,Louga,98.94009025300085,Louga,-1.4003940977133977
2016-06-01,Louga,98.6431107133127,Louga,-14.113990805282484
2016-07-01,Louga,96.35921179871198,Louga,-6.118312473622556
2016-08-01,Louga,98.94496021138701,Louga,0.5927361006718312
2016-09-01,Louga,90.39615619659573,Louga,9.950333132227996
2016-10-01,Louga,91.25191028710027,Louga,11.983039909071035
2016-11-01,Louga,91.30896055980058,Louga,8.036349465123171
2016-12-01,Louga,91.84277139215853,Louga,-11.184511919434858
2017-01-01,Louga,95.22360204399033,Louga,4.221634083233772
2017-02-01,Louga,93.07406932347769,Louga,1.0288361536251678
2017-03-01,Louga,92.95148925350578,Louga,-0.494857663640913
2017-04-01,Louga,93.72461234482253,Louga,-2.0505667192455723
2017-05-01,Louga,95.51668283725124,Louga,-3.4600811531458775
2017-06-01,Louga,96.60298020162814,Louga,-2.0681936091956787
2017-07-01,Louga,98.39341113323098,Louga,2.1110585034343154
2017-08-01,Louga,96.11373675536572,Louga,-2.8614124963743826
2017-09-01,Louga,102.21448447495804,Louga,13.073927892088166
2017-10-01,Louga,104.4303318822339,Louga,14.441803523533014
2017-11-01,Louga,94.60904072946101,Louga,3.6141909287195517
2017-12-01,Louga,93.65364751588432,Louga,1.9717132837744566
2018-01-01,Louga,89.81096171940467,Louga,-5.6841373445263965
2018-02-01,Louga,88.38438851529159,Louga,-5.038654527811792
2018-03-01,Louga,88.14120969985649,Louga,-5.175043016825976
2018-04-01,Louga,88.14120969985649,Louga,-5.9572427191527115
2018-05-01,Louga,94.4436208254744,Louga,-1.1234288921079916
2018-06-01,Louga,96.92367386418142,Louga,0.33197077552258314
2018-07-01,Louga,97.34484620312513,Louga,-1.065686124740639
2018-08-01,Louga,97.22464116052781,Louga,1.1558227186501124
2018-09-01,Louga,100.9286293140207,Louga,-1.2579970124022566
2018-10-01,Louga,93.53421646915878,Louga,-10.433860753562163
2018-11-01,Louga,94.40477202989237,Louga,-0.2159082239854393
2018-12-01,Louga,93.76296613884129,Louga,0.11672649795988477
2019-01-01,Louga,95.76058436374763,Louga,6.624606318025283
2019-02-01,Louga,96.78538185904176,Louga,9.505064734703339
2019-03-01,Louga,96.28833703198825,Louga,9.243266980195553
2019-04-01,Louga,96.84320358979276,Louga,9.872786996648685
2019-05-01,Louga,99.14982429046039,Louga,4.983082418750917
2019-06-01,Louga,99.77784626987902,Louga,2.944762916949606
2019-07-01,Louga,100.30622711616692,Louga,3.042154801767749
2019-08-01,Louga,103.92099808757587,Louga,6.887510045927225
2019-09-01,Louga,108.25280451628362,Louga,7.256786555056749
2019-10-01,Louga,104.3793880637813,Louga,11.594870844081463
2019-11-01,Louga,103.37852354827223,Louga,9.505612190386303
2019-12-01,Louga,101.57725140325836,Louga,8.334084965748545
2020-01-01,Louga,100.3114310076592,Louga,4.752317118936045
2020-02-01,Louga,107.53081511703826,Louga,11.102330797894822
2020-03-01,Louga,106.53243534478295,Louga,10.638981447349627
2020-04-01,Louga,102.50114430883647,Louga,5.842372525189843
2020-05-01,Louga,111.30249507370536,Louga,12.256875763736709
2020-06-01,Louga,110.10821572358785,Louga,10.353369851026105
2020-07-01,Louga,111.88190863216398,Louga,11.540341859923608
2020-08-01,Louga,110.34627778742275,Louga,6.1828502594174495
2020-09-01,Louga,110.41088758142581,Louga,1.9935585731800431
2020-10-01,Louga,110.27798585406326,Louga,5.651113595988511
2020-11-01,Louga,109.3498759428652,Louga,5.7762020481987975
2020-12-01,Louga,109.28122482647947,Louga,7.584349169516891
2021-01-01,Louga,111.2835781270649,Louga,10.938082538736715
2021-02-01,Louga,111.10934041704623,Louga,3.3279067922186156
2021-03-01,Louga,102.86634161474542,Louga,-3.4412934597548017
2021-04-01,Louga,107.63150387876534,Louga,5.005172971016858
2021-05-01,Louga,103.7848116294871,Louga,-6.754281149977814
2021-06-01,Louga,105.03183708550141,Louga,-4.610354100033753
2021-07-01,Louga,109.55322775697574,Louga,-2.081373926900265
2021-08-01,Louga,113.95188009077575,Louga,3.2675341440143724
2021-09-01,Louga,112.31672844894405,Louga,1.726134903238341
2021-10-01,Louga,127.92926779039404,Louga,16.00617004348417
2021-11-01,Louga,129.32204207593463,Louga,18.26446162911497
2021-12-01,Louga,126.5978442464882,Louga,15.845923622749147
2022-01-01,Louga,123.87364641704178,Louga,11.313500609767768
2022-02-01,Louga,128.69103007325245,Louga,15.823772862131813
2022-03-01,Louga,94.73837888698462,Louga,-7.901479337334283
2022-04-01,Louga,99.6520365006006,Louga,-7.41369124336747
2022-05-01,Louga,112.73717897614584,Louga,8.625893525363605
2022-06-01,Louga,119.46773603878728,Louga,13.744307777397346
2022-07-01,Louga,123.9668142059864,Louga,13.156697200181643
2022-08-01,Louga,128.222228329061,Louga,12.523135403222208
2022-09-01,Louga,146.5596139095017,Louga,30.487787468029293
2022-10-01,Louga,144.24048101944166,Louga,12.75018102641905
2022-11-01,Louga,128.98849955842076,Louga,-0.25791621610647963
2022-12-01,Louga,117.6926270982466,Louga,-7.034256547767892
2023-01-01,Louga,116.55162164424054,Louga,-5.910881761040921
2023-02-01,Louga,117.16531915987373,Louga,-8.956110543849205
2023-03-01,Louga,116.3926953147896,Louga,22.856963230959295
2023-04-01,Louga,116.05039367858778,Louga,16.455616717766077
2023-05-01,Louga,115.62837887977645,Louga,2.564548740608763
2023-06-01,Louga,114.25917233496918,Louga,-4.359807824705952
2023-07-01,Louga,120.42060178660196,Louga,-2.8606143039958676
2023-08-01,Louga,122.24621051301168,Louga,-4.660672251548215
2023-09-01,Louga,116.5411832429813,Louga,-20.482061780714243
2023-10-01,Louga,112.43356360855947,Louga,-22.051311244999972
2023-11-01,Louga,109.9233516097461,Louga,-14.780502148596408
2023-12-01,Louga,104.79437554426728,Louga,-10.959268963562362
2024-01-01,Louga,138.22456331102245,Louga,18.595143817849124
2024-02-01,Louga,142.36801328214705,Louga,21.510370392013268
2024-03-01,Louga,145.2513398697207,Louga,24.794205922357527
2024-04-01,Louga,144.6947479761063,Louga,24.682686020739997
2024-05-01,Louga,143.26198106032462,Louga,23.898633231968034
2024-06-01,Louga,145.8593862358968,Louga,27.65661019168466
2024-07-01,Louga,137.8399769686914,Louga,14.465444387131022
2024-08-01,Louga,118.53604068346337,Louga,-3.034997824454777
2024-09-01,Louga,114.83460591291748,Louga,-1.4643555887927762
2024-10-01,Louga,112.66562376962074,Louga,0.20639758592833068
2024-11-01,Louga,110.06418721560546,Louga,0.12812164457953745
2024-12-01,Louga,112.5887790275227,Louga,7.437807079601244
2025-01-01,Louga,111.15556679332082,Louga,-19.583347466826883
2025-02-01,Louga,160.5090827228157,Louga,12.742377323701493
2025-03-01,Louga,156.25392500674124,Louga,7.574859651476551
2025-04-01,Louga,148.8259248670978,Louga,2.855098024479563
2025-05-01,Louga,145.5486025065985,Louga,1.596111843037451
2025-06-01,Louga,144.18649240706281,Louga,-1.1469223009950458
2025-07-01,Louga,142.53250486702592,Louga,3.40433015263808
2025-08-01,Louga,127.39611915643775,Louga,7.474586144339157
2025-09-01,Louga,149.93836074009965,Louga,30.568968777410532
2025-10-01,Louga,144.7116639599859,Louga,28.44349422490491
2025-11-01,Louga,140.41274303095642,Louga,27.57350649934931
2025-12-01,Louga,138.55517775398835,Louga,23.06304318312047
2026-01-01,Louga,127.91867251137703,Louga,15.080761316457503
2026-02-01,Louga,117.71363892155705,Louga,-26.662319088298826
2026-03-01,Louga,123.41192860901178,Louga,-21.01834971269526
2007-01-01,Matam,77.63377912630985,Matam,
2007-02-01,Matam,81.11771673692004,Matam,
2007-03-01,Matam,82.52223017977305,Matam,
2007-04-01,Matam,80.04090873131264,Matam,
2007-05-01,Matam,80.7625440291368,Matam,
2007-06-01,Matam,79.75997216438023,Matam,
2007-07-01,Matam,83.08225542760997,Matam,
2007-08-01,Matam,84.62836476366138,Matam,
2007-09-01,Matam,88.55335178065457,Matam,
2007-10-01,Matam,84.36935531890063,Matam,
2007-11-01,Matam,83.53069878141561,Matam,
2007-12-01,Matam,89.1592263311704,Matam,
2008-01-01,Matam,88.6274007479318,Matam,14.160873971799548
2008-02-01,Matam,94.85611157160362,Matam,16.936367771839244
2008-03-01,Matam,97.64173310440746,Matam,18.321733297436182
2008-04-01,Matam,99.25273806419386,Matam,24.002512761784022
2008-05-01,Matam,99.0792959888202,Matam,22.679760995487275
2008-06-01,Matam,100.17303801740232,Matam,25.593120583031382
2008-07-01,Matam,95.74491595074353,Matam,15.241113108883543
2008-08-01,Matam,111.59257233857284,Matam,31.86190309858099
2008-09-01,Matam,124.27139702497925,Matam,40.33505737060952
2008-10-01,Matam,122.77805756001236,Matam,45.5244704619751
2008-11-01,Matam,113.37397714669166,Matam,35.72731798086639
2008-12-01,Matam,121.94616721801522,Matam,36.773469483754795
2009-01-01,Matam,111.56198978055444,Matam,25.87753769046175
2009-02-01,Matam,109.93284889524735,Matam,15.894323595863202
2009-03-01,Matam,108.65402310208661,Matam,11.27826150515354
2009-04-01,Matam,105.24159090942456,Matam,6.033942198508702
2009-05-01,Matam,102.17736037564957,Matam,3.126853451985512
2009-06-01,Matam,97.82704899173534,Matam,-2.3419365850314233
2009-07-01,Matam,98.71672195381089,Matam,3.1038786483412073
2009-08-01,Matam,100.97897700561894,Matam,-9.51102309995342
2009-09-01,Matam,99.97021201346882,Matam,-19.55493025207221
2009-10-01,Matam,95.6982102422858,Matam,-22.055933980296338
2009-11-01,Matam,88.64989129852346,Matam,-21.80754920168174
2009-12-01,Matam,88.31279116533268,Matam,-27.580510991011977
2010-01-01,Matam,91.93487009500882,Matam,-17.593016872639787
2010-02-01,Matam,87.0635831747157,Matam,-20.80294102295418
2010-03-01,Matam,95.66692190739109,Matam,-11.952710837493253
2010-04-01,Matam,92.85760113232158,Matam,-11.767201227280166
2010-05-01,Matam,92.51347521341624,Matam,-9.457951474479842
2010-06-01,Matam,95.47290270214002,Matam,-2.406436986353544
2010-07-01,Matam,101.26314327391569,Matam,2.57952378250188
2010-08-01,Matam,102.177460942196,Matam,1.1868648030672446
2010-09-01,Matam,98.67658206307239,Matam,-1.2940154115329339
2010-10-01,Matam,90.73992552254505,Matam,-5.181167659444741
2010-11-01,Matam,89.40914491254465,Matam,0.8564631077374374
2010-12-01,Matam,91.68079982820969,Matam,3.8137268887489473
2011-01-01,Matam,92.44812718996293,Matam,0.5582833743319471
2011-02-01,Matam,95.56989363023006,Matam,9.77022785570889
2011-03-01,Matam,90.70658920339508,Matam,-5.185002930059546
2011-04-01,Matam,88.8705063127374,Matam,-4.293773230155473
2011-05-01,Matam,95.41571264288295,Matam,3.137096971842901
2011-06-01,Matam,89.07319151958437,Matam,-6.703170220477861
2011-07-01,Matam,94.6110310472351,Matam,-6.569134644267061
2011-08-01,Matam,95.9156991122266,Matam,-6.128320054372671
2011-09-01,Matam,97.74233078127403,Matam,-0.9467811534059734
2011-10-01,Matam,105.65265735271775,Matam,16.434586808722386
2011-11-01,Matam,112.23373564069098,Matam,25.528250773980844
2011-12-01,Matam,114.79410026699794,Matam,25.210622597204278
2012-01-01,Matam,121.14905436742099,Matam,31.045439263992037
2012-02-01,Matam,117.16781205310099,Matam,22.599081784516308
2012-03-01,Matam,116.51826913404636,Matam,28.45623472047074
2012-04-01,Matam,114.22556219437465,Matam,28.5303380543509
2012-05-01,Matam,101.19546220519148,Matam,6.057440019277194
2012-06-01,Matam,96.76339139255768,Matam,8.633573965161535
2012-07-01,Matam,95.0159116769008,Matam,0.42794230776701525
2012-08-01,Matam,101.6560750325642,Matam,5.984813720245152
2012-09-01,Matam,79.56319254475335,Matam,-18.599043107741743
2012-10-01,Matam,75.12593380674929,Matam,-28.893474438656142
2012-11-01,Matam,71.30025564455092,Matam,-36.47163641348084
2012-12-01,Matam,74.43398096205426,Matam,-35.1587052044231
2013-01-01,Matam,84.35204321579451,Matam,-30.37333749220069
2013-02-01,Matam,75.30500065550848,Matam,-35.72893498994425
2013-03-01,Matam,74.04740879101898,Matam,-36.449958155632686
2013-04-01,Matam,73.42434197149004,Matam,-35.71986816178172
2013-05-01,Matam,66.79075529619335,Matam,-33.998270435522656
2013-06-01,Matam,79.56332224470357,Matam,-17.775388915499512
2013-07-01,Matam,81.57419975648143,Matam,-14.146800975953965
2013-08-01,Matam,104.23668803522793,Matam,2.5385723399580895
2013-09-01,Matam,85.49104924575549,Matam,7.450501307709323
2013-10-01,Matam,84.42016030963387,Matam,12.371528754361517
2013-11-01,Matam,82.81728714809032,Matam,16.15286144408037
2013-12-01,Matam,99.03730277974036,Matam,33.05388412616092
2014-01-01,Matam,113.41251315650004,Matam,34.45141200238775
2014-02-01,Matam,97.09682183826881,Matam,28.938079799573412
2014-03-01,Matam,98.9592277848628,Matam,33.64306651722473
2014-04-01,Matam,101.23372282972142,Matam,37.87487924512758
2014-05-01,Matam,108.81188336877321,Matam,62.91458733507509
2014-06-01,Matam,111.38687574616256,Matam,39.99776857429735
2014-07-01,Matam,105.22583563457945,Matam,28.994015201747402
2014-08-01,Matam,112.9319785796088,Matam,8.341871473738882
2014-09-01,Matam,108.32814072845208,Matam,26.712845010298448
2014-10-01,Matam,108.63462815488333,Matam,28.683276312715257
2014-11-01,Matam,102.29350831132501,Matam,23.517096289821904
2014-12-01,Matam,110.30322539177043,Matam,11.375433595042029
2015-01-01,Matam,95.88618820349393,Matam,-15.453607776790212
2015-02-01,Matam,97.84082745349845,Matam,0.7662512543087141
2015-03-01,Matam,106.28839627944801,Matam,7.406250693991678
2015-04-01,Matam,95.61156558915539,Matam,-5.553640707279617
2015-05-01,Matam,82.69639417540503,Matam,-24.00058558389293
2015-06-01,Matam,83.81853816579584,Matam,-24.750077058621944
2015-07-01,Matam,83.46724192738353,Matam,-20.67799564239867
2015-08-01,Matam,84.30081739088186,Matam,-25.35257200735579
2015-09-01,Matam,83.30352541094422,Matam,-23.100752167654637
2015-10-01,Matam,95.25873702110125,Matam,-12.312732469348264
2015-11-01,Matam,93.57072088163835,Matam,-8.527215043929582
2015-12-01,Matam,92.95704750125411,Matam,-15.725902691337335
2016-01-01,Matam,91.92745632013356,Matam,-4.128573632480803
2016-02-01,Matam,97.08023893673624,Matam,-0.7773733486909684
2016-03-01,Matam,93.53032951015413,Matam,-12.00325455635911
2016-04-01,Matam,93.86657729687734,Matam,-1.8250807645764255
2016-05-01,Matam,93.70653396920846,Matam,13.313929710707972
2016-06-01,Matam,99.74615445467128,Matam,19.002498298610384
2016-07-01,Matam,95.76820652420483,Matam,14.73747582018241
2016-08-01,Matam,96.85474339162792,Matam,14.89182001941527
2016-09-01,Matam,97.18185714150226,Matam,16.659957261226243
2016-10-01,Matam,98.86869995116221,Matam,3.7896397148970085
2016-11-01,Matam,99.26638015000229,Matam,6.087010140243154
2016-12-01,Matam,95.62450572118581,Matam,2.8695599652040604
2017-01-01,Matam,94.94019504034594,Matam,3.277300211289047
2017-02-01,Matam,97.18238200410845,Matam,0.10521509680128105
2017-03-01,Matam,97.53035217809354,Matam,4.27671183121956
2017-04-01,Matam,98.6806337186418,Matam,5.128616127696617
2017-05-01,Matam,98.8591387390955,Matam,5.498661140940464
2017-06-01,Matam,98.6806337186418,Matam,-1.0682323963814522
2017-07-01,Matam,99.95275928590577,Matam,4.3694592533100485
2017-08-01,Matam,102.43355009142012,Matam,5.75997261923924
2017-09-01,Matam,107.73506751814818,Matam,10.859239252116627
2017-10-01,Matam,112.23834470098797,Matam,13.52262622693523
2017-11-01,Matam,112.68882640752045,Matam,13.521643719893262
2017-12-01,Matam,118.64978728175295,Matam,24.078850276834252
2018-01-01,Matam,110.88001220840323,Matam,16.78932422804007
2018-02-01,Matam,103.00326163649613,Matam,5.9896449462842005
2018-03-01,Matam,105.65842793367423,Matam,8.333893576779626
2018-04-01,Matam,104.75232890608999,Matam,6.152874134108011
2018-05-01,Matam,105.06989641436026,Matam,6.2824315025198585
2018-06-01,Matam,106.41946711050153,Matam,7.842302081201358
2018-07-01,Matam,112.09141951092508,Matam,12.144397325038092
2018-08-01,Matam,109.76566041460521,Matam,7.157918784071549
2018-09-01,Matam,115.02192306753348,Matam,6.763680310645204
2018-10-01,Matam,113.41239948462824,Matam,1.0460371513568267
2018-11-01,Matam,111.1147491916935,Matam,-1.3968352196113587
2018-12-01,Matam,107.91613548569374,Matam,-9.04649897986789
2019-01-01,Matam,107.57630168686859,Matam,-2.97953657808514
2019-02-01,Matam,107.04285972765024,Matam,3.921815704642495
2019-03-01,Matam,108.41941869991864,Matam,2.613128758623584
2019-04-01,Matam,105.3038378988644,Matam,0.5264885263494667
2019-05-01,Matam,102.2988146932174,Matam,-2.6373698040156546
2019-06-01,Matam,114.88377455150894,Matam,7.953720941130471
2019-07-01,Matam,114.88377455150894,Matam,2.491140760610766
2019-08-01,Matam,116.02731038521809,Matam,5.704561833784316
2019-09-01,Matam,114.6449709559532,Matam,-0.3277219694535649
2019-10-01,Matam,112.8335439005607,Matam,-0.5103988511820479
2019-11-01,Matam,114.02617509688432,Matam,2.6201975222641893
2019-12-01,Matam,115.67025182745299,Matam,7.185316919347229
2020-01-01,Matam,117.24349276989261,Matam,8.98635752618
2020-02-01,Matam,121.65761797053467,Matam,13.653183668736846
2020-03-01,Matam,118.52588640466888,Matam,9.321639818714345
2020-04-01,Matam,107.48270198629096,Matam,2.069121250375683
2020-05-01,Matam,116.70145741439876,Matam,14.078992766801136
2020-06-01,Matam,112.1063094937049,Matam,-2.4176303996337967
2020-07-01,Matam,112.48216405851228,Matam,-2.090469696327635
2020-08-01,Matam,114.23634414048539,Matam,-1.5435730077570375
2020-09-01,Matam,115.23057869485535,Matam,0.5108010704866883
2020-10-01,Matam,118.80432504709849,Matam,5.291672086272325
2020-11-01,Matam,121.01138764741951,Matam,6.125972869475005
2020-12-01,Matam,121.01138764741951,Matam,4.6175535503579335
2021-01-01,Matam,119.58959659059894,Matam,2.001052480849319
2021-02-01,Matam,119.58959659059894,Matam,-1.6998700241168674
2021-03-01,Matam,117.80454638606194,Matam,-0.608592806590913
2021-04-01,Matam,115.49065479026336,Matam,7.450457288460965
2021-05-01,Matam,116.04038516191827,Matam,-0.5664644359436477
2021-06-01,Matam,111.6262599612762,Matam,-0.42820920124539974
2021-07-01,Matam,108.41941869991864,Matam,-3.611901844705123
2021-08-01,Matam,113.83332256159724,Matam,-0.3527962855608524
2021-09-01,Matam,123.11469760861657,Matam,6.842037073023222
2021-10-01,Matam,123.11469760861657,Matam,3.6281276458658196
2021-11-01,Matam,120.57040613289473,Matam,-0.36441323671919656
2021-12-01,Matam,121.33091901580563,Matam,0.2640506605189108
2022-01-01,Matam,124.24457184069807,Matam,3.8924583599315055
2022-02-01,Matam,97.57480741238616,Matam,-18.40861563700883
2022-03-01,Matam,97.88312947379079,Matam,-16.910567141429233
2022-04-01,Matam,102.01198263319628,Matam,-11.670790317662505
2022-05-01,Matam,103.4290966998868,Matam,-10.868016720587548
2022-06-01,Matam,108.34102006410353,Matam,-2.943070831462369
2022-07-01,Matam,109.70286730477406,Matam,1.1837811161925949
2022-08-01,Matam,100.59086765482445,Matam,-11.633197212184566
2022-09-01,Matam,110.10815661887851,Matam,-10.564572096083968
2022-10-01,Matam,113.96109901962672,Matam,-7.435016912512982
2022-11-01,Matam,112.23209996394942,Matam,-6.915715420046508
2022-12-01,Matam,102.73153382937988,Matam,-15.329468644346811
2023-01-01,Matam,105.86326539524566,Matam,-14.79445433561497
2023-02-01,Matam,158.2238982173244,Matam,62.15650577573104
2023-03-01,Matam,152.28858375287746,Matam,55.58205440668331
2023-04-01,Matam,152.71472121213398,Matam,49.70272831697542
2023-05-01,Matam,146.6332656348506,Matam,41.77177439761115
2023-06-01,Matam,152.3040874207386,Matam,40.578413726050265
2023-07-01,Matam,152.54527530331322,Matam,39.05313420798322
2023-08-01,Matam,153.74968685035816,Matam,52.846565930763354
2023-09-01,Matam,157.12586553288455,Matam,42.701385944322176
2023-10-01,Matam,159.48976570203374,Matam,39.95105968095827
2023-11-01,Matam,155.8952289239466,Matam,38.90431433967858
2023-12-01,Matam,154.4561606493125,Matam,50.34931816148942
2024-01-01,Matam,153.92462037630128,Matam,45.3994639232185
2024-02-01,Matam,158.3913611204879,Matam,0.10583919689139965
2024-03-01,Matam,165.8039870091688,Matam,8.874863054884742
2024-04-01,Matam,164.51152636293853,Matam,7.7247334488583785
2024-05-01,Matam,158.59650098178426,Matam,8.15860936816668
2024-06-01,Matam,156.79721594531648,Matam,2.950103704154472
2024-07-01,Matam,158.21628322801314,Matam,3.717590016094552
2024-08-01,Matam,158.99603652786087,Matam,3.412266902767014
2024-09-01,Matam,156.47408234196632,Matam,-0.41481597489231303
2024-10-01,Matam,153.44725012246377,Matam,-3.7886541202015955
2024-11-01,Matam,124.01982235360342,Matam,-20.44668511689578
2024-12-01,Matam,120.88809078773764,Matam,-21.73307281526311
2025-01-01,Matam,150.17607305256612,Matam,-2.435313671439332
2025-02-01,Matam,151.43124147886775,Matam,-4.394254580794721
2025-03-01,Matam,148.14376040080168,Matam,-10.65126775714418
2025-04-01,Matam,151.08601930062832,Matam,-8.160830647629759
2025-05-01,Matam,144.38395049867702,Matam,-8.961452740208708
2025-06-01,Matam,144.52316981989182,Matam,-7.827974528390403
2025-07-01,Matam,145.03582481671538,Matam,-8.330658603768848
2025-08-01,Matam,146.48450633161625,Matam,-7.869083072427552
2025-09-01,Matam,148.54121549066315,Matam,-5.069764099313446
2025-10-01,Matam,146.71358814146083,Matam,-4.388258489890773
2025-11-01,Matam,143.7262322571215,Matam,15.88972595633258
2025-12-01,Matam,147.89860702649798,Matam,22.34340542790687
2026-01-01,Matam,140.63255005361933,Matam,-6.354889167734646
2026-02-01,Matam,130.31825478266782,Matam,-13.942292548097646
2026-03-01,Matam,135.54730588455968,Matam,-8.502858630132248
2007-01-01,Saint Louis,74.1965696425781,Saint-Louis,
2007-02-01,Saint Louis,76.42834710001829,Saint-Louis,
2007-03-01,Saint Louis,77.08981634490863,Saint-Louis,
2007-04-01,Saint Louis,82.77409922045213,Saint-Louis,
2007-05-01,Saint Louis,82.80234370852548,Saint-Louis,
2007-06-01,Saint Louis,86.9199383290096,Saint-Louis,
2007-07-01,Saint Louis,91.21109528486254,Saint-Louis,
2007-08-01,Saint Louis,93.1394994830591,Saint-Louis,
2007-09-01,Saint Louis,88.90089617792779,Saint-Louis,
2007-10-01,Saint Louis,87.37101584710952,Saint-Louis,
2007-11-01,Saint Louis,85.61127553350389,Saint-Louis,
2007-12-01,Saint Louis,88.01050325003138,Saint-Louis,
2008-01-01,Saint Louis,91.99249564822554,Saint-Louis,23.98483661896298
2008-02-01,Saint Louis,89.93161746722849,Saint-Louis,17.667882244710963
2008-03-01,Saint Louis,93.91727385293001,Saint-Louis,21.82837929297097
2008-04-01,Saint Louis,98.27700018749339,Saint-Louis,18.72916904326849
2008-05-01,Saint Louis,94.96146681257136,Saint-Louis,14.684515630194594
2008-06-01,Saint Louis,99.42676417255534,Saint-Louis,14.388903264294628
2008-07-01,Saint Louis,107.8907610513919,Saint-Louis,18.286882439506826
2008-08-01,Saint Louis,117.64333385183197,Saint-Louis,26.30874602587896
2008-09-01,Saint Louis,136.03309216629302,Saint-Louis,53.01655890401153
2008-10-01,Saint Louis,135.69119991033173,Saint-Louis,55.30459225491629
2008-11-01,Saint Louis,109.46725233012187,Saint-Louis,27.865461235047206
2008-12-01,Saint Louis,104.30372310744075,Saint-Louis,18.512812966336
2009-01-01,Saint Louis,108.54514059773715,Saint-Louis,17.993473090248635
2009-02-01,Saint Louis,114.48156310863199,Saint-Louis,27.298458910015277
2009-03-01,Saint Louis,113.59134610278744,Saint-Louis,20.948299969466856
2009-04-01,Saint Louis,104.04161829721043,Saint-Louis,5.865683831129642
2009-05-01,Saint Louis,104.99903809402423,Saint-Louis,10.570151892519064
2009-06-01,Saint Louis,105.74264158056451,Saint-Louis,6.352291015976297
2009-07-01,Saint Louis,106.71048618031153,Saint-Louis,-1.0939536060165178
2009-08-01,Saint Louis,112.0169950729296,Saint-Louis,-4.782539388069839
2009-09-01,Saint Louis,110.07132150406525,Saint-Louis,-19.08489342467561
2009-10-01,Saint Louis,92.19005042052468,Saint-Louis,-32.05893198568053
2009-11-01,Saint Louis,89.5214238860211,Saint-Louis,-18.22081765965027
2009-12-01,Saint Louis,93.83142281427922,Saint-Louis,-10.04019797296618
2010-01-01,Saint Louis,98.2537348134507,Saint-Louis,-9.481222031325999
2010-02-01,Saint Louis,95.83195990055904,Saint-Louis,-16.29048617232477
2010-03-01,Saint Louis,99.3918139111401,Saint-Louis,-12.500540471453125
2010-04-01,Saint Louis,100.29765291921956,Saint-Louis,-3.5985266658345116
2010-05-01,Saint Louis,104.75449979741774,Saint-Louis,-0.2328957493758277
2010-06-01,Saint Louis,107.1929863601795,Saint-Louis,1.371579864032424
2010-07-01,Saint Louis,108.09857913386958,Saint-Louis,1.3008027638563568
2010-08-01,Saint Louis,105.8342852521729,Saint-Louis,-5.519439096479417
2010-09-01,Saint Louis,97.26760832318591,Saint-Louis,-11.632197202616911
2010-10-01,Saint Louis,92.02314437449903,Saint-Louis,-0.18104561746556946
2010-11-01,Saint Louis,89.65344981249781,Saint-Louis,0.1474796989878291
2010-12-01,Saint Louis,88.69652148428285,Saint-Louis,-5.472475185801984
2011-01-01,Saint Louis,89.8806284047765,Saint-Louis,-8.521921761622387
2011-02-01,Saint Louis,98.8416291064629,Saint-Louis,3.140569397752979
2011-03-01,Saint Louis,99.70009021842289,Saint-Louis,0.31016267351593463
2011-04-01,Saint Louis,101.69019419977485,Saint-Louis,1.3884086417025765
2011-05-01,Saint Louis,100.2104473994145,Saint-Louis,-4.337811174499295
2011-06-01,Saint Louis,101.17651121691397,Saint-Louis,-5.612750747562489
2011-07-01,Saint Louis,106.48104521244345,Saint-Louis,-1.4963507701826195
2011-08-01,Saint Louis,108.29274986250446,Saint-Louis,2.3229377932432183
2011-09-01,Saint Louis,96.89253228335475,Saint-Louis,-0.3856124832276264
2011-10-01,Saint Louis,108.62399294488678,Saint-Louis,18.039862344660442
2011-11-01,Saint Louis,115.43935723689654,Saint-Louis,28.761757052659597
2011-12-01,Saint Louis,119.78994987569878,Saint-Louis,35.05597273837364
2012-01-01,Saint Louis,127.35129382146474,Saint-Louis,41.68936742179803
2012-02-01,Saint Louis,136.91812012237006,Saint-Louis,38.522727073725925
2012-03-01,Saint Louis,108.80098253828207,Saint-Louis,9.128268891152413
2012-04-01,Saint Louis,97.28772070944589,Saint-Louis,-4.329299914286821
2012-05-01,Saint Louis,94.91404327806332,Saint-Louis,-5.2852813841265505
2012-06-01,Saint Louis,97.28772070944589,Saint-Louis,-3.843570469761337
2012-07-01,Saint Louis,101.00763927574602,Saint-Louis,-5.140263157426073
2012-08-01,Saint Louis,97.28772070944589,Saint-Louis,-10.162295414080146
2012-09-01,Saint Louis,96.79687733913087,Saint-Louis,-0.0987227209049979
2012-10-01,Saint Louis,100.31168218479498,Saint-Louis,-7.652370838834177
2012-11-01,Saint Louis,95.07306777626457,Saint-Louis,-17.6424141195084
2012-12-01,Saint Louis,94.50152771063837,Saint-Louis,-21.110637571266366
2013-01-01,Saint Louis,103.5223366084089,Saint-Louis,-18.711201510415687
2013-02-01,Saint Louis,103.3000980534319,Saint-Louis,-24.55337689335215
2013-03-01,Saint Louis,127.47004845678087,Saint-Louis,17.158912983097395
2013-04-01,Saint Louis,109.53010245493168,Saint-Louis,12.583686467532939
2013-05-01,Saint Louis,102.41696162751992,Saint-Louis,7.904961257920284
2013-06-01,Saint Louis,101.64294866253022,Saint-Louis,4.476647125993849
2013-07-01,Saint Louis,103.5986425910629,Saint-Louis,2.565155798012042
2013-08-01,Saint Louis,130.68920614228355,Saint-Louis,34.33268370280016
2013-09-01,Saint Louis,105.50869304013494,Saint-Louis,9.000099941738782
2013-10-01,Saint Louis,101.20880668723571,Saint-Louis,0.8943370132982631
2013-11-01,Saint Louis,116.89474821313907,Saint-Louis,22.95253634628416
2013-12-01,Saint Louis,118.56615142997407,Saint-Louis,25.464798614707117
2014-01-01,Saint Louis,103.42475102613453,Saint-Louis,-0.09426524310739426
2014-02-01,Saint Louis,101.4398604737288,Saint-Louis,-1.8008091132119652
2014-03-01,Saint Louis,97.58096105997518,Saint-Louis,-23.447929736168327
2014-04-01,Saint Louis,97.45623391893919,Saint-Louis,-11.023333554317194
2014-05-01,Saint Louis,102.45620738110006,Saint-Louis,0.038319583940471524
2014-06-01,Saint Louis,117.73177375426894,Saint-Louis,15.828766582870424
2014-07-01,Saint Louis,103.80292104572897,Saint-Louis,0.19718255911171934
2014-08-01,Saint Louis,102.21905175178654,Saint-Louis,-21.78462570160621
2014-09-01,Saint Louis,100.4449044705942,Saint-Louis,-4.799404128354157
2014-10-01,Saint Louis,97.0705464365104,Saint-Louis,-4.08883415008906
2014-11-01,Saint Louis,87.4636624648541,Saint-Louis,-25.177423449873082
2014-12-01,Saint Louis,90.47098458435981,Saint-Louis,-23.695773630813555
2015-01-01,Saint Louis,85.318824086907,Saint-Louis,-17.506377109529925
2015-02-01,Saint Louis,84.95037460336519,Saint-Louis,-16.255430353863808
2015-03-01,Saint Louis,83.40811716645706,Saint-Louis,-14.524189698036704
2015-04-01,Saint Louis,86.65671212973095,Saint-Louis,-11.08140685817074
2015-05-01,Saint Louis,92.06171024009501,Saint-Louis,-10.145307352966205
2015-06-01,Saint Louis,101.88395498177432,Saint-Louis,-13.460953035135926
2015-07-01,Saint Louis,106.05104289168875,Saint-Louis,2.165759713996307
2015-08-01,Saint Louis,112.14568222396994,Saint-Louis,9.711135353013978
2015-09-01,Saint Louis,96.72038018775196,Saint-Louis,-3.7080271044835467
2015-10-01,Saint Louis,102.21376443365635,Saint-Louis,5.2984331354412495
2015-11-01,Saint Louis,109.0370227818489,Saint-Louis,24.665512178458936
2015-12-01,Saint Louis,79.55241427275466,Saint-Louis,-12.068587914420359
2016-01-01,Saint Louis,79.50388793957202,Saint-Louis,-6.815537145017137
2016-02-01,Saint Louis,92.54454116610385,Saint-Louis,8.939532754500457
2016-03-01,Saint Louis,97.0656062915247,Saint-Louis,16.374292561731707
2016-04-01,Saint Louis,95.73194148226555,Saint-Louis,10.472621369419578
2016-05-01,Saint Louis,100.82376321857957,Saint-Louis,9.517586579299152
2016-06-01,Saint Louis,95.98228269655615,Saint-Louis,-5.792543375719861
2016-07-01,Saint Louis,93.16146684167535,Saint-Louis,-12.15412474837959
2016-08-01,Saint Louis,94.61013828269894,Saint-Louis,-15.636396866577684
2016-09-01,Saint Louis,99.30379921862117,Saint-Louis,2.671018275418602
2016-10-01,Saint Louis,98.83235764295526,Saint-Louis,-3.3081716630208424
2016-11-01,Saint Louis,98.83235764295526,Saint-Louis,-9.358899278926746
2016-12-01,Saint Louis,102.22902896044658,Saint-Louis,28.505250148590754
2017-01-01,Saint Louis,102.93541607184382,Saint-Louis,29.472178958192874
2017-02-01,Saint Louis,107.76666632858849,Saint-Louis,16.4484311777646
2017-03-01,Saint Louis,106.44797132586473,Saint-Louis,9.666003636922893
2017-04-01,Saint Louis,104.4672938076592,Saint-Louis,9.124804313105761
2017-05-01,Saint Louis,105.95164935661977,Saint-Louis,5.085989626198795
2017-06-01,Saint Louis,108.6734573655359,Saint-Louis,13.222413879343065
2017-07-01,Saint Louis,109.86738005242465,Saint-Louis,17.93221358261825
2017-08-01,Saint Louis,112.90716351959858,Saint-Louis,19.33939170686696
2017-09-01,Saint Louis,117.41433058794038,Saint-Louis,18.23750099374162
2017-10-01,Saint Louis,118.16103887596229,Saint-Louis,19.557037486482322
2017-11-01,Saint Louis,110.57721803010203,Saint-Louis,11.883618550896657
2017-12-01,Saint Louis,108.28699746277621,Saint-Louis,5.92587894449581
2018-01-01,Saint Louis,107.51441562837772,Saint-Louis,4.44841992316618
2018-02-01,Saint Louis,105.51092914690089,Saint-Louis,-2.0931678213091276
2018-03-01,Saint Louis,102.97115769291972,Saint-Louis,-3.2662093881541288
2018-04-01,Saint Louis,102.65722346150648,Saint-Louis,-1.7326670196754157
2018-05-01,Saint Louis,104.02931636322232,Saint-Louis,-1.8143492858021637
2018-06-01,Saint Louis,97.07578535810576,Saint-Louis,-10.672037394025303
2018-07-01,Saint Louis,96.82162311506787,Saint-Louis,-11.87409486886083
2018-08-01,Saint Louis,96.28522991174776,Saint-Louis,-14.72177060312525
2018-09-01,Saint Louis,100.18448017227894,Saint-Louis,-14.674401607865672
2018-10-01,Saint Louis,100.76029127132429,Saint-Louis,-14.726298761560619
2018-11-01,Saint Louis,99.82981507596544,Saint-Louis,-9.719364572195033
2018-12-01,Saint Louis,99.52926808043357,Saint-Louis,-8.087517049637583
2019-01-01,Saint Louis,107.90033198817423,Saint-Louis,0.35894382864007923
2019-02-01,Saint Louis,106.26578485689065,Saint-Louis,0.7154289286361859
2019-03-01,Saint Louis,106.8583171931847,Saint-Louis,3.7749983464857806
2019-04-01,Saint Louis,109.1092358670327,Saint-Louis,6.285005757968443
2019-05-01,Saint Louis,110.52297458578656,Saint-Louis,6.242142551327912
2019-06-01,Saint Louis,111.31946963619608,Saint-Louis,14.672746891046362
2019-07-01,Saint Louis,110.80681920399695,Saint-Louis,14.444290065565578
2019-08-01,Saint Louis,114.23706790683116,Saint-Louis,18.644435923908077
2019-09-01,Saint Louis,103.62306698048154,Saint-Louis,3.432254978305571
2019-10-01,Saint Louis,110.45258796967941,Saint-Louis,9.619163041377089
2019-11-01,Saint Louis,101.18978171758062,Saint-Louis,1.3622850453848034
2019-12-01,Saint Louis,105.2692371031297,Saint-Louis,5.767116681755802
2020-01-01,Saint Louis,105.42690562125524,Saint-Louis,-2.292325075691215
2020-02-01,Saint Louis,108.54790461671958,Saint-Louis,2.147558372530045
2020-03-01,Saint Louis,107.11651676214093,Saint-Louis,0.24162795722248998
2020-04-01,Saint Louis,115.50544377255142,Saint-Louis,5.86220575617773
2020-05-01,Saint Louis,128.87156107699505,Saint-Louis,16.60160392893384
2020-06-01,Saint Louis,121.531347450135,Saint-Louis,9.17348766331032
2020-07-01,Saint Louis,121.49102941055938,Saint-Louis,9.642195564600264
2020-08-01,Saint Louis,111.3486603261951,Saint-Louis,-2.5284328752132934
2020-09-01,Saint Louis,116.4976150257941,Saint-Louis,12.424403581624954
2020-10-01,Saint Louis,118.1286226713855,Saint-Louis,6.949619599509305
2020-11-01,Saint Louis,110.42155814763672,Saint-Louis,9.1232299085513
2020-12-01,Saint Louis,107.95611288896265,Saint-Louis,2.5523845900019992
2021-01-01,Saint Louis,105.76478760554937,Saint-Louis,0.3204893307861667
2021-02-01,Saint Louis,105.76478760554937,Saint-Louis,-2.5639527736600165
2021-03-01,Saint Louis,107.52364694198702,Saint-Louis,0.3800816084695402
2021-04-01,Saint Louis,107.52364694198702,Saint-Louis,-6.910320907715672
2021-05-01,Saint Louis,107.85937459359943,Saint-Louis,-16.30475048784562
2021-06-01,Saint Louis,106.56519889273844,Saint-Louis,-12.31464051983564
2021-07-01,Saint Louis,105.61346674022086,Saint-Louis,-13.068917719581464
2021-08-01,Saint Louis,109.42039535029119,Saint-Louis,-1.7317361252978447
2021-09-01,Saint Louis,107.89511123218519,Saint-Louis,-7.38427459798573
2021-10-01,Saint Louis,108.62179673884647,Saint-Louis,-8.047859796846579
2021-11-01,Saint Louis,110.84794605704529,Saint-Louis,0.3861455286099824
2021-12-01,Saint Louis,112.47455627288285,Saint-Louis,4.185444680254102
2022-01-01,Saint Louis,110.63646380273454,Saint-Louis,4.60614189984867
2022-02-01,Saint Louis,114.18239242032931,Saint-Louis,7.958797067861045
2022-03-01,Saint Louis,118.59416358549542,Saint-Louis,10.29589021425339
2022-04-01,Saint Louis,119.11587848620576,Saint-Louis,10.78109966868328
2022-05-01,Saint Louis,127.69142873710068,Saint-Louis,18.386954512044905
2022-06-01,Saint Louis,132.13112223421498,Saint-Louis,23.990874701232933
2022-07-01,Saint Louis,132.15600420915527,Saint-Louis,25.13177371046964
2022-08-01,Saint Louis,156.36957650322847,Saint-Louis,42.907157301559096
2022-09-01,Saint Louis,146.41301620060636,Saint-Louis,35.699397802679364
2022-10-01,Saint Louis,154.04881901444696,Saint-Louis,41.821276796606696
2022-11-01,Saint Louis,135.90056403886626,Saint-Louis,22.600886054242487
2022-12-01,Saint Louis,148.62377320536615,Saint-Louis,32.13990624224292
2023-01-01,Saint Louis,146.88275608438286,Saint-Louis,32.76161496473322
2023-02-01,Saint Louis,148.8739222042161,Saint-Louis,30.38255640692831
2023-03-01,Saint Louis,149.18319424964446,Saint-Louis,25.793032084666766
2023-04-01,Saint Louis,139.28099500631586,Saint-Louis,16.928991144069293
2023-05-01,Saint Louis,142.76515121308515,Saint-Louis,11.804803677950249
2023-06-01,Saint Louis,146.32298622394222,Saint-Louis,10.740742793791469
2023-07-01,Saint Louis,140.6623563743556,Saint-Louis,6.436599090676087
2023-08-01,Saint Louis,140.2823298926238,Saint-Louis,-10.287964558292783
2023-09-01,Saint Louis,138.12239527910853,Saint-Louis,-5.662488989461512
2023-10-01,Saint Louis,138.13438109680976,Saint-Louis,-10.330775671928205
2023-11-01,Saint Louis,131.73027696896492,Saint-Louis,-3.068631171176517
2023-12-01,Saint Louis,131.49527536150939,Saint-Louis,-11.524736234618981
2024-01-01,Saint Louis,131.8153357988931,Saint-Louis,-10.258127425682062
2024-02-01,Saint Louis,134.26972357766,Saint-Louis,-9.809776225632694
2024-03-01,Saint Louis,135.99493092765252,Saint-Louis,-8.840314345275768
2024-04-01,Saint Louis,136.57806515092506,Saint-Louis,-1.9406307768466413
2024-05-01,Saint Louis,139.65642740888563,Saint-Louis,-2.1775088512739127
2024-06-01,Saint Louis,140.0418898684066,Saint-Louis,-4.292624499832598
2024-07-01,Saint Louis,135.78642189039348,Saint-Louis,-3.4664103528775025
2024-08-01,Saint Louis,134.10507952939432,Saint-Louis,-4.40344152250518
2024-09-01,Saint Louis,128.5478070876875,Saint-Louis,-6.931959275737542
2024-10-01,Saint Louis,129.60767071197273,Saint-Louis,-6.172764750624394
2024-11-01,Saint Louis,124.7066378307337,Saint-Louis,-5.331833576791123
2024-12-01,Saint Louis,125.97485283878112,Saint-Louis,-4.1981907772362215
2025-01-01,Saint Louis,126.4597223287009,Saint-Louis,-4.062966905734777
2025-02-01,Saint Louis,124.71455594293172,Saint-Louis,-7.1163977850909
2025-03-01,Saint Louis,120.12755825552446,Saint-Louis,-11.66762067078021
2025-04-01,Saint Louis,118.0395718817775,Saint-Louis,-13.573550956855085
2025-05-01,Saint Louis,115.54835931174865,Saint-Louis,-17.262412152756458
2025-06-01,Saint Louis,114.66678398813798,Saint-Louis,-18.119653986469974
2025-07-01,Saint Louis,135.02489253897252,Saint-Louis,-0.5608287933499434
2025-08-01,Saint Louis,132.3845271376776,Saint-Louis,-1.2829882341180099
2025-09-01,Saint Louis,133.25377884324053,Saint-Louis,3.6608728395832513
2025-10-01,Saint Louis,131.76116649886598,Saint-Louis,1.6615496405910646
2025-11-01,Saint Louis,127.46670504592007,Saint-Louis,2.21324803811378
2025-12-01,Saint Louis,120.18676797540917,Saint-Louis,-4.594635145777359
2026-01-01,Saint Louis,112.90683090489827,Saint-Louis,-10.717160511056022
2026-02-01,Saint Louis,129.9294995181554,Saint-Louis,4.181503542866327
2026-03-01,Saint Louis,123.4037082043502,Saint-Louis,2.727225955810253
2007-02-01,Sedhiou,70.30269635208344,Sédhiou,
2007-03-01,Sedhiou,69.54200982177785,Sédhiou,
2007-04-01,Sedhiou,72.76409322789041,Sédhiou,
2007-05-01,Sedhiou,71.54662576224872,Sédhiou,
2007-06-01,Sedhiou,66.72944313810927,Sédhiou,
2007-07-01,Sedhiou,73.0409311239224,Sédhiou,
2007-08-01,Sedhiou,71.8020737014808,Sédhiou,
2007-09-01,Sedhiou,70.10128183458401,Sédhiou,
2007-10-01,Sedhiou,68.40048996768725,Sédhiou,
2007-11-01,Sedhiou,70.55295633540025,Sédhiou,
2007-12-01,Sedhiou,70.89481167666526,Sédhiou,
2008-01-01,Sedhiou,71.23666701793024,Sédhiou,
2008-02-01,Sedhiou,71.57852235919525,Sédhiou,1.8147611305295186
2008-03-01,Sedhiou,0.0,Sédhiou,-100.0
2008-04-01,Sedhiou,0.0,Sédhiou,-100.0
2008-05-01,Sedhiou,0.0,Sédhiou,-100.0
2008-06-01,Sedhiou,0.0,Sédhiou,-100.0
2008-07-01,Sedhiou,0.0,Sédhiou,-100.0
2008-08-01,Sedhiou,0.0,Sédhiou,-100.0
2008-09-01,Sedhiou,0.0,Sédhiou,-100.0
2008-10-01,Sedhiou,0.0,Sédhiou,-100.0
2008-11-01,Sedhiou,0.0,Sédhiou,-100.0
2008-12-01,Sedhiou,0.0,Sédhiou,-100.0
2009-01-01,Sedhiou,0.0,Sédhiou,-100.0
2009-02-01,Sedhiou,0.0,Sédhiou,-100.0
2009-03-01,Sedhiou,0.0,Sédhiou,
2009-04-01,Sedhiou,0.0,Sédhiou,
2009-05-01,Sedhiou,0.0,Sédhiou,
2009-06-01,Sedhiou,0.0,Sédhiou,
2009-07-01,Sedhiou,0.0,Sédhiou,
2009-08-01,Sedhiou,0.0,Sédhiou,
2009-09-01,Sedhiou,0.0,Sédhiou,
2009-10-01,Sedhiou,0.0,Sédhiou,
2009-11-01,Sedhiou,0.0,Sédhiou,
2009-12-01,Sedhiou,0.0,Sédhiou,
2010-01-01,Sedhiou,0.0,Sédhiou,
2010-02-01,Sedhiou,79.78305054955517,Sédhiou,inf
2010-03-01,Sedhiou,79.42430615493633,Sédhiou,inf
2010-04-01,Sedhiou,78.70681736569867,Sédhiou,inf
2010-05-01,Sedhiou,79.42430615493633,Sédhiou,inf
2010-06-01,Sedhiou,79.25655194453176,Sédhiou,inf
2010-07-01,Sedhiou,83.3704944957435,Sédhiou,inf
2010-08-01,Sedhiou,83.93086885071176,Sédhiou,inf
2010-09-01,Sedhiou,84.63141976497701,Sédhiou,inf
2010-10-01,Sedhiou,84.08798328498118,Sédhiou,inf
2010-11-01,Sedhiou,84.08798328498118,Sédhiou,inf
2010-12-01,Sedhiou,85.47217276514112,Sédhiou,inf
2011-01-01,Sedhiou,84.01144183180278,Sédhiou,inf
2011-02-01,Sedhiou,83.1210964360746,Sédhiou,4.183903552855606
2011-03-01,Sedhiou,82.55813689505092,Sédhiou,3.945682237376169
2011-04-01,Sedhiou,85.03465415907395,Sédhiou,8.039756917083807
2011-05-01,Sedhiou,85.03465415907395,Sédhiou,7.063767095671292
2011-06-01,Sedhiou,82.84432095639724,Sédhiou,4.526779078626086
2011-07-01,Sedhiou,83.16519851605236,Sédhiou,-0.24624536646070672
2011-08-01,Sedhiou,84.68141239857742,Sédhiou,0.8942401742565664
2011-09-01,Sedhiou,79.79499528566357,Sédhiou,-5.7146914145411625
2011-10-01,Sedhiou,88.13317835327615,Sédhiou,4.810669622775321
2011-11-01,Sedhiou,89.49945112265517,Sédhiou,6.435482962332539
2011-12-01,Sedhiou,90.68047391001261,Sédhiou,6.093563526438905
2012-01-01,Sedhiou,92.30927704350735,Sédhiou,9.87702987923651
2012-02-01,Sedhiou,91.01853007915113,Sédhiou,9.501118225924943
2012-03-01,Sedhiou,91.59325396681285,Sédhiou,10.943944972071629
2012-04-01,Sedhiou,91.92833659886921,Sédhiou,8.106909480573975
2012-05-01,Sedhiou,88.42761493943557,Sédhiou,3.990091820699848
2012-06-01,Sedhiou,90.64304574167218,Sédhiou,9.413710795432294
2012-07-01,Sedhiou,90.07504321721652,Sédhiou,8.308577174658517
2012-08-01,Sedhiou,86.85636224530109,Sédhiou,2.5683910850313074
2012-09-01,Sedhiou,93.13102053019432,Sédhiou,16.712859242347466
2012-10-01,Sedhiou,99.9778102823854,Sédhiou,13.43946984599922
2012-11-01,Sedhiou,94.52047033315746,Sédhiou,5.610111735345957
2012-12-01,Sedhiou,95.13794657567524,Sédhiou,4.915581572815819
2013-01-01,Sedhiou,94.73231774927233,Sédhiou,2.624915700101238
2013-02-01,Sedhiou,94.55795039650978,Sédhiou,3.8886810348186307
2013-03-01,Sedhiou,92.73470969127368,Sédhiou,1.2462224836715663
2013-04-01,Sedhiou,92.8048107342231,Sédhiou,0.9534319533903934
2013-05-01,Sedhiou,92.11271599414312,Sédhiou,4.167364524341721
2013-06-01,Sedhiou,87.80778325871711,Sédhiou,-3.1279426455234294
2013-07-01,Sedhiou,97.49218376677932,Sédhiou,8.234401322102425
2013-08-01,Sedhiou,102.57763882137225,Sédhiou,18.100316625822856
2013-09-01,Sedhiou,101.0152820076087,Sédhiou,8.465773737396344
2013-10-01,Sedhiou,101.5546034632428,Sédhiou,1.57714314446753
2013-11-01,Sedhiou,83.92005579092009,Sédhiou,-11.214940536027761
2013-12-01,Sedhiou,89.78696864428164,Sédhiou,-5.624441270799652
2014-01-01,Sedhiou,112.60705540817732,Sédhiou,18.86867975321156
2014-02-01,Sedhiou,98.43306926948948,Sédhiou,4.098141781553188
2014-03-01,Sedhiou,97.77499310735281,Sédhiou,5.435163848421931
2014-04-01,Sedhiou,111.00095864672545,Sédhiou,19.60690159113947
2014-05-01,Sedhiou,100.57413522896957,Sédhiou,9.185940446446562
2014-06-01,Sedhiou,96.42717885146084,Sédhiou,9.81620907949301
2014-07-01,Sedhiou,102.09406895032117,Sédhiou,4.720260646279573
2014-08-01,Sedhiou,106.47012516422569,Sédhiou,3.794673368951096
2014-09-01,Sedhiou,103.47494514631506,Sédhiou,2.4349416145975855
2014-10-01,Sedhiou,104.02798236103732,Sédhiou,2.435516277398242
2014-11-01,Sedhiou,105.766239161799,Sédhiou,26.032136376680782
2014-12-01,Sedhiou,90.98299370356405,Sédhiou,1.3320697617277055
2015-01-01,Sedhiou,84.41255151751147,Sédhiou,-25.037955027299652
2015-02-01,Sedhiou,82.06477881488823,Sédhiou,-16.62885306338283
2015-03-01,Sedhiou,85.87789669518286,Sédhiou,-12.167831501770031
2015-04-01,Sedhiou,104.71737097121968,Sédhiou,-5.660840908143938
2015-05-01,Sedhiou,102.07417812283228,Sédhiou,1.491479782995575
2015-06-01,Sedhiou,113.02478431329948,Sédhiou,17.212580166226843
2015-07-01,Sedhiou,105.23389292245614,Sédhiou,3.0754225043795547
2015-08-01,Sedhiou,101.91403635959334,Sédhiou,-4.2792180413094965
2015-09-01,Sedhiou,104.15469432048948,Sédhiou,0.656921511978803
2015-10-01,Sedhiou,90.80021161893943,Sédhiou,-12.715589057749742
2015-11-01,Sedhiou,85.50860532084236,Sédhiou,-19.15321373010809
2015-12-01,Sedhiou,80.21699902274531,Sédhiou,-11.832974759981985
2016-01-01,Sedhiou,77.7348634240995,Sédhiou,-7.910776268890151
2016-02-01,Sedhiou,77.64584734427737,Sédhiou,-5.384686992916343
2016-03-01,Sedhiou,79.64118899291253,Sédhiou,-7.262296751872077
2016-04-01,Sedhiou,79.74476078512949,Sédhiou,-23.84762905569279
2016-05-01,Sedhiou,79.46075952290165,Sédhiou,-22.153907105397874
2016-06-01,Sedhiou,83.0489225293559,Sédhiou,-26.5214943484005
2016-07-01,Sedhiou,72.54087582692611,Sédhiou,-31.067003403191194
2016-08-01,Sedhiou,73.3370277592532,Sédhiou,-28.040306930351633
2016-09-01,Sedhiou,78.44828459391356,Sédhiou,-24.680990035337203
2016-10-01,Sedhiou,76.00588772803222,Sédhiou,-16.293270276719664
2016-11-01,Sedhiou,76.1054067195731,Sédhiou,-10.996786307047014
2016-12-01,Sedhiou,72.83943280154878,Sédhiou,-9.197010996515386
2017-01-01,Sedhiou,83.54888848228322,Sédhiou,7.479301824284468
2017-02-01,Sedhiou,82.6853621553212,Sédhiou,6.490385491833073
2017-03-01,Sedhiou,82.20869562765081,Sédhiou,3.2238426713679047
2017-04-01,Sedhiou,86.95259458274727,Sédhiou,9.038629907034434
2017-05-01,Sedhiou,78.90101488413036,Sédhiou,-0.7044290063826564
2017-06-01,Sedhiou,78.90101488413036,Sédhiou,-4.994535171433867
2017-07-01,Sedhiou,84.20815673128777,Sédhiou,16.08373316610956
2017-08-01,Sedhiou,85.64313430976313,Sédhiou,16.78020902470678
2017-09-01,Sedhiou,86.14072926746755,Sédhiou,9.805752558355895
2017-10-01,Sedhiou,83.17331232406588,Sédhiou,9.430091286717769
2017-11-01,Sedhiou,77.89880577239893,Sédhiou,2.3564673393494884
2017-12-01,Sedhiou,78.82812519688264,Sédhiou,8.221772417764516
2018-01-01,Sedhiou,79.1378983383772,Sédhiou,-5.279531809500238
2018-02-01,Sedhiou,76.20698291620388,Sédhiou,-7.834977159497636
2018-03-01,Sedhiou,75.41083098387679,Sédhiou,-8.269033575917195
2018-04-01,Sedhiou,73.9180461107635,Sédhiou,-14.990407744049106
2018-05-01,Sedhiou,75.41083098387679,Sédhiou,-4.423496840159857
2018-06-01,Sedhiou,78.08876735406825,Sédhiou,-1.0294513083956236
2018-07-01,Sedhiou,76.79502046403674,Sédhiou,-8.803347033122577
2018-08-01,Sedhiou,78.68588130331356,Sédhiou,-8.123538521238416
2018-09-01,Sedhiou,79.8801092018042,Sédhiou,-7.2678976819711805
2018-10-01,Sedhiou,77.03678334914669,Sédhiou,-7.37800239457772
2018-11-01,Sedhiou,73.42045115305908,Sédhiou,-5.748938735241338
2018-12-01,Sedhiou,77.0479995160186,Sédhiou,-2.2582367351982047
2019-01-01,Sedhiou,81.77097004108103,Sédhiou,3.3271943758796274
2019-02-01,Sedhiou,81.77097004108103,Sédhiou,7.301151301312148
2019-03-01,Sedhiou,88.90635821798946,Sédhiou,17.89600652590353
2019-04-01,Sedhiou,94.0776914042871,Sédhiou,27.272968313197964
2019-05-01,Sedhiou,95.02436227837987,Sédhiou,26.00890487295724
2019-06-01,Sedhiou,96.91770402656542,Sédhiou,24.11222165554674
2019-07-01,Sedhiou,96.81694458057017,Sédhiou,26.071904135906475
2019-08-01,Sedhiou,96.71618513457493,Sédhiou,22.914280850155635
2019-09-01,Sedhiou,110.93992600069271,Sédhiou,38.8830424861099
2019-10-01,Sedhiou,110.93992600069271,Sédhiou,44.009032020314166
2019-11-01,Sedhiou,105.84175779609171,Sédhiou,44.158413812309824
2019-12-01,Sedhiou,109.05456505605856,Sédhiou,41.54107276125405
2020-01-01,Sedhiou,115.54490354437087,Sédhiou,41.30308529582334
2020-02-01,Sedhiou,114.53938241384805,Sédhiou,40.0734054595469
2020-03-01,Sedhiou,102.95144255896074,Sédhiou,15.797615179033798
2020-04-01,Sedhiou,108.57329324545299,Sédhiou,15.40811814659957
2020-05-01,Sedhiou,109.48751336549586,Sédhiou,15.220466352350016
2020-06-01,Sedhiou,110.51301935310823,Sédhiou,14.02769025854791
2020-07-01,Sedhiou,124.27556385843266,Sédhiou,28.361377646050045
2020-08-01,Sedhiou,122.89137437827272,Sédhiou,27.06391821314762
2020-09-01,Sedhiou,125.53214745036827,Sédhiou,13.15326409140065
2020-10-01,Sedhiou,111.41569892836748,Sédhiou,0.4288563593163097
2020-11-01,Sedhiou,105.78191329661155,Sédhiou,-0.05654148298959161
2020-12-01,Sedhiou,103.22901140699366,Sédhiou,-5.341870508648883
2021-01-01,Sedhiou,106.63382341851153,Sédhiou,-7.712222566733429
2021-02-01,Sedhiou,106.63382341851153,Sédhiou,-6.902044370007642
2021-03-01,Sedhiou,117.12833257471361,Sédhiou,13.770462718512855
2021-04-01,Sedhiou,116.72629133707531,Sédhiou,7.509211379626057
2021-05-01,Sedhiou,110.65048143119895,Sédhiou,1.062192418071306
2021-06-01,Sedhiou,104.57467152532261,Sédhiou,-5.37343732217791
2021-07-01,Sedhiou,79.40194809546583,Sédhiou,-36.108157042107
2021-08-01,Sedhiou,80.63613494896248,Sédhiou,-34.38421910657791
2021-09-01,Sedhiou,81.87032180245913,Sédhiou,-34.78138989470545
2021-10-01,Sedhiou,0.0,Sédhiou,-100.0
2021-11-01,Sedhiou,0.0,Sédhiou,-100.0
2021-12-01,Sedhiou,0.0,Sédhiou,-100.0
2022-01-01,Sedhiou,0.0,Sédhiou,-100.0
2022-02-01,Sedhiou,0.0,Sédhiou,-100.0
2022-03-01,Sedhiou,98.74215166436684,Sédhiou,-15.697466621595268
2022-04-01,Sedhiou,105.38181109361278,Sédhiou,-9.718873197729383
2022-05-01,Sedhiou,113.19047897869336,Sédhiou,2.2955142306124943
2022-06-01,Sedhiou,119.55833594012911,Sédhiou,14.328196489891166
2022-07-01,Sedhiou,123.73813358484632,Sédhiou,55.837654557385186
2022-08-01,Sedhiou,129.21891927922022,Sédhiou,60.249396081555176
2022-09-01,Sedhiou,159.47547649012918,Sédhiou,94.79033791380435
2022-10-01,Sedhiou,166.54947049169132,Sédhiou,inf
2022-11-01,Sedhiou,165.49096911411334,Sédhiou,inf
2022-12-01,Sedhiou,164.4324677365353,Sédhiou,inf
2023-01-01,Sedhiou,156.46370725363928,Sédhiou,inf
2023-02-01,Sedhiou,166.41560640772784,Sédhiou,inf
2023-03-01,Sedhiou,177.48912224900747,Sédhiou,79.75010596518943
2023-04-01,Sedhiou,161.26715340893884,Sédhiou,53.03129803461242
2023-05-01,Sedhiou,171.95236432836765,Sédhiou,51.91415910585151
2023-06-01,Sedhiou,161.63380929160897,Sédhiou,35.19242135701008
2023-07-01,Sedhiou,170.4617158637532,Sédhiou,37.76005094409223
2023-08-01,Sedhiou,146.75179772418417,Sédhiou,13.56835248488526
2023-09-01,Sedhiou,157.12494421717756,Sédhiou,-1.473914563344858
2023-10-01,Sedhiou,131.61542298741836,Sédhiou,-20.975177766185528
2023-11-01,Sedhiou,145.65837166454054,Sédhiou,-11.984096507343157
2023-12-01,Sedhiou,136.16396870290765,Sédhiou,-17.19155555028301
2024-01-01,Sedhiou,154.72660130510278,Sédhiou,-1.110229317090472
2024-02-01,Sedhiou,154.47191215002647,Sédhiou,-7.1770277532977484
2024-03-01,Sedhiou,156.54808334920295,Sédhiou,-11.798491442436331
2024-04-01,Sedhiou,152.83734966548627,Sédhiou,-5.227229206480999
2024-05-01,Sedhiou,151.77414666793157,Sédhiou,-11.73477185920101
2024-06-01,Sedhiou,150.71094367037688,Sédhiou,-6.757785186839083
2024-07-01,Sedhiou,155.60572862580614,Sédhiou,-8.715145898109567
2024-08-01,Sedhiou,149.24558956860193,Sédhiou,1.6993262659069863
2024-09-01,Sedhiou,156.24974195848353,Sédhiou,-0.5570103862594378
2024-10-01,Sedhiou,151.25023763596766,Sédhiou,14.918323554243539
2024-11-01,Sedhiou,146.99384409486203,Sédhiou,0.9168525056679533
2024-12-01,Sedhiou,147.88045263411985,Sédhiou,8.604687453533376
2025-01-01,Sedhiou,141.01116130889002,Sédhiou,-8.86430638333967
2025-02-01,Sedhiou,142.4248695211919,Sédhiou,-7.798856414190181
2025-03-01,Sedhiou,143.83857773349382,Sédhiou,-8.118595478016012
2025-04-01,Sedhiou,145.25228594579568,Sédhiou,-4.962833846760595
2025-05-01,Sedhiou,146.6659941580976,Sédhiou,-3.3656275604106445
2025-06-01,Sedhiou,142.72449052691366,Sédhiou,-5.2991859442739315
2025-07-01,Sedhiou,138.78298689572975,Sédhiou,-10.811132648291489
2025-08-01,Sedhiou,139.462329769816,Sédhiou,-6.555141647444785
2025-09-01,Sedhiou,115.79456549729937,Sédhiou,-25.891355693843852
2025-10-01,Sedhiou,133.19226008383595,Sédhiou,-11.939139954010546
2025-11-01,Sedhiou,117.25451307591692,Sédhiou,-20.23168466820483
2025-12-01,Sedhiou,117.71037947765362,Sédhiou,-20.401664059760407
2026-01-01,Sedhiou,118.16624587939029,Sédhiou,-16.2007852551878
2026-02-01,Sedhiou,121.93468893789876,Sédhiou,-14.386659192441353
2007-01-01,Tambacounda,69.06335472711763,Tambacounda,
2007-02-01,Tambacounda,67.83626186565704,Tambacounda,
2007-03-01,Tambacounda,72.96905890610017,Tambacounda,
2007-04-01,Tambacounda,71.88885453942129,Tambacounda,
2007-05-01,Tambacounda,76.76252843790654,Tambacounda,
2007-06-01,Tambacounda,77.68973015555616,Tambacounda,
2007-07-01,Tambacounda,80.25155503331716,Tambacounda,
2007-08-01,Tambacounda,82.96997516402077,Tambacounda,
2007-09-01,Tambacounda,80.525793709271,Tambacounda,
2007-10-01,Tambacounda,73.17646288031946,Tambacounda,
2007-11-01,Tambacounda,78.17658269660708,Tambacounda,
2007-12-01,Tambacounda,72.58574679360767,Tambacounda,
2008-01-01,Tambacounda,88.93018760803363,Tambacounda,28.76609883694996
2008-02-01,Tambacounda,90.36372245437302,Tambacounda,33.20858191350429
2008-03-01,Tambacounda,101.22633939971224,Tambacounda,38.72501703766633
2008-04-01,Tambacounda,100.97334901048409,Tambacounda,40.45758505598931
2008-05-01,Tambacounda,95.32296990111998,Tambacounda,24.179038706661473
2008-06-01,Tambacounda,102.71105097297122,Tambacounda,32.20672895544303
2008-07-01,Tambacounda,104.39698470789497,Tambacounda,30.087179824183607
2008-08-01,Tambacounda,110.91385037141566,Tambacounda,33.679502919162644
2008-09-01,Tambacounda,124.60972995961265,Tambacounda,54.745112366730055
2008-10-01,Tambacounda,116.695430200938,Tambacounda,59.47126385678694
2008-11-01,Tambacounda,105.1993504383194,Tambacounda,34.56632000222379
2008-12-01,Tambacounda,96.22390186551682,Tambacounda,32.56583574062073
2009-01-01,Tambacounda,118.27617680279866,Tambacounda,32.99890620281791
2009-02-01,Tambacounda,106.05565604240091,Tambacounda,17.36530231581723
2009-03-01,Tambacounda,105.01024021773065,Tambacounda,3.738059521323711
2009-04-01,Tambacounda,99.18584441936278,Tambacounda,-1.7702736500655347
2009-05-01,Tambacounda,99.325645878329,Tambacounda,4.199067634339415
2009-06-01,Tambacounda,96.51651930563104,Tambacounda,-6.031027439267755
2009-07-01,Tambacounda,95.139592236426,Tambacounda,-8.867490279888212
2009-08-01,Tambacounda,96.00591095785789,Tambacounda,-13.441007920684168
2009-09-01,Tambacounda,95.05312820265341,Tambacounda,-23.719336978371473
2009-10-01,Tambacounda,74.62768765418579,Tambacounda,-36.04917731081304
2009-11-01,Tambacounda,83.5066159862209,Tambacounda,-20.62059733421777
2009-12-01,Tambacounda,72.76495975281821,Tambacounda,-24.37953736846484
2010-01-01,Tambacounda,79.11104368132573,Tambacounda,-33.113289742847186
2010-02-01,Tambacounda,83.0364873262314,Tambacounda,-21.70480064445265
2010-03-01,Tambacounda,83.04944324789673,Tambacounda,-20.913005173876275
2010-04-01,Tambacounda,85.35470482376613,Tambacounda,-13.944670912028423
2010-05-01,Tambacounda,86.44075668415668,Tambacounda,-12.97236889851784
2010-06-01,Tambacounda,86.28004489488131,Tambacounda,-10.60592993240329
2010-07-01,Tambacounda,90.89069643109752,Tambacounda,-4.465959655124219
2010-08-01,Tambacounda,81.36029905790957,Tambacounda,-15.254906446726036
2010-09-01,Tambacounda,70.09920592051965,Tambacounda,-26.252604994684614
2010-10-01,Tambacounda,74.5065270512135,Tambacounda,-0.16235341973040995
2010-11-01,Tambacounda,71.17990683361245,Tambacounda,-14.761356339289843
2010-12-01,Tambacounda,77.42619951675317,Tambacounda,6.405885167488767
2011-01-01,Tambacounda,78.33106083671844,Tambacounda,-0.9859342113462843
2011-02-01,Tambacounda,81.76345230026504,Tambacounda,-1.5331031778414328
2011-03-01,Tambacounda,86.64748709118214,Tambacounda,4.3324117568681375
2011-04-01,Tambacounda,88.26250896113888,Tambacounda,3.4067297677105923
2011-05-01,Tambacounda,92.15259014094967,Tambacounda,6.60780131490899
2011-06-01,Tambacounda,90.51302925912243,Tambacounda,4.906098935621039
2011-07-01,Tambacounda,90.48789927448348,Tambacounda,-0.44316654226475016
2011-08-01,Tambacounda,90.84603816183142,Tambacounda,11.658928511521571
2011-09-01,Tambacounda,97.36156075280533,Tambacounda,38.89110364987083
2011-10-01,Tambacounda,102.1092210607861,Tambacounda,37.047350214833344
2011-11-01,Tambacounda,96.43113927264143,Tambacounda,35.475225470658934
2011-12-01,Tambacounda,104.74232543946756,Tambacounda,35.28021017847303
2012-01-01,Tambacounda,115.37843614355202,Tambacounda,47.29589375032091
2012-02-01,Tambacounda,107.74650250516729,Tambacounda,31.778318397666318
2012-03-01,Tambacounda,114.98251416989184,Tambacounda,32.70149894698247
2012-04-01,Tambacounda,106.34888335935577,Tambacounda,20.491570669240943
2012-05-01,Tambacounda,102.40613815780148,Tambacounda,11.126706260962127
2012-06-01,Tambacounda,98.90906708434342,Tambacounda,9.27605439122432
2012-07-01,Tambacounda,110.21064251804995,Tambacounda,21.79600079314479
2012-08-01,Tambacounda,115.83264772544305,Tambacounda,27.504346991005768
2012-09-01,Tambacounda,106.36977719204981,Tambacounda,9.252333641318412
2012-10-01,Tambacounda,99.96010242383663,Tambacounda,-2.1047253270790156
2012-11-01,Tambacounda,90.3699353508082,Tambacounda,-6.285525575609219
2012-12-01,Tambacounda,90.10135890418631,Tambacounda,-13.978080469239273
2013-01-01,Tambacounda,92.23705261731378,Tambacounda,-20.056939840514133
2013-02-01,Tambacounda,98.25488244694326,Tambacounda,-8.809214069634264
2013-03-01,Tambacounda,102.67195491573226,Tambacounda,-10.706462059065935
2013-04-01,Tambacounda,103.39587128038087,Tambacounda,-2.776721283472794
2013-05-01,Tambacounda,113.65658090130295,Tambacounda,10.986101952370507
2013-06-01,Tambacounda,95.22366108872075,Tambacounda,-3.7260547533827126
2013-07-01,Tambacounda,102.21984543851103,Tambacounda,-7.250476811466022
2013-08-01,Tambacounda,96.4065505976192,Tambacounda,-16.770830598528086
2013-09-01,Tambacounda,115.95374052983297,Tambacounda,9.010043633427367
2013-10-01,Tambacounda,96.31565140534246,Tambacounda,-3.6459056464763107
2013-11-01,Tambacounda,106.7943728325764,Tambacounda,18.174669947488574
2013-12-01,Tambacounda,85.72604542056636,Tambacounda,-4.855990560888934
2014-01-01,Tambacounda,81.41143844357481,Tambacounda,-11.736730377382953
2014-02-01,Tambacounda,82.54228207805599,Tambacounda,-15.99167387673781
2014-03-01,Tambacounda,86.76627322694186,Tambacounda,-15.491749136212452
2014-04-01,Tambacounda,86.76627322694186,Tambacounda,-16.08342562184535
2014-05-01,Tambacounda,86.76627322694186,Tambacounda,-23.65926148852927
2014-06-01,Tambacounda,87.04898413556215,Tambacounda,-8.584711887460594
2014-07-01,Tambacounda,90.47934350938883,Tambacounda,-11.48554067828692
2014-08-01,Tambacounda,99.90448166497535,Tambacounda,3.6283126464671245
2014-09-01,Tambacounda,107.60182988795512,Tambacounda,-7.202795359351988
2014-10-01,Tambacounda,116.28286806931679,Tambacounda,20.731019696832753
2014-11-01,Tambacounda,101.70188100866423,Tambacounda,-4.768502018262488
2014-12-01,Tambacounda,94.2646435464438,Tambacounda,9.960331290201996
2015-01-01,Tambacounda,101.09368698935648,Tambacounda,24.176269234480085
2015-02-01,Tambacounda,100.10951551561622,Tambacounda,21.28270868613471
2015-03-01,Tambacounda,99.57188110701406,Tambacounda,14.758739085840933
2015-04-01,Tambacounda,99.03424669841192,Tambacounda,14.139103842091405
2015-05-01,Tambacounda,88.13488636562799,Tambacounda,1.577356140566799
2015-06-01,Tambacounda,88.39294531638964,Tambacounda,1.5439136874182635
2015-07-01,Tambacounda,88.13488636562799,Tambacounda,-2.591151806398284
2015-08-01,Tambacounda,88.85862629169594,Tambacounda,-11.056416278021574
2015-09-01,Tambacounda,89.08285382923005,Tambacounda,-17.210651601379578
2015-10-01,Tambacounda,87.06720447550474,Tambacounda,-25.124649984034154
2015-11-01,Tambacounda,110.60377750605352,Tambacounda,8.752932009812998
2015-12-01,Tambacounda,89.91548953947145,Tambacounda,-4.613770172301712
2016-01-01,Tambacounda,89.95824119123982,Tambacounda,-11.014976433977564
2016-02-01,Tambacounda,92.71478347002622,Tambacounda,-7.38664252594099
2016-03-01,Tambacounda,93.58342907431935,Tambacounda,-6.0141999589810595
2016-04-01,Tambacounda,83.6201858512514,Tambacounda,-15.564374305891182
2016-05-01,Tambacounda,79.76650553407323,Tambacounda,-9.494969786241613
2016-06-01,Tambacounda,79.76650553407323,Tambacounda,-9.759194867236666
2016-07-01,Tambacounda,105.6609481898232,Tambacounda,19.885498860789653
2016-08-01,Tambacounda,80.4508121034163,Tambacounda,-9.462012343831805
2016-09-01,Tambacounda,85.37012418353393,Tambacounda,-4.167726432309116
2016-10-01,Tambacounda,84.78208549360372,Tambacounda,-2.6245461717378404
2016-11-01,Tambacounda,84.82731923898297,Tambacounda,-23.305224150829538
2016-12-01,Tambacounda,89.01190021057597,Tambacounda,-1.0049317793001777
2017-01-01,Tambacounda,87.19109795544459,Tambacounda,-3.0760308329201735
2017-02-01,Tambacounda,93.28589700118621,Tambacounda,0.6159897157551164
2017-03-01,Tambacounda,90.10422001958698,Tambacounda,-3.717761882789483
2017-04-01,Tambacounda,90.4565042269794,Tambacounda,8.17544030324071
2017-05-01,Tambacounda,95.79861921190505,Tambacounda,20.09880409137832
2017-06-01,Tambacounda,97.03357438717265,Tambacounda,21.647016799204756
2017-07-01,Tambacounda,98.89797765819509,Tambacounda,-6.400633959368063
2017-08-01,Tambacounda,100.3626464220306,Tambacounda,24.750321094358174
2017-09-01,Tambacounda,110.17347863248983,Tambacounda,29.053904613787516
2017-10-01,Tambacounda,99.80854711052334,Tambacounda,17.72362820451412
2017-11-01,Tambacounda,93.26444042203023,Tambacounda,9.94623107123953
2017-12-01,Tambacounda,92.06523610043868,Tambacounda,3.4302558226927182
2018-01-01,Tambacounda,93.03517120862227,Tambacounda,6.702603121437978
2018-02-01,Tambacounda,92.44689712846969,Tambacounda,-0.8993855445329046
2018-03-01,Tambacounda,91.38986665791681,Tambacounda,1.4268439791725207
2018-04-01,Tambacounda,91.54054950760191,Tambacounda,1.1984160673536026
2018-05-01,Tambacounda,96.354527682467,Tambacounda,0.5802886045072064
2018-06-01,Tambacounda,94.42454674193644,Tambacounda,-2.6887885576861836
2018-07-01,Tambacounda,96.17518519789446,Tambacounda,-2.753132596614838
2018-08-01,Tambacounda,98.3847010719373,Tambacounda,-1.970798320498568
2018-09-01,Tambacounda,99.24640374806273,Tambacounda,-9.91806287688981
2018-10-01,Tambacounda,93.40319215855014,Tambacounda,-6.41764171246797
2018-11-01,Tambacounda,91.33511008947677,Tambacounda,-2.0686666041452306
2018-12-01,Tambacounda,96.28965282303744,Tambacounda,4.588503654072129
2019-01-01,Tambacounda,92.58202427533845,Tambacounda,-0.4870705641715656
2019-02-01,Tambacounda,93.04735274249174,Tambacounda,0.6495140807025956
2019-03-01,Tambacounda,98.3002641281544,Tambacounda,7.561448246887181
2019-04-01,Tambacounda,95.56333105849212,Tambacounda,4.394535069462457
2019-05-01,Tambacounda,96.69804161874289,Tambacounda,0.3565104251332496
2019-06-01,Tambacounda,96.67816091486296,Tambacounda,2.3866825425020943
2019-07-01,Tambacounda,97.18864509548322,Tambacounda,1.0537644357049292
2019-08-01,Tambacounda,104.90467722726572,Tambacounda,6.62702237674242
2019-09-01,Tambacounda,102.65739832456387,Tambacounda,3.436894887556785
2019-10-01,Tambacounda,96.58703732203455,Tambacounda,3.4087112976608935
2019-11-01,Tambacounda,92.27243034504298,Tambacounda,1.02624308948438
2019-12-01,Tambacounda,96.55758168966003,Tambacounda,0.2782530196832056
2020-01-01,Tambacounda,100.0540426844674,Tambacounda,8.070701054134656
2020-02-01,Tambacounda,100.4942048592647,Tambacounda,8.0032928366937
2020-03-01,Tambacounda,101.06509906727351,Tambacounda,2.812642431473611
2020-04-01,Tambacounda,102.71674641869272,Tambacounda,7.48552324512648
2020-05-01,Tambacounda,115.67695975238138,Tambacounda,19.626993283346717
2020-06-01,Tambacounda,112.38623153035954,Tambacounda,16.24779626220805
2020-07-01,Tambacounda,111.16657204250143,Tambacounda,14.38226341491391
2020-08-01,Tambacounda,117.58990355624074,Tambacounda,12.092145616628436
2020-09-01,Tambacounda,111.21606426804865,Tambacounda,8.33711557390684
2020-10-01,Tambacounda,110.60530542943962,Tambacounda,14.513612277666454
2020-11-01,Tambacounda,106.72735266708708,Tambacounda,15.665483468888208
2020-12-01,Tambacounda,108.36364782208176,Tambacounda,12.226969571759682
2021-01-01,Tambacounda,110.1538801408477,Tambacounda,10.094382181269147
2021-02-01,Tambacounda,110.1538801408477,Tambacounda,9.612171463131357
2021-03-01,Tambacounda,108.75135316225615,Tambacounda,7.605250641337946
2021-04-01,Tambacounda,107.17961737854549,Tambacounda,4.344832868499626
2021-05-01,Tambacounda,107.92311454349226,Tambacounda,-6.70301607639675
2021-06-01,Tambacounda,107.20074404931326,Tambacounda,-4.6139882176274405
2021-07-01,Tambacounda,109.75570556227979,Tambacounda,-1.2691463398567637
2021-08-01,Tambacounda,99.75343549420118,Tambacounda,-15.168366945303902
2021-09-01,Tambacounda,102.5975059348022,Tambacounda,-7.749382600407739
2021-10-01,Tambacounda,102.5975059348022,Tambacounda,-7.239977742067694
2021-11-01,Tambacounda,110.98534038629003,Tambacounda,3.98959368221643
2021-12-01,Tambacounda,107.17383196485142,Tambacounda,-1.097984315906253
2022-01-01,Tambacounda,102.3598082641405,Tambacounda,-7.075621727297632
2022-02-01,Tambacounda,112.5439966706985,Tambacounda,2.169797856230482
2022-03-01,Tambacounda,115.88141975265309,Tambacounda,6.556301492413552
2022-04-01,Tambacounda,123.11793628877548,Tambacounda,14.870662258419687
2022-05-01,Tambacounda,141.14728492615822,Tambacounda,30.785036665409482
2022-06-01,Tambacounda,146.3311574204907,Tambacounda,36.50199792753037
2022-07-01,Tambacounda,144.60111395800595,Tambacounda,31.74815215046245
2022-08-01,Tambacounda,146.62871546786076,Tambacounda,46.991143454286856
2022-09-01,Tambacounda,147.45857629752308,Tambacounda,43.725303021721416
2022-10-01,Tambacounda,173.53742646942968,Tambacounda,69.14390353670758
2022-11-01,Tambacounda,158.47489163208576,Tambacounda,42.78903058773884
2022-12-01,Tambacounda,159.04264582897423,Tambacounda,48.396901476037215
2023-01-01,Tambacounda,167.59832459715034,Tambacounda,63.734504234964184
2023-02-01,Tambacounda,167.8110691108909,Tambacounda,49.10708174146574
2023-03-01,Tambacounda,175.56496403087343,Tambacounda,51.50398088460933
2023-04-01,Tambacounda,170.96301945419333,Tambacounda,38.86118026962073
2023-05-01,Tambacounda,164.29105067821536,Tambacounda,16.39689049928583
2023-06-01,Tambacounda,172.30646273205227,Tambacounda,17.751042067493582
2023-07-01,Tambacounda,185.6851506911578,Tambacounda,28.411978032951502
2023-08-01,Tambacounda,169.32985071072073,Tambacounda,15.482052864219353
2023-09-01,Tambacounda,166.30375890827224,Tambacounda,12.779984103959997
2023-10-01,Tambacounda,136.75219753854142,Tambacounda,-21.19728849232896
2023-11-01,Tambacounda,137.0236000108169,Tambacounda,-13.536082214884892
2023-12-01,Tambacounda,140.68823314762435,Tambacounda,-11.540560448854208
2024-01-01,Tambacounda,144.7373288756519,Tambacounda,-13.640348599216923
2024-02-01,Tambacounda,152.21476113526035,Tambacounda,-9.293968543472186
2024-03-01,Tambacounda,154.63180787038277,Tambacounda,-11.923310710677736
2024-04-01,Tambacounda,159.26753322212323,Tambacounda,-6.840945059000725
2024-05-01,Tambacounda,167.8032563018133,Tambacounda,2.1377948519405443
2024-06-01,Tambacounda,168.63911636715292,Tambacounda,-2.1283858462130434
2024-07-01,Tambacounda,173.6972107917237,Tambacounda,-6.456057393287795
2024-08-01,Tambacounda,170.8732140197337,Tambacounda,0.9114537705756431
2024-09-01,Tambacounda,170.42509793400308,Tambacounda,2.478199562527039
2024-10-01,Tambacounda,162.0750573411864,Tambacounda,18.517332999718803
2024-11-01,Tambacounda,158.8596647989252,Tambacounda,15.935988243181853
2024-12-01,Tambacounda,148.82016204393602,Tambacounda,5.7801059224184215
2025-01-01,Tambacounda,151.69443578054577,Tambacounda,4.806712241367195
2025-02-01,Tambacounda,152.56358694458552,Tambacounda,0.22916687364848976
2025-03-01,Tambacounda,157.0750215966574,Tambacounda,1.5800201523367141
2025-04-01,Tambacounda,162.27192462929546,Tambacounda,1.8863803227128217
2025-05-01,Tambacounda,146.41202898366882,Tambacounda,-12.747802271291986
2025-06-01,Tambacounda,129.33980092935033,Tambacounda,-23.303795871559252
2025-07-01,Tambacounda,130.81243133886554,Tambacounda,-24.689388653615353
2025-08-01,Tambacounda,144.03525335926832,Tambacounda,-15.706359135590397
2025-09-01,Tambacounda,147.6141899910962,Tambacounda,-13.384711653057336
2025-10-01,Tambacounda,145.31295643207082,Tambacounda,-10.342184160903589
2025-11-01,Tambacounda,130.51418872410972,Tambacounda,-17.843091958360514
2025-12-01,Tambacounda,119.96679183220817,Tambacounda,-19.388078749174788
2026-01-01,Tambacounda,119.85353104212336,Tambacounda,-20.990159971646026
2026-02-01,Tambacounda,123.19042541681569,Tambacounda,-19.25306170104588
2026-03-01,Tambacounda,119.98093486703135,Tambacounda,-23.61552228519026
2007-01-01,Thies,70.5124859173635,Thiès,
2007-02-01,Thies,71.38918976165151,Thiès,
2007-03-01,Thies,72.52126215886024,Thiès,
2007-04-01,Thies,73.83436495511265,Thiès,
2007-05-01,Thies,81.66913650194907,Thiès,
2007-06-01,Thies,84.47232500833398,Thiès,
2007-07-01,Thies,84.50607526401008,Thiès,
2007-08-01,Thies,84.27851327326857,Thiès,
2007-09-01,Thies,88.35107057997044,Thiès,
2007-10-01,Thies,89.96774258843743,Thiès,
2007-11-01,Thies,81.32718015942473,Thiès,
2007-12-01,Thies,73.36391521403965,Thiès,
2008-01-01,Thies,84.35788876972964,Thiès,19.635391763938294
2008-02-01,Thies,95.21342015513152,Thiès,33.37232215833019
2008-03-01,Thies,95.19120156688508,Thiès,31.259714369512203
2008-04-01,Thies,106.31727332446135,Thiès,43.994295053660416
2008-05-01,Thies,107.00542914960246,Thiès,31.02309358572528
2008-06-01,Thies,97.78928894695295,Thiès,15.764883868539336
2008-07-01,Thies,125.63239569734182,Thiès,48.66670272503693
2008-08-01,Thies,122.71700829725918,Thiès,45.60889072562997
2008-09-01,Thies,132.70613846830886,Thiès,50.203203647872826
2008-10-01,Thies,128.30245432441623,Thiès,42.60939602691059
2008-11-01,Thies,116.60615317931786,Thiès,43.379068290252
2008-12-01,Thies,106.5166361966947,Thiès,45.18941074223179
2009-01-01,Thies,111.95091088108367,Thiès,32.70947449464301
2009-02-01,Thies,106.45142128617451,Thiès,11.802959197067885
2009-03-01,Thies,103.78675610214414,Thiès,9.02977837633394
2009-04-01,Thies,104.28877486900915,Thiès,-1.907966967194119
2009-05-01,Thies,96.39917894234264,Thiès,-9.911880445272924
2009-06-01,Thies,101.62884593691457,Thiès,3.926357407143466
2009-07-01,Thies,102.47016602156273,Thiès,-18.436510381907144
2009-08-01,Thies,98.8532979693711,Thiès,-19.446131110108777
2009-09-01,Thies,96.8831972111409,Thiès,-26.994185552104454
2009-10-01,Thies,90.53168754356312,Thiès,-29.438849770830345
2009-11-01,Thies,88.55101321933968,Thiès,-24.05974229922049
2009-12-01,Thies,88.36727783589104,Thiès,-17.03898940939974
2010-01-01,Thies,91.57553323991166,Thiès,-18.20027856925176
2010-02-01,Thies,90.66024869617101,Thiès,-14.83415852903638
2010-03-01,Thies,90.76958754106417,Thiès,-12.542225087244097
2010-04-01,Thies,90.5076302674725,Thiès,-13.21440837601775
2010-05-01,Thies,92.11572646569209,Thiès,-4.4434532779708995
2010-06-01,Thies,94.20876597259274,Thiès,-7.3011553913814975
2010-07-01,Thies,99.01618925278623,Thiès,-3.37071452392268
2010-08-01,Thies,97.14927716860004,Thiès,-1.7237875071189235
2010-09-01,Thies,94.73168181010415,Thiès,-2.220731213429994
2010-10-01,Thies,93.5872308014649,Thiès,3.3751091367113517
2010-11-01,Thies,82.54629825954002,Thiès,-6.781079901283638
2010-12-01,Thies,81.15461257806429,Thiès,-8.162144896238143
2011-01-01,Thies,97.7465658363488,Thiès,6.738735094525872
2011-02-01,Thies,96.93126881310647,Thiès,6.91705593920382
2011-03-01,Thies,98.27310527359482,Thiès,8.266554840448137
2011-04-01,Thies,100.78187764357205,Thiès,11.351802434487102
2011-05-01,Thies,103.6632879854971,Thiès,12.53592840534763
2011-06-01,Thies,104.54263384099322,Thiès,10.969114988096562
2011-07-01,Thies,103.99449895427573,Thiès,5.027773477304787
2011-08-01,Thies,103.10427768867748,Thiès,6.1297424887091
2011-09-01,Thies,97.08159646886881,Thiès,2.4806005909144613
2011-10-01,Thies,106.1781033828583,Thiès,13.453622330276627
2011-11-01,Thies,107.33405273035092,Thiès,30.028911039564555
2011-12-01,Thies,107.59229757169848,Thiès,32.57693451275272
2012-01-01,Thies,110.43070930809562,Thiès,12.976561747430715
2012-02-01,Thies,110.47082856510923,Thiès,13.96820645988699
2012-03-01,Thies,110.4192126446404,Thiès,12.35954367904677
2012-04-01,Thies,111.39568794269927,Thiès,10.531467112236514
2012-05-01,Thies,107.32792917592603,Thiès,3.5351388728299016
2012-06-01,Thies,98.16424559364687,Thiès,-6.101231634404503
2012-07-01,Thies,99.93253573438466,Thiès,-3.9059404687136645
2012-08-01,Thies,103.4045422373145,Thiès,0.2912241425556239
2012-09-01,Thies,88.12876670242953,Thiès,-9.221963886131789
2012-10-01,Thies,87.8707447505112,Thiès,-17.242122480125875
2012-11-01,Thies,100.12408961064975,Thiès,-6.717311921328772
2012-12-01,Thies,98.53922411100268,Thiès,-8.41423936937764
2013-01-01,Thies,105.79036056164041,Thiès,-4.202045586349435
2013-02-01,Thies,107.01242256891805,Thiès,-3.1306056459537324
2013-03-01,Thies,105.78440695094783,Thiès,-4.197463088791132
2013-04-01,Thies,107.8254137764319,Thiès,-3.205038033522334
2013-05-01,Thies,115.13830977904252,Thiès,7.277118512474168
2013-06-01,Thies,114.13228920387186,Thiès,16.266659529300597
2013-07-01,Thies,110.13646781944621,Thiès,10.210820740287296
2013-08-01,Thies,108.53139740937337,Thiès,4.9580560593679435
2013-09-01,Thies,106.78001078440604,Thiès,21.163627700536438
2013-10-01,Thies,107.19752279678463,Thiès,21.99455359249245
2013-11-01,Thies,105.37676811130679,Thiès,5.246168550528663
2013-12-01,Thies,103.16014778360667,Thiès,4.68942567215529
2014-01-01,Thies,105.77457482036705,Thiès,-0.014921719889748886
2014-02-01,Thies,105.47536153818551,Thiès,-1.4363388790143983
2014-03-01,Thies,105.99386298734119,Thiès,0.19800275147403568
2014-04-01,Thies,106.03235064948915,Thiès,-1.6629318303943985
2014-05-01,Thies,106.03235064948915,Thiès,-7.908713569817261
2014-06-01,Thies,106.35055783492287,Thiès,-6.818168130360258
2014-07-01,Thies,103.28051354542735,Thiès,-6.224962911701748
2014-08-01,Thies,108.92633152932545,Thiès,0.3638892793966564
2014-09-01,Thies,110.7097956164359,Thiès,3.680262628896225
2014-10-01,Thies,110.2672380685072,Thiès,2.8636065383169873
2014-11-01,Thies,103.73859793811607,Thiès,-1.5545838068029894
2014-12-01,Thies,97.60127411502528,Thiès,-5.388586375663151
2015-01-01,Thies,97.02261531457845,Thiès,-8.2741618396025
2015-02-01,Thies,98.43433898804906,Thiès,-6.67551402285298
2015-03-01,Thies,100.87744558145006,Thiès,-4.827088344258367
2015-04-01,Thies,99.9919695340849,Thiès,-5.696734136708825
2015-05-01,Thies,104.7288464245683,Thiès,-1.2293457769599336
2015-06-01,Thies,102.74165469512559,Thiès,-3.3934031125619546
2015-07-01,Thies,102.88895707213294,Thiès,-0.3791194097056749
2015-08-01,Thies,100.63953455712789,Thiès,-7.607707756105386
2015-09-01,Thies,96.82550369749129,Thiès,-12.541159381278232
2015-10-01,Thies,95.72378267407544,Thiès,-13.189280559830607
2015-11-01,Thies,107.59960563939131,Thiès,3.721862236444018
2015-12-01,Thies,92.52574582192487,Thiès,-5.200268479199133
2016-01-01,Thies,92.33028570491743,Thiès,-4.836325628253757
2016-02-01,Thies,91.09006389396124,Thiès,-7.461090478780474
2016-03-01,Thies,91.7930058502808,Thiès,-9.005422053271895
2016-04-01,Thies,94.90393984816042,Thiès,-5.088438311228671
2016-05-01,Thies,105.68569610624851,Thiès,0.913644821218762
2016-06-01,Thies,115.56453873385087,Thiès,12.480706171976452
2016-07-01,Thies,115.88523156463714,Thiès,12.631359926598185
2016-08-01,Thies,128.733844667942,Thiès,27.915779056854074
2016-09-01,Thies,116.89292284498623,Thiès,20.725344440438874
2016-10-01,Thies,107.99863113276443,Thiès,12.823196196166787
2016-11-01,Thies,96.7179091665586,Thiès,-10.113137876454282
2016-12-01,Thies,89.67478593084064,Thiès,-3.081261183855999
2017-01-01,Thies,89.26017830645466,Thiès,-3.3251358154296917
2017-02-01,Thies,97.58896185900073,Thiès,7.1345849231206016
2017-03-01,Thies,107.4481640706093,Thiès,17.054848651391662
2017-04-01,Thies,109.73633344386832,Thiès,15.628849149401681
2017-05-01,Thies,105.86968199643306,Thiès,0.17408778762224575
2017-06-01,Thies,108.6559474107676,Thiès,-5.978123911344458
2017-07-01,Thies,113.16319997317201,Thiès,-2.3489029229292746
2017-08-01,Thies,113.09799223254029,Thiès,-12.145875450028754
2017-09-01,Thies,115.9909463324136,Thiès,-0.7716262803769247
2017-10-01,Thies,118.4448438726217,Thiès,9.672541800104462
2017-11-01,Thies,116.0487709901677,Thiès,19.986848340899588
2017-12-01,Thies,105.51475916154553,Thiès,17.66379820847419
2018-01-01,Thies,105.87187123776103,Thiès,18.610418718046784
2018-02-01,Thies,102.46056919164386,Thiès,4.991965525447184
2018-03-01,Thies,104.51318579018512,Thiès,-2.731529482900663
2018-04-01,Thies,102.31641423393393,Thiès,-6.761588415681652
2018-05-01,Thies,102.31251670268126,Thiès,-3.359947084635284
2018-06-01,Thies,104.83508254148282,Thiès,-3.516480193063165
2018-07-01,Thies,105.28735823811843,Thiès,-6.959719888550997
2018-08-01,Thies,108.09043961798551,Thiès,-4.427622909749607
2018-09-01,Thies,110.85766554348876,Thiès,-4.425587471468317
2018-10-01,Thies,106.55206409641093,Thiès,-10.040774581121104
2018-11-01,Thies,101.31802573857897,Thiès,-12.693581436409007
2018-12-01,Thies,100.17293369501475,Thiès,-5.062633425862561
2019-01-01,Thies,100.37341048823582,Thiès,-5.193504833004303
2019-02-01,Thies,100.43316355874703,Thiès,-1.9787179096231067
2019-03-01,Thies,106.04127687525227,Thiès,1.4621036317224778
2019-04-01,Thies,105.38472547712607,Thiès,2.9988455578367157
2019-05-01,Thies,105.65608620037705,Thiès,3.2679965320491
2019-06-01,Thies,108.27023982623876,Thiès,3.2767249297454004
2019-07-01,Thies,110.59879745685204,Thiès,5.044707463094689
2019-08-01,Thies,114.03826260103753,Thiès,5.5026355744993705
2019-09-01,Thies,119.55329434529764,Thiès,7.843958069275447
2019-10-01,Thies,121.0069829923915,Thiès,13.566061829549735
2019-11-01,Thies,132.90882849655085,Thiès,31.17984438374526
2019-12-01,Thies,110.8028764619308,Thiès,10.611591749204274
2020-01-01,Thies,105.800159804034,Thiès,5.406560651273495
2020-02-01,Thies,106.20933450000554,Thiès,5.751258584899421
2020-03-01,Thies,138.2873175862859,Thiès,30.408951741469604
2020-04-01,Thies,108.98020863418947,Thiès,3.4117687746350045
2020-05-01,Thies,126.71470050301942,Thiès,19.93128371488666
2020-06-01,Thies,119.73564736510791,Thiès,10.58962052478114
2020-07-01,Thies,118.48987077694134,Thiès,7.134863580381934
2020-08-01,Thies,118.89414062681094,Thiès,4.258112948249382
2020-09-01,Thies,121.50478151085763,Thiès,1.6323156766585134
2020-10-01,Thies,122.05906663384866,Thiès,0.869440436774882
2020-11-01,Thies,121.28968554625197,Thiès,-8.742190478791567
2020-12-01,Thies,117.4626719841184,Thiès,6.010489740738589
2021-01-01,Thies,124.29351538474435,Thiès,17.479515735103114
2021-02-01,Thies,124.29351538474435,Thiès,17.026922322668227
2021-03-01,Thies,119.92479765934266,Thiès,-13.278527812563679
2021-04-01,Thies,119.3247592568849,Thiès,9.492136923153339
2021-05-01,Thies,119.67347969922588,Thiès,-5.556751328647735
2021-06-01,Thies,119.5600408261816,Thiès,-0.14666186953566918
2021-07-01,Thies,121.08657478172944,Thiès,2.1914987228540683
2021-08-01,Thies,118.25170038457165,Thiès,-0.5403464282195403
2021-09-01,Thies,124.65959006305513,Thiès,2.5964480681079927
2021-10-01,Thies,127.11977409041324,Thiès,4.146113513833138
2021-11-01,Thies,133.06322776578446,Thiès,9.706960791025242
2021-12-01,Thies,128.9479167257995,Thiès,9.7777826331364
2022-01-01,Thies,128.81660644617426,Thiès,3.639040256789672
2022-02-01,Thies,129.04943209102308,Thiès,3.8263594778513044
2022-03-01,Thies,139.3315233970035,Thiès,16.182412742348262
2022-04-01,Thies,144.28630139849568,Thiès,20.91899644052333
2022-05-01,Thies,151.07961134256163,Thiès,26.243184139266674
2022-06-01,Thies,158.88603316154047,Thiès,32.8922540203308
2022-07-01,Thies,168.89160942038475,Thiès,39.48004535170693
2022-08-01,Thies,173.40377752167865,Thiès,46.63956370838176
2022-09-01,Thies,181.7079887963422,Thiès,45.763345366715
2022-10-01,Thies,192.89648367004617,Thiès,51.74388489146433
2022-11-01,Thies,177.92417366774302,Thiès,33.71400698389942
2022-12-01,Thies,172.64405885022254,Thiès,33.88666000501615
2023-01-01,Thies,167.73176442400893,Thiès,30.209736967488965
2023-02-01,Thies,171.92164441067465,Thiès,33.22154280339049
2023-03-01,Thies,173.01820243687018,Thiès,24.177356436333298
2023-04-01,Thies,187.9442113234378,Thiès,30.257834251614746
2023-05-01,Thies,183.7422823754301,Thiès,21.619509570228068
2023-06-01,Thies,185.13589970344927,Thiès,16.521191963563208
2023-07-01,Thies,175.18482205068665,Thiès,3.7261842976684445
2023-08-01,Thies,182.86647340876323,Thiès,5.457029842329453
2023-09-01,Thies,182.86647340876323,Thiès,0.6375529331951624
2023-10-01,Thies,175.38890105576542,Thiès,-9.076154360712907
2023-11-01,Thies,167.60915392941752,Thiès,-5.797424557715159
2023-12-01,Thies,154.1548506192227,Thiès,-10.709437877060191
2024-01-01,Thies,157.44452469780938,Thiès,-6.133149413604477
2024-02-01,Thies,161.46523746052642,Thiès,-6.082077091567761
2024-03-01,Thies,162.58563711496348,Thiès,-6.029750150544578
2024-04-01,Thies,159.37360221716676,Thiès,-15.201643564910427
2024-05-01,Thies,162.9683791770758,Thiès,-11.306000409806693
2024-06-01,Thies,165.92599952842,Thiès,-10.376107608410745
2024-07-01,Thies,171.90906985072692,Thiès,-1.869883567317232
2024-08-01,Thies,175.51793969451947,Thiès,-4.018524323929795
2024-09-01,Thies,179.44099235349162,Thiès,-1.8732143686145175
2024-10-01,Thies,181.1380350515717,Thiès,3.2779348985021217
2024-11-01,Thies,166.7327092591395,Thiès,-0.5229097872823107
2024-12-01,Thies,157.12652461989796,Thiès,1.9277200741581346
2025-01-01,Thies,151.62266835879163,Thiès,-3.697719149136447
2025-02-01,Thies,146.55448651485932,Thiès,-9.234650863664918
2025-03-01,Thies,148.93287746673312,Thiès,-8.397272902142372
2025-04-01,Thies,151.044819100642,Thiès,-5.225948965610838
2025-05-01,Thies,138.4101239129858,Thiès,-15.069337615124622
2025-06-01,Thies,151.62733114008836,Thiès,-8.617497215005498
2025-07-01,Thies,160.06464333747746,Thiès,-6.889936943719299
2025-08-01,Thies,164.8368694851846,Thiès,-6.085457832928509
2025-09-01,Thies,164.8368694851846,Thiès,-8.13867705297655
2025-10-01,Thies,161.7109041323329,Thiès,-10.725042321292555
2025-11-01,Thies,152.17454076470494,Thiès,-8.731441214577728
2025-12-01,Thies,140.791904879268,Thiès,-10.395838500307164
2026-01-01,Thies,136.02387255762864,Thiès,-10.287904816614136
2026-02-01,Thies,128.96764363130524,Thiès,-12.00020777376265
2026-03-01,Thies,129.1939264593616,Thiès,-13.25358869251726
2007-01-01,Ziguinchor,63.65006537770186,Ziguinchor,
2007-02-01,Ziguinchor,64.0525978077449,Ziguinchor,
2007-03-01,Ziguinchor,66.01080814206907,Ziguinchor,
2007-04-01,Ziguinchor,68.27490170589272,Ziguinchor,
2007-05-01,Ziguinchor,68.68351658434788,Ziguinchor,
2007-06-01,Ziguinchor,69.97999909143988,Ziguinchor,
2007-07-01,Ziguinchor,69.64696608262712,Ziguinchor,
2007-08-01,Ziguinchor,72.39239840151049,Ziguinchor,
2007-09-01,Ziguinchor,75.24484990743261,Ziguinchor,
2007-10-01,Ziguinchor,76.20395461500033,Ziguinchor,
2007-11-01,Ziguinchor,71.0818040794353,Ziguinchor,
2007-12-01,Ziguinchor,74.99389299408926,Ziguinchor,
2008-01-01,Ziguinchor,84.31433977478532,Ziguinchor,32.465440961389255
2008-02-01,Ziguinchor,84.17554926475448,Ziguinchor,31.416292462343208
2008-03-01,Ziguinchor,90.41966247039873,Ziguinchor,36.97705726582943
2008-04-01,Ziguinchor,90.18909943574363,Ziguinchor,32.097003704597824
2008-05-01,Ziguinchor,91.45882299509057,Ziguinchor,33.15978497224019
2008-06-01,Ziguinchor,87.3375109646215,Ziguinchor,24.803532578646227
2008-07-01,Ziguinchor,97.41343430749664,Ziguinchor,39.86744834215492
2008-08-01,Ziguinchor,111.24136666803129,Ziguinchor,53.66443041581863
2008-09-01,Ziguinchor,117.54657467579355,Ziguinchor,56.21876423489604
2008-10-01,Ziguinchor,118.06079881068976,Ziguinchor,54.92739111396476
2008-11-01,Ziguinchor,111.33117636673177,Ziguinchor,56.62401624235227
2008-12-01,Ziguinchor,95.69738386734568,Ziguinchor,27.60690243789343
2009-01-01,Ziguinchor,100.78756095543127,Ziguinchor,19.537864169544683
2009-02-01,Ziguinchor,97.55399812330208,Ziguinchor,15.893509428098685
2009-03-01,Ziguinchor,94.10202227316795,Ziguinchor,4.072521066946844
2009-04-01,Ziguinchor,87.40092368836032,Ziguinchor,-3.0914775342332557
2009-05-01,Ziguinchor,89.77651875581324,Ziguinchor,-1.839411643606692
2009-06-01,Ziguinchor,85.11989054658068,Ziguinchor,-2.5391385597640093
2009-07-01,Ziguinchor,88.03872305330914,Ziguinchor,-9.623632839588792
2009-08-01,Ziguinchor,87.00488433296498,Ziguinchor,-21.787292857874807
2009-09-01,Ziguinchor,87.63120692881672,Ziguinchor,-25.449799647064765
2009-10-01,Ziguinchor,85.81322797645299,Ziguinchor,-27.31437628670096
2009-11-01,Ziguinchor,79.56694816439311,Ziguinchor,-28.531296658274165
2009-12-01,Ziguinchor,77.93475190083434,Ziguinchor,-18.561251362036856
2010-01-01,Ziguinchor,79.14391487532492,Ziguinchor,-21.474521136271242
2010-02-01,Ziguinchor,78.94347639078367,Ziguinchor,-19.07714915896721
2010-03-01,Ziguinchor,78.1130507844584,Ziguinchor,-16.991102956634986
2010-04-01,Ziguinchor,79.69264797684795,Ziguinchor,-8.819444218916106
2010-05-01,Ziguinchor,78.72795317483791,Ziguinchor,-12.306743159674937
2010-06-01,Ziguinchor,82.10691623845268,Ziguinchor,-3.53968301507529
2010-07-01,Ziguinchor,82.36211084183384,Ziguinchor,-6.447858413437013
2010-08-01,Ziguinchor,82.38660264511253,Ziguinchor,-5.308071751671351
2010-09-01,Ziguinchor,83.7951559075285,Ziguinchor,-4.37749422349537
2010-10-01,Ziguinchor,83.28831464024532,Ziguinchor,-2.9423358096965058
2010-11-01,Ziguinchor,79.04119379335957,Ziguinchor,-0.6607698085231095
2010-12-01,Ziguinchor,79.21119436311436,Ziguinchor,1.6378347670936044
2011-01-01,Ziguinchor,76.07256913327545,Ziguinchor,-3.8807099028241754
2011-02-01,Ziguinchor,78.55927766872668,Ziguinchor,-0.4866757072555905
2011-03-01,Ziguinchor,80.01991749412456,Ziguinchor,2.4411627641172107
2011-04-01,Ziguinchor,81.12960007112014,Ziguinchor,1.8031175155450274
2011-05-01,Ziguinchor,81.69380149064028,Ziguinchor,3.7672112587709083
2011-06-01,Ziguinchor,81.67483572707759,Ziguinchor,-0.52624130970923
2011-07-01,Ziguinchor,82.06507962951662,Ziguinchor,-0.36064060194818115
2011-08-01,Ziguinchor,82.06507962951662,Ziguinchor,-0.3902612867542343
2011-09-01,Ziguinchor,86.11818526237339,Ziguinchor,2.7722716542331494
2011-10-01,Ziguinchor,89.06900493450453,Ziguinchor,6.940577822024929
2011-11-01,Ziguinchor,90.5387400977634,Ziguinchor,14.546271067795736
2011-12-01,Ziguinchor,88.7012025751571,Ziguinchor,11.980640221809203
2012-01-01,Ziguinchor,90.26078285077197,Ziguinchor,18.650893323504647
2012-02-01,Ziguinchor,98.19520404969175,Ziguinchor,24.995044460269856
2012-03-01,Ziguinchor,95.34926174668212,Ziguinchor,19.156910844956965
2012-04-01,Ziguinchor,92.94526431316108,Ziguinchor,14.563937492213741
2012-05-01,Ziguinchor,84.91727252337613,Ziguinchor,3.9457963442981248
2012-06-01,Ziguinchor,86.8845272481254,Ziguinchor,6.378576062835761
2012-07-01,Ziguinchor,87.90230783203448,Ziguinchor,7.112925776554491
2012-08-01,Ziguinchor,91.65702347730725,Ziguinchor,11.688216097630711
2012-09-01,Ziguinchor,96.79198491262939,Ziguinchor,12.39436202439299
2012-10-01,Ziguinchor,96.14638042204034,Ziguinchor,7.945946508260682
2012-11-01,Ziguinchor,93.92302245273905,Ziguinchor,3.7379384242826053
2012-12-01,Ziguinchor,88.124182863333,Ziguinchor,-0.6505207314807082
2013-01-01,Ziguinchor,88.8820195099848,Ziguinchor,-1.5275331071154974
2013-02-01,Ziguinchor,91.00449954923559,Ziguinchor,-7.322867313170711
2013-03-01,Ziguinchor,84.66026807677439,Ziguinchor,-11.210358081539818
2013-04-01,Ziguinchor,93.02749213505753,Ziguinchor,0.08846908178063995
2013-05-01,Ziguinchor,79.1393522382622,Ziguinchor,-6.804175538637757
2013-06-01,Ziguinchor,91.15212089439574,Ziguinchor,4.911799351894874
2013-07-01,Ziguinchor,91.24968187000549,Ziguinchor,3.808061608993518
2013-08-01,Ziguinchor,90.66431601634694,Ziguinchor,-1.0830675307780258
2013-09-01,Ziguinchor,87.42243913565687,Ziguinchor,-9.680084343171657
2013-10-01,Ziguinchor,89.95485958023185,Ziguinchor,-6.439681675618392
2013-11-01,Ziguinchor,89.31695041864135,Ziguinchor,-4.9040926429038345
2013-12-01,Ziguinchor,90.46752160921972,Ziguinchor,2.659132453484281
2014-01-01,Ziguinchor,87.31208230669324,Ziguinchor,-1.7663158554978575
2014-02-01,Ziguinchor,86.48965900404195,Ziguinchor,-4.961117931043624
2014-03-01,Ziguinchor,90.54744191307051,Ziguinchor,6.95388045660017
2014-04-01,Ziguinchor,88.92364370432635,Ziguinchor,-4.411436164239701
2014-05-01,Ziguinchor,85.74943424102942,Ziguinchor,8.352459068487782
2014-06-01,Ziguinchor,84.05063461379805,Ziguinchor,-7.790807510474829
2014-07-01,Ziguinchor,86.33020789757026,Ziguinchor,-5.3912231490774065
2014-08-01,Ziguinchor,101.7344177353014,Ziguinchor,12.209987573234994
2014-09-01,Ziguinchor,97.78530807994001,Ziguinchor,11.853786106565444
2014-10-01,Ziguinchor,99.99713673511435,Ziguinchor,11.163684987941824
2014-11-01,Ziguinchor,97.52021258767985,Ziguinchor,9.184440501594192
2014-12-01,Ziguinchor,86.85710115453304,Ziguinchor,-3.990847091271188
2015-01-01,Ziguinchor,86.56153479766918,Ziguinchor,-0.8596147167670098
2015-02-01,Ziguinchor,86.56153479766918,Ziguinchor,0.08310333796537339
2015-03-01,Ziguinchor,93.88787047901793,Ziguinchor,3.6891473633836824
2015-04-01,Ziguinchor,92.63242038708236,Ziguinchor,4.170743042297942
2015-05-01,Ziguinchor,98.16133127547663,Ziguinchor,14.474610992253467
2015-06-01,Ziguinchor,100.48606824127542,Ziguinchor,19.554205275184522
2015-07-01,Ziguinchor,96.95376495034215,Ziguinchor,12.305723930812974
2015-08-01,Ziguinchor,86.48713915906221,Ziguinchor,-14.987335570062887
2015-09-01,Ziguinchor,86.48713915906221,Ziguinchor,-11.554055657974182
2015-10-01,Ziguinchor,85.01172932299663,Ziguinchor,-14.985836496311943
2015-11-01,Ziguinchor,108.33567448471689,Ziguinchor,11.09048228059688
2015-12-01,Ziguinchor,108.43379294562924,Ziguinchor,24.841597870861154
2016-01-01,Ziguinchor,84.30172463218517,Ziguinchor,-2.610640131053754
2016-02-01,Ziguinchor,84.67835965976583,Ziguinchor,-2.175533442544808
2016-03-01,Ziguinchor,84.36449713678195,Ziguinchor,-10.14334790388527
2016-04-01,Ziguinchor,84.67835965976583,Ziguinchor,-8.586692104210336
2016-05-01,Ziguinchor,82.05495975884995,Ziguinchor,-16.408061410074303
2016-06-01,Ziguinchor,83.58318537302513,Ziguinchor,-16.821120742494433
2016-07-01,Ziguinchor,85.56505873035742,Ziguinchor,-11.746533232430734
2016-08-01,Ziguinchor,84.05063461379805,Ziguinchor,-2.817187120483977
2016-09-01,Ziguinchor,87.0506940804448,Ziguinchor,0.6516054604906341
2016-10-01,Ziguinchor,86.15376949583141,Ziguinchor,1.343391296624108
2016-11-01,Ziguinchor,86.15376949583141,Ziguinchor,-20.47516212400996
2016-12-01,Ziguinchor,86.15376949583141,Ziguinchor,-20.547121745496312
2017-01-01,Ziguinchor,87.87377618830958,Ziguinchor,4.237222395757079
2017-02-01,Ziguinchor,89.4794929566669,Ziguinchor,5.6698468371279676
2017-03-01,Ziguinchor,89.57705393227666,Ziguinchor,6.178614194835386
2017-04-01,Ziguinchor,89.4794929566669,Ziguinchor,5.6698468371279676
2017-05-01,Ziguinchor,89.4794929566669,Ziguinchor,9.048244273882776
2017-06-01,Ziguinchor,102.84328507545617,Ziguinchor,23.043031461979744
2017-07-01,Ziguinchor,100.61598638899129,Ziguinchor,17.590039534787326
2017-08-01,Ziguinchor,100.61598638899129,Ziguinchor,19.708776562257867
2017-09-01,Ziguinchor,100.61598638899129,Ziguinchor,15.58320982025785
2017-10-01,Ziguinchor,100.61598638899129,Ziguinchor,16.786516687304818
2017-11-01,Ziguinchor,103.05501077923519,Ziguinchor,19.617529659246724
2017-12-01,Ziguinchor,91.9185173469108,Ziguinchor,6.691231138015752
2018-01-01,Ziguinchor,98.33217457145697,Ziguinchor,11.901614835278629
2018-02-01,Ziguinchor,99.85786738778272,Ziguinchor,11.598606661910615
2018-03-01,Ziguinchor,105.94159284484999,Ziguinchor,18.26867282880893
2018-04-01,Ziguinchor,102.22625730098788,Ziguinchor,14.245458845518911
2018-05-01,Ziguinchor,100.99903361233095,Ziguinchor,12.873944939811777
2018-06-01,Ziguinchor,96.41429957808482,Ziguinchor,-6.2512447873037
2018-07-01,Ziguinchor,98.2475890310029,Ziguinchor,-2.3538976687381696
2018-08-01,Ziguinchor,99.82211545973232,Ziguinchor,-0.7890107305510985
2018-09-01,Ziguinchor,101.50285315417527,Ziguinchor,0.8814372318085351
2018-10-01,Ziguinchor,101.51640397314857,Ziguinchor,0.8949050906047695
2018-11-01,Ziguinchor,104.73591616827052,Ziguinchor,1.6310758461189012
2018-12-01,Ziguinchor,108.57414223770444,Ziguinchor,18.119988628551774
2019-01-01,Ziguinchor,103.921295766651,Ziguinchor,5.683919042319641
2019-02-01,Ziguinchor,85.97282403219519,Ziguinchor,-13.904806620460953
2019-03-01,Ziguinchor,87.44823386826077,Ziguinchor,-17.456183619659647
2019-04-01,Ziguinchor,88.8639007264076,Ziguinchor,-13.071354588711081
2019-05-01,Ziguinchor,82.6471005713597,Ziguinchor,-18.170404591604594
2019-06-01,Ziguinchor,87.44823386826077,Ziguinchor,-9.299518587035461
2019-07-01,Ziguinchor,87.44823386826077,Ziguinchor,-10.991979822868014
2019-08-01,Ziguinchor,87.44823386826077,Ziguinchor,-12.395932038189573
2019-09-01,Ziguinchor,98.13240224070432,Ziguinchor,-3.3205479538111926
2019-10-01,Ziguinchor,103.56518446095345,Ziguinchor,2.018176775003555
2019-11-01,Ziguinchor,111.01316662794834,Ziguinchor,5.993407695591912
2019-12-01,Ziguinchor,108.46325216358342,Ziguinchor,-0.10213304184180094
2020-01-01,Ziguinchor,115.7211044727067,Ziguinchor,11.3545627188401
2020-02-01,Ziguinchor,109.34995123417501,Ziguinchor,27.19129848895685
2020-03-01,Ziguinchor,112.39538101187121,Ziguinchor,28.527902783254454
2020-04-01,Ziguinchor,103.28447958906877,Ziguinchor,16.22771310372584
2020-05-01,Ziguinchor,122.83033133945706,Ziguinchor,48.62025466144706
2020-06-01,Ziguinchor,111.07497685382367,Ziguinchor,27.017976167656133
2020-07-01,Ziguinchor,114.22558160735547,Ziguinchor,30.620798791013094
2020-08-01,Ziguinchor,99.5879262916335,Ziguinchor,13.882147055892457
2020-09-01,Ziguinchor,101.70601893460473,Ziguinchor,3.641627650299295
2020-10-01,Ziguinchor,99.26778138441142,Ziguinchor,-4.149466926467216
2020-11-01,Ziguinchor,97.93184686792128,Ziguinchor,-11.78357500950139
2020-12-01,Ziguinchor,99.15706539113202,Ziguinchor,-8.580036636201793
2021-01-01,Ziguinchor,100.1891256919018,Ziguinchor,-13.421906791831727
2021-02-01,Ziguinchor,100.1891256919018,Ziguinchor,-8.377530523680921
2021-03-01,Ziguinchor,112.44326470409949,Ziguinchor,0.04260290040141168
2021-04-01,Ziguinchor,110.09451755192826,Ziguinchor,6.593476570685297
2021-05-01,Ziguinchor,107.34538241635663,Ziguinchor,-12.606779412086599
2021-06-01,Ziguinchor,108.62514882060867,Ziguinchor,-2.20556249715812
2021-07-01,Ziguinchor,109.26625198971517,Ziguinchor,-4.341697847236825
2021-08-01,Ziguinchor,98.41572755071861,Ziguinchor,-1.1770490505869313
2021-09-01,Ziguinchor,98.41572755071861,Ziguinchor,-3.235099965914223
2021-10-01,Ziguinchor,95.97670316047474,Ziguinchor,-3.3153538620875223
2021-11-01,Ziguinchor,98.23819511384285,Ziguinchor,0.3128177969876633
2021-12-01,Ziguinchor,98.59422989999874,Ziguinchor,-0.5676201578910578
2022-01-01,Ziguinchor,98.68258558157915,Ziguinchor,-1.5036962344152083
2022-02-01,Ziguinchor,118.2554613046593,Ziguinchor,18.032232029167016
2022-03-01,Ziguinchor,119.29862437876004,Ziguinchor,6.096727707702909
2022-04-01,Ziguinchor,121.89626657127245,Ziguinchor,10.7196518789209
2022-05-01,Ziguinchor,128.71353994911382,Ziguinchor,19.905986686858412
2022-06-01,Ziguinchor,140.55162319233062,Ziguinchor,29.391420604125116
2022-07-01,Ziguinchor,140.26907108117524,Ziguinchor,28.37364559221658
2022-08-01,Ziguinchor,146.30149363471236,Ziguinchor,48.65661950150781
2022-09-01,Ziguinchor,158.40505221128174,Ziguinchor,60.95501822068794
2022-10-01,Ziguinchor,172.01938412198234,Ziguinchor,79.23035326016867
2022-11-01,Ziguinchor,159.1771225523286,Ziguinchor,62.03180684240684
2022-12-01,Ziguinchor,150.43370683546001,Ziguinchor,52.578611332570425
2023-01-01,Ziguinchor,144.66895898438062,Ziguinchor,46.60029237355698
2023-02-01,Ziguinchor,153.25331907244134,Ziguinchor,29.595130222034925
2023-03-01,Ziguinchor,154.4728312675633,Ziguinchor,29.484168046338066
2023-04-01,Ziguinchor,153.50921671338497,Ziguinchor,25.934305480659248
2023-05-01,Ziguinchor,156.87628222298923,Ziguinchor,21.88017071475883
2023-06-01,Ziguinchor,160.47857434915272,Ziguinchor,14.177674155747088
2023-07-01,Ziguinchor,159.4227176750791,Ziguinchor,13.6549322286589
2023-08-01,Ziguinchor,157.89418872873065,Ziguinchor,7.923839193988758
2023-09-01,Ziguinchor,153.4679592205339,Ziguinchor,-3.1167522259092473
2023-10-01,Ziguinchor,156.88813295784036,Ziguinchor,-8.796247726019136
2023-11-01,Ziguinchor,151.52378325703825,Ziguinchor,-4.808064860435179
2023-12-01,Ziguinchor,145.38244451156615,Ziguinchor,-3.357799545163631
2024-01-01,Ziguinchor,151.58318094089384,Ziguinchor,4.7793403678668245
2024-02-01,Ziguinchor,154.58194879671564,Ziguinchor,0.8669500486617521
2024-03-01,Ziguinchor,157.24107741723975,Ziguinchor,1.792060213411606
2024-04-01,Ziguinchor,160.46104919966868,Ziguinchor,4.528609183944554
2024-05-01,Ziguinchor,160.81084961946618,Ziguinchor,2.5080702708674796
2024-06-01,Ziguinchor,159.80168192336123,Ziguinchor,-0.42179613604915733
2024-07-01,Ziguinchor,160.11178947238312,Ziguinchor,0.432229363137826
2024-08-01,Ziguinchor,159.37354386183839,Ziguinchor,0.9369281700730259
2024-09-01,Ziguinchor,151.54467540921945,Ziguinchor,-1.2532152125322105
2024-10-01,Ziguinchor,152.28238032725224,Ziguinchor,-2.9356921672500147
2024-11-01,Ziguinchor,150.0537004360253,Ziguinchor,-0.9701993900978256
2024-12-01,Ziguinchor,147.51935110878895,Ziguinchor,1.4698518823246243
2025-01-01,Ziguinchor,147.37035695623015,Ziguinchor,-2.7792159779958525
2025-02-01,Ziguinchor,152.8559195748548,Ziguinchor,-1.1165787695759155
2025-03-01,Ziguinchor,142.36695391046106,Ziguinchor,-9.459438812741116
2025-04-01,Ziguinchor,153.29583906311478,Ziguinchor,-4.46538906001912
2025-05-01,Ziguinchor,139.18628161850035,Ziguinchor,-13.447207108312043
2025-06-01,Ziguinchor,143.33052519741568,Ziguinchor,-10.307248664532143
2025-07-01,Ziguinchor,134.76529150222675,Ziguinchor,-15.83050071058526
2025-08-01,Ziguinchor,144.34191447380107,Ziguinchor,-9.431696769614595
2025-09-01,Ziguinchor,138.952070411426,Ziguinchor,-8.30950012845344
2025-10-01,Ziguinchor,142.8665046377355,Ziguinchor,-6.183168183529963
2025-11-01,Ziguinchor,136.14933468979766,Ziguinchor,-9.266259816202083
2025-12-01,Ziguinchor,131.3578687822049,Ziguinchor,-10.955499875176166
2026-01-01,Ziguinchor,134.29167775130296,Ziguinchor,-8.874701449499533
2026-02-01,Ziguinchor,126.68899927913792,Ziguinchor,-17.118682984928647
2026-03-01,Ziguinchor,125.95129436110513,Ziguinchor,-11.530526641512784
